{
    "$schema": "https://schema.management.azure.com/schemas/2015-01-01/deploymentParameters.json#",
    "contentVersion": "1.0.0.0",
    "parameters": {
        "factoryName": {
            "value": "adf-Premier-DataReceive-prod"
        },
        "premierwholesaledatasource_accountKey": {
            "value": ""
        },
        "CentralDataFactoryComponentStorageAccount_connectionString": {
            "value": ""
        },
        "Adfloginselfaccount_accountKey": {
            "value": ""
        },
        "AzureBlobStorage1_connectionString": {
            "value": ""
        },
        "Premier_product_import_accountKey": {
            "value": ""
        },
        "cogrx_external_prod_blob_connectionString": {
            "value": ""
        },
        "AzureSqlDatabase1_connectionString": {
            "value": ""
        },
        "AzureDataLakeStorage1_accountKey": {
            "value": ""
        },
        "LS_staging_area_connectionString": {
            "value": ""
        },
        "ls_dev_storage_gen2_connectionString": {
            "value": ""
        },
        "LS_MemberTenant_AzureSQL_connectionString": {
            "value": ""
        },
        "Test_connectionString": {
            "value": ""
        },
        "Test_servicePrincipalKey": {
            "value": ""
        },
        "AzureSqlDatabase2_connectionString": {
            "value": ""
        },
        "AzureSqlDatabase3_connectionString": {
            "value": ""
        },
        "AzureSqlDatabase3_servicePrincipalKey": {
            "value": ""
        },
        "LS_dev_demo_db_connectionString": {
            "value": ""
        },
        "Ls_NationalWholesaler_Prod_connectionString": {
            "value": ""
        },
        "t_e_PremierData_properties_PremierWholesaleData_Receive_parameters_AdlPath": {
            "value": "/prod/Premier/WholeSaleData"
        },
        "t_e_PremierData_properties_PremierWholesaleData_Receive_parameters_blobPath": {
            "value": "/premierdata/WholeSaleData"
        },
        "t_e_PremierData_properties_typeProperties_scope": {
            "value": "/subscriptions/d0521c58-92af-4b80-9809-8cd793aa9393/resourceGroups/CognitiveRx-PROD/providers/Microsoft.Storage/storageAccounts/stcogrxexternalprod"
        },
        "t_e_PremierData_history_load_properties_PremierWholesaleData_Receive_history_load_parameters_AdlPath": {
            "value": "/prod/Premier/WholeSaleData"
        },
        "t_e_PremierData_history_load_properties_PremierWholesaleData_Receive_history_load_parameters_blobPath": {
            "value": "/premierdata/WholeSaleData"
        },
        "t_e_PremierData_history_load_properties_typeProperties_scope": {
            "value": "/subscriptions/d0521c58-92af-4b80-9809-8cd793aa9393/resourceGroups/CognitiveRx-PROD/providers/Microsoft.Storage/storageAccounts/stcogrxexternalprod"
        },
        "t_event_ipd_patent_properties_typeProperties_scope": {
            "value": "/subscriptions/d0521c58-92af-4b80-9809-8cd793aa9393/resourceGroups/CognitiveRx-PROD/providers/Microsoft.Storage/storageAccounts/stcogrxexternalprod"
        },
        "CognitiveRx_keyvault_properties_typeProperties_baseUrl": {
            "value": "https://kv-cognitiverx-prod.vault.azure.net/"
        },
        "Pharmacy_ADL_properties_typeProperties_dataLakeStoreUri": {
            "value": "https://stitemmasterprod.azuredatalakestore.net/webhdfs/v1"
        },
        "Pharmacy_ADL_properties_typeProperties_servicePrincipalId": {
            "value": "bbb1bd37-904d-4528-8a28-52dedf7fe9db"
        },
        "Pharmacy_ADL_properties_typeProperties_tenant": {
            "value": "b110eddf-23ae-457c-a6f3-734d592b2847"
        },
        "Pharmacy_ADL_properties_typeProperties_subscriptionId": {
            "value": "d0521c58-92af-4b80-9809-8cd793aa9393"
        },
        "Pharmacy_ADL_properties_typeProperties_resourceGroupName": {
            "value": "CognitiveRx-PROD"
        },
        "premierwholesaledatasource_properties_typeProperties_url": {
            "value": "https://stcogrxexternalprod.dfs.core.windows.net"
        },
        "Pharmacy_ADLA_properties_typeProperties_accountName": {
            "value": "dlaitemmasterprod"
        },
        "Pharmacy_ADLA_properties_typeProperties_servicePrincipalId": {
            "value": "bbb1bd37-904d-4528-8a28-52dedf7fe9db"
        },
        "Pharmacy_ADLA_properties_typeProperties_tenant": {
            "value": "b110eddf-23ae-457c-a6f3-734d592b2847"
        },
        "Pharmacy_ADLA_properties_typeProperties_subscriptionId": {
            "value": "d0521c58-92af-4b80-9809-8cd793aa9393"
        },
        "Pharmacy_ADLA_properties_typeProperties_resourceGroupName": {
            "value": "CognitiveRx-PROD"
        },
        "NationalWholesale_properties_typeProperties_connectionString_secretName": {
            "value": "Secret-ItemMaster-DB-NationalWholesaler"
        },
        "MasterDataSyncControl_properties_typeProperties_connectionString_secretName": {
            "value": "Secret-ItemMaster-DB-MasterDataSync"
        },
        "CognitiveRx_Configurable_properties_typeProperties_connectionString_secretName": {
            "value": "@linkedService().KeyVaultSecret"
        },
        "NationalWholesale_Dev_properties_typeProperties_connectionString_secretName": {
            "value": "Secret-ItemMaster-DB-NationalWholesaler-Dev"
        },
        "Adfloginselfaccount_properties_typeProperties_url": {
            "value": "https://cognitiverxstoragedevpre.dfs.core.windows.net/"
        },
        "Item_master_link_prod_properties_typeProperties_connectionString_secretName": {
            "value": "Secret-ItemMaster-DB-ItemMaster"
        },
        "Premier_product_import_properties_typeProperties_url": {
            "value": "https://cogrxpremierdatastore.dfs.core.windows.net"
        },
        "AzureDataLakeStorage1_properties_typeProperties_url": {
            "value": "https://cogrxtestingjun.dfs.core.windows.net"
        },
        "LS_MemberTenant_AzureSQL_properties_typeProperties_servicePrincipalId": {
            "value": "@{linkedService().lsdbserviceprincipal}"
        },
        "LS_MemberTenant_AzureSQL_properties_typeProperties_tenant": {
            "value": "@{linkedService().lsdbtenant}"
        },
        "Test_properties_typeProperties_servicePrincipalId": {
            "value": "9816452e-bb13-4210-9348-e11a321be7f0"
        },
        "Test_properties_typeProperties_tenant": {
            "value": "08a55b34-bb83-493c-912d-6cf771262b6a"
        },
        "AzureSqlDatabase3_properties_typeProperties_servicePrincipalId": {
            "value": "9816452e-bb13-4210-9348-e11a321be7f0"
        },
        "AzureSqlDatabase3_properties_typeProperties_tenant": {
            "value": "08a55b34-bb83-493c-912d-6cf771262b6a"
        },
        "Ls_NationalWholesaler_Prod_properties_typeProperties_servicePrincipalId": {
            "value": "7aee9959-dc91-4e83-b0fc-51e0ff91adbb"
        },
        "Ls_NationalWholesaler_Prod_properties_typeProperties_tenant": {
            "value": "b110eddf-23ae-457c-a6f3-734d592b2847"
        },
        "Azure_SQL_MemberTenant_Endpoint_properties_privateLinkResourceId": {
            "value": "/subscriptions/ec3351ae-ee07-42d6-9b13-6a4c8ff6eda2/resourceGroups/CogRxDEV_East/providers/Microsoft.Sql/servers/sqlcogrxdevdevoapd"
        },
        "Azure_SQL_MemberTenant_Endpoint_properties_groupId": {
            "value": "sqlServer"
        },
        "Azure_SQL_MemberTenant_Endpoint_properties_fqdns": {
            "value": [
                "sqlcogrxdevdevoapd.database.windows.net"
            ]
        }
    }
}