{
    "$schema": "http://schema.management.azure.com/schemas/2015-01-01/deploymentTemplate.json#",
    "contentVersion": "1.0.0.0",
    "parameters": {
        "factoryName": {
            "type": "string",
            "metadata": "Data Factory name",
            "defaultValue": "adf-ItemMaster-MasterData-Receive-prod"
        }
    },
    "variables": {
        "factoryId": "[concat('Microsoft.DataFactory/factories/', parameters('factoryName'))]"
    },
    "resources": [
        {
            "name": "[concat(parameters('factoryName'), '/DeaClassCode_SingleSink_DF')]",
            "type": "Microsoft.DataFactory/factories/dataflows",
            "apiVersion": "2018-06-01",
            "properties": {
                "folder": {
                    "name": "WoltersKluwers"
                },
                "type": "MappingDataFlow",
                "typeProperties": {
                    "sources": [
                        {
                            "dataset": {
                                "referenceName": "DeaClassCode_Source_New1",
                                "type": "DatasetReference"
                            },
                            "name": "DeaClassCodeSource"
                        }
                    ],
                    "sinks": [
                        {
                            "dataset": {
                                "referenceName": "DeaClassCode_Target_Configurable",
                                "type": "DatasetReference"
                            },
                            "name": "DeaClassCodeSinkTestDB"
                        }
                    ],
                    "transformations": [
                        {
                            "name": "AlterRow1"
                        }
                    ],
                    "script": "parameters{\n\tIsProd as boolean (false())\n}\nsource(output(\n\t\tDeaClassId as integer,\n\t\tDeaClassDescription as string,\n\t\tDeaClassDefinition as string,\n\t\tDeaClassAbbreviation as string\n\t),\n\tallowSchemaDrift: true,\n\tvalidateSchema: false,\n\tisolationLevel: 'READ_UNCOMMITTED',\n\tformat: 'table') ~> DeaClassCodeSource\nDeaClassCodeSource alterRow(upsertIf(true())) ~> AlterRow1\nAlterRow1 sink(allowSchemaDrift: true,\n\tvalidateSchema: false,\n\tinput(\n\t\tDeaClassId as integer,\n\t\tDeaClassDescription as string,\n\t\tDeaClassDefinition as string,\n\t\tDeaClassAbbreviation as string\n\t),\n\tdeletable:false,\n\tinsertable:false,\n\tupdateable:false,\n\tupsertable:true,\n\tkeys:['DeaClassId'],\n\tformat: 'table',\n\tskipDuplicateMapInputs: true,\n\tskipDuplicateMapOutputs: true,\n\terrorHandlingOption: 'stopOnFirstError',\n\tmapColumn(\n\t\tDeaClassId,\n\t\tDeaClassDescription,\n\t\tDeaClassDefinition,\n\t\tDeaClassAbbreviation\n\t)) ~> DeaClassCodeSinkTestDB"
                }
            },
            "dependsOn": []
        },
        {
            "name": "[concat(parameters('factoryName'), '/RecallV2')]",
            "type": "Microsoft.DataFactory/factories/dataflows",
            "apiVersion": "2018-06-01",
            "properties": {
                "folder": {
                    "name": "FdaRecallV2"
                },
                "type": "MappingDataFlow",
                "typeProperties": {
                    "sources": [
                        {
                            "dataset": {
                                "referenceName": "RecallV2Source",
                                "type": "DatasetReference"
                            },
                            "name": "RecallV2Source"
                        }
                    ],
                    "sinks": [
                        {
                            "dataset": {
                                "referenceName": "RecallV2Target",
                                "type": "DatasetReference"
                            },
                            "name": "RecallV2Target"
                        }
                    ],
                    "transformations": [
                        {
                            "name": "AlterRow1"
                        }
                    ],
                    "script": "source(output(\n\t\tRecallId as integer,\n\t\tRecallNumber as string,\n\t\tFdaEventId as string,\n\t\tRecallEventId as integer,\n\t\tReportDate as timestamp,\n\t\tRecallInitiationDate as timestamp,\n\t\tCenterClassificationDate as timestamp,\n\t\tTerminationDate as timestamp,\n\t\tStatus as string,\n\t\tClassification as string,\n\t\tProductCode as string,\n\t\tProductDescription as string,\n\t\tReasonForRecall as string,\n\t\tProductQuantity as string,\n\t\tCodeInfo as string,\n\t\tMoreCodeInfo as string,\n\t\tArray_ProductNdc as string,\n\t\tArray_PackageNdc as string,\n\t\tArray_GenericName as string,\n\t\tArray_SplSetId as string,\n\t\tArray_IsOriginalPackager as string,\n\t\tArray_BrandName as string,\n\t\tArray_PharmClassCs as string,\n\t\tArray_PharmClassEpc as string,\n\t\tArray_PharmClassPe as string,\n\t\tArray_PharmClassMoa as string,\n\t\tArray_Nui as string,\n\t\tArray_OriginalPackagerProductNdc as string,\n\t\tArray_ManufacturerName as string,\n\t\tArray_Rxcui as string,\n\t\tArray_Unii as string,\n\t\tArray_SplId as string,\n\t\tArray_Upc as string,\n\t\tArray_SubstanceName as string,\n\t\tArray_ProductType as string,\n\t\tArray_Route as string,\n\t\tArray_ApplicationNumber as string,\n\t\tDateAdded as timestamp,\n\t\tDateChanged as timestamp,\n\t\tPipelineRunId as string,\n\t\tImportedDate as timestamp\n\t),\n\tallowSchemaDrift: true,\n\tvalidateSchema: false,\n\tisolationLevel: 'READ_UNCOMMITTED',\n\tformat: 'table') ~> RecallV2Source\nRecallV2Source alterRow(upsertIf(true())) ~> AlterRow1\nAlterRow1 sink(allowSchemaDrift: true,\n\tvalidateSchema: false,\n\tinput(\n\t\tRecallId as integer,\n\t\tRecallNumber as string,\n\t\tFdaEventId as string,\n\t\tRecallEventId as integer,\n\t\tReportDate as timestamp,\n\t\tRecallInitiationDate as timestamp,\n\t\tCenterClassificationDate as timestamp,\n\t\tTerminationDate as timestamp,\n\t\tStatus as string,\n\t\tClassification as string,\n\t\tProductCode as string,\n\t\tProductDescription as string,\n\t\tReasonForRecall as string,\n\t\tProductQuantity as string,\n\t\tCodeInfo as string,\n\t\tMoreCodeInfo as string,\n\t\tArray_ProductNdc as string,\n\t\tArray_PackageNdc as string,\n\t\tArray_GenericName as string,\n\t\tArray_SplSetId as string,\n\t\tArray_IsOriginalPackager as string,\n\t\tArray_BrandName as string,\n\t\tArray_PharmClassCs as string,\n\t\tArray_PharmClassEpc as string,\n\t\tArray_PharmClassPe as string,\n\t\tArray_PharmClassMoa as string,\n\t\tArray_Nui as string,\n\t\tArray_OriginalPackagerProductNdc as string,\n\t\tArray_ManufacturerName as string,\n\t\tArray_Rxcui as string,\n\t\tArray_Unii as string,\n\t\tArray_SplId as string,\n\t\tArray_Upc as string,\n\t\tArray_SubstanceName as string,\n\t\tArray_ProductType as string,\n\t\tArray_Route as string,\n\t\tArray_ApplicationNumber as string,\n\t\tDateAdded as timestamp,\n\t\tDateChanged as timestamp,\n\t\tPipelineRunId as string,\n\t\tImportedDate as timestamp,\n\t\tSyncDate as timestamp\n\t),\n\tdeletable:false,\n\tinsertable:false,\n\tupdateable:false,\n\tupsertable:true,\n\tkeys:['RecallId'],\n\tformat: 'table',\n\tpreSQLs:['SET IDENTITY_INSERT  [Fda].[RecallV2] ON'],\n\tskipDuplicateMapInputs: true,\n\tskipDuplicateMapOutputs: true,\n\terrorHandlingOption: 'stopOnFirstError',\n\tmapColumn(\n\t\tRecallId,\n\t\tRecallNumber,\n\t\tFdaEventId,\n\t\tRecallEventId,\n\t\tReportDate,\n\t\tRecallInitiationDate,\n\t\tCenterClassificationDate,\n\t\tTerminationDate,\n\t\tStatus,\n\t\tClassification,\n\t\tProductCode,\n\t\tProductDescription,\n\t\tReasonForRecall,\n\t\tProductQuantity,\n\t\tCodeInfo,\n\t\tMoreCodeInfo,\n\t\tArray_ProductNdc,\n\t\tArray_PackageNdc,\n\t\tArray_GenericName,\n\t\tArray_SplSetId,\n\t\tArray_IsOriginalPackager,\n\t\tArray_BrandName,\n\t\tArray_PharmClassCs,\n\t\tArray_PharmClassEpc,\n\t\tArray_PharmClassPe,\n\t\tArray_PharmClassMoa,\n\t\tArray_Nui,\n\t\tArray_OriginalPackagerProductNdc,\n\t\tArray_ManufacturerName,\n\t\tArray_Rxcui,\n\t\tArray_Unii,\n\t\tArray_SplId,\n\t\tArray_Upc,\n\t\tArray_SubstanceName,\n\t\tArray_ProductType,\n\t\tArray_Route,\n\t\tArray_ApplicationNumber,\n\t\tDateAdded,\n\t\tDateChanged,\n\t\tPipelineRunId,\n\t\tImportedDate,\n\t\tSyncDate = DateChanged\n\t)) ~> RecallV2Target"
                }
            },
            "dependsOn": []
        },
        {
            "name": "[concat(parameters('factoryName'), '/PharmacyItemAhfs_SingleSink_DF')]",
            "type": "Microsoft.DataFactory/factories/dataflows",
            "apiVersion": "2018-06-01",
            "properties": {
                "folder": {
                    "name": "ItemTables"
                },
                "type": "MappingDataFlow",
                "typeProperties": {
                    "sources": [
                        {
                            "dataset": {
                                "referenceName": "PharmacyItemAhfs_Source_New1",
                                "type": "DatasetReference"
                            },
                            "name": "PharmacyItemAHFSSource"
                        },
                        {
                            "dataset": {
                                "referenceName": "ItemMaster_Join_Configurable",
                                "type": "DatasetReference"
                            },
                            "name": "ItemMasterSource"
                        }
                    ],
                    "sinks": [
                        {
                            "dataset": {
                                "referenceName": "PharmacyItemAHFS_Target_Configurable",
                                "type": "DatasetReference"
                            },
                            "name": "sink1"
                        }
                    ],
                    "transformations": [
                        {
                            "name": "Join1"
                        },
                        {
                            "name": "AlterRow1"
                        }
                    ],
                    "script": "parameters{\n\tFullLoad as string ('false')\n}\nsource(output(\n\t\tItemUId as string,\n\t\tItemId as integer,\n\t\tAhfsId as integer,\n\t\tNdc as string,\n\t\tAhfsCode as integer,\n\t\tStatus as string,\n\t\tDateAdded as timestamp,\n\t\tDateChanged as timestamp,\n\t\tDataSourceId as integer\n\t),\n\tallowSchemaDrift: true,\n\tvalidateSchema: false,\n\tisolationLevel: 'READ_UNCOMMITTED',\n\tquery: (iif(lower($FullLoad) == 'true','select * from [Sync].[vw_PharmacyItemAhfs]','select * from [Sync].[vw_PharmacyItemAhfs] WHERE (DateChanged > DATEADD(d, - 10, GETDATE()))')),\n\tformat: 'query') ~> PharmacyItemAHFSSource\nsource(output(\n\t\tItemId as integer,\n\t\tItemTypeId as integer,\n\t\tItemCode as string,\n\t\tItemDescription as string,\n\t\tMfrId as integer,\n\t\tGtin as long,\n\t\tItemMasterItemId as integer,\n\t\tDateAdded as timestamp,\n\t\tDateChanged as timestamp,\n\t\tItemUId as string,\n\t\tDataSourceId as integer\n\t),\n\tallowSchemaDrift: true,\n\tvalidateSchema: false,\n\tisolationLevel: 'READ_UNCOMMITTED',\n\tformat: 'table') ~> ItemMasterSource\nPharmacyItemAHFSSource, ItemMasterSource join(PharmacyItemAHFSSource@ItemUId == ItemMasterSource@ItemUId,\n\tjoinType:'inner',\n\tmatchType:'exact',\n\tignoreSpaces: false,\n\tbroadcast: 'auto')~> Join1\nJoin1 alterRow(upsertIf(true())) ~> AlterRow1\nAlterRow1 sink(allowSchemaDrift: true,\n\tvalidateSchema: false,\n\tinput(\n\t\tItemId as integer,\n\t\tAhfsId as integer,\n\t\tNdc as string,\n\t\tAhfsCode as integer,\n\t\tStatus as string,\n\t\tItemMasterItemId as integer,\n\t\tDateAdded as timestamp,\n\t\tDateChanged as timestamp,\n\t\tDataSourceId as integer,\n\t\tItemUId as string\n\t),\n\tdeletable:false,\n\tinsertable:false,\n\tupdateable:false,\n\tupsertable:true,\n\tkeys:['ItemMasterItemId','AhfsId'],\n\tformat: 'table',\n\tskipDuplicateMapInputs: true,\n\tskipDuplicateMapOutputs: true,\n\terrorHandlingOption: 'stopOnFirstError',\n\tmapColumn(\n\t\tItemId = ItemMasterSource@ItemId,\n\t\tAhfsId,\n\t\tNdc,\n\t\tAhfsCode,\n\t\tStatus,\n\t\tItemMasterItemId = PharmacyItemAHFSSource@ItemId,\n\t\tDateAdded = PharmacyItemAHFSSource@DateAdded,\n\t\tDateChanged = PharmacyItemAHFSSource@DateChanged,\n\t\tDataSourceId = PharmacyItemAHFSSource@DataSourceId,\n\t\tItemUId = PharmacyItemAHFSSource@ItemUId\n\t)) ~> sink1"
                }
            },
            "dependsOn": []
        },
        {
            "name": "[concat(parameters('factoryName'), '/AhfsMaster_SingleSink_DF')]",
            "type": "Microsoft.DataFactory/factories/dataflows",
            "apiVersion": "2018-06-01",
            "properties": {
                "folder": {
                    "name": "DBO"
                },
                "type": "MappingDataFlow",
                "typeProperties": {
                    "sources": [
                        {
                            "dataset": {
                                "referenceName": "AhfsMaster_Source_New1",
                                "type": "DatasetReference"
                            },
                            "name": "AhfsMasterSource"
                        }
                    ],
                    "sinks": [
                        {
                            "dataset": {
                                "referenceName": "AhfsMaster_Target_Configurable",
                                "type": "DatasetReference"
                            },
                            "name": "AhfsMasterSinkTestDB"
                        }
                    ],
                    "transformations": [
                        {
                            "name": "AlterRow1"
                        }
                    ],
                    "script": "source(output(\n\t\tAhfsId as integer,\n\t\tAhfsCode as double,\n\t\tTherapeuticClassDescription as string,\n\t\tFdbAhfs8 as double,\n\t\tStatus as string,\n\t\tDateAdded as timestamp,\n\t\tDateChanged as timestamp,\n\t\tDataSourceId as integer\n\t),\n\tallowSchemaDrift: true,\n\tvalidateSchema: false,\n\tisolationLevel: 'READ_UNCOMMITTED',\n\tformat: 'table') ~> AhfsMasterSource\nAhfsMasterSource alterRow(upsertIf(true())) ~> AlterRow1\nAlterRow1 sink(allowSchemaDrift: true,\n\tvalidateSchema: false,\n\tdeletable:false,\n\tinsertable:false,\n\tupdateable:false,\n\tupsertable:true,\n\tkeys:['AhfsId'],\n\tformat: 'table',\n\tskipDuplicateMapInputs: true,\n\tskipDuplicateMapOutputs: true,\n\terrorHandlingOption: 'stopOnFirstError',\n\tmapColumn(\n\t\tAhfsId,\n\t\tAhfsCode,\n\t\tTherapeuticClassDescription,\n\t\tFdbAhfs8,\n\t\tStatus,\n\t\tDateAdded,\n\t\tDateChanged,\n\t\tDataSourceId\n\t)) ~> AhfsMasterSinkTestDB"
                }
            },
            "dependsOn": []
        },
        {
            "name": "[concat(parameters('factoryName'), '/RecallV2IsOriginalPackager')]",
            "type": "Microsoft.DataFactory/factories/dataflows",
            "apiVersion": "2018-06-01",
            "properties": {
                "folder": {
                    "name": "FdaRecallV2"
                },
                "type": "MappingDataFlow",
                "typeProperties": {
                    "sources": [
                        {
                            "dataset": {
                                "referenceName": "RecallV2IsOriginalPackagerSource",
                                "type": "DatasetReference"
                            },
                            "name": "RecallV2IsOriginalPackagerSource"
                        }
                    ],
                    "sinks": [
                        {
                            "dataset": {
                                "referenceName": "RecallV2IsOriginalPackagerTarget",
                                "type": "DatasetReference"
                            },
                            "name": "RecallV2IsOriginalPackagerTarget"
                        }
                    ],
                    "transformations": [
                        {
                            "name": "AlterRow1"
                        }
                    ],
                    "script": "source(output(\n\t\tRecallIsOriginalPackagerId as integer,\n\t\tRecallId as integer,\n\t\tRecallNumber as string,\n\t\tFdaEventId as string,\n\t\tIsOriginalPackager as string,\n\t\tDateAdded as timestamp,\n\t\tDateChanged as timestamp,\n\t\tPipelineRunId as string,\n\t\tImportedDate as timestamp,\n\t\tStatus as string\n\t),\n\tallowSchemaDrift: true,\n\tvalidateSchema: false,\n\tisolationLevel: 'READ_UNCOMMITTED',\n\tformat: 'table') ~> RecallV2IsOriginalPackagerSource\nRecallV2IsOriginalPackagerSource alterRow(upsertIf(true())) ~> AlterRow1\nAlterRow1 sink(allowSchemaDrift: true,\n\tvalidateSchema: false,\n\tinput(\n\t\tRecallIsOriginalPackagerId as integer,\n\t\tRecallId as integer,\n\t\tRecallNumber as string,\n\t\tFdaEventId as string,\n\t\tIsOriginalPackager as string,\n\t\tDateAdded as timestamp,\n\t\tDateChanged as timestamp,\n\t\tPipelineRunId as string,\n\t\tImportedDate as timestamp,\n\t\tStatus as string\n\t),\n\tdeletable:false,\n\tinsertable:false,\n\tupdateable:false,\n\tupsertable:true,\n\tkeys:['RecallIsOriginalPackagerId'],\n\tformat: 'table',\n\tpreSQLs:['SET IDENTITY_INSERT  [Fda].[RecallV2IsOriginalPackager] ON'],\n\tskipDuplicateMapInputs: true,\n\tskipDuplicateMapOutputs: true,\n\terrorHandlingOption: 'stopOnFirstError') ~> RecallV2IsOriginalPackagerTarget"
                }
            },
            "dependsOn": []
        },
        {
            "name": "[concat(parameters('factoryName'), '/RecallV2ManufacturerName')]",
            "type": "Microsoft.DataFactory/factories/dataflows",
            "apiVersion": "2018-06-01",
            "properties": {
                "folder": {
                    "name": "FdaRecallV2"
                },
                "type": "MappingDataFlow",
                "typeProperties": {
                    "sources": [
                        {
                            "dataset": {
                                "referenceName": "RecallV2ManufacturerNameSource",
                                "type": "DatasetReference"
                            },
                            "name": "RecallV2ManufacturerNameSource"
                        }
                    ],
                    "sinks": [
                        {
                            "dataset": {
                                "referenceName": "RecallV2ManufacturerNameTarget",
                                "type": "DatasetReference"
                            },
                            "name": "RecallV2ManufacturerNameTarget"
                        }
                    ],
                    "transformations": [
                        {
                            "name": "AlterRow1"
                        }
                    ],
                    "script": "source(output(\n\t\tRecallManufacturerNameId as integer,\n\t\tRecallId as integer,\n\t\tRecallNumber as string,\n\t\tFdaEventId as string,\n\t\tManufacturerName as string,\n\t\tDateAdded as timestamp,\n\t\tDateChanged as timestamp,\n\t\tPipelineRunId as string,\n\t\tImportedDate as timestamp,\n\t\tStatus as string\n\t),\n\tallowSchemaDrift: true,\n\tvalidateSchema: false,\n\tisolationLevel: 'READ_UNCOMMITTED',\n\tformat: 'table') ~> RecallV2ManufacturerNameSource\nRecallV2ManufacturerNameSource alterRow(upsertIf(true())) ~> AlterRow1\nAlterRow1 sink(allowSchemaDrift: true,\n\tvalidateSchema: false,\n\tinput(\n\t\tRecallManufacturerNameId as integer,\n\t\tRecallId as integer,\n\t\tRecallNumber as string,\n\t\tFdaEventId as string,\n\t\tManufacturerName as string,\n\t\tDateAdded as timestamp,\n\t\tDateChanged as timestamp,\n\t\tPipelineRunId as string,\n\t\tImportedDate as timestamp,\n\t\tStatus as string\n\t),\n\tdeletable:false,\n\tinsertable:false,\n\tupdateable:false,\n\tupsertable:true,\n\tkeys:['RecallManufacturerNameId'],\n\tformat: 'table',\n\tpreSQLs:['SET IDENTITY_INSERT  [Fda].[RecallV2ManufacturerName] ON'],\n\tskipDuplicateMapInputs: true,\n\tskipDuplicateMapOutputs: true,\n\terrorHandlingOption: 'stopOnFirstError') ~> RecallV2ManufacturerNameTarget"
                }
            },
            "dependsOn": []
        },
        {
            "name": "[concat(parameters('factoryName'), '/NationalPharmacyItemPrice_SingleSink_DF')]",
            "type": "Microsoft.DataFactory/factories/dataflows",
            "apiVersion": "2018-06-01",
            "properties": {
                "folder": {
                    "name": "ItemTables"
                },
                "type": "MappingDataFlow",
                "typeProperties": {
                    "sources": [
                        {
                            "dataset": {
                                "referenceName": "NationalPharmacyItemPrice_Source_New1",
                                "type": "DatasetReference"
                            },
                            "name": "NationalPharmacyItemPriceSource"
                        },
                        {
                            "dataset": {
                                "referenceName": "ItemMaster_Join_Configurable",
                                "type": "DatasetReference"
                            },
                            "name": "ItemMasterSource"
                        }
                    ],
                    "sinks": [
                        {
                            "dataset": {
                                "referenceName": "NationalPharmacyItemPrice_Target_Configurable",
                                "type": "DatasetReference"
                            },
                            "name": "sink1"
                        }
                    ],
                    "transformations": [
                        {
                            "name": "Join1"
                        },
                        {
                            "name": "AlterRow1"
                        }
                    ],
                    "script": "parameters{\n\tFullLoad as string ('false')\n}\nsource(output(\n\t\tItemUId as string,\n\t\tNationalPharmacyItemPriceId as integer,\n\t\tItemId as integer,\n\t\tNdc as string,\n\t\tNdcFormatCode as integer,\n\t\tWkPriceCodeId as integer,\n\t\tPriceEffectiveDate as date,\n\t\tUnitPrice as decimal(13,6),\n\t\tExtendedUnitPrice as decimal(13,6),\n\t\tPackagePrice as decimal(19,4),\n\t\tAwpIndicatorId as integer,\n\t\tDateAdded as timestamp,\n\t\tDateChanged as timestamp,\n\t\tDataSourceId as integer\n\t),\n\tallowSchemaDrift: true,\n\tvalidateSchema: false,\n\tisolationLevel: 'READ_UNCOMMITTED',\n\tquery: (iif(lower($FullLoad) == 'true','select * from [Sync].[vw_NationalPharmacyItemPrice]','select * from [Sync].[vw_NationalPharmacyItemPrice] WHERE (DateChanged > DATEADD(d, - 10, GETDATE()))')),\n\tformat: 'query') ~> NationalPharmacyItemPriceSource\nsource(output(\n\t\tItemId as integer,\n\t\tItemTypeId as integer,\n\t\tItemCode as string,\n\t\tItemDescription as string,\n\t\tMfrId as integer,\n\t\tGtin as long,\n\t\tItemMasterItemId as integer,\n\t\tDateAdded as timestamp,\n\t\tDateChanged as timestamp,\n\t\tItemUId as string,\n\t\tDataSourceId as integer\n\t),\n\tallowSchemaDrift: true,\n\tvalidateSchema: false,\n\tisolationLevel: 'READ_UNCOMMITTED',\n\tformat: 'table') ~> ItemMasterSource\nNationalPharmacyItemPriceSource, ItemMasterSource join(NationalPharmacyItemPriceSource@ItemUId == ItemMasterSource@ItemUId,\n\tjoinType:'left',\n\tmatchType:'exact',\n\tignoreSpaces: false,\n\tbroadcast: 'auto')~> Join1\nJoin1 alterRow(upsertIf(true())) ~> AlterRow1\nAlterRow1 sink(allowSchemaDrift: true,\n\tvalidateSchema: false,\n\tinput(\n\t\tNationalPharmacyItemPriceId as integer,\n\t\tItemId as integer,\n\t\tNdc as string,\n\t\tNdcFormatCode as integer,\n\t\tWkPriceCodeId as integer,\n\t\tPriceEffectiveDate as date,\n\t\tUnitPrice as decimal(13,6),\n\t\tExtendedUnitPrice as decimal(13,6),\n\t\tPackagePrice as decimal(19,4),\n\t\tAwpIndicatorId as integer,\n\t\tItemMasterItemId as integer,\n\t\tDateAdded as timestamp,\n\t\tDateChanged as timestamp,\n\t\tItemUId as string,\n\t\tDataSourceId as integer\n\t),\n\tdeletable:false,\n\tinsertable:false,\n\tupdateable:false,\n\tupsertable:true,\n\tkeys:['NationalPharmacyItemPriceId'],\n\tformat: 'table',\n\tskipDuplicateMapInputs: true,\n\tskipDuplicateMapOutputs: true,\n\terrorHandlingOption: 'stopOnFirstError',\n\tmapColumn(\n\t\tNationalPharmacyItemPriceId,\n\t\tItemId = ItemMasterSource@ItemId,\n\t\tItemMasterItemId = NationalPharmacyItemPriceSource@ItemId,\n\t\tNdc,\n\t\tNdcFormatCode,\n\t\tWkPriceCodeId,\n\t\tPriceEffectiveDate,\n\t\tUnitPrice,\n\t\tExtendedUnitPrice,\n\t\tPackagePrice,\n\t\tAwpIndicatorId,\n\t\tDateAdded = NationalPharmacyItemPriceSource@DateAdded,\n\t\tDateChanged = NationalPharmacyItemPriceSource@DateChanged,\n\t\tItemUId = NationalPharmacyItemPriceSource@ItemUId,\n\t\tDataSourceId = NationalPharmacyItemPriceSource@DataSourceId\n\t)) ~> sink1"
                }
            },
            "dependsOn": []
        },
        {
            "name": "[concat(parameters('factoryName'), '/UnitDose_SingleSink_DF')]",
            "type": "Microsoft.DataFactory/factories/dataflows",
            "apiVersion": "2018-06-01",
            "properties": {
                "folder": {
                    "name": "WoltersKluwers"
                },
                "type": "MappingDataFlow",
                "typeProperties": {
                    "sources": [
                        {
                            "dataset": {
                                "referenceName": "UnitDose_Source_New1",
                                "type": "DatasetReference"
                            },
                            "name": "source1"
                        }
                    ],
                    "sinks": [
                        {
                            "dataset": {
                                "referenceName": "UnitDose_Target_Configurable",
                                "type": "DatasetReference"
                            },
                            "name": "sink1"
                        }
                    ],
                    "transformations": [
                        {
                            "name": "AlterRow1"
                        }
                    ],
                    "script": "source(output(\n\t\tUnitDoseId as integer,\n\t\tUnitDoseCode as string,\n\t\tUnitDoseDescription as string\n\t),\n\tallowSchemaDrift: true,\n\tvalidateSchema: false,\n\tisolationLevel: 'READ_UNCOMMITTED',\n\tformat: 'table') ~> source1\nsource1 alterRow(upsertIf(true())) ~> AlterRow1\nAlterRow1 sink(allowSchemaDrift: true,\n\tvalidateSchema: false,\n\tinput(\n\t\tUnitDoseId as integer,\n\t\tUnitDoseCode as string,\n\t\tUnitDoseDescription as string\n\t),\n\tdeletable:false,\n\tinsertable:false,\n\tupdateable:false,\n\tupsertable:true,\n\tkeys:['UnitDoseId'],\n\tformat: 'table',\n\tskipDuplicateMapInputs: true,\n\tskipDuplicateMapOutputs: true,\n\terrorHandlingOption: 'stopOnFirstError') ~> sink1"
                }
            },
            "dependsOn": []
        },
        {
            "name": "[concat(parameters('factoryName'), '/DataFlow_FDA_RecallType_Sync_SingleSink_DF')]",
            "type": "Microsoft.DataFactory/factories/dataflows",
            "apiVersion": "2018-06-01",
            "properties": {
                "folder": {
                    "name": "Recall"
                },
                "type": "MappingDataFlow",
                "typeProperties": {
                    "sources": [
                        {
                            "dataset": {
                                "referenceName": "ItemMaster_SQL_RecallType",
                                "type": "DatasetReference"
                            },
                            "name": "RecallTypeSource"
                        }
                    ],
                    "sinks": [
                        {
                            "dataset": {
                                "referenceName": "CognitiveRx_SQL_RecallType_Configurable",
                                "type": "DatasetReference"
                            },
                            "name": "RecallTypeSink"
                        }
                    ],
                    "transformations": [
                        {
                            "name": "AlterRow1"
                        }
                    ],
                    "script": "source(output(\n\t\tRecallTypeId as integer,\n\t\tDescription as string,\n\t\tRecallTypeUId as string\n\t),\n\tallowSchemaDrift: true,\n\tvalidateSchema: false,\n\tisolationLevel: 'READ_UNCOMMITTED',\n\tformat: 'table') ~> RecallTypeSource\nRecallTypeSource alterRow(upsertIf(true())) ~> AlterRow1\nAlterRow1 sink(allowSchemaDrift: true,\n\tvalidateSchema: false,\n\tinput(\n\t\tRecallTypeId as integer,\n\t\tDescription as string,\n\t\tRecallTypeUId as string,\n\t\tCreatedDateTime as timestamp,\n\t\tUpdatedDateTime as timestamp\n\t),\n\tdeletable:false,\n\tinsertable:false,\n\tupdateable:false,\n\tupsertable:true,\n\tkeys:['RecallTypeUId'],\n\tformat: 'table',\n\terrorHandlingOption: 'stopOnFirstError',\n\tmapColumn(\n\t\tDescription,\n\t\tRecallTypeUId\n\t)) ~> RecallTypeSink"
                }
            },
            "dependsOn": []
        },
        {
            "name": "[concat(parameters('factoryName'), '/RecallV2ProductType')]",
            "type": "Microsoft.DataFactory/factories/dataflows",
            "apiVersion": "2018-06-01",
            "properties": {
                "folder": {
                    "name": "FdaRecallV2"
                },
                "type": "MappingDataFlow",
                "typeProperties": {
                    "sources": [
                        {
                            "dataset": {
                                "referenceName": "RecallV2ProductTypeSource",
                                "type": "DatasetReference"
                            },
                            "name": "RecallV2ProductTypeSource"
                        }
                    ],
                    "sinks": [
                        {
                            "dataset": {
                                "referenceName": "RecallV2ProductTypeTarget",
                                "type": "DatasetReference"
                            },
                            "name": "RecallV2ProductType"
                        }
                    ],
                    "transformations": [
                        {
                            "name": "AlterRow1"
                        }
                    ],
                    "script": "source(output(\n\t\tRecallProductTypeId as integer,\n\t\tRecallId as integer,\n\t\tRecallNumber as string,\n\t\tFdaEventId as string,\n\t\tProductType as string,\n\t\tDateAdded as timestamp,\n\t\tDateChanged as timestamp,\n\t\tPipelineRunId as string,\n\t\tImportedDate as timestamp,\n\t\tStatus as string\n\t),\n\tallowSchemaDrift: true,\n\tvalidateSchema: false,\n\tisolationLevel: 'READ_UNCOMMITTED',\n\tformat: 'table') ~> RecallV2ProductTypeSource\nRecallV2ProductTypeSource alterRow(upsertIf(true())) ~> AlterRow1\nAlterRow1 sink(allowSchemaDrift: true,\n\tvalidateSchema: false,\n\tinput(\n\t\tRecallProductTypeId as integer,\n\t\tRecallId as integer,\n\t\tRecallNumber as string,\n\t\tFdaEventId as string,\n\t\tProductType as string,\n\t\tDateAdded as timestamp,\n\t\tDateChanged as timestamp,\n\t\tPipelineRunId as string,\n\t\tImportedDate as timestamp,\n\t\tStatus as string\n\t),\n\tdeletable:false,\n\tinsertable:false,\n\tupdateable:false,\n\tupsertable:true,\n\tkeys:['RecallProductTypeId'],\n\tformat: 'table',\n\tpreSQLs:['SET IDENTITY_INSERT  [Fda].[RecallV2ProductType] ON'],\n\tskipDuplicateMapInputs: true,\n\tskipDuplicateMapOutputs: true,\n\terrorHandlingOption: 'stopOnFirstError') ~> RecallV2ProductType"
                }
            },
            "dependsOn": []
        },
        {
            "name": "[concat(parameters('factoryName'), '/DataFeedType_SingleSink_DF')]",
            "type": "Microsoft.DataFactory/factories/dataflows",
            "apiVersion": "2018-06-01",
            "properties": {
                "folder": {
                    "name": "RxLog"
                },
                "type": "MappingDataFlow",
                "typeProperties": {
                    "sources": [
                        {
                            "dataset": {
                                "referenceName": "DataFeedType_Source_New1",
                                "type": "DatasetReference"
                            },
                            "name": "source1"
                        }
                    ],
                    "sinks": [
                        {
                            "dataset": {
                                "referenceName": "DataFeedType_Target_Configurable",
                                "type": "DatasetReference"
                            },
                            "name": "sink1"
                        }
                    ],
                    "transformations": [
                        {
                            "name": "AlterRow1"
                        }
                    ],
                    "script": "source(output(\n\t\tDataFeedTypeId as integer,\n\t\tDataFeedTypeCode as string,\n\t\tName as string,\n\t\tDataFeedTypeUId as string\n\t),\n\tallowSchemaDrift: true,\n\tvalidateSchema: false,\n\tisolationLevel: 'READ_UNCOMMITTED',\n\tformat: 'table') ~> source1\nsource1 alterRow(upsertIf(true())) ~> AlterRow1\nAlterRow1 sink(allowSchemaDrift: true,\n\tvalidateSchema: false,\n\tinput(\n\t\tDataFeedTypeId as integer,\n\t\tDataFeedTypeCode as string,\n\t\tName as string,\n\t\tDataFeedTypeUId as string\n\t),\n\tdeletable:false,\n\tinsertable:false,\n\tupdateable:false,\n\tupsertable:true,\n\tkeys:['DataFeedTypeUId'],\n\tformat: 'table',\n\tskipDuplicateMapInputs: true,\n\tskipDuplicateMapOutputs: true,\n\terrorHandlingOption: 'stopOnFirstError',\n\tmapColumn(\n\t\tDataFeedTypeCode,\n\t\tName,\n\t\tDataFeedTypeUId\n\t)) ~> sink1"
                }
            },
            "dependsOn": []
        },
        {
            "name": "[concat(parameters('factoryName'), '/RecallV2GenericName')]",
            "type": "Microsoft.DataFactory/factories/dataflows",
            "apiVersion": "2018-06-01",
            "properties": {
                "folder": {
                    "name": "FdaRecallV2"
                },
                "type": "MappingDataFlow",
                "typeProperties": {
                    "sources": [
                        {
                            "dataset": {
                                "referenceName": "RecallV2GenericNameSource",
                                "type": "DatasetReference"
                            },
                            "name": "RecallV2GenericNameSource"
                        }
                    ],
                    "sinks": [
                        {
                            "dataset": {
                                "referenceName": "RecallV2GenericNameTarget",
                                "type": "DatasetReference"
                            },
                            "name": "RecallV2GenericNameTarget"
                        }
                    ],
                    "transformations": [
                        {
                            "name": "AlterRow1"
                        }
                    ],
                    "script": "source(output(\n\t\tRecallGenericNameId as integer,\n\t\tRecallId as integer,\n\t\tRecallNumber as string,\n\t\tFdaEventId as string,\n\t\tGenericName as string,\n\t\tDateAdded as timestamp,\n\t\tDateChanged as timestamp,\n\t\tPipelineRunId as string,\n\t\tImportedDate as timestamp,\n\t\tStatus as string\n\t),\n\tallowSchemaDrift: true,\n\tvalidateSchema: false,\n\tisolationLevel: 'READ_UNCOMMITTED',\n\tformat: 'table') ~> RecallV2GenericNameSource\nRecallV2GenericNameSource alterRow(upsertIf(true())) ~> AlterRow1\nAlterRow1 sink(allowSchemaDrift: true,\n\tvalidateSchema: false,\n\tinput(\n\t\tRecallGenericNameId as integer,\n\t\tRecallId as integer,\n\t\tRecallNumber as string,\n\t\tFdaEventId as string,\n\t\tGenericName as string,\n\t\tDateAdded as timestamp,\n\t\tDateChanged as timestamp,\n\t\tPipelineRunId as string,\n\t\tImportedDate as timestamp,\n\t\tStatus as string\n\t),\n\tdeletable:false,\n\tinsertable:false,\n\tupdateable:false,\n\tupsertable:true,\n\tkeys:['RecallGenericNameId'],\n\tformat: 'table',\n\tpreSQLs:['SET IDENTITY_INSERT  [Fda].[RecallV2GenericName] ON'],\n\tskipDuplicateMapInputs: true,\n\tskipDuplicateMapOutputs: true,\n\terrorHandlingOption: 'stopOnFirstError') ~> RecallV2GenericNameTarget"
                }
            },
            "dependsOn": []
        },
        {
            "name": "[concat(parameters('factoryName'), '/CMS_AspPriceAndLimits_SI_SingleSink_DF')]",
            "type": "Microsoft.DataFactory/factories/dataflows",
            "apiVersion": "2018-06-01",
            "properties": {
                "folder": {
                    "name": "CMS"
                },
                "type": "MappingDataFlow",
                "typeProperties": {
                    "sources": [
                        {
                            "dataset": {
                                "referenceName": "ItemMaster_AspPriceAndLimits_SI_SQL",
                                "type": "DatasetReference"
                            },
                            "name": "ItemMasterSource"
                        }
                    ],
                    "sinks": [
                        {
                            "dataset": {
                                "referenceName": "CogRx_AspPriceAndLimits_SI_SQL_Configurable",
                                "type": "DatasetReference"
                            },
                            "name": "CogRxSink"
                        }
                    ],
                    "transformations": [
                        {
                            "name": "DerivedColumn1"
                        },
                        {
                            "name": "AlterRow1"
                        }
                    ],
                    "script": "parameters{\n\tPipelineRunId as string ('123')\n}\nsource(output(\n\t\tHcpcsCode as string,\n\t\tQuarterDate as string,\n\t\tShortDescription as string,\n\t\tCI as string,\n\t\tSI as string,\n\t\tAPC as string,\n\t\tRelativeWeight as string,\n\t\tPaymentRate as string,\n\t\tNationalUnadjustedCopayment as string,\n\t\tMinimumUnadjustedCopayment as string,\n\t\tChangeIndicator as string,\n\t\tUpdateDateTime as timestamp,\n\t\tAspPriceAndLimitsSIId as string\n\t),\n\tallowSchemaDrift: false,\n\tvalidateSchema: false,\n\tisolationLevel: 'READ_UNCOMMITTED',\n\tformat: 'table') ~> ItemMasterSource\nItemMasterSource derive(UpdateDateTime = currentUTC(),\n\t\tPipelineRunId = $PipelineRunId,\n\t\tisDelete = 0) ~> DerivedColumn1\nDerivedColumn1 alterRow(upsertIf(true())) ~> AlterRow1\nAlterRow1 sink(allowSchemaDrift: true,\n\tvalidateSchema: false,\n\tinput(\n\t\tHcpcsCode as string,\n\t\tQuarterDate as string,\n\t\tShortDescription as string,\n\t\tCI as string,\n\t\tSI as string,\n\t\tAPC as string,\n\t\tRelativeWeight as string,\n\t\tPaymentRate as string,\n\t\tNationalUnadjustedCopayment as string,\n\t\tMinimumUnadjustedCopayment as string,\n\t\tChangeIndicator as string,\n\t\tAspPriceAndLimitsSIId as string,\n\t\tUpdateDateTime as timestamp,\n\t\tisDelete as boolean,\n\t\tPipelineRunId as string\n\t),\n\tdeletable:false,\n\tinsertable:false,\n\tupdateable:false,\n\tupsertable:true,\n\tkeys:['AspPriceAndLimitsSIId'],\n\tformat: 'table',\n\tpostSQLs:[(concat('update [dbo].[AspPriceAndLimits_SI] set [isDelete] = 1 where [PipelineRunId] != \\'',$PipelineRunId,'\\' or [PipelineRunId] is null'))],\n\terrorHandlingOption: 'stopOnFirstError',\n\tmapColumn(\n\t\tHcpcsCode,\n\t\tQuarterDate,\n\t\tShortDescription,\n\t\tCI,\n\t\tSI,\n\t\tAPC,\n\t\tRelativeWeight,\n\t\tPaymentRate,\n\t\tNationalUnadjustedCopayment,\n\t\tMinimumUnadjustedCopayment,\n\t\tChangeIndicator,\n\t\tAspPriceAndLimitsSIId,\n\t\tUpdateDateTime,\n\t\tisDelete,\n\t\tPipelineRunId\n\t)) ~> CogRxSink"
                }
            },
            "dependsOn": []
        },
        {
            "name": "[concat(parameters('factoryName'), '/UnspscType_SingleSink_DF')]",
            "type": "Microsoft.DataFactory/factories/dataflows",
            "apiVersion": "2018-06-01",
            "properties": {
                "folder": {
                    "name": "UNSPSC"
                },
                "type": "MappingDataFlow",
                "typeProperties": {
                    "sources": [
                        {
                            "dataset": {
                                "referenceName": "UnspscType_Source_New1",
                                "type": "DatasetReference"
                            },
                            "name": "source1"
                        }
                    ],
                    "sinks": [
                        {
                            "dataset": {
                                "referenceName": "UnspscType_Target_Configurable",
                                "type": "DatasetReference"
                            },
                            "name": "sink1"
                        }
                    ],
                    "transformations": [
                        {
                            "name": "AlterRow1"
                        }
                    ],
                    "script": "source(output(\n\t\tUnspscTypeId as integer,\n\t\tUnspscType as string,\n\t\tUnspscTypeDescription as string,\n\t\tUnspscLevel as integer\n\t),\n\tallowSchemaDrift: true,\n\tvalidateSchema: false,\n\tisolationLevel: 'READ_UNCOMMITTED',\n\tformat: 'table') ~> source1\nsource1 alterRow(upsertIf(true())) ~> AlterRow1\nAlterRow1 sink(allowSchemaDrift: true,\n\tvalidateSchema: false,\n\tinput(\n\t\tUnspscTypeId as integer,\n\t\tUnspscType as string,\n\t\tUnspscTypeDescription as string,\n\t\tUnspscLevel as integer\n\t),\n\tdeletable:false,\n\tinsertable:false,\n\tupdateable:false,\n\tupsertable:true,\n\tkeys:['UnspscTypeId'],\n\tformat: 'table',\n\tskipDuplicateMapInputs: true,\n\tskipDuplicateMapOutputs: true,\n\terrorHandlingOption: 'stopOnFirstError',\n\tmapColumn(\n\t\tUnspscTypeId,\n\t\tUnspscType,\n\t\tUnspscTypeDescription,\n\t\tUnspscLevel\n\t)) ~> sink1"
                }
            },
            "dependsOn": []
        },
        {
            "name": "[concat(parameters('factoryName'), '/StorageCondition_SingSink_DF')]",
            "type": "Microsoft.DataFactory/factories/dataflows",
            "apiVersion": "2018-06-01",
            "properties": {
                "folder": {
                    "name": "WoltersKluwers"
                },
                "type": "MappingDataFlow",
                "typeProperties": {
                    "sources": [
                        {
                            "dataset": {
                                "referenceName": "StorageCondition_Source_New1",
                                "type": "DatasetReference"
                            },
                            "name": "source1"
                        }
                    ],
                    "sinks": [
                        {
                            "dataset": {
                                "referenceName": "StorageCondition_Target_Configurable",
                                "type": "DatasetReference"
                            },
                            "name": "sink1"
                        }
                    ],
                    "transformations": [
                        {
                            "name": "AlterRow1"
                        }
                    ],
                    "script": "source(output(\n\t\tStorageConditionId as integer,\n\t\tStorageConditionCode as string,\n\t\tStorageConditionDescription as string\n\t),\n\tallowSchemaDrift: true,\n\tvalidateSchema: false,\n\tisolationLevel: 'READ_UNCOMMITTED',\n\tformat: 'table') ~> source1\nsource1 alterRow(upsertIf(true())) ~> AlterRow1\nAlterRow1 sink(allowSchemaDrift: true,\n\tvalidateSchema: false,\n\tinput(\n\t\tStorageConditionId as integer,\n\t\tStorageConditionCode as string,\n\t\tStorageConditionDescription as string\n\t),\n\tdeletable:false,\n\tinsertable:false,\n\tupdateable:false,\n\tupsertable:true,\n\tkeys:['StorageConditionId'],\n\tformat: 'table',\n\tskipDuplicateMapInputs: true,\n\tskipDuplicateMapOutputs: true,\n\terrorHandlingOption: 'stopOnFirstError',\n\tmapColumn(\n\t\tStorageConditionId,\n\t\tStorageConditionCode,\n\t\tStorageConditionDescription\n\t)) ~> sink1"
                }
            },
            "dependsOn": []
        },
        {
            "name": "[concat(parameters('factoryName'), '/PackageDescription_SingleSink_DF')]",
            "type": "Microsoft.DataFactory/factories/dataflows",
            "apiVersion": "2018-06-01",
            "properties": {
                "folder": {
                    "name": "WoltersKluwers"
                },
                "type": "MappingDataFlow",
                "typeProperties": {
                    "sources": [
                        {
                            "dataset": {
                                "referenceName": "PackageDescription_Source_New1",
                                "type": "DatasetReference"
                            },
                            "name": "PackageDescriptionSource"
                        }
                    ],
                    "sinks": [
                        {
                            "dataset": {
                                "referenceName": "PackageDescription_Target_Configurable",
                                "type": "DatasetReference"
                            },
                            "name": "PackageDescriptionSink"
                        }
                    ],
                    "transformations": [
                        {
                            "name": "AlterRow1"
                        }
                    ],
                    "script": "source(output(\n\t\tPackageDesciptionId as integer,\n\t\tPackageDescriptionCode as string,\n\t\tPackageDescription as string\n\t),\n\tallowSchemaDrift: true,\n\tvalidateSchema: false,\n\tisolationLevel: 'READ_UNCOMMITTED',\n\tformat: 'table') ~> PackageDescriptionSource\nPackageDescriptionSource alterRow(upsertIf(true())) ~> AlterRow1\nAlterRow1 sink(allowSchemaDrift: true,\n\tvalidateSchema: false,\n\tinput(\n\t\tPackageDesciptionId as integer,\n\t\tPackageDescriptionCode as string,\n\t\tPackageDescription as string\n\t),\n\tdeletable:false,\n\tinsertable:false,\n\tupdateable:false,\n\tupsertable:true,\n\tkeys:['PackageDesciptionId'],\n\tformat: 'table',\n\tskipDuplicateMapInputs: true,\n\tskipDuplicateMapOutputs: true,\n\terrorHandlingOption: 'stopOnFirstError',\n\tmapColumn(\n\t\tPackageDesciptionId,\n\t\tPackageDescriptionCode,\n\t\tPackageDescription\n\t)) ~> PackageDescriptionSink"
                }
            },
            "dependsOn": []
        },
        {
            "name": "[concat(parameters('factoryName'), '/RecallV2Event')]",
            "type": "Microsoft.DataFactory/factories/dataflows",
            "apiVersion": "2018-06-01",
            "properties": {
                "folder": {
                    "name": "FdaRecallV2"
                },
                "type": "MappingDataFlow",
                "typeProperties": {
                    "sources": [
                        {
                            "dataset": {
                                "referenceName": "RecallV2EventSource",
                                "type": "DatasetReference"
                            },
                            "name": "RecallV2EventSource"
                        }
                    ],
                    "sinks": [
                        {
                            "dataset": {
                                "referenceName": "RecallV2EventTarget",
                                "type": "DatasetReference"
                            },
                            "name": "RecallV2EventTarget"
                        }
                    ],
                    "transformations": [
                        {
                            "name": "AlterRow1"
                        }
                    ],
                    "script": "source(output(\n\t\tRecallEventId as integer,\n\t\tFdaEventId as string,\n\t\tReportDate as timestamp,\n\t\tRecallInitiationDate as timestamp,\n\t\tCenterClassificationDate as timestamp,\n\t\tTerminationDate as timestamp,\n\t\tStatus as string,\n\t\tProductType as string,\n\t\tVoluntaryMandated as string,\n\t\tRecallingFirm as string,\n\t\tInitialFirmNotification as string,\n\t\tAddress1 as string,\n\t\tAddress2 as string,\n\t\tCity as string,\n\t\tState as string,\n\t\tPostalCode as string,\n\t\tCountry as string,\n\t\tDistributionPattern as string,\n\t\tRecallEventUid as string,\n\t\tDateAdded as timestamp,\n\t\tDateChanged as timestamp,\n\t\tPipelineRunId as string,\n\t\tImportedDate as timestamp\n\t),\n\tallowSchemaDrift: true,\n\tvalidateSchema: false,\n\tisolationLevel: 'READ_UNCOMMITTED',\n\tformat: 'table') ~> RecallV2EventSource\nRecallV2EventSource alterRow(upsertIf(true())) ~> AlterRow1\nAlterRow1 sink(allowSchemaDrift: true,\n\tvalidateSchema: false,\n\tinput(\n\t\tRecallEventId as integer,\n\t\tFdaEventId as string,\n\t\tReportDate as timestamp,\n\t\tRecallInitiationDate as timestamp,\n\t\tCenterClassificationDate as timestamp,\n\t\tTerminationDate as timestamp,\n\t\tStatus as string,\n\t\tProductType as string,\n\t\tVoluntaryMandated as string,\n\t\tRecallingFirm as string,\n\t\tInitialFirmNotification as string,\n\t\tAddress1 as string,\n\t\tAddress2 as string,\n\t\tCity as string,\n\t\tState as string,\n\t\tPostalCode as string,\n\t\tCountry as string,\n\t\tDistributionPattern as string,\n\t\tRecallEventUid as string,\n\t\tDateAdded as timestamp,\n\t\tDateChanged as timestamp,\n\t\tPipelineRunId as string,\n\t\tImportedDate as timestamp\n\t),\n\tdeletable:false,\n\tinsertable:false,\n\tupdateable:false,\n\tupsertable:true,\n\tkeys:['RecallEventId'],\n\tformat: 'table',\n\tpreSQLs:['SET IDENTITY_INSERT  [Fda].[RecallV2Event] ON'],\n\tskipDuplicateMapInputs: true,\n\tskipDuplicateMapOutputs: true,\n\terrorHandlingOption: 'stopOnFirstError') ~> RecallV2EventTarget"
                }
            },
            "dependsOn": []
        },
        {
            "name": "[concat(parameters('factoryName'), '/FdaExclusivityCodes_SingleSink_DF')]",
            "type": "Microsoft.DataFactory/factories/dataflows",
            "apiVersion": "2018-06-01",
            "properties": {
                "folder": {
                    "name": "FDA"
                },
                "type": "MappingDataFlow",
                "typeProperties": {
                    "sources": [
                        {
                            "dataset": {
                                "referenceName": "FdaExclusivityCodes_Source_New1",
                                "type": "DatasetReference"
                            },
                            "name": "source1"
                        }
                    ],
                    "sinks": [
                        {
                            "dataset": {
                                "referenceName": "FdaExclusivityCodes_Target_Configurable",
                                "type": "DatasetReference"
                            },
                            "name": "sink1"
                        }
                    ],
                    "transformations": [
                        {
                            "name": "AlterRow1"
                        }
                    ],
                    "script": "source(output(\n\t\tExclusivityId as integer,\n\t\tExclusivityCode as string,\n\t\tExclusivityDefinition as string\n\t),\n\tallowSchemaDrift: true,\n\tvalidateSchema: false,\n\tisolationLevel: 'READ_UNCOMMITTED',\n\tformat: 'table') ~> source1\nsource1 alterRow(upsertIf(true())) ~> AlterRow1\nAlterRow1 sink(allowSchemaDrift: true,\n\tvalidateSchema: false,\n\tinput(\n\t\tExclusivityId as integer,\n\t\tExclusivityCode as string,\n\t\tExclusivityDefinition as string\n\t),\n\tdeletable:false,\n\tinsertable:false,\n\tupdateable:false,\n\tupsertable:true,\n\tkeys:['ExclusivityId'],\n\tformat: 'table',\n\tskipDuplicateMapInputs: true,\n\tskipDuplicateMapOutputs: true,\n\terrorHandlingOption: 'stopOnFirstError',\n\tmapColumn(\n\t\tExclusivityId,\n\t\tExclusivityCode,\n\t\tExclusivityDefinition\n\t)) ~> sink1"
                }
            },
            "dependsOn": []
        },
        {
            "name": "[concat(parameters('factoryName'), '/LabelerTypes_SingleSink_DF')]",
            "type": "Microsoft.DataFactory/factories/dataflows",
            "apiVersion": "2018-06-01",
            "properties": {
                "folder": {
                    "name": "WoltersKluwers"
                },
                "type": "MappingDataFlow",
                "typeProperties": {
                    "sources": [
                        {
                            "dataset": {
                                "referenceName": "LabelerTypes_Source_New1",
                                "type": "DatasetReference"
                            },
                            "name": "LabelerTypesSource"
                        }
                    ],
                    "sinks": [
                        {
                            "dataset": {
                                "referenceName": "LabelerTypes_Target_Configurable",
                                "type": "DatasetReference"
                            },
                            "name": "LabelerTypesSink"
                        }
                    ],
                    "transformations": [
                        {
                            "name": "AlterRow1"
                        }
                    ],
                    "script": "parameters{\n\tIsProd as boolean (false())\n}\nsource(output(\n\t\tLabelerTypeId as integer,\n\t\tLabelerTypeCode as string,\n\t\tLabelerTypeDescription as string,\n\t\tLabelerTypeDefinition as string\n\t),\n\tallowSchemaDrift: true,\n\tvalidateSchema: false,\n\tisolationLevel: 'READ_UNCOMMITTED',\n\tformat: 'table') ~> LabelerTypesSource\nLabelerTypesSource alterRow(upsertIf(true())) ~> AlterRow1\nAlterRow1 sink(allowSchemaDrift: true,\n\tvalidateSchema: false,\n\tinput(\n\t\tLabelerTypeId as integer,\n\t\tLabelerTypeCode as string,\n\t\tLabelerTypeDescription as string,\n\t\tLabelerTypeDefinition as string\n\t),\n\tdeletable:false,\n\tinsertable:false,\n\tupdateable:false,\n\tupsertable:true,\n\tkeys:['LabelerTypeId'],\n\tformat: 'table',\n\tskipDuplicateMapInputs: true,\n\tskipDuplicateMapOutputs: true,\n\terrorHandlingOption: 'stopOnFirstError') ~> LabelerTypesSink"
                }
            },
            "dependsOn": []
        },
        {
            "name": "[concat(parameters('factoryName'), '/FdaProductPatent_SingleSink_DF')]",
            "type": "Microsoft.DataFactory/factories/dataflows",
            "apiVersion": "2018-06-01",
            "properties": {
                "folder": {
                    "name": "FDA"
                },
                "type": "MappingDataFlow",
                "typeProperties": {
                    "sources": [
                        {
                            "dataset": {
                                "referenceName": "FdaProductPatent_Source_New1",
                                "type": "DatasetReference"
                            },
                            "name": "FdaProductPatentSource"
                        },
                        {
                            "dataset": {
                                "referenceName": "ItemMaster_Join_Configurable",
                                "type": "DatasetReference"
                            },
                            "name": "ItemMasterSource"
                        }
                    ],
                    "sinks": [
                        {
                            "dataset": {
                                "referenceName": "FdaProductPatent_Target_Configurable",
                                "type": "DatasetReference"
                            },
                            "name": "sink1"
                        }
                    ],
                    "transformations": [
                        {
                            "name": "AlterRow1"
                        },
                        {
                            "name": "Join1"
                        }
                    ],
                    "script": "parameters{\n\tFullLoad as string ('false')\n}\nsource(output(\n\t\tFdaProductPatentUId as string,\n\t\tNDC as string,\n\t\tItemUId as string,\n\t\tApplicationNumber as string,\n\t\tProductNumber as string,\n\t\tPatentNo as string,\n\t\tPatentExpireDate as date,\n\t\tDrugSubstanceFlag as boolean,\n\t\tDrugProductFlag as boolean,\n\t\tDelistFlag as boolean,\n\t\tSubmissionDate as date,\n\t\tPatentUseId as integer,\n\t\tDateAdded as timestamp,\n\t\tDateChanged as timestamp,\n\t\tStatus as string,\n\t\tDataSourceId as integer\n\t),\n\tallowSchemaDrift: true,\n\tvalidateSchema: false,\n\tisolationLevel: 'READ_UNCOMMITTED',\n\tquery: (iif(lower($FullLoad) == 'true','select * from [Sync].[vw_FdaProductPatent]','select * from [Sync].[vw_FdaProductPatent] WHERE (DateChanged > DATEADD(d, - 10, GETDATE()))')\r),\n\tformat: 'query') ~> FdaProductPatentSource\nsource(output(\n\t\tItemId as integer,\n\t\tItemTypeId as integer,\n\t\tItemCode as string,\n\t\tItemDescription as string,\n\t\tMfrId as integer,\n\t\tGtin as long,\n\t\tItemMasterItemId as integer,\n\t\tDateAdded as timestamp,\n\t\tDateChanged as timestamp,\n\t\tItemUId as string,\n\t\tDataSourceId as integer\n\t),\n\tallowSchemaDrift: true,\n\tvalidateSchema: false,\n\tisolationLevel: 'READ_UNCOMMITTED',\n\tformat: 'table') ~> ItemMasterSource\nJoin1 alterRow(upsertIf(true())) ~> AlterRow1\nFdaProductPatentSource, ItemMasterSource join(FdaProductPatentSource@ItemUId == ItemMasterSource@ItemUId,\n\tjoinType:'inner',\n\tmatchType:'exact',\n\tignoreSpaces: false,\n\tbroadcast: 'auto')~> Join1\nAlterRow1 sink(allowSchemaDrift: true,\n\tvalidateSchema: false,\n\tinput(\n\t\tFdaProductPatentId as integer,\n\t\tFdaProductPatentUId as string,\n\t\tNDC as string,\n\t\tItemId as integer,\n\t\tApplicationNumber as string,\n\t\tProductNumber as string,\n\t\tPatentNo as string,\n\t\tPatentExpireDate as date,\n\t\tDrugSubstanceFlag as boolean,\n\t\tDrugProductFlag as boolean,\n\t\tDelistFlag as boolean,\n\t\tSubmissionDate as date,\n\t\tPatentUseId as integer,\n\t\tDateAdded as timestamp,\n\t\tDateChanged as timestamp,\n\t\tStatus as string,\n\t\tItemUId as string,\n\t\tDataSourceId as integer\n\t),\n\tdeletable:false,\n\tinsertable:false,\n\tupdateable:false,\n\tupsertable:true,\n\tkeys:['FdaProductPatentUId'],\n\tformat: 'table',\n\tskipDuplicateMapInputs: true,\n\tskipDuplicateMapOutputs: true,\n\terrorHandlingOption: 'stopOnFirstError',\n\tmapColumn(\n\t\tFdaProductPatentUId,\n\t\tNDC,\n\t\tItemId,\n\t\tItemUId = FdaProductPatentSource@ItemUId,\n\t\tApplicationNumber,\n\t\tProductNumber,\n\t\tPatentNo,\n\t\tPatentExpireDate,\n\t\tDrugSubstanceFlag,\n\t\tDrugProductFlag,\n\t\tDelistFlag,\n\t\tSubmissionDate,\n\t\tPatentUseId,\n\t\tDateAdded = FdaProductPatentSource@DateAdded,\n\t\tDateChanged = FdaProductPatentSource@DateChanged,\n\t\tStatus,\n\t\tDataSourceId = FdaProductPatentSource@DataSourceId\n\t)) ~> sink1"
                }
            },
            "dependsOn": []
        }
    ]
}