{
    "$schema": "http://schema.management.azure.com/schemas/2015-01-01/deploymentTemplate.json#",
    "contentVersion": "1.0.0.0",
    "parameters": {
        "factoryName": {
            "type": "string",
            "metadata": "Data Factory name",
            "defaultValue": "adf-ItemMaster-MasterData-Receive-prod"
        }
    },
    "variables": {
        "factoryId": "[concat('Microsoft.DataFactory/factories/', parameters('factoryName'))]"
    },
    "resources": [
        {
            "name": "[concat(parameters('factoryName'), '/mf2tcgpi_TcGpiNameFile_SQL')]",
            "type": "Microsoft.DataFactory/factories/datasets",
            "apiVersion": "2018-06-01",
            "properties": {
                "linkedServiceName": {
                    "referenceName": "ItemMasterSqlServer",
                    "type": "LinkedServiceReference"
                },
                "folder": {
                    "name": "New folder"
                },
                "annotations": [],
                "type": "AzureSqlTable",
                "structure": [
                    {
                        "name": "tcgpi_id",
                        "type": "String"
                    },
                    {
                        "name": "record_type",
                        "type": "String"
                    },
                    {
                        "name": "tcgpi_name",
                        "type": "String"
                    },
                    {
                        "name": "tc_level_code",
                        "type": "String"
                    },
                    {
                        "name": "reserve",
                        "type": "String"
                    },
                    {
                        "name": "transaction_code",
                        "type": "String"
                    },
                    {
                        "name": "last_change_date",
                        "type": "String"
                    }
                ],
                "typeProperties": {
                    "tableName": "[[rawWK].[mf2tcgpi_TcGpiNameFile]"
                }
            },
            "dependsOn": []
        },
        {
            "name": "[concat(parameters('factoryName'), '/Fda_PatentUseCodes_sql')]",
            "type": "Microsoft.DataFactory/factories/datasets",
            "apiVersion": "2018-06-01",
            "properties": {
                "linkedServiceName": {
                    "referenceName": "ItemMasterSqlServer",
                    "type": "LinkedServiceReference"
                },
                "folder": {
                    "name": "New folder"
                },
                "annotations": [],
                "type": "AzureSqlTable",
                "structure": [
                    {
                        "name": "Code",
                        "type": "String"
                    },
                    {
                        "name": "Definition",
                        "type": "String"
                    }
                ],
                "typeProperties": {
                    "tableName": "[[RawFda].[PatentUseCodes]"
                }
            },
            "dependsOn": []
        },
        {
            "name": "[concat(parameters('factoryName'), '/mf2ndc_FormattedNdc_SQL')]",
            "type": "Microsoft.DataFactory/factories/datasets",
            "apiVersion": "2018-06-01",
            "properties": {
                "linkedServiceName": {
                    "referenceName": "ItemMasterSqlServer",
                    "type": "LinkedServiceReference"
                },
                "folder": {
                    "name": "New folder"
                },
                "annotations": [],
                "type": "AzureSqlTable",
                "structure": [
                    {
                        "name": "ndc_upc_hri",
                        "type": "String"
                    },
                    {
                        "name": "id_number_format_code",
                        "type": "String"
                    },
                    {
                        "name": "ndc10",
                        "type": "String"
                    },
                    {
                        "name": "ndc11",
                        "type": "String"
                    }
                ],
                "typeProperties": {
                    "tableName": "[[rawWK].[mf2ndc_FormattedNdc]"
                }
            },
            "dependsOn": []
        },
        {
            "name": "[concat(parameters('factoryName'), '/UNSPSC_SQL')]",
            "type": "Microsoft.DataFactory/factories/datasets",
            "apiVersion": "2018-06-01",
            "properties": {
                "linkedServiceName": {
                    "referenceName": "ItemMasterSqlServer",
                    "type": "LinkedServiceReference"
                },
                "folder": {
                    "name": "New folder"
                },
                "annotations": [],
                "type": "AzureSqlTable",
                "structure": [
                    {
                        "name": "Segment",
                        "type": "String"
                    },
                    {
                        "name": "Segment Title",
                        "type": "String"
                    },
                    {
                        "name": "Family",
                        "type": "String"
                    },
                    {
                        "name": "Family Title",
                        "type": "String"
                    },
                    {
                        "name": "Class",
                        "type": "String"
                    },
                    {
                        "name": "Class Title",
                        "type": "String"
                    },
                    {
                        "name": "Key",
                        "type": "String"
                    },
                    {
                        "name": "Commodity",
                        "type": "String"
                    },
                    {
                        "name": "Commodity Title",
                        "type": "String"
                    },
                    {
                        "name": "Definition",
                        "type": "String"
                    },
                    {
                        "name": "Synonym",
                        "type": "String"
                    },
                    {
                        "name": "Version",
                        "type": "String"
                    },
                    {
                        "name": "PipelineRunId",
                        "type": "String"
                    }
                ],
                "typeProperties": {
                    "tableName": "[[Raw].[Unspsc]"
                }
            },
            "dependsOn": []
        },
        {
            "name": "[concat(parameters('factoryName'), '/mf2ndc_NdcFile_SQL')]",
            "type": "Microsoft.DataFactory/factories/datasets",
            "apiVersion": "2018-06-01",
            "properties": {
                "linkedServiceName": {
                    "referenceName": "ItemMasterSqlServer",
                    "type": "LinkedServiceReference"
                },
                "folder": {
                    "name": "New folder"
                },
                "annotations": [],
                "type": "AzureSqlTable",
                "structure": [
                    {
                        "name": "ndc_upc_hri",
                        "type": "String"
                    },
                    {
                        "name": "drug_descriptor_id",
                        "type": "Int32"
                    },
                    {
                        "name": "tee_code",
                        "type": "String"
                    },
                    {
                        "name": "dea_class_code",
                        "type": "String"
                    },
                    {
                        "name": "desi_code",
                        "type": "String"
                    },
                    {
                        "name": "rx_otc_indicator_code",
                        "type": "String"
                    },
                    {
                        "name": "generic_product_pack_code",
                        "type": "String"
                    },
                    {
                        "name": "old_ndc_upc_hri",
                        "type": "String"
                    },
                    {
                        "name": "new_ndc_upc_hri",
                        "type": "String"
                    },
                    {
                        "name": "repackaged_code",
                        "type": "String"
                    },
                    {
                        "name": "id_number_format_code",
                        "type": "String"
                    },
                    {
                        "name": "third_party_restriction_code",
                        "type": "String"
                    },
                    {
                        "name": "kdc",
                        "type": "Int64"
                    },
                    {
                        "name": "kdc_flag",
                        "type": "String"
                    },
                    {
                        "name": "medispan_labeler_id",
                        "type": "Int32"
                    },
                    {
                        "name": "multi_source_code",
                        "type": "String"
                    },
                    {
                        "name": "name_type_code",
                        "type": "String"
                    },
                    {
                        "name": "item_status_flag",
                        "type": "String"
                    },
                    {
                        "name": "innerpack_code",
                        "type": "String"
                    },
                    {
                        "name": "clinic_pack_code",
                        "type": "String"
                    },
                    {
                        "name": "reserve1",
                        "type": "String"
                    },
                    {
                        "name": "ppg_indicator_code",
                        "type": "String"
                    },
                    {
                        "name": "hfpg_indicatory_code",
                        "type": "String"
                    },
                    {
                        "name": "dispensing_unit_code",
                        "type": "String"
                    },
                    {
                        "name": "dollar_rank_code",
                        "type": "String"
                    },
                    {
                        "name": "rx_rank_code",
                        "type": "String"
                    },
                    {
                        "name": "storage_condition_code",
                        "type": "String"
                    },
                    {
                        "name": "limited_distribution_coe",
                        "type": "String"
                    },
                    {
                        "name": "old_effective_date",
                        "type": "String"
                    },
                    {
                        "name": "new_effective_date",
                        "type": "String"
                    },
                    {
                        "name": "next_smaller_ndc_suffix",
                        "type": "String"
                    },
                    {
                        "name": "next_larger_ndc_suffix",
                        "type": "String"
                    },
                    {
                        "name": "reserve2",
                        "type": "String"
                    },
                    {
                        "name": "transaction_code",
                        "type": "String"
                    },
                    {
                        "name": "last_change_date",
                        "type": "String"
                    }
                ],
                "typeProperties": {
                    "tableName": "[[rawWK].[mf2ndc_NdcFile]"
                }
            },
            "dependsOn": []
        },
        {
            "name": "[concat(parameters('factoryName'), '/Fda_OrangeBook_Products_SQL')]",
            "type": "Microsoft.DataFactory/factories/datasets",
            "apiVersion": "2018-06-01",
            "properties": {
                "linkedServiceName": {
                    "referenceName": "ItemMasterSqlServer",
                    "type": "LinkedServiceReference"
                },
                "folder": {
                    "name": "New folder"
                },
                "annotations": [],
                "type": "AzureSqlTable",
                "structure": [
                    {
                        "name": "Ingredient",
                        "type": "String"
                    },
                    {
                        "name": "DF;Route",
                        "type": "String"
                    },
                    {
                        "name": "Trade_Name",
                        "type": "String"
                    },
                    {
                        "name": "Applicant",
                        "type": "String"
                    },
                    {
                        "name": "Strength",
                        "type": "String"
                    },
                    {
                        "name": "Appl_Type",
                        "type": "String"
                    },
                    {
                        "name": "Appl_No",
                        "type": "String"
                    },
                    {
                        "name": "Product_No",
                        "type": "String"
                    },
                    {
                        "name": "TE_Code",
                        "type": "String"
                    },
                    {
                        "name": "Approval_Date",
                        "type": "String"
                    },
                    {
                        "name": "RLD",
                        "type": "String"
                    },
                    {
                        "name": "RS",
                        "type": "String"
                    },
                    {
                        "name": "Type",
                        "type": "String"
                    },
                    {
                        "name": "Applicant_Full_Name",
                        "type": "String"
                    }
                ],
                "typeProperties": {
                    "tableName": "[[RawFda].[OrangeBookProducts]"
                }
            },
            "dependsOn": []
        },
        {
            "name": "[concat(parameters('factoryName'), '/ahfdesc_AhfsCodeDescriptionFile_SQL')]",
            "type": "Microsoft.DataFactory/factories/datasets",
            "apiVersion": "2018-06-01",
            "properties": {
                "linkedServiceName": {
                    "referenceName": "ItemMasterSqlServer",
                    "type": "LinkedServiceReference"
                },
                "folder": {
                    "name": "New folder"
                },
                "annotations": [],
                "type": "AzureSqlTable",
                "structure": [
                    {
                        "name": "AHFS_Code",
                        "type": "String"
                    },
                    {
                        "name": "Transaction_Code",
                        "type": "String"
                    },
                    {
                        "name": "AHFS_Level_Code",
                        "type": "String"
                    },
                    {
                        "name": "AHFS_Description",
                        "type": "String"
                    },
                    {
                        "name": "Reserve",
                        "type": "String"
                    }
                ],
                "typeProperties": {
                    "tableName": "[[rawWK].[ahfdesc_AhfsCodeDescriptionFile]"
                }
            },
            "dependsOn": []
        },
        {
            "name": "[concat(parameters('factoryName'), '/pb2val_ValidationTranslationFile_SQL')]",
            "type": "Microsoft.DataFactory/factories/datasets",
            "apiVersion": "2018-06-01",
            "properties": {
                "linkedServiceName": {
                    "referenceName": "ItemMasterSqlServer",
                    "type": "LinkedServiceReference"
                },
                "folder": {
                    "name": "New folder"
                },
                "annotations": [],
                "type": "AzureSqlTable",
                "structure": [
                    {
                        "name": "FieldId",
                        "type": "String"
                    },
                    {
                        "name": "FieldValue",
                        "type": "String"
                    },
                    {
                        "name": "LanguageCode",
                        "type": "Int32"
                    },
                    {
                        "name": "ValueDescription",
                        "type": "String"
                    },
                    {
                        "name": "ValueAbbreviation",
                        "type": "String"
                    },
                    {
                        "name": "Reserve",
                        "type": "String"
                    }
                ],
                "typeProperties": {
                    "tableName": "[[rawWK].[pb2val_ValidationTranslationFile]"
                }
            },
            "dependsOn": []
        },
        {
            "name": "[concat(parameters('factoryName'), '/nabval_ValidationTranslationFile_SQL')]",
            "type": "Microsoft.DataFactory/factories/datasets",
            "apiVersion": "2018-06-01",
            "properties": {
                "linkedServiceName": {
                    "referenceName": "ItemMasterSqlServer",
                    "type": "LinkedServiceReference"
                },
                "folder": {
                    "name": "New folder"
                },
                "annotations": [],
                "type": "AzureSqlTable",
                "structure": [
                    {
                        "name": "Field_Identifier",
                        "type": "String"
                    },
                    {
                        "name": "Field_Value",
                        "type": "String"
                    },
                    {
                        "name": "Language_Code",
                        "type": "Int32"
                    },
                    {
                        "name": "Value_Description",
                        "type": "String"
                    },
                    {
                        "name": "Value_Abbreviation",
                        "type": "String"
                    },
                    {
                        "name": "Reserve",
                        "type": "String"
                    }
                ],
                "typeProperties": {
                    "tableName": "[[rawWK].[nabval_ValidationTranslationFile]"
                }
            },
            "dependsOn": []
        },
        {
            "name": "[concat(parameters('factoryName'), '/ahfval_ValidationTranslationFile_SQL')]",
            "type": "Microsoft.DataFactory/factories/datasets",
            "apiVersion": "2018-06-01",
            "properties": {
                "linkedServiceName": {
                    "referenceName": "ItemMasterSqlServer",
                    "type": "LinkedServiceReference"
                },
                "folder": {
                    "name": "New folder"
                },
                "annotations": [],
                "type": "AzureSqlTable",
                "structure": [
                    {
                        "name": "field_identifier",
                        "type": "String"
                    },
                    {
                        "name": "field_value",
                        "type": "String"
                    },
                    {
                        "name": "language_code",
                        "type": "Int32"
                    },
                    {
                        "name": "value_description",
                        "type": "String"
                    },
                    {
                        "name": "value_abbreviation",
                        "type": "String"
                    },
                    {
                        "name": "reserve",
                        "type": "String"
                    }
                ],
                "typeProperties": {
                    "tableName": "[[rawWK].[ahfval_ValidationTranslationFile]"
                }
            },
            "dependsOn": []
        },
        {
            "name": "[concat(parameters('factoryName'), '/pb2ncn_PayAllowLimitNotOtherwiseClassifiedNotesFile_SQL')]",
            "type": "Microsoft.DataFactory/factories/datasets",
            "apiVersion": "2018-06-01",
            "properties": {
                "linkedServiceName": {
                    "referenceName": "ItemMasterSqlServer",
                    "type": "LinkedServiceReference"
                },
                "folder": {
                    "name": "New folder"
                },
                "annotations": [],
                "type": "AzureSqlTable",
                "structure": [
                    {
                        "name": "GenericDrugName",
                        "type": "String"
                    },
                    {
                        "name": "QuarterDate",
                        "type": "String"
                    },
                    {
                        "name": "RevisionDate",
                        "type": "String"
                    },
                    {
                        "name": "TransactionCode",
                        "type": "String"
                    },
                    {
                        "name": "Notes",
                        "type": "String"
                    },
                    {
                        "name": "Reserve",
                        "type": "String"
                    }
                ],
                "typeProperties": {
                    "tableName": "[[rawWK].[pb2ncn_PaymentAllowanceLimitNotOtherwiseClassifiedNotesFile]"
                }
            },
            "dependsOn": []
        },
        {
            "name": "[concat(parameters('factoryName'), '/pb2read_ReadMeFile_SQL')]",
            "type": "Microsoft.DataFactory/factories/datasets",
            "apiVersion": "2018-06-01",
            "properties": {
                "linkedServiceName": {
                    "referenceName": "ItemMasterSqlServer",
                    "type": "LinkedServiceReference"
                },
                "folder": {
                    "name": "New folder"
                },
                "annotations": [],
                "type": "AzureSqlTable",
                "structure": [
                    {
                        "name": "ReadMeText",
                        "type": "String"
                    }
                ],
                "typeProperties": {
                    "tableName": "[[rawWK].[pb2read_ReadMeFile]"
                }
            },
            "dependsOn": []
        },
        {
            "name": "[concat(parameters('factoryName'), '/mf2mod_ModifierFile_SQL')]",
            "type": "Microsoft.DataFactory/factories/datasets",
            "apiVersion": "2018-06-01",
            "properties": {
                "linkedServiceName": {
                    "referenceName": "ItemMasterSqlServer",
                    "type": "LinkedServiceReference"
                },
                "folder": {
                    "name": "New folder"
                },
                "annotations": [],
                "type": "AzureSqlTable",
                "structure": [
                    {
                        "name": "modifier_code",
                        "type": "String"
                    },
                    {
                        "name": "modifier_description",
                        "type": "String"
                    },
                    {
                        "name": "reserve",
                        "type": "String"
                    },
                    {
                        "name": "transaction_code",
                        "type": "String"
                    },
                    {
                        "name": "last_change_date",
                        "type": "String"
                    }
                ],
                "typeProperties": {
                    "tableName": "[[rawWK].[mf2mod_ModifierFile]"
                }
            },
            "dependsOn": []
        },
        {
            "name": "[concat(parameters('factoryName'), '/Fda_MAUDE_mdrfoi_SQL')]",
            "type": "Microsoft.DataFactory/factories/datasets",
            "apiVersion": "2018-06-01",
            "properties": {
                "linkedServiceName": {
                    "referenceName": "ItemMasterSqlServer",
                    "type": "LinkedServiceReference"
                },
                "folder": {
                    "name": "New folder"
                },
                "annotations": [],
                "type": "AzureSqlTable",
                "structure": [
                    {
                        "name": "MDR_REPORT_KEY",
                        "type": "String"
                    },
                    {
                        "name": "EVENT_KEY",
                        "type": "String"
                    },
                    {
                        "name": "REPORT_NUMBER",
                        "type": "String"
                    },
                    {
                        "name": "REPORT_SOURCE_CODE",
                        "type": "String"
                    },
                    {
                        "name": "MANUFACTURER_LINK_FLAG_",
                        "type": "String"
                    },
                    {
                        "name": "NUMBER_DEVICES_IN_EVENT",
                        "type": "String"
                    },
                    {
                        "name": "NUMBER_PATIENTS_IN_EVENT",
                        "type": "String"
                    },
                    {
                        "name": "DATE_RECEIVED",
                        "type": "String"
                    },
                    {
                        "name": "ADVERSE_EVENT_FLAG",
                        "type": "String"
                    },
                    {
                        "name": "PRODUCT_PROBLEM_FLAG",
                        "type": "String"
                    },
                    {
                        "name": "DATE_REPORT",
                        "type": "String"
                    },
                    {
                        "name": "DATE_OF_EVENT",
                        "type": "String"
                    },
                    {
                        "name": "REPROCESSED_AND_REUSED_FLAG",
                        "type": "String"
                    },
                    {
                        "name": "REPORTER_OCCUPATION_CODE",
                        "type": "String"
                    },
                    {
                        "name": "HEALTH_PROFESSIONAL",
                        "type": "String"
                    },
                    {
                        "name": "INITIAL_REPORT_TO_FDA",
                        "type": "String"
                    },
                    {
                        "name": "DATE_FACILITY_AWARE",
                        "type": "String"
                    },
                    {
                        "name": "REPORT_DATE",
                        "type": "String"
                    },
                    {
                        "name": "REPORT_TO_FDA",
                        "type": "String"
                    },
                    {
                        "name": "DATE_REPORT_TO_FDA",
                        "type": "String"
                    },
                    {
                        "name": "EVENT_LOCATION",
                        "type": "String"
                    },
                    {
                        "name": "DATE_REPORT_TO_MANUFACTURER",
                        "type": "String"
                    },
                    {
                        "name": "MANUFACTURER_CONTACT_T_NAME",
                        "type": "String"
                    },
                    {
                        "name": "MANUFACTURER_CONTACT_F_NAME",
                        "type": "String"
                    },
                    {
                        "name": "MANUFACTURER_CONTACT_L_NAME",
                        "type": "String"
                    },
                    {
                        "name": "MANUFACTURER_CONTACT_STREET_1",
                        "type": "String"
                    },
                    {
                        "name": "MANUFACTURER_CONTACT_STREET_2",
                        "type": "String"
                    },
                    {
                        "name": "MANUFACTURER_CONTACT_CITY",
                        "type": "String"
                    },
                    {
                        "name": "MANUFACTURER_CONTACT_STATE",
                        "type": "String"
                    },
                    {
                        "name": "MANUFACTURER_CONTACT_ZIP_CODE",
                        "type": "String"
                    },
                    {
                        "name": "MANUFACTURER_CONTACT_ZIP_EXT",
                        "type": "String"
                    },
                    {
                        "name": "MANUFACTURER_CONTACT_COUNTRY",
                        "type": "String"
                    },
                    {
                        "name": "MANUFACTURER_CONTACT_POSTAL",
                        "type": "String"
                    },
                    {
                        "name": "MANUFACTURER_CONTACT_AREA_CODE",
                        "type": "String"
                    },
                    {
                        "name": "MANUFACTURER_CONTACT_EXCHANGE",
                        "type": "String"
                    },
                    {
                        "name": "MANUFACTURER_CONTACT_PHONE_NO",
                        "type": "String"
                    },
                    {
                        "name": "MANUFACTURER_CONTACT_EXTENSION",
                        "type": "String"
                    },
                    {
                        "name": "MANUFACTURER_CONTACT_PCOUNTRY",
                        "type": "String"
                    },
                    {
                        "name": "MANUFACTURER_CONTACT_PCITY",
                        "type": "String"
                    },
                    {
                        "name": "MANUFACTURER_CONTACT_PLOCAL",
                        "type": "String"
                    },
                    {
                        "name": "MANUFACTURER_G1_NAME",
                        "type": "String"
                    },
                    {
                        "name": "MANUFACTURER_G1_STREET_1",
                        "type": "String"
                    },
                    {
                        "name": "MANUFACTURER_G1_STREET_2",
                        "type": "String"
                    },
                    {
                        "name": "MANUFACTURER_G1_CITY",
                        "type": "String"
                    },
                    {
                        "name": "MANUFACTURER_G1_STATE_CODE",
                        "type": "String"
                    },
                    {
                        "name": "MANUFACTURER_G1_ZIP_CODE",
                        "type": "String"
                    },
                    {
                        "name": "MANUFACTURER_G1_ZIP_CODE_EXT",
                        "type": "String"
                    },
                    {
                        "name": "MANUFACTURER_G1_COUNTRY_CODE",
                        "type": "String"
                    },
                    {
                        "name": "MANUFACTURER_G1_POSTAL_CODE",
                        "type": "String"
                    },
                    {
                        "name": "DATE_MANUFACTURER_RECEIVED",
                        "type": "String"
                    },
                    {
                        "name": "DEVICE_DATE_OF_MANUFACTURE",
                        "type": "String"
                    },
                    {
                        "name": "SINGLE_USE_FLAG",
                        "type": "String"
                    },
                    {
                        "name": "REMEDIAL_ACTION",
                        "type": "String"
                    },
                    {
                        "name": "PREVIOUS_USE_CODE",
                        "type": "String"
                    },
                    {
                        "name": "REMOVAL_CORRECTION_NUMBER",
                        "type": "String"
                    },
                    {
                        "name": "EVENT_TYPE",
                        "type": "String"
                    },
                    {
                        "name": "DISTRIBUTOR_NAME",
                        "type": "String"
                    },
                    {
                        "name": "DISTRIBUTOR_ADDRESS_1",
                        "type": "String"
                    },
                    {
                        "name": "DISTRIBUTOR_ADDRESS_2",
                        "type": "String"
                    },
                    {
                        "name": "DISTRIBUTOR_CITY",
                        "type": "String"
                    },
                    {
                        "name": "DISTRIBUTOR_STATE_CODE",
                        "type": "String"
                    },
                    {
                        "name": "DISTRIBUTOR_ZIP_CODE",
                        "type": "String"
                    },
                    {
                        "name": "DISTRIBUTOR_ZIP_CODE_EXT",
                        "type": "String"
                    },
                    {
                        "name": "REPORT_TO_MANUFACTURER",
                        "type": "String"
                    },
                    {
                        "name": "MANUFACTURER_NAME",
                        "type": "String"
                    },
                    {
                        "name": "MANUFACTURER_ADDRESS_1",
                        "type": "String"
                    },
                    {
                        "name": "MANUFACTURER_ADDRESS_2",
                        "type": "String"
                    },
                    {
                        "name": "MANUFACTURER_CITY",
                        "type": "String"
                    },
                    {
                        "name": "MANUFACTURER_STATE_CODE",
                        "type": "String"
                    },
                    {
                        "name": "MANUFACTURER_ZIP_CODE",
                        "type": "String"
                    },
                    {
                        "name": "MANUFACTURER_ZIP_CODE_EXT",
                        "type": "String"
                    },
                    {
                        "name": "MANUFACTURER_COUNTRY_CODE",
                        "type": "String"
                    },
                    {
                        "name": "MANUFACTURER_POSTAL_CODE",
                        "type": "String"
                    },
                    {
                        "name": "TYPE_OF_REPORT",
                        "type": "String"
                    },
                    {
                        "name": "SOURCE_TYPE",
                        "type": "String"
                    },
                    {
                        "name": "DATE_ADDED",
                        "type": "String"
                    },
                    {
                        "name": "DATE_CHANGED",
                        "type": "String"
                    },
                    {
                        "name": "PipelineRunId",
                        "type": "String"
                    }
                ],
                "typeProperties": {
                    "tableName": "[[rawFDAMAUDE].[mdrfoi]"
                }
            },
            "dependsOn": []
        },
        {
            "name": "[concat(parameters('factoryName'), '/fgpnadd_NadacDetailsFile_SQL')]",
            "type": "Microsoft.DataFactory/factories/datasets",
            "apiVersion": "2018-06-01",
            "properties": {
                "linkedServiceName": {
                    "referenceName": "ItemMasterSqlServer",
                    "type": "LinkedServiceReference"
                },
                "folder": {
                    "name": "New folder"
                },
                "annotations": [],
                "type": "AzureSqlTable",
                "structure": [
                    {
                        "name": "external_drug_identifier",
                        "type": "String"
                    },
                    {
                        "name": "pharmacy_type",
                        "type": "String"
                    },
                    {
                        "name": "transaction_cd",
                        "type": "String"
                    },
                    {
                        "name": "description",
                        "type": "String"
                    },
                    {
                        "name": "otc_flag",
                        "type": "String"
                    },
                    {
                        "name": "pricing_unit",
                        "type": "String"
                    },
                    {
                        "name": "class_rate_setting",
                        "type": "String"
                    },
                    {
                        "name": "in_medispan_db_flag",
                        "type": "String"
                    },
                    {
                        "name": "medispan_ndc_inactive_dt",
                        "type": "String"
                    },
                    {
                        "name": "is_same_mddb_pkg_sum",
                        "type": "String"
                    }
                ],
                "typeProperties": {
                    "tableName": "[[rawWK].[fgpnadd_NadacDetailsFile]"
                }
            },
            "dependsOn": []
        },
        {
            "name": "[concat(parameters('factoryName'), '/ahfsum_SummaryFile_SQL')]",
            "type": "Microsoft.DataFactory/factories/datasets",
            "apiVersion": "2018-06-01",
            "properties": {
                "linkedServiceName": {
                    "referenceName": "ItemMasterSqlServer",
                    "type": "LinkedServiceReference"
                },
                "folder": {
                    "name": "New folder"
                },
                "annotations": [],
                "type": "AzureSqlTable",
                "structure": [
                    {
                        "name": "record_type",
                        "type": "String"
                    },
                    {
                        "name": "reserve_1",
                        "type": "String"
                    },
                    {
                        "name": "sequence_number",
                        "type": "Int32"
                    },
                    {
                        "name": "reserve_2",
                        "type": "String"
                    },
                    {
                        "name": "comment_marker",
                        "type": "String"
                    },
                    {
                        "name": "data_comment",
                        "type": "String"
                    }
                ],
                "typeProperties": {
                    "tableName": "[[rawWK].[ahfsum_SummaryFile]"
                }
            },
            "dependsOn": []
        },
        {
            "name": "[concat(parameters('factoryName'), '/mf2frm_DoseFormFile_SQL')]",
            "type": "Microsoft.DataFactory/factories/datasets",
            "apiVersion": "2018-06-01",
            "properties": {
                "linkedServiceName": {
                    "referenceName": "ItemMasterSqlServer",
                    "type": "LinkedServiceReference"
                },
                "folder": {
                    "name": "New folder"
                },
                "annotations": [],
                "type": "AzureSqlTable",
                "structure": [
                    {
                        "name": "concept_type",
                        "type": "Int32"
                    },
                    {
                        "name": "country_code",
                        "type": "Int32"
                    },
                    {
                        "name": "concept_id",
                        "type": "Int32"
                    },
                    {
                        "name": "transaction_code",
                        "type": "String"
                    },
                    {
                        "name": "status",
                        "type": "Int32"
                    },
                    {
                        "name": "link_value",
                        "type": "Int32"
                    },
                    {
                        "name": "link_date",
                        "type": "String"
                    },
                    {
                        "name": "reserve",
                        "type": "String"
                    }
                ],
                "typeProperties": {
                    "tableName": "[[rawWK].[mf2frm_DoseFormFile]"
                }
            },
            "dependsOn": []
        },
        {
            "name": "[concat(parameters('factoryName'), '/nabidlnk_ExternalDrugIdentifierToApplicationNumberLinkFile_SQL')]",
            "type": "Microsoft.DataFactory/factories/datasets",
            "apiVersion": "2018-06-01",
            "properties": {
                "linkedServiceName": {
                    "referenceName": "ItemMasterSqlServer",
                    "type": "LinkedServiceReference"
                },
                "folder": {
                    "name": "New folder"
                },
                "annotations": [],
                "type": "AzureSqlTable",
                "structure": [
                    {
                        "name": "NDC_UPC_HRI",
                        "type": "String"
                    },
                    {
                        "name": "Application_Number",
                        "type": "String"
                    },
                    {
                        "name": "ProductNumber",
                        "type": "String"
                    },
                    {
                        "name": "Transaction_Code",
                        "type": "String"
                    },
                    {
                        "name": "Application_Type_Flag",
                        "type": "String"
                    },
                    {
                        "name": "Reference_Listed_Drug_Flag",
                        "type": "String"
                    },
                    {
                        "name": "FDAs_Therapeutic_Equivalence_Code",
                        "type": "String"
                    },
                    {
                        "name": "FDAs_Approval_Date",
                        "type": "String"
                    },
                    {
                        "name": "FDAs_Approval_Date_prior_to_1-1-1982_Flag",
                        "type": "String"
                    },
                    {
                        "name": "In_MediSpan_DB_Flag",
                        "type": "String"
                    },
                    {
                        "name": "MediSpan_Inactive_Date",
                        "type": "String"
                    },
                    {
                        "name": "Marketing_Category",
                        "type": "String"
                    },
                    {
                        "name": "Start_Marketing_Date",
                        "type": "String"
                    },
                    {
                        "name": "End_Marketing_Date",
                        "type": "String"
                    },
                    {
                        "name": "Reserve",
                        "type": "String"
                    }
                ],
                "typeProperties": {
                    "tableName": "[[rawWK].[nabidlnk_ExternalDrugIdentifierToApplicationNumberLinkFile]"
                }
            },
            "dependsOn": []
        },
        {
            "name": "[concat(parameters('factoryName'), '/ddadict_DataDictionaryFile_SQL')]",
            "type": "Microsoft.DataFactory/factories/datasets",
            "apiVersion": "2018-06-01",
            "properties": {
                "linkedServiceName": {
                    "referenceName": "ItemMasterSqlServer",
                    "type": "LinkedServiceReference"
                },
                "folder": {
                    "name": "New folder"
                },
                "annotations": [],
                "type": "AzureSqlTable",
                "structure": [
                    {
                        "name": "FieldIdentifier",
                        "type": "String"
                    },
                    {
                        "name": "FieldDescription",
                        "type": "String"
                    },
                    {
                        "name": "FieldType",
                        "type": "String"
                    },
                    {
                        "name": "FieldLength",
                        "type": "Int32"
                    },
                    {
                        "name": "ImpliedDecimalFlag",
                        "type": "String"
                    },
                    {
                        "name": "DecimalPlaces",
                        "type": "Int32"
                    },
                    {
                        "name": "FieldValidationFlag",
                        "type": "String"
                    },
                    {
                        "name": "FieldAbbreviationFlag",
                        "type": "String"
                    },
                    {
                        "name": "Reserve",
                        "type": "String"
                    }
                ],
                "typeProperties": {
                    "tableName": "[[rawWK].[ddadict_DataDictionaryFile]"
                }
            },
            "dependsOn": []
        },
        {
            "name": "[concat(parameters('factoryName'), '/ddaread_ReadMeFile_SQL')]",
            "type": "Microsoft.DataFactory/factories/datasets",
            "apiVersion": "2018-06-01",
            "properties": {
                "linkedServiceName": {
                    "referenceName": "ItemMasterSqlServer",
                    "type": "LinkedServiceReference"
                },
                "folder": {
                    "name": "New folder"
                },
                "annotations": [],
                "type": "AzureSqlTable",
                "structure": [
                    {
                        "name": "ReadMeText",
                        "type": "String"
                    }
                ],
                "typeProperties": {
                    "tableName": "[[rawWK].[ddaread_ReadMeFile]"
                }
            },
            "dependsOn": []
        }
    ]
}