{
    "$schema": "http://schema.management.azure.com/schemas/2015-01-01/deploymentTemplate.json#",
    "contentVersion": "1.0.0.0",
    "parameters": {
        "factoryName": {
            "type": "string",
            "metadata": "Data Factory name",
            "defaultValue": "adf-ItemMaster-MasterData-Receive-prod"
        },
        "UNSPSC_Extract_properties_typeProperties_fileName": {
            "type": "string",
            "defaultValue": "@dataset().ExtractFileName"
        },
        "UNSPSC_Extract_properties_typeProperties_folderPath": {
            "type": "string",
            "defaultValue": "@dataset().AdlPath"
        },
        "pb2lim_PaymentAllowanceLimitFile_ADLS_properties_typeProperties_fileName": {
            "type": "string",
            "defaultValue": "PB2LIM"
        },
        "pb2lim_PaymentAllowanceLimitFile_ADLS_properties_typeProperties_folderPath": {
            "type": "string",
            "defaultValue": "@dataset().TargetPath"
        },
        "mf2desc_DescriptionFile_ADLS_properties_typeProperties_fileName": {
            "type": "string",
            "defaultValue": "MF2DESC"
        },
        "mf2desc_DescriptionFile_ADLS_properties_typeProperties_folderPath": {
            "type": "string",
            "defaultValue": "@dataset().TargetPath"
        },
        "ddaauom_AlternateUnitOfMeasureFile_ADLS_properties_typeProperties_fileName": {
            "type": "string",
            "defaultValue": "DDAAUOM.txt"
        },
        "ddaauom_AlternateUnitOfMeasureFile_ADLS_properties_typeProperties_folderPath": {
            "type": "string",
            "defaultValue": "@dataset().TargetPath"
        },
        "fgpabex_GovernmentAberrantAndExplanationCodeFile_ADLS_properties_typeProperties_fileName": {
            "type": "string",
            "defaultValue": "FGPABEX"
        },
        "fgpabex_GovernmentAberrantAndExplanationCodeFile_ADLS_properties_typeProperties_folderPath": {
            "type": "string",
            "defaultValue": "@dataset().TargetPath"
        },
        "mf2frm_DoseFormFile_ADLS_properties_typeProperties_fileName": {
            "type": "string",
            "defaultValue": "MF2FRM"
        },
        "mf2frm_DoseFormFile_ADLS_properties_typeProperties_folderPath": {
            "type": "string",
            "defaultValue": "@dataset().TargetPath"
        },
        "mf2ndc_NdcFile_ADLS_properties_typeProperties_fileName": {
            "type": "string",
            "defaultValue": "MF2NDC"
        },
        "mf2ndc_NdcFile_ADLS_properties_typeProperties_folderPath": {
            "type": "string",
            "defaultValue": "@dataset().TargetPath"
        },
        "ddadose_GpiDoseFile_ADLS_properties_typeProperties_fileName": {
            "type": "string",
            "defaultValue": "DDADOSE.txt"
        },
        "ddadose_GpiDoseFile_ADLS_properties_typeProperties_folderPath": {
            "type": "string",
            "defaultValue": "@dataset().TargetPath"
        },
        "fgpread_ReadMeFile_ADLS_properties_typeProperties_fileName": {
            "type": "string",
            "defaultValue": "FGPREAD"
        },
        "fgpread_ReadMeFile_ADLS_properties_typeProperties_folderPath": {
            "type": "string",
            "defaultValue": "@dataset().TargetPath"
        },
        "Fda_ExclusivityCodes_ADLS_properties_typeProperties_fileName": {
            "type": "string",
            "defaultValue": "FdaExclusivityCodes.csv"
        },
        "Fda_ExclusivityCodes_ADLS_properties_typeProperties_folderPath": {
            "type": "string",
            "defaultValue": "@dataset().Path"
        },
        "ahfread_ReadMeFile_ADLS_properties_typeProperties_fileName": {
            "type": "string",
            "defaultValue": "AHFREAD"
        },
        "ahfread_ReadMeFile_ADLS_properties_typeProperties_folderPath": {
            "type": "string",
            "defaultValue": "@dataset().TargetPath"
        },
        "mf2ings_IngredientSetIdToIngredientIdFile_ADLS_properties_typeProperties_fileName": {
            "type": "string",
            "defaultValue": "MF2INGS"
        },
        "mf2ings_IngredientSetIdToIngredientIdFile_ADLS_properties_typeProperties_folderPath": {
            "type": "string",
            "defaultValue": "@dataset().TargetPath"
        },
        "fda_gudid_MetaDataItemMasterStorageAcct_properties_typeProperties_fileName": {
            "type": "string",
            "defaultValue": ""
        },
        "fda_gudid_MetaDataItemMasterStorageAcct_properties_typeProperties_folderPath": {
            "type": "string",
            "defaultValue": "@dataset().Path"
        },
        "ItemMasterStorageAcct_DeleteFilePath_properties_typeProperties_folderPath": {
            "type": "string",
            "defaultValue": "@dataset().Path"
        },
        "fda_gudid_ZipFolderSourceDataset_properties_typeProperties_fileName": {
            "type": "string",
            "defaultValue": "@dataset().FileName"
        },
        "fda_gudid_ZipFolderSourceDataset_properties_typeProperties_folderPath": {
            "type": "string",
            "defaultValue": "@dataset().Path"
        },
        "ItemMasterStorageAcct_DeleteFolderPath_properties_typeProperties_folderPath": {
            "type": "string",
            "defaultValue": "@dataset().Path"
        },
        "fda_gudid_ItemMasterStorageAcct_properties_typeProperties_folderPath": {
            "type": "string",
            "defaultValue": "@dataset().Path"
        }
    },
    "variables": {
        "factoryId": "[concat('Microsoft.DataFactory/factories/', parameters('factoryName'))]"
    },
    "resources": [
        {
            "name": "[concat(parameters('factoryName'), '/UNSPSC_Extract')]",
            "type": "Microsoft.DataFactory/factories/datasets",
            "apiVersion": "2018-06-01",
            "properties": {
                "linkedServiceName": {
                    "referenceName": "ItemMaster_ADL",
                    "type": "LinkedServiceReference"
                },
                "parameters": {
                    "AdlPath": {
                        "type": "String"
                    },
                    "ExtractFileName": {
                        "type": "String"
                    }
                },
                "folder": {
                    "name": "New folder"
                },
                "annotations": [],
                "type": "AzureDataLakeStoreFile",
                "structure": [
                    {
                        "name": "Segment",
                        "type": "String"
                    },
                    {
                        "name": "SegmentTitle",
                        "type": "String"
                    },
                    {
                        "name": "Family",
                        "type": "String"
                    },
                    {
                        "name": "FamilyTile",
                        "type": "String"
                    },
                    {
                        "name": "Class",
                        "type": "String"
                    },
                    {
                        "name": "ClassTitle",
                        "type": "String"
                    },
                    {
                        "name": "Key",
                        "type": "String"
                    },
                    {
                        "name": "Commodity",
                        "type": "String"
                    },
                    {
                        "name": "CommodityTitle",
                        "type": "String"
                    },
                    {
                        "name": "Definition",
                        "type": "String"
                    },
                    {
                        "name": "Synonym",
                        "type": "String"
                    },
                    {
                        "name": "UnspscVersion",
                        "type": "String"
                    },
                    {
                        "name": "PipelineRunId",
                        "type": "String"
                    }
                ],
                "typeProperties": {
                    "format": {
                        "type": "TextFormat",
                        "columnDelimiter": "\t",
                        "rowDelimiter": "",
                        "nullValue": "\\N",
                        "treatEmptyAsNull": true,
                        "skipLineCount": 0,
                        "firstRowAsHeader": true
                    },
                    "fileName": {
                        "value": "[parameters('UNSPSC_Extract_properties_typeProperties_fileName')]",
                        "type": "Expression"
                    },
                    "folderPath": {
                        "value": "[parameters('UNSPSC_Extract_properties_typeProperties_folderPath')]",
                        "type": "Expression"
                    }
                }
            },
            "dependsOn": []
        },
        {
            "name": "[concat(parameters('factoryName'), '/HttpServer_FDA_Https_AccessData')]",
            "type": "Microsoft.DataFactory/factories/datasets",
            "apiVersion": "2018-06-01",
            "properties": {
                "linkedServiceName": {
                    "referenceName": "HttpServer_FDA_Https_AccessData",
                    "type": "LinkedServiceReference"
                },
                "parameters": {
                    "link": {
                        "type": "string"
                    }
                },
                "folder": {
                    "name": "FDA Medication Guidelines"
                },
                "annotations": [],
                "type": "Binary",
                "typeProperties": {
                    "location": {
                        "type": "HttpServerLocation",
                        "relativeUrl": {
                            "value": "@dataset().link",
                            "type": "Expression"
                        }
                    }
                }
            },
            "dependsOn": []
        },
        {
            "name": "[concat(parameters('factoryName'), '/pb2lim_PaymentAllowanceLimitFile_ADLS')]",
            "type": "Microsoft.DataFactory/factories/datasets",
            "apiVersion": "2018-06-01",
            "properties": {
                "linkedServiceName": {
                    "referenceName": "ItemMaster_ADL",
                    "type": "LinkedServiceReference"
                },
                "parameters": {
                    "TargetPath": {
                        "type": "String"
                    }
                },
                "folder": {
                    "name": "New folder"
                },
                "annotations": [],
                "type": "AzureDataLakeStoreFile",
                "structure": [
                    {
                        "name": "HcpcsCode",
                        "type": "String"
                    },
                    {
                        "name": "QuarterDate",
                        "type": "String"
                    },
                    {
                        "name": "RevisionDate",
                        "type": "String"
                    },
                    {
                        "name": "TransactionCode",
                        "type": "String"
                    },
                    {
                        "name": "ShortDescription",
                        "type": "String"
                    },
                    {
                        "name": "HCPCSCodeDosage",
                        "type": "String"
                    },
                    {
                        "name": "PaymentLimit_Raw",
                        "type": "String"
                    },
                    {
                        "name": "IndependentEsrdLimit_Raw",
                        "type": "String"
                    },
                    {
                        "name": "VaccineLimit_Raw",
                        "type": "String"
                    },
                    {
                        "name": "DMEInfusionLimit_Raw",
                        "type": "String"
                    },
                    {
                        "name": "BloodLimit_Raw",
                        "type": "String"
                    },
                    {
                        "name": "Reserve",
                        "type": "String"
                    }
                ],
                "typeProperties": {
                    "format": {
                        "type": "TextFormat",
                        "columnDelimiter": "|",
                        "rowDelimiter": "\n",
                        "nullValue": "N/A",
                        "treatEmptyAsNull": true,
                        "firstRowAsHeader": false
                    },
                    "fileName": "[parameters('pb2lim_PaymentAllowanceLimitFile_ADLS_properties_typeProperties_fileName')]",
                    "folderPath": {
                        "value": "[parameters('pb2lim_PaymentAllowanceLimitFile_ADLS_properties_typeProperties_folderPath')]",
                        "type": "Expression"
                    }
                }
            },
            "dependsOn": []
        },
        {
            "name": "[concat(parameters('factoryName'), '/mf2desc_DescriptionFile_ADLS')]",
            "type": "Microsoft.DataFactory/factories/datasets",
            "apiVersion": "2018-06-01",
            "properties": {
                "linkedServiceName": {
                    "referenceName": "ItemMaster_ADL",
                    "type": "LinkedServiceReference"
                },
                "parameters": {
                    "TargetPath": {
                        "type": "String"
                    }
                },
                "folder": {
                    "name": "New folder"
                },
                "annotations": [],
                "type": "AzureDataLakeStoreFile",
                "structure": [
                    {
                        "name": "concept_type",
                        "type": "Int32"
                    },
                    {
                        "name": "country_code",
                        "type": "Int32"
                    },
                    {
                        "name": "concept_id",
                        "type": "Int32"
                    },
                    {
                        "name": "type_code",
                        "type": "Int32"
                    },
                    {
                        "name": "transaction_code",
                        "type": "String"
                    },
                    {
                        "name": "description",
                        "type": "String"
                    },
                    {
                        "name": "reserve",
                        "type": "String"
                    }
                ],
                "typeProperties": {
                    "format": {
                        "type": "TextFormat",
                        "columnDelimiter": "|",
                        "rowDelimiter": "",
                        "quoteChar": "\"",
                        "nullValue": "\\N",
                        "treatEmptyAsNull": true,
                        "firstRowAsHeader": false
                    },
                    "fileName": "[parameters('mf2desc_DescriptionFile_ADLS_properties_typeProperties_fileName')]",
                    "folderPath": {
                        "value": "[parameters('mf2desc_DescriptionFile_ADLS_properties_typeProperties_folderPath')]",
                        "type": "Expression"
                    }
                }
            },
            "dependsOn": []
        },
        {
            "name": "[concat(parameters('factoryName'), '/ddaauom_AlternateUnitOfMeasureFile_ADLS')]",
            "type": "Microsoft.DataFactory/factories/datasets",
            "apiVersion": "2018-06-01",
            "properties": {
                "linkedServiceName": {
                    "referenceName": "ItemMaster_ADL",
                    "type": "LinkedServiceReference"
                },
                "parameters": {
                    "TargetPath": {
                        "type": "String"
                    }
                },
                "folder": {
                    "name": "New folder"
                },
                "annotations": [],
                "type": "AzureDataLakeStoreFile",
                "structure": [
                    {
                        "name": "AlternateUnitofMeasureId",
                        "type": "String"
                    },
                    {
                        "name": "TransactionCode",
                        "type": "String"
                    },
                    {
                        "name": "UnitOfMeasureId",
                        "type": "String"
                    },
                    {
                        "name": "AlternateUnitofMeasureDescription",
                        "type": "String"
                    },
                    {
                        "name": "Reserve",
                        "type": "String"
                    }
                ],
                "typeProperties": {
                    "format": {
                        "type": "TextFormat",
                        "columnDelimiter": "|",
                        "rowDelimiter": "",
                        "treatEmptyAsNull": true,
                        "firstRowAsHeader": false
                    },
                    "fileName": "[parameters('ddaauom_AlternateUnitOfMeasureFile_ADLS_properties_typeProperties_fileName')]",
                    "folderPath": {
                        "value": "[parameters('ddaauom_AlternateUnitOfMeasureFile_ADLS_properties_typeProperties_folderPath')]",
                        "type": "Expression"
                    }
                }
            },
            "dependsOn": []
        },
        {
            "name": "[concat(parameters('factoryName'), '/fgpabex_GovernmentAberrantAndExplanationCodeFile_ADLS')]",
            "type": "Microsoft.DataFactory/factories/datasets",
            "apiVersion": "2018-06-01",
            "properties": {
                "linkedServiceName": {
                    "referenceName": "ItemMaster_ADL",
                    "type": "LinkedServiceReference"
                },
                "parameters": {
                    "TargetPath": {
                        "type": "String"
                    }
                },
                "folder": {
                    "name": "New folder"
                },
                "annotations": [],
                "type": "AzureDataLakeStoreFile",
                "structure": [
                    {
                        "name": "price_type",
                        "type": "String"
                    },
                    {
                        "name": "aberrant_explanation_code",
                        "type": "String"
                    },
                    {
                        "name": "transaction_cd",
                        "type": "String"
                    },
                    {
                        "name": "aberrant_explanation_code_desc",
                        "type": "String"
                    }
                ],
                "typeProperties": {
                    "format": {
                        "type": "TextFormat",
                        "columnDelimiter": "|",
                        "rowDelimiter": "",
                        "treatEmptyAsNull": true,
                        "firstRowAsHeader": false
                    },
                    "fileName": "[parameters('fgpabex_GovernmentAberrantAndExplanationCodeFile_ADLS_properties_typeProperties_fileName')]",
                    "folderPath": {
                        "value": "[parameters('fgpabex_GovernmentAberrantAndExplanationCodeFile_ADLS_properties_typeProperties_folderPath')]",
                        "type": "Expression"
                    }
                }
            },
            "dependsOn": []
        },
        {
            "name": "[concat(parameters('factoryName'), '/mf2frm_DoseFormFile_ADLS')]",
            "type": "Microsoft.DataFactory/factories/datasets",
            "apiVersion": "2018-06-01",
            "properties": {
                "linkedServiceName": {
                    "referenceName": "ItemMaster_ADL",
                    "type": "LinkedServiceReference"
                },
                "parameters": {
                    "TargetPath": {
                        "type": "String"
                    }
                },
                "folder": {
                    "name": "New folder"
                },
                "annotations": [],
                "type": "AzureDataLakeStoreFile",
                "structure": [
                    {
                        "name": "concept_type",
                        "type": "Int32"
                    },
                    {
                        "name": "country_code",
                        "type": "Int32"
                    },
                    {
                        "name": "concept_id",
                        "type": "Int32"
                    },
                    {
                        "name": "transaction_code",
                        "type": "String"
                    },
                    {
                        "name": "status",
                        "type": "Int32"
                    },
                    {
                        "name": "link_value",
                        "type": "Int32"
                    },
                    {
                        "name": "link_date",
                        "type": "String"
                    },
                    {
                        "name": "reserve",
                        "type": "String"
                    }
                ],
                "typeProperties": {
                    "format": {
                        "type": "TextFormat",
                        "columnDelimiter": "|",
                        "rowDelimiter": "",
                        "quoteChar": "\"",
                        "treatEmptyAsNull": true,
                        "firstRowAsHeader": false
                    },
                    "fileName": "[parameters('mf2frm_DoseFormFile_ADLS_properties_typeProperties_fileName')]",
                    "folderPath": {
                        "value": "[parameters('mf2frm_DoseFormFile_ADLS_properties_typeProperties_folderPath')]",
                        "type": "Expression"
                    }
                }
            },
            "dependsOn": []
        },
        {
            "name": "[concat(parameters('factoryName'), '/mf2ndc_NdcFile_ADLS')]",
            "type": "Microsoft.DataFactory/factories/datasets",
            "apiVersion": "2018-06-01",
            "properties": {
                "linkedServiceName": {
                    "referenceName": "ItemMaster_ADL",
                    "type": "LinkedServiceReference"
                },
                "parameters": {
                    "TargetPath": {
                        "type": "String"
                    }
                },
                "folder": {
                    "name": "New folder"
                },
                "annotations": [],
                "type": "AzureDataLakeStoreFile",
                "structure": [
                    {
                        "name": "ndc_upc_hri",
                        "type": "String"
                    },
                    {
                        "name": "drug_descriptor_id",
                        "type": "Int32"
                    },
                    {
                        "name": "tee_code",
                        "type": "String"
                    },
                    {
                        "name": "dea_class_code",
                        "type": "String"
                    },
                    {
                        "name": "desi_code",
                        "type": "String"
                    },
                    {
                        "name": "rx_otc_indicator_code",
                        "type": "String"
                    },
                    {
                        "name": "generic_product_pack_code",
                        "type": "String"
                    },
                    {
                        "name": "old_ndc_upc_hri",
                        "type": "String"
                    },
                    {
                        "name": "new_ndc_upc_hri",
                        "type": "String"
                    },
                    {
                        "name": "repackaged_code",
                        "type": "String"
                    },
                    {
                        "name": "id_number_format_code",
                        "type": "String"
                    },
                    {
                        "name": "third_party_restriction_code",
                        "type": "String"
                    },
                    {
                        "name": "kdc",
                        "type": "Int64"
                    },
                    {
                        "name": "kdc_flag",
                        "type": "String"
                    },
                    {
                        "name": "medispan_labeler_id",
                        "type": "Int32"
                    },
                    {
                        "name": "multi_source_code",
                        "type": "String"
                    },
                    {
                        "name": "name_type_code",
                        "type": "String"
                    },
                    {
                        "name": "item_status_flag",
                        "type": "String"
                    },
                    {
                        "name": "innerpack_code",
                        "type": "String"
                    },
                    {
                        "name": "clinic_pack_code",
                        "type": "String"
                    },
                    {
                        "name": "reserve1",
                        "type": "String"
                    },
                    {
                        "name": "ppg_indicator_code",
                        "type": "String"
                    },
                    {
                        "name": "hfpg_indicatory_code",
                        "type": "String"
                    },
                    {
                        "name": "dispensing_unit_code",
                        "type": "String"
                    },
                    {
                        "name": "dollar_rank_code",
                        "type": "String"
                    },
                    {
                        "name": "rx_rank_code",
                        "type": "String"
                    },
                    {
                        "name": "storage_condition_code",
                        "type": "String"
                    },
                    {
                        "name": "limited_distribution_coe",
                        "type": "String"
                    },
                    {
                        "name": "old_effective_date",
                        "type": "String"
                    },
                    {
                        "name": "new_effective_date",
                        "type": "String"
                    },
                    {
                        "name": "next_smaller_ndc_suffix",
                        "type": "String"
                    },
                    {
                        "name": "next_larger_ndc_suffix",
                        "type": "String"
                    },
                    {
                        "name": "reserve2",
                        "type": "String"
                    },
                    {
                        "name": "transaction_code",
                        "type": "String"
                    },
                    {
                        "name": "last_change_date",
                        "type": "String"
                    }
                ],
                "typeProperties": {
                    "format": {
                        "type": "TextFormat",
                        "columnDelimiter": "|",
                        "rowDelimiter": "",
                        "quoteChar": "\"",
                        "treatEmptyAsNull": true,
                        "firstRowAsHeader": false
                    },
                    "fileName": "[parameters('mf2ndc_NdcFile_ADLS_properties_typeProperties_fileName')]",
                    "folderPath": {
                        "value": "[parameters('mf2ndc_NdcFile_ADLS_properties_typeProperties_folderPath')]",
                        "type": "Expression"
                    }
                }
            },
            "dependsOn": []
        },
        {
            "name": "[concat(parameters('factoryName'), '/ddadose_GpiDoseFile_ADLS')]",
            "type": "Microsoft.DataFactory/factories/datasets",
            "apiVersion": "2018-06-01",
            "properties": {
                "linkedServiceName": {
                    "referenceName": "ItemMaster_ADL",
                    "type": "LinkedServiceReference"
                },
                "parameters": {
                    "TargetPath": {
                        "type": "String"
                    }
                },
                "folder": {
                    "name": "New folder"
                },
                "annotations": [],
                "type": "AzureDataLakeStoreFile",
                "structure": [
                    {
                        "name": "DoseId",
                        "type": "String"
                    },
                    {
                        "name": "TransactionCode",
                        "type": "String"
                    },
                    {
                        "name": "ProfileId",
                        "type": "String"
                    },
                    {
                        "name": "GenericProductId",
                        "type": "String"
                    },
                    {
                        "name": "Reserve1",
                        "type": "String"
                    },
                    {
                        "name": "RouteId",
                        "type": "String"
                    },
                    {
                        "name": "DoseTypeCode",
                        "type": "String"
                    },
                    {
                        "name": "DailyDoseLow_Raw",
                        "type": "String"
                    },
                    {
                        "name": "DailyDoseLowUomId",
                        "type": "String"
                    },
                    {
                        "name": "DailyDoseHigh_Raw",
                        "type": "String"
                    },
                    {
                        "name": "DailyDoseHighUomId",
                        "type": "String"
                    },
                    {
                        "name": "DailyDoseFormLow_Raw",
                        "type": "String"
                    },
                    {
                        "name": "DailyDoseFormLowUomId",
                        "type": "String"
                    },
                    {
                        "name": "DailyDoseFormHigh_Raw",
                        "type": "String"
                    },
                    {
                        "name": "DailyDoseFormHighUomId",
                        "type": "String"
                    },
                    {
                        "name": "MaxDailyDose_Raw",
                        "type": "String"
                    },
                    {
                        "name": "MaxDailyDoseUomId",
                        "type": "String"
                    },
                    {
                        "name": "MaxDailyDoseForm_Raw",
                        "type": "String"
                    },
                    {
                        "name": "MaxDailyDoseFormUomId",
                        "type": "String"
                    },
                    {
                        "name": "MaxSingleDose_Raw",
                        "type": "String"
                    },
                    {
                        "name": "MaxSingleDoseUomId",
                        "type": "String"
                    },
                    {
                        "name": "MaxSingleDoseForm_Raw",
                        "type": "String"
                    },
                    {
                        "name": "MaxSingleDoseFormUomId",
                        "type": "String"
                    },
                    {
                        "name": "MaxLifetimeDose_Raw",
                        "type": "String"
                    },
                    {
                        "name": "MaxLifetimeDoseUomId",
                        "type": "String"
                    },
                    {
                        "name": "MaxLifetimeDoseForm_Raw",
                        "type": "String"
                    },
                    {
                        "name": "MaxLifetimeDoseFormUomId",
                        "type": "String"
                    },
                    {
                        "name": "FrequencyLow_Raw",
                        "type": "String"
                    },
                    {
                        "name": "FrequencyHigh_Raw",
                        "type": "String"
                    },
                    {
                        "name": "MaxFrequency_Raw",
                        "type": "String"
                    },
                    {
                        "name": "DurationLow_Raw",
                        "type": "String"
                    },
                    {
                        "name": "DurationHigh_Raw",
                        "type": "String"
                    },
                    {
                        "name": "MaxDuration_Raw",
                        "type": "String"
                    },
                    {
                        "name": "DrugHalfLifeLow_Raw",
                        "type": "String"
                    },
                    {
                        "name": "DrugHalfLifeHigh_Raw",
                        "type": "String"
                    },
                    {
                        "name": "DrugHalfLifeUomCode",
                        "type": "String"
                    },
                    {
                        "name": "Reserve2",
                        "type": "String"
                    }
                ],
                "typeProperties": {
                    "format": {
                        "type": "TextFormat",
                        "columnDelimiter": "|",
                        "rowDelimiter": "",
                        "nullValue": "",
                        "treatEmptyAsNull": true,
                        "firstRowAsHeader": false
                    },
                    "fileName": "[parameters('ddadose_GpiDoseFile_ADLS_properties_typeProperties_fileName')]",
                    "folderPath": {
                        "value": "[parameters('ddadose_GpiDoseFile_ADLS_properties_typeProperties_folderPath')]",
                        "type": "Expression"
                    }
                }
            },
            "dependsOn": []
        },
        {
            "name": "[concat(parameters('factoryName'), '/fgpread_ReadMeFile_ADLS')]",
            "type": "Microsoft.DataFactory/factories/datasets",
            "apiVersion": "2018-06-01",
            "properties": {
                "linkedServiceName": {
                    "referenceName": "ItemMaster_ADL",
                    "type": "LinkedServiceReference"
                },
                "parameters": {
                    "TargetPath": {
                        "type": "String"
                    }
                },
                "folder": {
                    "name": "New folder"
                },
                "annotations": [],
                "type": "AzureDataLakeStoreFile",
                "structure": [
                    {
                        "name": "read_me_text",
                        "type": "String"
                    }
                ],
                "typeProperties": {
                    "format": {
                        "type": "TextFormat",
                        "columnDelimiter": "|",
                        "rowDelimiter": "\n",
                        "treatEmptyAsNull": true,
                        "firstRowAsHeader": false
                    },
                    "fileName": "[parameters('fgpread_ReadMeFile_ADLS_properties_typeProperties_fileName')]",
                    "folderPath": {
                        "value": "[parameters('fgpread_ReadMeFile_ADLS_properties_typeProperties_folderPath')]",
                        "type": "Expression"
                    }
                }
            },
            "dependsOn": []
        },
        {
            "name": "[concat(parameters('factoryName'), '/Fda_ExclusivityCodes_ADLS')]",
            "type": "Microsoft.DataFactory/factories/datasets",
            "apiVersion": "2018-06-01",
            "properties": {
                "linkedServiceName": {
                    "referenceName": "ItemMaster_ADL",
                    "type": "LinkedServiceReference"
                },
                "parameters": {
                    "Path": {
                        "type": "String"
                    }
                },
                "folder": {
                    "name": "New folder"
                },
                "annotations": [],
                "type": "AzureDataLakeStoreFile",
                "structure": [
                    {
                        "name": "Code",
                        "type": "String"
                    },
                    {
                        "name": "Definition",
                        "type": "String"
                    }
                ],
                "typeProperties": {
                    "format": {
                        "type": "TextFormat",
                        "columnDelimiter": "\t",
                        "rowDelimiter": "",
                        "nullValue": "\\N",
                        "treatEmptyAsNull": true,
                        "skipLineCount": 0,
                        "firstRowAsHeader": true
                    },
                    "fileName": "[parameters('Fda_ExclusivityCodes_ADLS_properties_typeProperties_fileName')]",
                    "folderPath": {
                        "value": "[parameters('Fda_ExclusivityCodes_ADLS_properties_typeProperties_folderPath')]",
                        "type": "Expression"
                    }
                }
            },
            "dependsOn": []
        },
        {
            "name": "[concat(parameters('factoryName'), '/ahfread_ReadMeFile_ADLS')]",
            "type": "Microsoft.DataFactory/factories/datasets",
            "apiVersion": "2018-06-01",
            "properties": {
                "linkedServiceName": {
                    "referenceName": "ItemMaster_ADL",
                    "type": "LinkedServiceReference"
                },
                "parameters": {
                    "TargetPath": {
                        "type": "String"
                    }
                },
                "folder": {
                    "name": "New folder"
                },
                "annotations": [],
                "type": "AzureDataLakeStoreFile",
                "structure": [
                    {
                        "name": "read_me_text",
                        "type": "String"
                    }
                ],
                "typeProperties": {
                    "format": {
                        "type": "TextFormat",
                        "columnDelimiter": "|",
                        "rowDelimiter": "\n",
                        "treatEmptyAsNull": true,
                        "firstRowAsHeader": false
                    },
                    "fileName": "[parameters('ahfread_ReadMeFile_ADLS_properties_typeProperties_fileName')]",
                    "folderPath": {
                        "value": "[parameters('ahfread_ReadMeFile_ADLS_properties_typeProperties_folderPath')]",
                        "type": "Expression"
                    }
                }
            },
            "dependsOn": []
        },
        {
            "name": "[concat(parameters('factoryName'), '/mf2ings_IngredientSetIdToIngredientIdFile_ADLS')]",
            "type": "Microsoft.DataFactory/factories/datasets",
            "apiVersion": "2018-06-01",
            "properties": {
                "linkedServiceName": {
                    "referenceName": "ItemMaster_ADL",
                    "type": "LinkedServiceReference"
                },
                "parameters": {
                    "TargetPath": {
                        "type": "String"
                    }
                },
                "folder": {
                    "name": "New folder"
                },
                "annotations": [],
                "type": "AzureDataLakeStoreFile",
                "structure": [
                    {
                        "name": "ingredient_set_id",
                        "type": "Int32"
                    },
                    {
                        "name": "ingredient_id",
                        "type": "Int32"
                    },
                    {
                        "name": "active_inactive_flag",
                        "type": "String"
                    },
                    {
                        "name": "transaction_code",
                        "type": "String"
                    },
                    {
                        "name": "reserve",
                        "type": "String"
                    }
                ],
                "typeProperties": {
                    "format": {
                        "type": "TextFormat",
                        "columnDelimiter": "|",
                        "rowDelimiter": "",
                        "quoteChar": "\"",
                        "treatEmptyAsNull": true,
                        "firstRowAsHeader": false
                    },
                    "fileName": "[parameters('mf2ings_IngredientSetIdToIngredientIdFile_ADLS_properties_typeProperties_fileName')]",
                    "folderPath": {
                        "value": "[parameters('mf2ings_IngredientSetIdToIngredientIdFile_ADLS_properties_typeProperties_folderPath')]",
                        "type": "Expression"
                    }
                }
            },
            "dependsOn": []
        },
        {
            "name": "[concat(parameters('factoryName'), '/fda_gudid_MetaDataItemMasterStorageAcct')]",
            "type": "Microsoft.DataFactory/factories/datasets",
            "apiVersion": "2018-06-01",
            "properties": {
                "linkedServiceName": {
                    "referenceName": "ItemMasterStorageAcct",
                    "type": "LinkedServiceReference"
                },
                "parameters": {
                    "Path": {
                        "type": "String"
                    }
                },
                "folder": {
                    "name": "New folder"
                },
                "annotations": [],
                "type": "AzureBlob",
                "typeProperties": {
                    "format": {
                        "type": "TextFormat",
                        "columnDelimiter": ",",
                        "rowDelimiter": "",
                        "nullValue": "\\N",
                        "treatEmptyAsNull": true,
                        "skipLineCount": 0,
                        "firstRowAsHeader": false
                    },
                    "fileName": "[parameters('fda_gudid_MetaDataItemMasterStorageAcct_properties_typeProperties_fileName')]",
                    "folderPath": {
                        "value": "[parameters('fda_gudid_MetaDataItemMasterStorageAcct_properties_typeProperties_folderPath')]",
                        "type": "Expression"
                    }
                }
            },
            "dependsOn": []
        },
        {
            "name": "[concat(parameters('factoryName'), '/ItemMasterStorageAcct_DeleteFilePath')]",
            "type": "Microsoft.DataFactory/factories/datasets",
            "apiVersion": "2018-06-01",
            "properties": {
                "linkedServiceName": {
                    "referenceName": "ItemMasterStorageAcct",
                    "type": "LinkedServiceReference"
                },
                "parameters": {
                    "Path": {
                        "type": "string"
                    },
                    "Filename": {
                        "type": "string"
                    }
                },
                "folder": {
                    "name": "New folder"
                },
                "annotations": [],
                "type": "AzureBlob",
                "typeProperties": {
                    "folderPath": {
                        "value": "[parameters('ItemMasterStorageAcct_DeleteFilePath_properties_typeProperties_folderPath')]",
                        "type": "Expression"
                    }
                }
            },
            "dependsOn": []
        },
        {
            "name": "[concat(parameters('factoryName'), '/FDAMedicalGuidelines_StorageAccount')]",
            "type": "Microsoft.DataFactory/factories/datasets",
            "apiVersion": "2018-06-01",
            "properties": {
                "linkedServiceName": {
                    "referenceName": "ItemMasterStorageAcct",
                    "type": "LinkedServiceReference"
                },
                "parameters": {
                    "FileName": {
                        "type": "string"
                    }
                },
                "folder": {
                    "name": "FDA Medication Guidelines"
                },
                "annotations": [],
                "type": "Binary",
                "typeProperties": {
                    "location": {
                        "type": "AzureBlobStorageLocation",
                        "fileName": {
                            "value": "@dataset().FileName",
                            "type": "Expression"
                        },
                        "container": "fda-medical-guidelines"
                    }
                }
            },
            "dependsOn": []
        },
        {
            "name": "[concat(parameters('factoryName'), '/fda_gudid_ZipFolderSourceDataset')]",
            "type": "Microsoft.DataFactory/factories/datasets",
            "apiVersion": "2018-06-01",
            "properties": {
                "linkedServiceName": {
                    "referenceName": "ItemMasterStorageAcct",
                    "type": "LinkedServiceReference"
                },
                "parameters": {
                    "Path": {
                        "type": "String"
                    },
                    "FileName": {
                        "type": "String"
                    }
                },
                "folder": {
                    "name": "New folder"
                },
                "annotations": [],
                "type": "AzureBlob",
                "typeProperties": {
                    "compression": {
                        "type": "ZipDeflate",
                        "level": "Fastest"
                    },
                    "fileName": {
                        "value": "[parameters('fda_gudid_ZipFolderSourceDataset_properties_typeProperties_fileName')]",
                        "type": "Expression"
                    },
                    "folderPath": {
                        "value": "[parameters('fda_gudid_ZipFolderSourceDataset_properties_typeProperties_folderPath')]",
                        "type": "Expression"
                    }
                }
            },
            "dependsOn": []
        },
        {
            "name": "[concat(parameters('factoryName'), '/ItemMasterStorageAcct_DeleteFolderPath')]",
            "type": "Microsoft.DataFactory/factories/datasets",
            "apiVersion": "2018-06-01",
            "properties": {
                "linkedServiceName": {
                    "referenceName": "ItemMasterStorageAcct",
                    "type": "LinkedServiceReference"
                },
                "parameters": {
                    "Path": {
                        "type": "string"
                    }
                },
                "folder": {
                    "name": "New folder"
                },
                "annotations": [],
                "type": "AzureBlob",
                "typeProperties": {
                    "folderPath": {
                        "value": "[parameters('ItemMasterStorageAcct_DeleteFolderPath_properties_typeProperties_folderPath')]",
                        "type": "Expression"
                    }
                }
            },
            "dependsOn": []
        },
        {
            "name": "[concat(parameters('factoryName'), '/fda_gudid_ItemMasterStorageAcct')]",
            "type": "Microsoft.DataFactory/factories/datasets",
            "apiVersion": "2018-06-01",
            "properties": {
                "linkedServiceName": {
                    "referenceName": "ItemMasterStorageAcct",
                    "type": "LinkedServiceReference"
                },
                "parameters": {
                    "Path": {
                        "type": "String"
                    }
                },
                "folder": {
                    "name": "New folder"
                },
                "annotations": [],
                "type": "AzureBlob",
                "typeProperties": {
                    "folderPath": {
                        "value": "[parameters('fda_gudid_ItemMasterStorageAcct_properties_typeProperties_folderPath')]",
                        "type": "Expression"
                    }
                }
            },
            "dependsOn": []
        },
        {
            "name": "[concat(parameters('factoryName'), '/WK_Files_Blob')]",
            "type": "Microsoft.DataFactory/factories/datasets",
            "apiVersion": "2018-06-01",
            "properties": {
                "linkedServiceName": {
                    "referenceName": "External_Blob",
                    "type": "LinkedServiceReference"
                },
                "folder": {
                    "name": "New folder"
                },
                "annotations": [],
                "type": "Binary",
                "typeProperties": {
                    "location": {
                        "type": "AzureBlobFSLocation",
                        "fileSystem": "wkdata"
                    }
                }
            },
            "dependsOn": []
        }
    ]
}