{
    "$schema": "http://schema.management.azure.com/schemas/2015-01-01/deploymentTemplate.json#",
    "contentVersion": "1.0.0.0",
    "parameters": {
        "factoryName": {
            "type": "string",
            "metadata": "Data Factory name",
            "defaultValue": "adf-ItemMaster-MasterData-Receive-prod"
        }
    },
    "variables": {
        "factoryId": "[concat('Microsoft.DataFactory/factories/', parameters('factoryName'))]"
    },
    "resources": [
        {
            "name": "[concat(parameters('factoryName'), '/pb2dict_DataDictionaryFile_SQL')]",
            "type": "Microsoft.DataFactory/factories/datasets",
            "apiVersion": "2018-06-01",
            "properties": {
                "linkedServiceName": {
                    "referenceName": "ItemMasterSqlServer",
                    "type": "LinkedServiceReference"
                },
                "folder": {
                    "name": "New folder"
                },
                "annotations": [],
                "type": "AzureSqlTable",
                "structure": [
                    {
                        "name": "FieldId",
                        "type": "String"
                    },
                    {
                        "name": "FieldDescription",
                        "type": "String"
                    },
                    {
                        "name": "FieldType",
                        "type": "String"
                    },
                    {
                        "name": "FieldLength",
                        "type": "Int32"
                    },
                    {
                        "name": "ImpliedDecimalFlag",
                        "type": "String"
                    },
                    {
                        "name": "DecimalPlaces",
                        "type": "Int32"
                    },
                    {
                        "name": "FieldValidationFlag",
                        "type": "String"
                    },
                    {
                        "name": "FieldAbbreviationFlag",
                        "type": "String"
                    },
                    {
                        "name": "Reserve",
                        "type": "String"
                    }
                ],
                "typeProperties": {
                    "tableName": "[[rawWK].[pb2dict_DataDictionaryFile]"
                }
            },
            "dependsOn": []
        },
        {
            "name": "[concat(parameters('factoryName'), '/mf2rtdf_RoutedDrugFormFile_SQL')]",
            "type": "Microsoft.DataFactory/factories/datasets",
            "apiVersion": "2018-06-01",
            "properties": {
                "linkedServiceName": {
                    "referenceName": "ItemMasterSqlServer",
                    "type": "LinkedServiceReference"
                },
                "folder": {
                    "name": "New folder"
                },
                "annotations": [],
                "type": "AzureSqlTable",
                "structure": [
                    {
                        "name": "concept_type",
                        "type": "Int32"
                    },
                    {
                        "name": "country_code",
                        "type": "Int32"
                    },
                    {
                        "name": "concept_id",
                        "type": "Int32"
                    },
                    {
                        "name": "transaction_code",
                        "type": "String"
                    },
                    {
                        "name": "routed_drug_id",
                        "type": "Int32"
                    },
                    {
                        "name": "dose_form_id",
                        "type": "Int32"
                    },
                    {
                        "name": "status",
                        "type": "Int32"
                    },
                    {
                        "name": "link_value",
                        "type": "Int32"
                    },
                    {
                        "name": "link_date",
                        "type": "String"
                    },
                    {
                        "name": "reserve",
                        "type": "String"
                    }
                ],
                "typeProperties": {
                    "tableName": "[[rawWK].[mf2rtdf_RoutedDrugFormFile]"
                }
            },
            "dependsOn": []
        },
        {
            "name": "[concat(parameters('factoryName'), '/pb2copy_CopyrightFile_SQL')]",
            "type": "Microsoft.DataFactory/factories/datasets",
            "apiVersion": "2018-06-01",
            "properties": {
                "linkedServiceName": {
                    "referenceName": "ItemMasterSqlServer",
                    "type": "LinkedServiceReference"
                },
                "folder": {
                    "name": "New folder"
                },
                "annotations": [],
                "type": "AzureSqlTable",
                "structure": [
                    {
                        "name": "CopyrightStatement",
                        "type": "String"
                    }
                ],
                "typeProperties": {
                    "tableName": "[[rawWK].[pb2copy_CopyrightFile]"
                }
            },
            "dependsOn": []
        },
        {
            "name": "[concat(parameters('factoryName'), '/m25gppc_product_packaging_sql')]",
            "type": "Microsoft.DataFactory/factories/datasets",
            "apiVersion": "2018-06-01",
            "properties": {
                "linkedServiceName": {
                    "referenceName": "ItemMaster",
                    "type": "LinkedServiceReference"
                },
                "folder": {
                    "name": "MDDB/sql"
                },
                "annotations": [],
                "type": "AzureSqlTable",
                "schema": [],
                "typeProperties": {
                    "schema": "rawWK",
                    "table": "mddb_m25gppc"
                }
            },
            "dependsOn": []
        },
        {
            "name": "[concat(parameters('factoryName'), '/m25nmod_ndc_modifier_sql')]",
            "type": "Microsoft.DataFactory/factories/datasets",
            "apiVersion": "2018-06-01",
            "properties": {
                "linkedServiceName": {
                    "referenceName": "ItemMaster",
                    "type": "LinkedServiceReference"
                },
                "folder": {
                    "name": "MDDB/sql"
                },
                "annotations": [],
                "type": "AzureSqlTable",
                "schema": [],
                "typeProperties": {
                    "schema": "rawWK",
                    "table": "mddb_m25nmod"
                }
            },
            "dependsOn": []
        },
        {
            "name": "[concat(parameters('factoryName'), '/m25gprr_product_packaging_sql')]",
            "type": "Microsoft.DataFactory/factories/datasets",
            "apiVersion": "2018-06-01",
            "properties": {
                "linkedServiceName": {
                    "referenceName": "ItemMaster",
                    "type": "LinkedServiceReference"
                },
                "folder": {
                    "name": "MDDB/sql"
                },
                "annotations": [],
                "type": "AzureSqlTable",
                "schema": [
                    {
                        "name": "GenericProductPackagingCode",
                        "type": "varchar"
                    },
                    {
                        "name": "GPPCPriceCode",
                        "type": "varchar"
                    },
                    {
                        "name": "GPPCUnitPrice",
                        "type": "decimal",
                        "precision": 8,
                        "scale": 5
                    },
                    {
                        "name": "GPPCEffDate",
                        "type": "varchar"
                    },
                    {
                        "name": "TransactionCode",
                        "type": "varchar"
                    },
                    {
                        "name": "Reserve",
                        "type": "varchar"
                    }
                ],
                "typeProperties": {
                    "schema": "rawWK",
                    "table": "mddb_m25gprr"
                }
            },
            "dependsOn": []
        },
        {
            "name": "[concat(parameters('factoryName'), '/m25tcrf_therapeutic_reference_sql')]",
            "type": "Microsoft.DataFactory/factories/datasets",
            "apiVersion": "2018-06-01",
            "properties": {
                "linkedServiceName": {
                    "referenceName": "ItemMaster",
                    "type": "LinkedServiceReference"
                },
                "folder": {
                    "name": "MDDB/sql"
                },
                "annotations": [],
                "type": "AzureSqlTable",
                "schema": [],
                "typeProperties": {
                    "schema": "rawWK",
                    "table": "mddb_m25tcrf"
                }
            },
            "dependsOn": []
        },
        {
            "name": "[concat(parameters('factoryName'), '/m25mod_modifierfile_sql')]",
            "type": "Microsoft.DataFactory/factories/datasets",
            "apiVersion": "2018-06-01",
            "properties": {
                "linkedServiceName": {
                    "referenceName": "ItemMaster",
                    "type": "LinkedServiceReference"
                },
                "folder": {
                    "name": "MDDB/sql"
                },
                "annotations": [],
                "type": "AzureSqlTable",
                "schema": [],
                "typeProperties": {
                    "schema": "rawWK",
                    "table": "mddb_m25mod"
                }
            },
            "dependsOn": []
        },
        {
            "name": "[concat(parameters('factoryName'), '/m25err_errorfile_sql')]",
            "type": "Microsoft.DataFactory/factories/datasets",
            "apiVersion": "2018-06-01",
            "properties": {
                "linkedServiceName": {
                    "referenceName": "ItemMaster",
                    "type": "LinkedServiceReference"
                },
                "folder": {
                    "name": "MDDB/sql"
                },
                "annotations": [],
                "type": "AzureSqlTable",
                "schema": [],
                "typeProperties": {
                    "schema": "rawWK",
                    "table": "mddb_m25err"
                }
            },
            "dependsOn": []
        },
        {
            "name": "[concat(parameters('factoryName'), '/m25_database_file_sql')]",
            "type": "Microsoft.DataFactory/factories/datasets",
            "apiVersion": "2018-06-01",
            "properties": {
                "linkedServiceName": {
                    "referenceName": "ItemMaster",
                    "type": "LinkedServiceReference"
                },
                "folder": {
                    "name": "MDDB/sql"
                },
                "annotations": [],
                "type": "AzureSqlTable",
                "schema": [],
                "typeProperties": {
                    "schema": "rawWK",
                    "table": "wkm25gppc"
                }
            },
            "dependsOn": []
        },
        {
            "name": "[concat(parameters('factoryName'), '/m25val_validation_file_sql')]",
            "type": "Microsoft.DataFactory/factories/datasets",
            "apiVersion": "2018-06-01",
            "properties": {
                "linkedServiceName": {
                    "referenceName": "ItemMaster",
                    "type": "LinkedServiceReference"
                },
                "folder": {
                    "name": "MDDB/sql"
                },
                "annotations": [],
                "type": "AzureSqlTable",
                "schema": [],
                "typeProperties": {
                    "schema": "rawWK",
                    "table": "mddb_m25val"
                }
            },
            "dependsOn": []
        },
        {
            "name": "[concat(parameters('factoryName'), '/RecallV2ProductNdc')]",
            "type": "Microsoft.DataFactory/factories/dataflows",
            "apiVersion": "2018-06-01",
            "properties": {
                "folder": {
                    "name": "FdaRecallV2"
                },
                "type": "MappingDataFlow",
                "typeProperties": {
                    "sources": [
                        {
                            "dataset": {
                                "referenceName": "RecallV2ProductNdcSource",
                                "type": "DatasetReference"
                            },
                            "name": "RecallV2ProductNdcSource"
                        }
                    ],
                    "sinks": [
                        {
                            "dataset": {
                                "referenceName": "RecallV2ProductNdcTarget",
                                "type": "DatasetReference"
                            },
                            "name": "RecallV2ProductNdcTarget"
                        }
                    ],
                    "transformations": [
                        {
                            "name": "AlterRow1"
                        }
                    ],
                    "script": "source(output(\n\t\tRecallProductNdcId as integer,\n\t\tRecallId as integer,\n\t\tRecallNumber as string,\n\t\tFdaEventId as string,\n\t\tProductNdc as string,\n\t\tDateAdded as timestamp,\n\t\tDateChanged as timestamp,\n\t\tPipelineRunId as string,\n\t\tImportedDate as timestamp,\n\t\tStatus as string\n\t),\n\tallowSchemaDrift: true,\n\tvalidateSchema: false,\n\tisolationLevel: 'READ_UNCOMMITTED',\n\tformat: 'table') ~> RecallV2ProductNdcSource\nRecallV2ProductNdcSource alterRow(upsertIf(true())) ~> AlterRow1\nAlterRow1 sink(allowSchemaDrift: true,\n\tvalidateSchema: false,\n\tinput(\n\t\tRecallProductNdcId as integer,\n\t\tRecallId as integer,\n\t\tRecallNumber as string,\n\t\tFdaEventId as string,\n\t\tProductNdc as string,\n\t\tDateAdded as timestamp,\n\t\tDateChanged as timestamp,\n\t\tPipelineRunId as string,\n\t\tImportedDate as timestamp,\n\t\tStatus as string\n\t),\n\tdeletable:false,\n\tinsertable:false,\n\tupdateable:false,\n\tupsertable:true,\n\tkeys:['RecallProductNdcId'],\n\tformat: 'table',\n\tpreSQLs:['SET IDENTITY_INSERT  [Fda].[RecallV2ProductNdc] ON'],\n\tskipDuplicateMapInputs: true,\n\tskipDuplicateMapOutputs: true,\n\terrorHandlingOption: 'stopOnFirstError') ~> RecallV2ProductNdcTarget"
                }
            },
            "dependsOn": []
        },
        {
            "name": "[concat(parameters('factoryName'), '/RecallV2BrandName')]",
            "type": "Microsoft.DataFactory/factories/dataflows",
            "apiVersion": "2018-06-01",
            "properties": {
                "folder": {
                    "name": "FdaRecallV2"
                },
                "type": "MappingDataFlow",
                "typeProperties": {
                    "sources": [
                        {
                            "dataset": {
                                "referenceName": "RecallV2BrandNameSource",
                                "type": "DatasetReference"
                            },
                            "name": "RecallV2BrandName"
                        }
                    ],
                    "sinks": [
                        {
                            "dataset": {
                                "referenceName": "RecallV2BrandNameTarget",
                                "type": "DatasetReference"
                            },
                            "name": "RecallV2BrandNameTarget"
                        }
                    ],
                    "transformations": [
                        {
                            "name": "AlterRow1"
                        }
                    ],
                    "script": "source(output(\n\t\tRecallBrandNameId as integer,\n\t\tRecallId as integer,\n\t\tRecallNumber as string,\n\t\tFdaEventId as string,\n\t\tBrandName as string,\n\t\tDateAdded as timestamp,\n\t\tDateChanged as timestamp,\n\t\tPipelineRunId as string,\n\t\tImportedDate as timestamp,\n\t\tStatus as string\n\t),\n\tallowSchemaDrift: true,\n\tvalidateSchema: false,\n\tisolationLevel: 'READ_UNCOMMITTED',\n\tformat: 'table') ~> RecallV2BrandName\nRecallV2BrandName alterRow(upsertIf(true())) ~> AlterRow1\nAlterRow1 sink(allowSchemaDrift: true,\n\tvalidateSchema: false,\n\tinput(\n\t\tRecallBrandNameId as integer,\n\t\tRecallId as integer,\n\t\tRecallNumber as string,\n\t\tFdaEventId as string,\n\t\tBrandName as string,\n\t\tDateAdded as timestamp,\n\t\tDateChanged as timestamp,\n\t\tPipelineRunId as string,\n\t\tImportedDate as timestamp,\n\t\tStatus as string\n\t),\n\tdeletable:false,\n\tinsertable:false,\n\tupdateable:false,\n\tupsertable:true,\n\tkeys:['RecallBrandNameId'],\n\tformat: 'table',\n\tpreSQLs:['SET IDENTITY_INSERT  [Fda].[RecallV2BrandName] ON'],\n\tskipDuplicateMapInputs: true,\n\tskipDuplicateMapOutputs: true,\n\terrorHandlingOption: 'stopOnFirstError') ~> RecallV2BrandNameTarget"
                }
            },
            "dependsOn": []
        },
        {
            "name": "[concat(parameters('factoryName'), '/OrangeBookEquivalenceType_SingleSink_DF')]",
            "type": "Microsoft.DataFactory/factories/dataflows",
            "apiVersion": "2018-06-01",
            "properties": {
                "folder": {
                    "name": "OrangeBook"
                },
                "type": "MappingDataFlow",
                "typeProperties": {
                    "sources": [
                        {
                            "dataset": {
                                "referenceName": "OrangeBookEquivalenceType_Source_New1",
                                "type": "DatasetReference"
                            },
                            "name": "OrangeBookEquivalenceTypeSource"
                        }
                    ],
                    "sinks": [
                        {
                            "dataset": {
                                "referenceName": "OrangeBookEquivalenceType_Target_Configurable",
                                "type": "DatasetReference"
                            },
                            "name": "OrangeBookEquivalenceTypeSink"
                        }
                    ],
                    "transformations": [
                        {
                            "name": "AlterRow1"
                        }
                    ],
                    "script": "source(output(\n\t\tOrangeBookEquivalenceTypeId as integer,\n\t\tOrangeBookEquivalenceTypeDescription as string\n\t),\n\tallowSchemaDrift: true,\n\tvalidateSchema: false,\n\tisolationLevel: 'READ_UNCOMMITTED',\n\tformat: 'table') ~> OrangeBookEquivalenceTypeSource\nOrangeBookEquivalenceTypeSource alterRow(upsertIf(true())) ~> AlterRow1\nAlterRow1 sink(allowSchemaDrift: true,\n\tvalidateSchema: false,\n\tinput(\n\t\tOrangeBookEquivalenceTypeId as integer,\n\t\tOrangeBookEquivalenceTypeDescription as string\n\t),\n\tdeletable:false,\n\tinsertable:false,\n\tupdateable:false,\n\tupsertable:true,\n\tkeys:['OrangeBookEquivalenceTypeId'],\n\tformat: 'table',\n\tskipDuplicateMapInputs: true,\n\tskipDuplicateMapOutputs: true,\n\terrorHandlingOption: 'stopOnFirstError',\n\tmapColumn(\n\t\tOrangeBookEquivalenceTypeId,\n\t\tOrangeBookEquivalenceTypeDescription\n\t)) ~> OrangeBookEquivalenceTypeSink"
                }
            },
            "dependsOn": []
        },
        {
            "name": "[concat(parameters('factoryName'), '/ItemType_SingleSink_DF')]",
            "type": "Microsoft.DataFactory/factories/dataflows",
            "apiVersion": "2018-06-01",
            "properties": {
                "folder": {
                    "name": "DBO"
                },
                "type": "MappingDataFlow",
                "typeProperties": {
                    "sources": [
                        {
                            "dataset": {
                                "referenceName": "ItemType_Source_New1",
                                "type": "DatasetReference"
                            },
                            "name": "ItemTypeSource"
                        }
                    ],
                    "sinks": [
                        {
                            "dataset": {
                                "referenceName": "ItemType_Target_Configurable",
                                "type": "DatasetReference"
                            },
                            "name": "ItemTypeSink"
                        }
                    ],
                    "transformations": [
                        {
                            "name": "AlterRow1"
                        }
                    ],
                    "script": "source(output(\n\t\tItemTypeId as integer,\n\t\tItemTypeDesciption as string\n\t),\n\tallowSchemaDrift: true,\n\tvalidateSchema: false,\n\tisolationLevel: 'READ_UNCOMMITTED',\n\tformat: 'table') ~> ItemTypeSource\nItemTypeSource alterRow(upsertIf(true())) ~> AlterRow1\nAlterRow1 sink(allowSchemaDrift: true,\n\tvalidateSchema: false,\n\tinput(\n\t\tItemTypeId as integer,\n\t\tItemTypeDesciption as string\n\t),\n\tdeletable:false,\n\tinsertable:false,\n\tupdateable:false,\n\tupsertable:true,\n\tkeys:['ItemTypeId'],\n\tformat: 'table',\n\tskipDuplicateMapInputs: true,\n\tskipDuplicateMapOutputs: true,\n\terrorHandlingOption: 'stopOnFirstError',\n\tmapColumn(\n\t\tItemTypeId,\n\t\tItemTypeDesciption\n\t)) ~> ItemTypeSink"
                }
            },
            "dependsOn": []
        },
        {
            "name": "[concat(parameters('factoryName'), '/UnspscMaster_SingleSink_DF')]",
            "type": "Microsoft.DataFactory/factories/dataflows",
            "apiVersion": "2018-06-01",
            "properties": {
                "folder": {
                    "name": "UNSPSC"
                },
                "type": "MappingDataFlow",
                "typeProperties": {
                    "sources": [
                        {
                            "dataset": {
                                "referenceName": "UnspscMaster_Source_New1",
                                "type": "DatasetReference"
                            },
                            "name": "source1"
                        }
                    ],
                    "sinks": [
                        {
                            "dataset": {
                                "referenceName": "UnspscMaster_Target_Configurable",
                                "type": "DatasetReference"
                            },
                            "name": "sink1"
                        }
                    ],
                    "transformations": [
                        {
                            "name": "AlterRow1"
                        }
                    ],
                    "script": "source(output(\n\t\tUnspscId as integer,\n\t\tCode as string,\n\t\tDescription as string,\n\t\tUnspscType as string,\n\t\tUnspscTypeId as integer,\n\t\tVersion as string,\n\t\tDataSourceId as integer,\n\t\tPipelineRunId as string,\n\t\tDateAdded as timestamp,\n\t\tDateChanged as timestamp\n\t),\n\tallowSchemaDrift: true,\n\tvalidateSchema: false,\n\tisolationLevel: 'READ_UNCOMMITTED',\n\tformat: 'table') ~> source1\nsource1 alterRow(upsertIf(true())) ~> AlterRow1\nAlterRow1 sink(allowSchemaDrift: true,\n\tvalidateSchema: false,\n\tinput(\n\t\tUnspscId as integer,\n\t\tCode as string,\n\t\tDescription as string,\n\t\tUnspscType as string,\n\t\tUnspscTypeId as integer,\n\t\tVersion as string,\n\t\tDateAdded as timestamp,\n\t\tDateChanged as timestamp\n\t),\n\tdeletable:false,\n\tinsertable:false,\n\tupdateable:false,\n\tupsertable:true,\n\tkeys:['UnspscId'],\n\tformat: 'table',\n\tskipDuplicateMapInputs: true,\n\tskipDuplicateMapOutputs: true,\n\terrorHandlingOption: 'stopOnFirstError',\n\tmapColumn(\n\t\tUnspscId,\n\t\tCode,\n\t\tDescription,\n\t\tUnspscType,\n\t\tUnspscTypeId,\n\t\tVersion,\n\t\tDateAdded,\n\t\tDateChanged\n\t)) ~> sink1"
                }
            },
            "dependsOn": []
        },
        {
            "name": "[concat(parameters('factoryName'), '/DataSource_SingleSink_DF')]",
            "type": "Microsoft.DataFactory/factories/dataflows",
            "apiVersion": "2018-06-01",
            "properties": {
                "folder": {
                    "name": "RxLog"
                },
                "type": "MappingDataFlow",
                "typeProperties": {
                    "sources": [
                        {
                            "dataset": {
                                "referenceName": "DataSource_Source_New1",
                                "type": "DatasetReference"
                            },
                            "name": "source1"
                        }
                    ],
                    "sinks": [
                        {
                            "dataset": {
                                "referenceName": "DataSource_Target_Configurable",
                                "type": "DatasetReference"
                            },
                            "name": "sink1"
                        }
                    ],
                    "transformations": [
                        {
                            "name": "AlterRow1"
                        }
                    ],
                    "script": "source(output(\n\t\tDataSourceId as integer,\n\t\tDataSourceDesciption as string,\n\t\tDataSourceUID as string\n\t),\n\tallowSchemaDrift: true,\n\tvalidateSchema: false,\n\tisolationLevel: 'READ_UNCOMMITTED',\n\tformat: 'table') ~> source1\nsource1 alterRow(upsertIf(true())) ~> AlterRow1\nAlterRow1 sink(allowSchemaDrift: true,\n\tvalidateSchema: false,\n\tinput(\n\t\tDataSourceId as integer,\n\t\tDataSourceDesciption as string,\n\t\tDataSourceUID as string\n\t),\n\tdeletable:false,\n\tinsertable:false,\n\tupdateable:false,\n\tupsertable:true,\n\tkeys:['DataSourceUID'],\n\tformat: 'table',\n\tskipDuplicateMapInputs: true,\n\tskipDuplicateMapOutputs: true,\n\terrorHandlingOption: 'stopOnFirstError',\n\tmapColumn(\n\t\tDataSourceDesciption,\n\t\tDataSourceUID\n\t)) ~> sink1"
                }
            },
            "dependsOn": []
        },
        {
            "name": "[concat(parameters('factoryName'), '/NdcFormatCodes_SingleSink_DF')]",
            "type": "Microsoft.DataFactory/factories/dataflows",
            "apiVersion": "2018-06-01",
            "properties": {
                "folder": {
                    "name": "WoltersKluwers"
                },
                "type": "MappingDataFlow",
                "typeProperties": {
                    "sources": [
                        {
                            "dataset": {
                                "referenceName": "NdcFormatCodes_Source_New1",
                                "type": "DatasetReference"
                            },
                            "name": "NdcFormatCodesSource"
                        }
                    ],
                    "sinks": [
                        {
                            "dataset": {
                                "referenceName": "NdcFormatCodes_Target_Configurable",
                                "type": "DatasetReference"
                            },
                            "name": "NdcFormatCodesSink"
                        }
                    ],
                    "transformations": [
                        {
                            "name": "AlterRow1"
                        }
                    ],
                    "script": "parameters{\n\tIsProd as boolean (false())\n}\nsource(output(\n\t\tIdNumberFormatId as integer,\n\t\tRepresentsFormat as string,\n\t\tIdType as string,\n\t\tNdcFormat as string,\n\t\tToNdcStandard11 as string,\n\t\tToNdc11 as string\n\t),\n\tallowSchemaDrift: true,\n\tvalidateSchema: false,\n\tisolationLevel: 'READ_UNCOMMITTED',\n\tformat: 'table') ~> NdcFormatCodesSource\nNdcFormatCodesSource alterRow(upsertIf(true())) ~> AlterRow1\nAlterRow1 sink(allowSchemaDrift: true,\n\tvalidateSchema: false,\n\tinput(\n\t\tIdNumberFormatId as integer,\n\t\tRepresentsFormat as string,\n\t\tIdType as string,\n\t\tNdcFormat as string,\n\t\tToNdcStandard11 as string,\n\t\tToNdc11 as string\n\t),\n\tdeletable:false,\n\tinsertable:false,\n\tupdateable:false,\n\tupsertable:true,\n\tkeys:['IdNumberFormatId'],\n\tformat: 'table',\n\tskipDuplicateMapInputs: true,\n\tskipDuplicateMapOutputs: true,\n\terrorHandlingOption: 'stopOnFirstError',\n\tmapColumn(\n\t\tIdNumberFormatId,\n\t\tRepresentsFormat,\n\t\tIdType,\n\t\tNdcFormat,\n\t\tToNdcStandard11,\n\t\tToNdc11\n\t)) ~> NdcFormatCodesSink"
                }
            },
            "dependsOn": []
        },
        {
            "name": "[concat(parameters('factoryName'), '/FdaPatentUseCodes_SingleSink_DF')]",
            "type": "Microsoft.DataFactory/factories/dataflows",
            "apiVersion": "2018-06-01",
            "properties": {
                "folder": {
                    "name": "FDA"
                },
                "type": "MappingDataFlow",
                "typeProperties": {
                    "sources": [
                        {
                            "dataset": {
                                "referenceName": "FdaPatentUseCodes_Source_New1",
                                "type": "DatasetReference"
                            },
                            "name": "source1"
                        }
                    ],
                    "sinks": [
                        {
                            "dataset": {
                                "referenceName": "FdaPatentUseCodes_Target_Configurable",
                                "type": "DatasetReference"
                            },
                            "name": "sink1"
                        }
                    ],
                    "transformations": [
                        {
                            "name": "AlterRow1"
                        }
                    ],
                    "script": "source(output(\n\t\tPatentUseId as integer,\n\t\tPatentUseCode as string,\n\t\tPatentUseDescription as string\n\t),\n\tallowSchemaDrift: true,\n\tvalidateSchema: false,\n\tisolationLevel: 'READ_UNCOMMITTED',\n\tformat: 'table') ~> source1\nsource1 alterRow(upsertIf(true())) ~> AlterRow1\nAlterRow1 sink(allowSchemaDrift: true,\n\tvalidateSchema: false,\n\tinput(\n\t\tPatentUseId as integer,\n\t\tPatentUseCode as string,\n\t\tPatentUseDescription as string\n\t),\n\tdeletable:false,\n\tinsertable:false,\n\tupdateable:false,\n\tupsertable:true,\n\tkeys:['PatentUseId'],\n\tformat: 'table',\n\tskipDuplicateMapInputs: true,\n\tskipDuplicateMapOutputs: true,\n\terrorHandlingOption: 'stopOnFirstError',\n\tmapColumn(\n\t\tPatentUseId,\n\t\tPatentUseCode,\n\t\tPatentUseDescription\n\t)) ~> sink1"
                }
            },
            "dependsOn": []
        },
        {
            "name": "[concat(parameters('factoryName'), '/NationalNdcPricePrediction_SingleSink_DF_copy1')]",
            "type": "Microsoft.DataFactory/factories/dataflows",
            "apiVersion": "2018-06-01",
            "properties": {
                "type": "MappingDataFlow",
                "typeProperties": {
                    "sources": [
                        {
                            "dataset": {
                                "referenceName": "NationalNdcPricePrediction_Source",
                                "type": "DatasetReference"
                            },
                            "name": "source1"
                        }
                    ],
                    "sinks": [
                        {
                            "dataset": {
                                "referenceName": "NationalNdcPricePrediction_Target_Configurable",
                                "type": "DatasetReference"
                            },
                            "name": "sink1"
                        }
                    ],
                    "transformations": [],
                    "script": "source(output(\n\t\tNationalNdcPricePredictionID as integer,\n\t\tPredictionUId as string,\n\t\tNDC as string,\n\t\tItemId as integer,\n\t\tPredictedPriceDate as date,\n\t\tRaiseAlert as string,\n\t\tAlertProbability as double,\n\t\tMonth1AlertProbability as double,\n\t\tMonth2AlertProbability as double,\n\t\tMonth3AlertProbability as double,\n\t\tMonth4AlertProbability as double,\n\t\tDateOfPrediction as date,\n\t\tCurrentWAC as double,\n\t\tPredictedWAC as double,\n\t\tPredictedPercentIncrease as double,\n\t\tmeanPerc as decimal(22,22),\n\t\thighPerc as decimal(18,18),\n\t\tlowPerc as decimal(18,18),\n\t\tnum_changes as long,\n\t\tDateLoaded as timestamp\n\t),\n\tallowSchemaDrift: true,\n\tvalidateSchema: false,\n\tisolationLevel: 'READ_UNCOMMITTED',\n\tformat: 'table') ~> source1\nsource1 sink(allowSchemaDrift: true,\n\tvalidateSchema: false,\n\tinput(\n\t\tNationalNdcPricePredictionID as integer,\n\t\tPredictionUId as string,\n\t\tNDC as string,\n\t\tItemId as integer,\n\t\tPredictedPriceDate as date,\n\t\tRaiseAlert as string,\n\t\tAlertProbability as double,\n\t\tMonth1AlertProbability as double,\n\t\tMonth2AlertProbability as double,\n\t\tMonth3AlertProbability as double,\n\t\tMonth4AlertProbability as double,\n\t\tDateOfPrediction as date,\n\t\tCurrentWAC as double,\n\t\tPredictedWAC as double,\n\t\tPredictedPercentIncrease as double,\n\t\tmeanPerc as decimal(22,22),\n\t\thighPerc as decimal(18,18),\n\t\tlowPerc as decimal(18,18),\n\t\tnum_changes as long,\n\t\tDateLoaded as timestamp\n\t),\n\tdeletable:false,\n\tinsertable:true,\n\tupdateable:false,\n\tupsertable:false,\n\ttruncate:true,\n\tformat: 'table',\n\tskipDuplicateMapInputs: true,\n\tskipDuplicateMapOutputs: true,\n\terrorHandlingOption: 'stopOnFirstError',\n\tmapColumn(\n\t\tNationalNdcPricePredictionID,\n\t\tPredictionUId,\n\t\tNDC,\n\t\tItemId,\n\t\tPredictedPriceDate,\n\t\tRaiseAlert,\n\t\tAlertProbability,\n\t\tMonth1AlertProbability,\n\t\tMonth2AlertProbability,\n\t\tMonth3AlertProbability,\n\t\tMonth4AlertProbability,\n\t\tDateOfPrediction,\n\t\tCurrentWAC,\n\t\tPredictedWAC,\n\t\tPredictedPercentIncrease,\n\t\tmeanPerc,\n\t\thighPerc,\n\t\tlowPerc,\n\t\tnum_changes,\n\t\tDateLoaded\n\t)) ~> sink1"
                }
            },
            "dependsOn": []
        }
    ]
}