{
    "$schema": "http://schema.management.azure.com/schemas/2015-01-01/deploymentTemplate.json#",
    "contentVersion": "1.0.0.0",
    "parameters": {
        "factoryName": {
            "type": "string",
            "metadata": "Data Factory name",
            "defaultValue": "adf-ItemMaster-MasterData-Receive-prod"
        },
        "Fda_MAUDE_mdrfoi_ADL_properties_typeProperties_fileName": {
            "type": "string",
            "defaultValue": "@dataset().Filename"
        },
        "Fda_MAUDE_mdrfoi_ADL_properties_typeProperties_folderPath": {
            "type": "string",
            "defaultValue": "@dataset().Path"
        },
        "pb2mcaf_MediSpanCustomizedFile_ADLS_properties_typeProperties_fileName": {
            "type": "string",
            "defaultValue": "PB2MCAF"
        },
        "pb2mcaf_MediSpanCustomizedFile_ADLS_properties_typeProperties_folderPath": {
            "type": "string",
            "defaultValue": "@dataset().TargetPath"
        },
        "UNSPSC_ADLS_properties_typeProperties_fileName": {
            "type": "string",
            "defaultValue": "@dataset().FileName"
        },
        "UNSPSC_ADLS_properties_typeProperties_folderPath": {
            "type": "string",
            "defaultValue": "@dataset().AdlPath"
        },
        "mf2val_ValidationTranslationFile_ADLS_properties_typeProperties_fileName": {
            "type": "string",
            "defaultValue": "MF2VAL"
        },
        "mf2val_ValidationTranslationFile_ADLS_properties_typeProperties_folderPath": {
            "type": "string",
            "defaultValue": "@dataset().TargetPath"
        },
        "pb2noc_PayAllowLimitNotOtherwiseClassifiedFile_ADLS_properties_typeProperties_fileName": {
            "type": "string",
            "defaultValue": "PB2NOC"
        },
        "pb2noc_PayAllowLimitNotOtherwiseClassifiedFile_ADLS_properties_typeProperties_folderPath": {
            "type": "string",
            "defaultValue": "@dataset().TargetPath"
        },
        "ahfcon_ConceptTypeFile_ADLS_properties_typeProperties_fileName": {
            "type": "string",
            "defaultValue": "AHFCON"
        },
        "ahfcon_ConceptTypeFile_ADLS_properties_typeProperties_folderPath": {
            "type": "string",
            "defaultValue": "@dataset().TargetPath"
        },
        "pb2val_ValidationTranslationFile_ADLS_properties_typeProperties_fileName": {
            "type": "string",
            "defaultValue": "PB2VAL"
        },
        "pb2val_ValidationTranslationFile_ADLS_properties_typeProperties_folderPath": {
            "type": "string",
            "defaultValue": "@dataset().TargetPath"
        },
        "pb2xref_NdcHcpcsCrossReferenceFile_ALDS_properties_typeProperties_fileName": {
            "type": "string",
            "defaultValue": "PB2XREF"
        },
        "pb2xref_NdcHcpcsCrossReferenceFile_ALDS_properties_typeProperties_folderPath": {
            "type": "string",
            "defaultValue": "@dataset().TargetPath"
        },
        "mf2drg_DispensableDrugFile_ADLS_properties_typeProperties_fileName": {
            "type": "string",
            "defaultValue": "MF2DRG"
        },
        "mf2drg_DispensableDrugFile_ADLS_properties_typeProperties_folderPath": {
            "type": "string",
            "defaultValue": "@dataset().TargetPath"
        },
        "nabsum_SummaryFile_ADLS_properties_typeProperties_fileName": {
            "type": "string",
            "defaultValue": "NABSUM"
        },
        "nabsum_SummaryFile_ADLS_properties_typeProperties_folderPath": {
            "type": "string",
            "defaultValue": "@dataset().TargetPath"
        },
        "Fda_OrangeBook_Exclusivity_ADLS_properties_typeProperties_fileName": {
            "type": "string",
            "defaultValue": "exclusivity.txt"
        },
        "Fda_OrangeBook_Exclusivity_ADLS_properties_typeProperties_folderPath": {
            "type": "string",
            "defaultValue": "@dataset().Path"
        },
        "mf2tcgpi_TcGpiNameFile_ADLS_properties_typeProperties_fileName": {
            "type": "string",
            "defaultValue": "MF2TCGPI"
        },
        "mf2tcgpi_TcGpiNameFile_ADLS_properties_typeProperties_folderPath": {
            "type": "string",
            "defaultValue": "@dataset().TargetPath"
        },
        "mf2gpr_GppcPriceFile_ADLS_properties_typeProperties_fileName": {
            "type": "string",
            "defaultValue": "MF2GPR"
        },
        "mf2gpr_GppcPriceFile_ADLS_properties_typeProperties_folderPath": {
            "type": "string",
            "defaultValue": "@dataset().TargetPath"
        },
        "mf2name_DrugNameFile_ADLS_properties_typeProperties_fileName": {
            "type": "string",
            "defaultValue": "MF2NAME"
        },
        "mf2name_DrugNameFile_ADLS_properties_typeProperties_folderPath": {
            "type": "string",
            "defaultValue": "@dataset().TargetPath"
        },
        "fgpsum_SummaryFile_ADLS_properties_typeProperties_fileName": {
            "type": "string",
            "defaultValue": "FGPSUM"
        },
        "fgpsum_SummaryFile_ADLS_properties_typeProperties_folderPath": {
            "type": "string",
            "defaultValue": "@dataset().TargetPath"
        },
        "FDA_Recall_ADL_properties_typeProperties_fileName": {
            "type": "string",
            "defaultValue": "@dataset().FilePath"
        },
        "FDA_Recall_ADL_properties_typeProperties_folderPath": {
            "type": "string",
            "defaultValue": "@dataset().DirectoryPath"
        },
        "UNSPSC_ADLS_Source_properties_typeProperties_fileName": {
            "type": "string",
            "defaultValue": "@dataset().FileName"
        },
        "UNSPSC_ADLS_Source_properties_typeProperties_folderPath": {
            "type": "string",
            "defaultValue": "@dataset().AdlPath"
        },
        "ddacite_CitationFile_ADLS_properties_typeProperties_fileName": {
            "type": "string",
            "defaultValue": "DDACITE.txt"
        },
        "ddacite_CitationFile_ADLS_properties_typeProperties_folderPath": {
            "type": "string",
            "defaultValue": "@dataset().TargetPath"
        },
        "pb2sum_SummaryFile_ADLS_properties_typeProperties_fileName": {
            "type": "string",
            "defaultValue": "PB2SUM"
        },
        "pb2sum_SummaryFile_ADLS_properties_typeProperties_folderPath": {
            "type": "string",
            "defaultValue": "@dataset().TargetPath"
        }
    },
    "variables": {
        "factoryId": "[concat('Microsoft.DataFactory/factories/', parameters('factoryName'))]"
    },
    "resources": [
        {
            "name": "[concat(parameters('factoryName'), '/Fda_MAUDE_mdrfoi_ADL')]",
            "type": "Microsoft.DataFactory/factories/datasets",
            "apiVersion": "2018-06-01",
            "properties": {
                "linkedServiceName": {
                    "referenceName": "ItemMaster_ADL",
                    "type": "LinkedServiceReference"
                },
                "parameters": {
                    "Path": {
                        "type": "String"
                    },
                    "Filename": {
                        "type": "String"
                    }
                },
                "folder": {
                    "name": "New folder"
                },
                "annotations": [],
                "type": "AzureDataLakeStoreFile",
                "structure": [
                    {
                        "name": "MDR_REPORT_KEY",
                        "type": "String"
                    },
                    {
                        "name": "EVENT_KEY",
                        "type": "String"
                    },
                    {
                        "name": "REPORT_NUMBER",
                        "type": "String"
                    },
                    {
                        "name": "REPORT_SOURCE_CODE",
                        "type": "String"
                    },
                    {
                        "name": "MANUFACTURER_LINK_FLAG_",
                        "type": "String"
                    },
                    {
                        "name": "NUMBER_DEVICES_IN_EVENT",
                        "type": "String"
                    },
                    {
                        "name": "NUMBER_PATIENTS_IN_EVENT",
                        "type": "String"
                    },
                    {
                        "name": "DATE_RECEIVED",
                        "type": "String"
                    },
                    {
                        "name": "ADVERSE_EVENT_FLAG",
                        "type": "String"
                    },
                    {
                        "name": "PRODUCT_PROBLEM_FLAG",
                        "type": "String"
                    },
                    {
                        "name": "DATE_REPORT",
                        "type": "String"
                    },
                    {
                        "name": "DATE_OF_EVENT",
                        "type": "String"
                    },
                    {
                        "name": "REPROCESSED_AND_REUSED_FLAG",
                        "type": "String"
                    },
                    {
                        "name": "REPORTER_OCCUPATION_CODE",
                        "type": "String"
                    },
                    {
                        "name": "HEALTH_PROFESSIONAL",
                        "type": "String"
                    },
                    {
                        "name": "INITIAL_REPORT_TO_FDA",
                        "type": "String"
                    },
                    {
                        "name": "DATE_FACILITY_AWARE",
                        "type": "String"
                    },
                    {
                        "name": "REPORT_DATE",
                        "type": "String"
                    },
                    {
                        "name": "REPORT_TO_FDA",
                        "type": "String"
                    },
                    {
                        "name": "DATE_REPORT_TO_FDA",
                        "type": "String"
                    },
                    {
                        "name": "EVENT_LOCATION",
                        "type": "String"
                    },
                    {
                        "name": "DATE_REPORT_TO_MANUFACTURER",
                        "type": "String"
                    },
                    {
                        "name": "MANUFACTURER_CONTACT_T_NAME",
                        "type": "String"
                    },
                    {
                        "name": "MANUFACTURER_CONTACT_F_NAME",
                        "type": "String"
                    },
                    {
                        "name": "MANUFACTURER_CONTACT_L_NAME",
                        "type": "String"
                    },
                    {
                        "name": "MANUFACTURER_CONTACT_STREET_1",
                        "type": "String"
                    },
                    {
                        "name": "MANUFACTURER_CONTACT_STREET_2",
                        "type": "String"
                    },
                    {
                        "name": "MANUFACTURER_CONTACT_CITY",
                        "type": "String"
                    },
                    {
                        "name": "MANUFACTURER_CONTACT_STATE",
                        "type": "String"
                    },
                    {
                        "name": "MANUFACTURER_CONTACT_ZIP_CODE",
                        "type": "String"
                    },
                    {
                        "name": "MANUFACTURER_CONTACT_ZIP_EXT",
                        "type": "String"
                    },
                    {
                        "name": "MANUFACTURER_CONTACT_COUNTRY",
                        "type": "String"
                    },
                    {
                        "name": "MANUFACTURER_CONTACT_POSTAL",
                        "type": "String"
                    },
                    {
                        "name": "MANUFACTURER_CONTACT_AREA_CODE",
                        "type": "String"
                    },
                    {
                        "name": "MANUFACTURER_CONTACT_EXCHANGE",
                        "type": "String"
                    },
                    {
                        "name": "MANUFACTURER_CONTACT_PHONE_NO",
                        "type": "String"
                    },
                    {
                        "name": "MANUFACTURER_CONTACT_EXTENSION",
                        "type": "String"
                    },
                    {
                        "name": "MANUFACTURER_CONTACT_PCOUNTRY",
                        "type": "String"
                    },
                    {
                        "name": "MANUFACTURER_CONTACT_PCITY",
                        "type": "String"
                    },
                    {
                        "name": "MANUFACTURER_CONTACT_PLOCAL",
                        "type": "String"
                    },
                    {
                        "name": "MANUFACTURER_G1_NAME",
                        "type": "String"
                    },
                    {
                        "name": "MANUFACTURER_G1_STREET_1",
                        "type": "String"
                    },
                    {
                        "name": "MANUFACTURER_G1_STREET_2",
                        "type": "String"
                    },
                    {
                        "name": "MANUFACTURER_G1_CITY",
                        "type": "String"
                    },
                    {
                        "name": "MANUFACTURER_G1_STATE_CODE",
                        "type": "String"
                    },
                    {
                        "name": "MANUFACTURER_G1_ZIP_CODE",
                        "type": "String"
                    },
                    {
                        "name": "MANUFACTURER_G1_ZIP_CODE_EXT",
                        "type": "String"
                    },
                    {
                        "name": "MANUFACTURER_G1_COUNTRY_CODE",
                        "type": "String"
                    },
                    {
                        "name": "MANUFACTURER_G1_POSTAL_CODE",
                        "type": "String"
                    },
                    {
                        "name": "DATE_MANUFACTURER_RECEIVED",
                        "type": "String"
                    },
                    {
                        "name": "DEVICE_DATE_OF_MANUFACTURE",
                        "type": "String"
                    },
                    {
                        "name": "SINGLE_USE_FLAG",
                        "type": "String"
                    },
                    {
                        "name": "REMEDIAL_ACTION",
                        "type": "String"
                    },
                    {
                        "name": "PREVIOUS_USE_CODE",
                        "type": "String"
                    },
                    {
                        "name": "REMOVAL_CORRECTION_NUMBER",
                        "type": "String"
                    },
                    {
                        "name": "EVENT_TYPE",
                        "type": "String"
                    },
                    {
                        "name": "DISTRIBUTOR_NAME",
                        "type": "String"
                    },
                    {
                        "name": "DISTRIBUTOR_ADDRESS_1",
                        "type": "String"
                    },
                    {
                        "name": "DISTRIBUTOR_ADDRESS_2",
                        "type": "String"
                    },
                    {
                        "name": "DISTRIBUTOR_CITY",
                        "type": "String"
                    },
                    {
                        "name": "DISTRIBUTOR_STATE_CODE",
                        "type": "String"
                    },
                    {
                        "name": "DISTRIBUTOR_ZIP_CODE",
                        "type": "String"
                    },
                    {
                        "name": "DISTRIBUTOR_ZIP_CODE_EXT",
                        "type": "String"
                    },
                    {
                        "name": "REPORT_TO_MANUFACTURER",
                        "type": "String"
                    },
                    {
                        "name": "MANUFACTURER_NAME",
                        "type": "String"
                    },
                    {
                        "name": "MANUFACTURER_ADDRESS_1",
                        "type": "String"
                    },
                    {
                        "name": "MANUFACTURER_ADDRESS_2",
                        "type": "String"
                    },
                    {
                        "name": "MANUFACTURER_CITY",
                        "type": "String"
                    },
                    {
                        "name": "MANUFACTURER_STATE_CODE",
                        "type": "String"
                    },
                    {
                        "name": "MANUFACTURER_ZIP_CODE",
                        "type": "String"
                    },
                    {
                        "name": "MANUFACTURER_ZIP_CODE_EXT",
                        "type": "String"
                    },
                    {
                        "name": "MANUFACTURER_COUNTRY_CODE",
                        "type": "String"
                    },
                    {
                        "name": "MANUFACTURER_POSTAL_CODE",
                        "type": "String"
                    },
                    {
                        "name": "TYPE_OF_REPORT",
                        "type": "String"
                    },
                    {
                        "name": "SOURCE_TYPE",
                        "type": "String"
                    },
                    {
                        "name": "DATE_ADDED",
                        "type": "String"
                    },
                    {
                        "name": "DATE_CHANGED",
                        "type": "String"
                    },
                    {
                        "name": "PipelineRunId",
                        "type": "String"
                    }
                ],
                "typeProperties": {
                    "format": {
                        "type": "TextFormat",
                        "columnDelimiter": ",",
                        "rowDelimiter": "",
                        "quoteChar": "\"",
                        "nullValue": "\\N",
                        "encodingName": null,
                        "treatEmptyAsNull": true,
                        "skipLineCount": 0,
                        "firstRowAsHeader": false
                    },
                    "fileName": {
                        "value": "[parameters('Fda_MAUDE_mdrfoi_ADL_properties_typeProperties_fileName')]",
                        "type": "Expression"
                    },
                    "folderPath": {
                        "value": "[parameters('Fda_MAUDE_mdrfoi_ADL_properties_typeProperties_folderPath')]",
                        "type": "Expression"
                    }
                }
            },
            "dependsOn": []
        },
        {
            "name": "[concat(parameters('factoryName'), '/pb2mcaf_MediSpanCustomizedFile_ADLS')]",
            "type": "Microsoft.DataFactory/factories/datasets",
            "apiVersion": "2018-06-01",
            "properties": {
                "linkedServiceName": {
                    "referenceName": "ItemMaster_ADL",
                    "type": "LinkedServiceReference"
                },
                "parameters": {
                    "TargetPath": {
                        "type": "String"
                    }
                },
                "folder": {
                    "name": "New folder"
                },
                "annotations": [],
                "type": "AzureDataLakeStoreFile",
                "structure": [
                    {
                        "name": "HcpcsCode",
                        "type": "String"
                    },
                    {
                        "name": "MediSpanDrugIdentifier",
                        "type": "String"
                    },
                    {
                        "name": "QuarterDate",
                        "type": "String"
                    },
                    {
                        "name": "RevisionDate",
                        "type": "String"
                    },
                    {
                        "name": "TransactionCode",
                        "type": "String"
                    },
                    {
                        "name": "ShortDescription",
                        "type": "String"
                    },
                    {
                        "name": "HcpcsCodeDosage",
                        "type": "String"
                    },
                    {
                        "name": "PaymentLimit_Raw",
                        "type": "String"
                    },
                    {
                        "name": "IndependentEsrdLimit_Raw",
                        "type": "String"
                    },
                    {
                        "name": "VaccineLimit_Raw",
                        "type": "String"
                    },
                    {
                        "name": "DMEInfusionLimit_Raw",
                        "type": "String"
                    },
                    {
                        "name": "BloodLimit_Raw",
                        "type": "String"
                    },
                    {
                        "name": "CodeDosageDescriptor",
                        "type": "String"
                    },
                    {
                        "name": "LabelerName",
                        "type": "String"
                    },
                    {
                        "name": "InMediSpanDBFlag",
                        "type": "String"
                    },
                    {
                        "name": "MediSpanInactiveDate",
                        "type": "String"
                    },
                    {
                        "name": "DrugName",
                        "type": "String"
                    },
                    {
                        "name": "PackageSize_Raw",
                        "type": "String"
                    },
                    {
                        "name": "PackageQuantity_Raw",
                        "type": "String"
                    },
                    {
                        "name": "BillableUnitsPerPackage_Raw",
                        "type": "String"
                    },
                    {
                        "name": "BillableUnitsPer11DigitNDC_Raw",
                        "type": "String"
                    },
                    {
                        "name": "Reserve",
                        "type": "String"
                    }
                ],
                "typeProperties": {
                    "format": {
                        "type": "TextFormat",
                        "columnDelimiter": "|",
                        "rowDelimiter": "\n",
                        "nullValue": "N/A",
                        "treatEmptyAsNull": true,
                        "firstRowAsHeader": false
                    },
                    "fileName": "[parameters('pb2mcaf_MediSpanCustomizedFile_ADLS_properties_typeProperties_fileName')]",
                    "folderPath": {
                        "value": "[parameters('pb2mcaf_MediSpanCustomizedFile_ADLS_properties_typeProperties_folderPath')]",
                        "type": "Expression"
                    }
                }
            },
            "dependsOn": []
        },
        {
            "name": "[concat(parameters('factoryName'), '/UNSPSC_ADLS')]",
            "type": "Microsoft.DataFactory/factories/datasets",
            "apiVersion": "2018-06-01",
            "properties": {
                "linkedServiceName": {
                    "referenceName": "ItemMaster_ADL",
                    "type": "LinkedServiceReference"
                },
                "parameters": {
                    "AdlPath": {
                        "type": "String"
                    },
                    "FileName": {
                        "type": "String"
                    }
                },
                "folder": {
                    "name": "New folder"
                },
                "annotations": [],
                "type": "AzureDataLakeStoreFile",
                "structure": [
                    {
                        "name": "Segment",
                        "type": "String"
                    },
                    {
                        "name": "Segment Title",
                        "type": "String"
                    },
                    {
                        "name": "Family",
                        "type": "String"
                    },
                    {
                        "name": "Family Tile",
                        "type": "String"
                    },
                    {
                        "name": "Class",
                        "type": "String"
                    },
                    {
                        "name": "Class Title",
                        "type": "String"
                    },
                    {
                        "name": "Key",
                        "type": "String"
                    },
                    {
                        "name": "Commodity",
                        "type": "String"
                    },
                    {
                        "name": "Commodity Title",
                        "type": "String"
                    },
                    {
                        "name": "Definition",
                        "type": "String"
                    },
                    {
                        "name": "Synonym",
                        "type": "String"
                    }
                ],
                "typeProperties": {
                    "format": {
                        "type": "TextFormat",
                        "columnDelimiter": "\t",
                        "rowDelimiter": "",
                        "nullValue": "\\N",
                        "treatEmptyAsNull": true,
                        "skipLineCount": 0,
                        "firstRowAsHeader": true
                    },
                    "fileName": {
                        "value": "[parameters('UNSPSC_ADLS_properties_typeProperties_fileName')]",
                        "type": "Expression"
                    },
                    "folderPath": {
                        "value": "[parameters('UNSPSC_ADLS_properties_typeProperties_folderPath')]",
                        "type": "Expression"
                    }
                }
            },
            "dependsOn": []
        },
        {
            "name": "[concat(parameters('factoryName'), '/mf2val_ValidationTranslationFile_ADLS')]",
            "type": "Microsoft.DataFactory/factories/datasets",
            "apiVersion": "2018-06-01",
            "properties": {
                "linkedServiceName": {
                    "referenceName": "ItemMaster_ADL",
                    "type": "LinkedServiceReference"
                },
                "parameters": {
                    "TargetPath": {
                        "type": "String"
                    }
                },
                "folder": {
                    "name": "New folder"
                },
                "annotations": [],
                "type": "AzureDataLakeStoreFile",
                "structure": [
                    {
                        "name": "field_identifier",
                        "type": "String"
                    },
                    {
                        "name": "field_value",
                        "type": "String"
                    },
                    {
                        "name": "language_code",
                        "type": "String"
                    },
                    {
                        "name": "value_description",
                        "type": "String"
                    },
                    {
                        "name": "value_abbreviation",
                        "type": "String"
                    },
                    {
                        "name": "reserve",
                        "type": "String"
                    }
                ],
                "typeProperties": {
                    "format": {
                        "type": "TextFormat",
                        "columnDelimiter": "|",
                        "rowDelimiter": "",
                        "quoteChar": "\"",
                        "treatEmptyAsNull": true,
                        "firstRowAsHeader": false
                    },
                    "fileName": "[parameters('mf2val_ValidationTranslationFile_ADLS_properties_typeProperties_fileName')]",
                    "folderPath": {
                        "value": "[parameters('mf2val_ValidationTranslationFile_ADLS_properties_typeProperties_folderPath')]",
                        "type": "Expression"
                    }
                }
            },
            "dependsOn": []
        },
        {
            "name": "[concat(parameters('factoryName'), '/pb2noc_PayAllowLimitNotOtherwiseClassifiedFile_ADLS')]",
            "type": "Microsoft.DataFactory/factories/datasets",
            "apiVersion": "2018-06-01",
            "properties": {
                "linkedServiceName": {
                    "referenceName": "ItemMaster_ADL",
                    "type": "LinkedServiceReference"
                },
                "parameters": {
                    "TargetPath": {
                        "type": "String"
                    }
                },
                "folder": {
                    "name": "New folder"
                },
                "annotations": [],
                "type": "AzureDataLakeStoreFile",
                "structure": [
                    {
                        "name": "GenericDrugName",
                        "type": "String"
                    },
                    {
                        "name": "QuarterDate",
                        "type": "String"
                    },
                    {
                        "name": "RevisionDate",
                        "type": "String"
                    },
                    {
                        "name": "TransactionCode",
                        "type": "String"
                    },
                    {
                        "name": "Dosage",
                        "type": "String"
                    },
                    {
                        "name": "PaymentLimit_Raw",
                        "type": "String"
                    },
                    {
                        "name": "Reserve",
                        "type": "String"
                    }
                ],
                "typeProperties": {
                    "format": {
                        "type": "TextFormat",
                        "columnDelimiter": "|",
                        "rowDelimiter": "\n",
                        "nullValue": "N/A",
                        "treatEmptyAsNull": true,
                        "firstRowAsHeader": false
                    },
                    "fileName": "[parameters('pb2noc_PayAllowLimitNotOtherwiseClassifiedFile_ADLS_properties_typeProperties_fileName')]",
                    "folderPath": {
                        "value": "[parameters('pb2noc_PayAllowLimitNotOtherwiseClassifiedFile_ADLS_properties_typeProperties_folderPath')]",
                        "type": "Expression"
                    }
                }
            },
            "dependsOn": []
        },
        {
            "name": "[concat(parameters('factoryName'), '/ahfcon_ConceptTypeFile_ADLS')]",
            "type": "Microsoft.DataFactory/factories/datasets",
            "apiVersion": "2018-06-01",
            "properties": {
                "linkedServiceName": {
                    "referenceName": "ItemMaster_ADL",
                    "type": "LinkedServiceReference"
                },
                "parameters": {
                    "TargetPath": {
                        "type": "String"
                    }
                },
                "folder": {
                    "name": "New folder"
                },
                "annotations": [],
                "type": "AzureDataLakeStoreFile",
                "structure": [
                    {
                        "name": "Concept_Type_identifier",
                        "type": "String"
                    },
                    {
                        "name": "Transaction_Code",
                        "type": "String"
                    },
                    {
                        "name": "Description",
                        "type": "String"
                    },
                    {
                        "name": "Reserve",
                        "type": "String"
                    }
                ],
                "typeProperties": {
                    "format": {
                        "type": "TextFormat",
                        "columnDelimiter": "|",
                        "rowDelimiter": "\n",
                        "treatEmptyAsNull": true,
                        "firstRowAsHeader": false
                    },
                    "fileName": "[parameters('ahfcon_ConceptTypeFile_ADLS_properties_typeProperties_fileName')]",
                    "folderPath": {
                        "value": "[parameters('ahfcon_ConceptTypeFile_ADLS_properties_typeProperties_folderPath')]",
                        "type": "Expression"
                    }
                }
            },
            "dependsOn": []
        },
        {
            "name": "[concat(parameters('factoryName'), '/pb2val_ValidationTranslationFile_ADLS')]",
            "type": "Microsoft.DataFactory/factories/datasets",
            "apiVersion": "2018-06-01",
            "properties": {
                "linkedServiceName": {
                    "referenceName": "ItemMaster_ADL",
                    "type": "LinkedServiceReference"
                },
                "parameters": {
                    "TargetPath": {
                        "type": "String"
                    }
                },
                "folder": {
                    "name": "New folder"
                },
                "annotations": [],
                "type": "AzureDataLakeStoreFile",
                "structure": [
                    {
                        "name": "FieldId",
                        "type": "String"
                    },
                    {
                        "name": "FieldValue",
                        "type": "String"
                    },
                    {
                        "name": "LanguageCode",
                        "type": "String"
                    },
                    {
                        "name": "ValueDescription",
                        "type": "String"
                    },
                    {
                        "name": "ValueAbbreviation",
                        "type": "String"
                    },
                    {
                        "name": "Reserve",
                        "type": "String"
                    }
                ],
                "typeProperties": {
                    "format": {
                        "type": "TextFormat",
                        "columnDelimiter": "|",
                        "rowDelimiter": "\n",
                        "treatEmptyAsNull": true,
                        "firstRowAsHeader": false
                    },
                    "fileName": "[parameters('pb2val_ValidationTranslationFile_ADLS_properties_typeProperties_fileName')]",
                    "folderPath": {
                        "value": "[parameters('pb2val_ValidationTranslationFile_ADLS_properties_typeProperties_folderPath')]",
                        "type": "Expression"
                    }
                }
            },
            "dependsOn": []
        },
        {
            "name": "[concat(parameters('factoryName'), '/pb2xref_NdcHcpcsCrossReferenceFile_ALDS')]",
            "type": "Microsoft.DataFactory/factories/datasets",
            "apiVersion": "2018-06-01",
            "properties": {
                "linkedServiceName": {
                    "referenceName": "ItemMaster_ADL",
                    "type": "LinkedServiceReference"
                },
                "parameters": {
                    "TargetPath": {
                        "type": "String"
                    }
                },
                "folder": {
                    "name": "New folder"
                },
                "annotations": [],
                "type": "AzureDataLakeStoreFile",
                "structure": [
                    {
                        "name": "HcpcsCode",
                        "type": "String"
                    },
                    {
                        "name": "CmsReportedIdentifier",
                        "type": "String"
                    },
                    {
                        "name": "QuarterDate",
                        "type": "String"
                    },
                    {
                        "name": "RevisionDate",
                        "type": "String"
                    },
                    {
                        "name": "TransactionCode",
                        "type": "String"
                    },
                    {
                        "name": "ShortDescription",
                        "type": "String"
                    },
                    {
                        "name": "CodeDosageDescriptor",
                        "type": "String"
                    },
                    {
                        "name": "LabelerName",
                        "type": "String"
                    },
                    {
                        "name": "DrugName",
                        "type": "String"
                    },
                    {
                        "name": "PackageSize_Raw",
                        "type": "String"
                    },
                    {
                        "name": "PackageQuantity_Raw",
                        "type": "String"
                    },
                    {
                        "name": "BillableUnitsPerPackage_Raw",
                        "type": "String"
                    },
                    {
                        "name": "BillableUnitsPer11DigitNDC_Raw",
                        "type": "String"
                    },
                    {
                        "name": "Reserve",
                        "type": "String"
                    }
                ],
                "typeProperties": {
                    "format": {
                        "type": "TextFormat",
                        "columnDelimiter": "|",
                        "rowDelimiter": "\n",
                        "treatEmptyAsNull": true,
                        "firstRowAsHeader": false
                    },
                    "fileName": "[parameters('pb2xref_NdcHcpcsCrossReferenceFile_ALDS_properties_typeProperties_fileName')]",
                    "folderPath": {
                        "value": "[parameters('pb2xref_NdcHcpcsCrossReferenceFile_ALDS_properties_typeProperties_folderPath')]",
                        "type": "Expression"
                    }
                }
            },
            "dependsOn": []
        },
        {
            "name": "[concat(parameters('factoryName'), '/mf2drg_DispensableDrugFile_ADLS')]",
            "type": "Microsoft.DataFactory/factories/datasets",
            "apiVersion": "2018-06-01",
            "properties": {
                "linkedServiceName": {
                    "referenceName": "ItemMaster_ADL",
                    "type": "LinkedServiceReference"
                },
                "parameters": {
                    "TargetPath": {
                        "type": "String"
                    }
                },
                "folder": {
                    "name": "New folder"
                },
                "annotations": [],
                "type": "AzureDataLakeStoreFile",
                "structure": [
                    {
                        "name": "concept_type",
                        "type": "Int32"
                    },
                    {
                        "name": "country_code",
                        "type": "Int32"
                    },
                    {
                        "name": "concept_id",
                        "type": "Int32"
                    },
                    {
                        "name": "transaction_code",
                        "type": "String"
                    },
                    {
                        "name": "routed_drug_id",
                        "type": "Int32"
                    },
                    {
                        "name": "dose_form_id",
                        "type": "Int32"
                    },
                    {
                        "name": "strength",
                        "type": "String"
                    },
                    {
                        "name": "strength_unit_of_measure",
                        "type": "String"
                    },
                    {
                        "name": "name_source_id",
                        "type": "Int32"
                    },
                    {
                        "name": "device_flag",
                        "type": "Int32"
                    },
                    {
                        "name": "status",
                        "type": "Int32"
                    },
                    {
                        "name": "link_value",
                        "type": "Int32"
                    },
                    {
                        "name": "link_date",
                        "type": "String"
                    },
                    {
                        "name": "routed_drug_form_id",
                        "type": "Int32"
                    },
                    {
                        "name": "drug_dose_form_id",
                        "type": "Int32"
                    },
                    {
                        "name": "str_str_uom_id",
                        "type": "Int32"
                    },
                    {
                        "name": "reserve",
                        "type": "String"
                    }
                ],
                "typeProperties": {
                    "format": {
                        "type": "TextFormat",
                        "columnDelimiter": "|",
                        "rowDelimiter": "",
                        "quoteChar": "\"",
                        "treatEmptyAsNull": true,
                        "firstRowAsHeader": false
                    },
                    "fileName": "[parameters('mf2drg_DispensableDrugFile_ADLS_properties_typeProperties_fileName')]",
                    "folderPath": {
                        "value": "[parameters('mf2drg_DispensableDrugFile_ADLS_properties_typeProperties_folderPath')]",
                        "type": "Expression"
                    }
                }
            },
            "dependsOn": []
        },
        {
            "name": "[concat(parameters('factoryName'), '/nabsum_SummaryFile_ADLS')]",
            "type": "Microsoft.DataFactory/factories/datasets",
            "apiVersion": "2018-06-01",
            "properties": {
                "linkedServiceName": {
                    "referenceName": "ItemMaster_ADL",
                    "type": "LinkedServiceReference"
                },
                "parameters": {
                    "TargetPath": {
                        "type": "String"
                    }
                },
                "folder": {
                    "name": "New folder"
                },
                "annotations": [],
                "type": "AzureDataLakeStoreFile",
                "structure": [
                    {
                        "name": "Record_Type",
                        "type": "String"
                    },
                    {
                        "name": "Reserve1",
                        "type": "String"
                    },
                    {
                        "name": "SequenceNumber",
                        "type": "Int32"
                    },
                    {
                        "name": "Reserve2",
                        "type": "String"
                    },
                    {
                        "name": "CommentMarker",
                        "type": "String"
                    },
                    {
                        "name": "DataOrComment",
                        "type": "String"
                    }
                ],
                "typeProperties": {
                    "format": {
                        "type": "TextFormat",
                        "columnDelimiter": "|",
                        "rowDelimiter": "",
                        "treatEmptyAsNull": true,
                        "firstRowAsHeader": false
                    },
                    "fileName": "[parameters('nabsum_SummaryFile_ADLS_properties_typeProperties_fileName')]",
                    "folderPath": {
                        "value": "[parameters('nabsum_SummaryFile_ADLS_properties_typeProperties_folderPath')]",
                        "type": "Expression"
                    }
                }
            },
            "dependsOn": []
        },
        {
            "name": "[concat(parameters('factoryName'), '/Fda_OrangeBook_Exclusivity_ADLS')]",
            "type": "Microsoft.DataFactory/factories/datasets",
            "apiVersion": "2018-06-01",
            "properties": {
                "linkedServiceName": {
                    "referenceName": "ItemMaster_ADL",
                    "type": "LinkedServiceReference"
                },
                "parameters": {
                    "Path": {
                        "type": "String"
                    }
                },
                "folder": {
                    "name": "New folder"
                },
                "annotations": [],
                "type": "AzureDataLakeStoreFile",
                "structure": [
                    {
                        "name": "Appl_Type",
                        "type": "String"
                    },
                    {
                        "name": "Appl_No",
                        "type": "String"
                    },
                    {
                        "name": "Product_No",
                        "type": "String"
                    },
                    {
                        "name": "Exclusivity_Code",
                        "type": "String"
                    },
                    {
                        "name": "Exclusivity_Date",
                        "type": "String"
                    }
                ],
                "typeProperties": {
                    "format": {
                        "type": "TextFormat",
                        "columnDelimiter": "~",
                        "rowDelimiter": "",
                        "treatEmptyAsNull": true,
                        "skipLineCount": 0,
                        "firstRowAsHeader": true
                    },
                    "fileName": "[parameters('Fda_OrangeBook_Exclusivity_ADLS_properties_typeProperties_fileName')]",
                    "folderPath": {
                        "value": "[parameters('Fda_OrangeBook_Exclusivity_ADLS_properties_typeProperties_folderPath')]",
                        "type": "Expression"
                    }
                }
            },
            "dependsOn": []
        },
        {
            "name": "[concat(parameters('factoryName'), '/mf2tcgpi_TcGpiNameFile_ADLS')]",
            "type": "Microsoft.DataFactory/factories/datasets",
            "apiVersion": "2018-06-01",
            "properties": {
                "linkedServiceName": {
                    "referenceName": "ItemMaster_ADL",
                    "type": "LinkedServiceReference"
                },
                "parameters": {
                    "TargetPath": {
                        "type": "String"
                    }
                },
                "folder": {
                    "name": "New folder"
                },
                "annotations": [],
                "type": "AzureDataLakeStoreFile",
                "structure": [
                    {
                        "name": "tcgpi_id",
                        "type": "String"
                    },
                    {
                        "name": "record_type",
                        "type": "String"
                    },
                    {
                        "name": "tcgpi_name",
                        "type": "String"
                    },
                    {
                        "name": "tc_level_code",
                        "type": "String"
                    },
                    {
                        "name": "reserve",
                        "type": "String"
                    },
                    {
                        "name": "transaction_code",
                        "type": "String"
                    },
                    {
                        "name": "last_change_date",
                        "type": "String"
                    }
                ],
                "typeProperties": {
                    "format": {
                        "type": "TextFormat",
                        "columnDelimiter": "|",
                        "rowDelimiter": "",
                        "quoteChar": "\"",
                        "treatEmptyAsNull": true,
                        "firstRowAsHeader": false
                    },
                    "fileName": "[parameters('mf2tcgpi_TcGpiNameFile_ADLS_properties_typeProperties_fileName')]",
                    "folderPath": {
                        "value": "[parameters('mf2tcgpi_TcGpiNameFile_ADLS_properties_typeProperties_folderPath')]",
                        "type": "Expression"
                    }
                }
            },
            "dependsOn": []
        },
        {
            "name": "[concat(parameters('factoryName'), '/mf2gpr_GppcPriceFile_ADLS')]",
            "type": "Microsoft.DataFactory/factories/datasets",
            "apiVersion": "2018-06-01",
            "properties": {
                "linkedServiceName": {
                    "referenceName": "ItemMaster_ADL",
                    "type": "LinkedServiceReference"
                },
                "parameters": {
                    "TargetPath": {
                        "type": "String"
                    }
                },
                "folder": {
                    "name": "New folder"
                },
                "annotations": [],
                "type": "AzureDataLakeStoreFile",
                "structure": [
                    {
                        "name": "generic_product_pack_code",
                        "type": "String"
                    },
                    {
                        "name": "gppc_price_code",
                        "type": "String"
                    },
                    {
                        "name": "effective_date",
                        "type": "String"
                    },
                    {
                        "name": "unit_price_raw",
                        "type": "Int64"
                    },
                    {
                        "name": "reserve",
                        "type": "String"
                    },
                    {
                        "name": "transaction_code",
                        "type": "String"
                    },
                    {
                        "name": "last_change_date",
                        "type": "String"
                    }
                ],
                "typeProperties": {
                    "format": {
                        "type": "TextFormat",
                        "columnDelimiter": "|",
                        "rowDelimiter": "",
                        "quoteChar": "\"",
                        "treatEmptyAsNull": true,
                        "firstRowAsHeader": false
                    },
                    "fileName": "[parameters('mf2gpr_GppcPriceFile_ADLS_properties_typeProperties_fileName')]",
                    "folderPath": {
                        "value": "[parameters('mf2gpr_GppcPriceFile_ADLS_properties_typeProperties_folderPath')]",
                        "type": "Expression"
                    }
                }
            },
            "dependsOn": []
        },
        {
            "name": "[concat(parameters('factoryName'), '/mf2name_DrugNameFile_ADLS')]",
            "type": "Microsoft.DataFactory/factories/datasets",
            "apiVersion": "2018-06-01",
            "properties": {
                "linkedServiceName": {
                    "referenceName": "ItemMaster_ADL",
                    "type": "LinkedServiceReference"
                },
                "parameters": {
                    "TargetPath": {
                        "type": "String"
                    }
                },
                "folder": {
                    "name": "New folder"
                },
                "annotations": [],
                "type": "AzureDataLakeStoreFile",
                "structure": [
                    {
                        "name": "drug_descriptor_id",
                        "type": "Int32"
                    },
                    {
                        "name": "drug_name",
                        "type": "String"
                    },
                    {
                        "name": "route_of_administration",
                        "type": "String"
                    },
                    {
                        "name": "dosage_form",
                        "type": "String"
                    },
                    {
                        "name": "strength",
                        "type": "String"
                    },
                    {
                        "name": "strength_unit_of_measure",
                        "type": "String"
                    },
                    {
                        "name": "bioequivalence_code",
                        "type": "String"
                    },
                    {
                        "name": "controlled_substance_code",
                        "type": "String"
                    },
                    {
                        "name": "efficacy_code",
                        "type": "String"
                    },
                    {
                        "name": "legend_indicator_code",
                        "type": "String"
                    },
                    {
                        "name": "multi_source_code",
                        "type": "String"
                    },
                    {
                        "name": "brand_name_code",
                        "type": "String"
                    },
                    {
                        "name": "name_source_code",
                        "type": "String"
                    },
                    {
                        "name": "generic_product_identifier",
                        "type": "String"
                    },
                    {
                        "name": "kdc",
                        "type": "Int64"
                    },
                    {
                        "name": "new_drug_descriptor_identifier",
                        "type": "Int32"
                    },
                    {
                        "name": "screenable_flag",
                        "type": "String"
                    },
                    {
                        "name": "kdc_flag",
                        "type": "String"
                    },
                    {
                        "name": "local_systemic_flag",
                        "type": "String"
                    },
                    {
                        "name": "maintenance_drug_code",
                        "type": "String"
                    },
                    {
                        "name": "form_type_code",
                        "type": "String"
                    },
                    {
                        "name": "internal_external_code",
                        "type": "String"
                    },
                    {
                        "name": "single_combination_code",
                        "type": "String"
                    },
                    {
                        "name": "representative_gpi_flag",
                        "type": "String"
                    },
                    {
                        "name": "representative_kdc_flag",
                        "type": "String"
                    },
                    {
                        "name": "reserve",
                        "type": "String"
                    },
                    {
                        "name": "transaction_code",
                        "type": "String"
                    },
                    {
                        "name": "last_change_date",
                        "type": "String"
                    }
                ],
                "typeProperties": {
                    "format": {
                        "type": "TextFormat",
                        "columnDelimiter": "|",
                        "rowDelimiter": "",
                        "quoteChar": "\"",
                        "treatEmptyAsNull": true,
                        "firstRowAsHeader": false
                    },
                    "fileName": "[parameters('mf2name_DrugNameFile_ADLS_properties_typeProperties_fileName')]",
                    "folderPath": {
                        "value": "[parameters('mf2name_DrugNameFile_ADLS_properties_typeProperties_folderPath')]",
                        "type": "Expression"
                    }
                }
            },
            "dependsOn": []
        },
        {
            "name": "[concat(parameters('factoryName'), '/fgpsum_SummaryFile_ADLS')]",
            "type": "Microsoft.DataFactory/factories/datasets",
            "apiVersion": "2018-06-01",
            "properties": {
                "linkedServiceName": {
                    "referenceName": "ItemMaster_ADL",
                    "type": "LinkedServiceReference"
                },
                "parameters": {
                    "TargetPath": {
                        "type": "String"
                    }
                },
                "folder": {
                    "name": "New folder"
                },
                "annotations": [],
                "type": "AzureDataLakeStoreFile",
                "structure": [
                    {
                        "name": "record_type",
                        "type": "String"
                    },
                    {
                        "name": "reserve_1",
                        "type": "String"
                    },
                    {
                        "name": "sequence_number",
                        "type": "String"
                    },
                    {
                        "name": "reserve_2",
                        "type": "String"
                    },
                    {
                        "name": "comment_marker",
                        "type": "String"
                    },
                    {
                        "name": "data_comment",
                        "type": "String"
                    }
                ],
                "typeProperties": {
                    "format": {
                        "type": "TextFormat",
                        "columnDelimiter": "|",
                        "rowDelimiter": "\n",
                        "treatEmptyAsNull": true,
                        "firstRowAsHeader": false
                    },
                    "fileName": "[parameters('fgpsum_SummaryFile_ADLS_properties_typeProperties_fileName')]",
                    "folderPath": {
                        "value": "[parameters('fgpsum_SummaryFile_ADLS_properties_typeProperties_folderPath')]",
                        "type": "Expression"
                    }
                }
            },
            "dependsOn": []
        },
        {
            "name": "[concat(parameters('factoryName'), '/FDA_Recall_ADL')]",
            "type": "Microsoft.DataFactory/factories/datasets",
            "apiVersion": "2018-06-01",
            "properties": {
                "linkedServiceName": {
                    "referenceName": "ItemMaster_ADL",
                    "type": "LinkedServiceReference"
                },
                "parameters": {
                    "DirectoryPath": {
                        "type": "String"
                    },
                    "FilePath": {
                        "type": "String"
                    }
                },
                "folder": {
                    "name": "New folder"
                },
                "annotations": [],
                "type": "AzureDataLakeStoreFile",
                "typeProperties": {
                    "format": {
                        "type": "TextFormat",
                        "columnDelimiter": ",",
                        "rowDelimiter": "",
                        "nullValue": "\\N",
                        "treatEmptyAsNull": true,
                        "skipLineCount": 0,
                        "firstRowAsHeader": false
                    },
                    "fileName": {
                        "value": "[parameters('FDA_Recall_ADL_properties_typeProperties_fileName')]",
                        "type": "Expression"
                    },
                    "folderPath": {
                        "value": "[parameters('FDA_Recall_ADL_properties_typeProperties_folderPath')]",
                        "type": "Expression"
                    }
                }
            },
            "dependsOn": []
        },
        {
            "name": "[concat(parameters('factoryName'), '/UNSPSC_ADLS_Source')]",
            "type": "Microsoft.DataFactory/factories/datasets",
            "apiVersion": "2018-06-01",
            "properties": {
                "linkedServiceName": {
                    "referenceName": "ItemMaster_ADL",
                    "type": "LinkedServiceReference"
                },
                "parameters": {
                    "AdlPath": {
                        "type": "String"
                    },
                    "FileName": {
                        "type": "String"
                    }
                },
                "folder": {
                    "name": "New folder"
                },
                "annotations": [],
                "type": "AzureDataLakeStoreFile",
                "structure": [
                    {
                        "name": "Segment",
                        "type": "String"
                    },
                    {
                        "name": "Segment Title",
                        "type": "String"
                    },
                    {
                        "name": "Family",
                        "type": "String"
                    },
                    {
                        "name": "Family Tile",
                        "type": "String"
                    },
                    {
                        "name": "Class",
                        "type": "String"
                    },
                    {
                        "name": "Class Title",
                        "type": "String"
                    },
                    {
                        "name": "Key",
                        "type": "String"
                    },
                    {
                        "name": "Commodity",
                        "type": "String"
                    },
                    {
                        "name": "Commodity Title",
                        "type": "String"
                    },
                    {
                        "name": "Definition",
                        "type": "String"
                    },
                    {
                        "name": "Synonym",
                        "type": "String"
                    }
                ],
                "typeProperties": {
                    "format": {
                        "type": "TextFormat",
                        "columnDelimiter": "\t",
                        "rowDelimiter": "",
                        "nullValue": "\\N",
                        "treatEmptyAsNull": true,
                        "skipLineCount": 0,
                        "firstRowAsHeader": true
                    },
                    "fileName": {
                        "value": "[parameters('UNSPSC_ADLS_Source_properties_typeProperties_fileName')]",
                        "type": "Expression"
                    },
                    "folderPath": {
                        "value": "[parameters('UNSPSC_ADLS_Source_properties_typeProperties_folderPath')]",
                        "type": "Expression"
                    }
                }
            },
            "dependsOn": []
        },
        {
            "name": "[concat(parameters('factoryName'), '/HttpFile_FDA_Recall')]",
            "type": "Microsoft.DataFactory/factories/datasets",
            "apiVersion": "2018-06-01",
            "properties": {
                "linkedServiceName": {
                    "referenceName": "HttpServer_FDA",
                    "type": "LinkedServiceReference"
                },
                "parameters": {
                    "UrlPath": {
                        "type": "String",
                        "defaultValue": "/Safety/Recalls/ucm632955.htm"
                    }
                },
                "folder": {
                    "name": "New folder"
                },
                "annotations": [],
                "type": "HttpFile",
                "typeProperties": {
                    "format": {
                        "type": "TextFormat",
                        "columnDelimiter": ",",
                        "rowDelimiter": "",
                        "nullValue": "\\N",
                        "treatEmptyAsNull": true,
                        "skipLineCount": 0,
                        "firstRowAsHeader": false
                    },
                    "relativeUrl": {
                        "value": "@dataset().UrlPath",
                        "type": "Expression"
                    },
                    "requestMethod": "GET"
                }
            },
            "dependsOn": []
        },
        {
            "name": "[concat(parameters('factoryName'), '/ddacite_CitationFile_ADLS')]",
            "type": "Microsoft.DataFactory/factories/datasets",
            "apiVersion": "2018-06-01",
            "properties": {
                "linkedServiceName": {
                    "referenceName": "ItemMaster_ADL",
                    "type": "LinkedServiceReference"
                },
                "parameters": {
                    "TargetPath": {
                        "type": "String"
                    }
                },
                "folder": {
                    "name": "New folder"
                },
                "annotations": [],
                "type": "AzureDataLakeStoreFile",
                "structure": [
                    {
                        "name": "CitationId",
                        "type": "String"
                    },
                    {
                        "name": "TransactionCode",
                        "type": "String"
                    },
                    {
                        "name": "Citation",
                        "type": "String"
                    },
                    {
                        "name": "Reserve",
                        "type": "String"
                    }
                ],
                "typeProperties": {
                    "format": {
                        "type": "TextFormat",
                        "columnDelimiter": "|",
                        "rowDelimiter": "",
                        "nullValue": "",
                        "treatEmptyAsNull": true,
                        "firstRowAsHeader": false
                    },
                    "fileName": "[parameters('ddacite_CitationFile_ADLS_properties_typeProperties_fileName')]",
                    "folderPath": {
                        "value": "[parameters('ddacite_CitationFile_ADLS_properties_typeProperties_folderPath')]",
                        "type": "Expression"
                    }
                }
            },
            "dependsOn": []
        },
        {
            "name": "[concat(parameters('factoryName'), '/pb2sum_SummaryFile_ADLS')]",
            "type": "Microsoft.DataFactory/factories/datasets",
            "apiVersion": "2018-06-01",
            "properties": {
                "linkedServiceName": {
                    "referenceName": "ItemMaster_ADL",
                    "type": "LinkedServiceReference"
                },
                "parameters": {
                    "TargetPath": {
                        "type": "String"
                    }
                },
                "folder": {
                    "name": "New folder"
                },
                "annotations": [],
                "type": "AzureDataLakeStoreFile",
                "structure": [
                    {
                        "name": "RecordType",
                        "type": "String"
                    },
                    {
                        "name": "Reserve1",
                        "type": "String"
                    },
                    {
                        "name": "SequenceNumber",
                        "type": "String"
                    },
                    {
                        "name": "Reserve2",
                        "type": "String"
                    },
                    {
                        "name": "CommentMarker",
                        "type": "String"
                    },
                    {
                        "name": "DataComment",
                        "type": "String"
                    }
                ],
                "typeProperties": {
                    "format": {
                        "type": "TextFormat",
                        "columnDelimiter": "|",
                        "rowDelimiter": "\n",
                        "treatEmptyAsNull": true,
                        "firstRowAsHeader": false
                    },
                    "fileName": "[parameters('pb2sum_SummaryFile_ADLS_properties_typeProperties_fileName')]",
                    "folderPath": {
                        "value": "[parameters('pb2sum_SummaryFile_ADLS_properties_typeProperties_folderPath')]",
                        "type": "Expression"
                    }
                }
            },
            "dependsOn": []
        }
    ]
}