{
    "$schema": "https://schema.management.azure.com/schemas/2015-01-01/deploymentParameters.json#",
    "contentVersion": "1.0.0.0",
    "parameters": {
        "factoryName": {
            "value": "adf-ItemMaster-MasterData-Receive-prod"
        },
        "ItemMaster_ADL_servicePrincipalKey": {
            "value": ""
        },
        "ItemMaster_ADLA_servicePrincipalKey": {
            "value": ""
        },
        "ItemMasterStorageAcct_connectionString": {
            "value": ""
        },
        "CentralDataFactoryComponentStorageAccount_connectionString": {
            "value": ""
        },
        "CustomComponentAzureBatchLink_accessKey": {
            "value": ""
        },
        "External_Blob_accountKey": {
            "value": ""
        },
        "Ls_External_Blob_cogrxprod_connectionString": {
            "value": ""
        },
        "CognitiveRx_keyvault_properties_typeProperties_baseUrl": {
            "value": "https://kv-CognitiveRx-prod.vault.azure.net/"
        },
        "NationalWholesale_properties_typeProperties_connectionString_secretName": {
            "value": "Secret-ItemMaster-DB-NationalWholesaler"
        },
        "MasterDataSyncControl_properties_typeProperties_connectionString_secretName": {
            "value": "Secret-ItemMaster-DB-MasterDataSync"
        },
        "ItemMaster_properties_typeProperties_connectionString_secretName": {
            "value": "Secret-ItemMaster-DB-ItemMaster"
        },
        "CognitiveRx_properties_typeProperties_connectionString_secretName": {
            "value": "Secret-CogRX-DB-upmc"
        },
        "CognitiveRx_Configurable_properties_typeProperties_connectionString_secretName": {
            "value": "@linkedService().KeyVaultSecret"
        },
        "HttpServer_FDA_Http_AccessData_properties_typeProperties_url": {
            "value": "http://www.accessdata.fda.gov"
        },
        "HttpServer_FDA_Recall_AzureFunction_properties_typeProperties_url": {
            "value": "https://itemmasterfunctions-test.azurewebsites.net/api/FDARecallScreenScrape?code=zI2meUkMSOeFKRGCpoD9AXKyYQd7ilX65cops/kqRNMvM/UkFk4v4Q=="
        },
        "ItemMaster_ADL_properties_typeProperties_dataLakeStoreUri": {
            "value": "https://stitemmasterprod.azuredatalakestore.net/webhdfs/v1"
        },
        "ItemMaster_ADL_properties_typeProperties_servicePrincipalId": {
            "value": "bbb1bd37-904d-4528-8a28-52dedf7fe9db"
        },
        "ItemMaster_ADL_properties_typeProperties_tenant": {
            "value": "b110eddf-23ae-457c-a6f3-734d592b2847"
        },
        "ItemMaster_ADL_properties_typeProperties_subscriptionId": {
            "value": "d0521c58-92af-4b80-9809-8cd793aa9393"
        },
        "ItemMaster_ADL_properties_typeProperties_resourceGroupName": {
            "value": "CognitiveRx-PROD"
        },
        "ItemMaster_ADLA_properties_typeProperties_accountName": {
            "value": "dlaitemmasterprod"
        },
        "ItemMaster_ADLA_properties_typeProperties_servicePrincipalId": {
            "value": "bbb1bd37-904d-4528-8a28-52dedf7fe9db"
        },
        "ItemMaster_ADLA_properties_typeProperties_tenant": {
            "value": "b110eddf-23ae-457c-a6f3-734d592b2847"
        },
        "ItemMaster_ADLA_properties_typeProperties_subscriptionId": {
            "value": "d0521c58-92af-4b80-9809-8cd793aa9393"
        },
        "ItemMaster_ADLA_properties_typeProperties_resourceGroupName": {
            "value": "CognitiveRx-PROD"
        },
        "FdaFTPConnectionForGUDID_properties_typeProperties_host": {
            "value": "ftp://public.nlm.nih.gov"
        },
        "HttpServer_FDA_properties_typeProperties_url": {
            "value": "https://www.fda.gov"
        },
        "HttpServer_FDA_Https_AccessData_properties_typeProperties_url": {
            "value": "https://www.accessdata.fda.gov"
        },
        "ItemMasterSqlServer_properties_typeProperties_connectionString_secretName": {
            "value": "Secret-ItemMaster-DB-ItemMaster"
        },
        "AzureFunction_Recall_properties_typeProperties_functionAppUrl": {
            "value": "https://itemmasterfunctions-pre-stg.azurewebsites.net"
        },
        "CustomComponentAzureBatchLink_properties_typeProperties_batchUri": {
            "value": "https://batcognitiverxbatchprod.eastus.batch.azure.com"
        },
        "CustomComponentAzureBatchLink_properties_typeProperties_poolName": {
            "value": "pensbatchpoolpre"
        },
        "CustomComponentAzureBatchLink_properties_typeProperties_accountName": {
            "value": "batcognitiverxbatchprod"
        },
        "External_Blob_properties_typeProperties_url": {
            "value": "https://stcogrxexternalprod.dfs.core.windows.net"
        },
        "FDA_Orange_Book_Pull_Trigger_properties_FdaOrangeBookFiles_Pull_parameters_AdlPath": {
            "value": "/dev/ItemMaster/FDA/OrangeBook"
        },
        "FdaProductCode_Pull_Trigger_properties_FdaProductCode_Pull_parameters_AdlPath": {
            "value": "/dev/ItemMaster/FDA/ProductCodeClassification"
        },
        "t_e_WkData_properties_ReceiveWoltersKluwerPharmacyPipeline_parameters_TargetPath": {
            "value": "/prod/ItemMaster/WoltersKluwer/Pharmacy"
        },
        "t_e_WkData_properties_ReceiveWoltersKluwerPharmacyPipeline_parameters_TriggerFile": {
            "value": "@triggerBody().fileName"
        },
        "t_e_WkData_properties_typeProperties_scope": {
            "value": "/subscriptions/d0521c58-92af-4b80-9809-8cd793aa9393/resourceGroups/CognitiveRx-PROD/providers/Microsoft.Storage/storageAccounts/stcogrxexternalprod"
        },
        "Fda_ProductCode_MetaData_ADL_properties_typeProperties_folderPath": {
            "value": "@dataset().Path"
        },
        "ddasum_SummaryFile_ADLS_properties_typeProperties_fileName": {
            "value": "DDASUM.txt"
        },
        "ddasum_SummaryFile_ADLS_properties_typeProperties_folderPath": {
            "value": "@dataset().TargetPath"
        },
        "fgpcopy_CopyrightFile_ADLS_properties_typeProperties_fileName": {
            "value": "FGPCOPY"
        },
        "fgpcopy_CopyrightFile_ADLS_properties_typeProperties_folderPath": {
            "value": "@dataset().TargetPath"
        },
        "mf2prc_NdcPriceFile_ADLS_properties_typeProperties_fileName": {
            "value": "MF2PRC"
        },
        "mf2prc_NdcPriceFile_ADLS_properties_typeProperties_folderPath": {
            "value": "@dataset().TargetPath"
        },
        "mf2rte_RouteFile_ADLS_properties_typeProperties_fileName": {
            "value": "MF2RTE"
        },
        "mf2rte_RouteFile_ADLS_properties_typeProperties_folderPath": {
            "value": "@dataset().TargetPath"
        },
        "ddatcit_TextCitationFile_ADLS_properties_typeProperties_fileName": {
            "value": "DDATCIT.txt"
        },
        "ddatcit_TextCitationFile_ADLS_properties_typeProperties_folderPath": {
            "value": "@dataset().TargetPath"
        },
        "ahfval_ValidationTranslationFile_ADLS_properties_typeProperties_fileName": {
            "value": "AHFVAL"
        },
        "ahfval_ValidationTranslationFile_ADLS_properties_typeProperties_folderPath": {
            "value": "@dataset().TargetPath"
        },
        "mf2lab_LabelerFile_ADLS_properties_typeProperties_fileName": {
            "value": "MF2LAB"
        },
        "mf2lab_LabelerFile_ADLS_properties_typeProperties_folderPath": {
            "value": "@dataset().TargetPath"
        },
        "nabidlnk_ExternalDrugIdentifierToApplicationNumberLinkFile_ADLS_properties_typeProperties_fileName": {
            "value": "NABIDLNK"
        },
        "nabidlnk_ExternalDrugIdentifierToApplicationNumberLinkFile_ADLS_properties_typeProperties_folderPath": {
            "value": "@dataset().TargetPath"
        },
        "fgpfile_FederalGovernmentPricesFile_ADLS_properties_typeProperties_fileName": {
            "value": "FGPFILE"
        },
        "fgpfile_FederalGovernmentPricesFile_ADLS_properties_typeProperties_folderPath": {
            "value": "@dataset().TargetPath"
        },
        "ddatext_TextFile_ADLS_properties_typeProperties_fileName": {
            "value": "DDATEXT.txt"
        },
        "ddatext_TextFile_ADLS_properties_typeProperties_folderPath": {
            "value": "@dataset().TargetPath"
        },
        "Fda_PatentUseCodes_ADLS_properties_typeProperties_fileName": {
            "value": "FDAPatent UseCodes.csv"
        },
        "Fda_PatentUseCodes_ADLS_properties_typeProperties_folderPath": {
            "value": "@dataset().Path"
        },
        "ddadtxt_GpiDoseTextFile_ADLS_properties_typeProperties_fileName": {
            "value": "DDADTXT.txt"
        },
        "ddadtxt_GpiDoseTextFile_ADLS_properties_typeProperties_folderPath": {
            "value": "@dataset().TargetPath"
        },
        "mf2dict_DataDictionaryFile_ADLS_properties_typeProperties_fileName": {
            "value": "MF2DICT"
        },
        "mf2dict_DataDictionaryFile_ADLS_properties_typeProperties_folderPath": {
            "value": "@dataset().TargetPath"
        },
        "ahfcopy_CopyrightFile_ADLS_properties_typeProperties_fileName": {
            "value": "AHFCOPY"
        },
        "ahfcopy_CopyrightFile_ADLS_properties_typeProperties_folderPath": {
            "value": "@dataset().TargetPath"
        },
        "mf2set_DrugConceptIDtoIngredientSetIdFile_ADLS_properties_typeProperties_fileName": {
            "value": "MF2SET"
        },
        "mf2set_DrugConceptIDtoIngredientSetIdFile_ADLS_properties_typeProperties_folderPath": {
            "value": "@dataset().TargetPath"
        },
        "FDA_Recall_Information_ADL_properties_typeProperties_fileName": {
            "value": "@dataset().Filename"
        },
        "FDA_Recall_Information_ADL_properties_typeProperties_folderPath": {
            "value": "@dataset().FilePath"
        },
        "mf2sec_SecondaryAlternateIdFile_ADLS_properties_typeProperties_fileName": {
            "value": "MF2SEC"
        },
        "mf2sec_SecondaryAlternateIdFile_ADLS_properties_typeProperties_folderPath": {
            "value": "@dataset().TargetPath"
        },
        "Fda_ExclusivityCodes_source_properties_typeProperties_fileName": {
            "value": "FdaExclusivityCodes.csv"
        },
        "Fda_ExclusivityCodes_source_properties_typeProperties_folderPath": {
            "value": "@dataset().Path"
        },
        "ahfsum_SummaryFile_ADLS_properties_typeProperties_fileName": {
            "value": "AHFSUM"
        },
        "ahfsum_SummaryFile_ADLS_properties_typeProperties_folderPath": {
            "value": "@dataset().TargetPath"
        },
        "nabidmnf_ExternalDrugIdentifierToManufacturerReportedApplicationNumberFile_ADLS_properties_typeProperties_fileName": {
            "value": "NABIDMNF"
        },
        "nabidmnf_ExternalDrugIdentifierToManufacturerReportedApplicationNumberFile_ADLS_properties_typeProperties_folderPath": {
            "value": "@dataset().TargetPath"
        },
        "mf2gppc_GppcFile_ADLS_properties_typeProperties_fileName": {
            "value": "MF2GPPC"
        },
        "mf2gppc_GppcFile_ADLS_properties_typeProperties_folderPath": {
            "value": "@dataset().TargetPath"
        },
        "mf2ndcm_NdcModifierFile_ADLS_properties_typeProperties_fileName": {
            "value": "MF2NDCM"
        },
        "mf2ndcm_NdcModifierFile_ADLS_properties_typeProperties_folderPath": {
            "value": "@dataset().TargetPath"
        },
        "mf2drgnm_SdiDrugNameFile_ADLS_properties_typeProperties_fileName": {
            "value": "MF2DRGNM"
        },
        "mf2drgnm_SdiDrugNameFile_ADLS_properties_typeProperties_folderPath": {
            "value": "@dataset().TargetPath"
        },
        "Fda_OrangeBook_Patent_ADLS_properties_typeProperties_fileName": {
            "value": "patent.txt"
        },
        "Fda_OrangeBook_Patent_ADLS_properties_typeProperties_folderPath": {
            "value": "@dataset().Path"
        },
        "pb2read_ReadMeFile_ADLS_properties_typeProperties_fileName": {
            "value": "PB2READ"
        },
        "pb2read_ReadMeFile_ADLS_properties_typeProperties_folderPath": {
            "value": "@dataset().TargetPath"
        },
        "nabdict_DataDictionaryFile_ADLS_properties_typeProperties_fileName": {
            "value": "NABDICT"
        },
        "nabdict_DataDictionaryFile_ADLS_properties_typeProperties_folderPath": {
            "value": "@dataset().TargetPath"
        },
        "fgpfuld_AcaFulDetailsFile_ADLS_properties_typeProperties_fileName": {
            "value": "FGPFULD"
        },
        "fgpfuld_AcaFulDetailsFile_ADLS_properties_typeProperties_folderPath": {
            "value": "@dataset().TargetPath"
        },
        "ahfdrug_AhfsDrugConceptFile_ADLS_properties_typeProperties_fileName": {
            "value": "AHFDRUG"
        },
        "ahfdrug_AhfsDrugConceptFile_ADLS_properties_typeProperties_folderPath": {
            "value": "@dataset().TargetPath"
        },
        "mf2mod_ModifierFile_ADLS_properties_typeProperties_fileName": {
            "value": "MF2MOD"
        },
        "mf2mod_ModifierFile_ADLS_properties_typeProperties_folderPath": {
            "value": "@dataset().TargetPath"
        },
        "MF2_NdcIngredients_ADLA_properties_typeProperties_fileName": {
            "value": "NdcIngredients.txt"
        },
        "MF2_NdcIngredients_ADLA_properties_typeProperties_folderPath": {
            "value": "@dataset().TargetPath"
        },
        "ddacopy_CopyrightFile_ADLS_properties_typeProperties_fileName": {
            "value": "DDACOPY.txt"
        },
        "ddacopy_CopyrightFile_ADLS_properties_typeProperties_folderPath": {
            "value": "@dataset().TargetPath"
        },
        "mf2dfdrg_DrugDoseFormFile_ADLS_properties_typeProperties_fileName": {
            "value": "MF2DFDRG"
        },
        "mf2dfdrg_DrugDoseFormFile_ADLS_properties_typeProperties_folderPath": {
            "value": "@dataset().TargetPath"
        },
        "mf2rtdf_RoutedDrugFormFile_ADLS_properties_typeProperties_fileName": {
            "value": "MF2RTDF"
        },
        "mf2rtdf_RoutedDrugFormFile_ADLS_properties_typeProperties_folderPath": {
            "value": "@dataset().TargetPath"
        },
        "nabval_ValidationTranslationFile_ADLS_properties_typeProperties_fileName": {
            "value": "NABVAL"
        },
        "nabval_ValidationTranslationFile_ADLS_properties_typeProperties_folderPath": {
            "value": "@dataset().TargetPath"
        },
        "mf2read_ReadMeFile_ALDS_properties_typeProperties_fileName": {
            "value": "MF2READ"
        },
        "mf2read_ReadMeFile_ALDS_properties_typeProperties_folderPath": {
            "value": "@dataset().TargetPath"
        },
        "pb2copy_CopyrightFile_ADLS_properties_typeProperties_fileName": {
            "value": "PB2COPY"
        },
        "pb2copy_CopyrightFile_ADLS_properties_typeProperties_folderPath": {
            "value": "@dataset().TargetPath"
        },
        "Fda_MAUDE_patient_ADL_properties_typeProperties_fileName": {
            "value": "@dataset().Filename"
        },
        "Fda_MAUDE_patient_ADL_properties_typeProperties_folderPath": {
            "value": "@dataset().Path"
        },
        "Fda_ProductCode_ADL_properties_typeProperties_fileName": {
            "value": "@dataset().Filename"
        },
        "Fda_ProductCode_ADL_properties_typeProperties_folderPath": {
            "value": "@dataset().Path"
        },
        "fgpnadd_NadacDetailsFile_ADLS_properties_typeProperties_fileName": {
            "value": "FGPNADD"
        },
        "fgpnadd_NadacDetailsFile_ADLS_properties_typeProperties_folderPath": {
            "value": "@dataset().TargetPath"
        },
        "ddadpp_DosingPatientProfile_ADLS_properties_typeProperties_fileName": {
            "value": "DDADPP.txt"
        },
        "ddadpp_DosingPatientProfile_ADLS_properties_typeProperties_folderPath": {
            "value": "@dataset().TargetPath"
        },
        "mf2stuom_StrengthStrengthUnitOfMeasureFile_ADLS_properties_typeProperties_fileName": {
            "value": "MF2STUOM"
        },
        "mf2stuom_StrengthStrengthUnitOfMeasureFile_ADLS_properties_typeProperties_folderPath": {
            "value": "@dataset().TargetPath"
        },
        "ddarte_RouteFile_ADLS_properties_typeProperties_fileName": {
            "value": "DDARTE.txt"
        },
        "ddarte_RouteFile_ADLS_properties_typeProperties_folderPath": {
            "value": "@dataset().TargetPath"
        },
        "mf2ndc_FormattedNdc_ADLS_properties_typeProperties_fileName": {
            "value": "MF2NDC_FormattedNdc.txt"
        },
        "mf2ndc_FormattedNdc_ADLS_properties_typeProperties_folderPath": {
            "value": "@dataset().TargetPath"
        },
        "fda_gudid_ADLDestinationDataset_properties_typeProperties_folderPath": {
            "value": "@dataset().Path"
        },
        "fgpdict_DataDictionaryFile_ADLS_properties_typeProperties_fileName": {
            "value": "FGPDICT"
        },
        "fgpdict_DataDictionaryFile_ADLS_properties_typeProperties_folderPath": {
            "value": "@dataset().TargetPath"
        },
        "fda_gudid_FTPDataset_properties_typeProperties_fileName": {
            "value": "@dataset().FileName"
        },
        "fda_gudid_FTPDataset_properties_typeProperties_folderPath": {
            "value": "@dataset().Path"
        },
        "pb2ncn_PayAllowLimitNotOtherwiseClassifiedNotesFile_ADLS_properties_typeProperties_fileName": {
            "value": "PB2NCN"
        },
        "pb2ncn_PayAllowLimitNotOtherwiseClassifiedNotesFile_ADLS_properties_typeProperties_folderPath": {
            "value": "@dataset().TargetPath"
        },
        "Fda_MAUDE_text_ADL_properties_typeProperties_fileName": {
            "value": "foitextAdd.txt.Extract.txt"
        },
        "Fda_MAUDE_text_ADL_properties_typeProperties_folderPath": {
            "value": "dev/ItemMaster/FDA/MAUDE/2019/02/20"
        },
        "ddaval_ValidationTranslationFile_ADLS_properties_typeProperties_fileName": {
            "value": "DDAVAL.txt"
        },
        "ddaval_ValidationTranslationFile_ADLS_properties_typeProperties_folderPath": {
            "value": "@dataset().TargetPath"
        },
        "ddadict_DataDictionaryFile_ADLS_properties_typeProperties_fileName": {
            "value": "DDADICT.txt"
        },
        "ddadict_DataDictionaryFile_ADLS_properties_typeProperties_folderPath": {
            "value": "@dataset().TargetPath"
        },
        "nabidsum_ExternalDrugIdentifierApplicationNumberSummaryFile_ADLS_properties_typeProperties_fileName": {
            "value": "NABIDSUM"
        },
        "nabidsum_ExternalDrugIdentifierApplicationNumberSummaryFile_ADLS_properties_typeProperties_folderPath": {
            "value": "@dataset().TargetPath"
        },
        "Fda_MAUDE_mdrfoi_ADL_properties_typeProperties_fileName": {
            "value": "@dataset().Filename"
        },
        "Fda_MAUDE_mdrfoi_ADL_properties_typeProperties_folderPath": {
            "value": "@dataset().Path"
        },
        "pb2mcaf_MediSpanCustomizedFile_ADLS_properties_typeProperties_fileName": {
            "value": "PB2MCAF"
        },
        "pb2mcaf_MediSpanCustomizedFile_ADLS_properties_typeProperties_folderPath": {
            "value": "@dataset().TargetPath"
        },
        "UNSPSC_ADLS_properties_typeProperties_fileName": {
            "value": "@dataset().FileName"
        },
        "UNSPSC_ADLS_properties_typeProperties_folderPath": {
            "value": "@dataset().AdlPath"
        },
        "mf2val_ValidationTranslationFile_ADLS_properties_typeProperties_fileName": {
            "value": "MF2VAL"
        },
        "mf2val_ValidationTranslationFile_ADLS_properties_typeProperties_folderPath": {
            "value": "@dataset().TargetPath"
        },
        "pb2noc_PayAllowLimitNotOtherwiseClassifiedFile_ADLS_properties_typeProperties_fileName": {
            "value": "PB2NOC"
        },
        "pb2noc_PayAllowLimitNotOtherwiseClassifiedFile_ADLS_properties_typeProperties_folderPath": {
            "value": "@dataset().TargetPath"
        },
        "ahfcon_ConceptTypeFile_ADLS_properties_typeProperties_fileName": {
            "value": "AHFCON"
        },
        "ahfcon_ConceptTypeFile_ADLS_properties_typeProperties_folderPath": {
            "value": "@dataset().TargetPath"
        },
        "pb2val_ValidationTranslationFile_ADLS_properties_typeProperties_fileName": {
            "value": "PB2VAL"
        },
        "pb2val_ValidationTranslationFile_ADLS_properties_typeProperties_folderPath": {
            "value": "@dataset().TargetPath"
        },
        "pb2xref_NdcHcpcsCrossReferenceFile_ALDS_properties_typeProperties_fileName": {
            "value": "PB2XREF"
        },
        "pb2xref_NdcHcpcsCrossReferenceFile_ALDS_properties_typeProperties_folderPath": {
            "value": "@dataset().TargetPath"
        },
        "mf2drg_DispensableDrugFile_ADLS_properties_typeProperties_fileName": {
            "value": "MF2DRG"
        },
        "mf2drg_DispensableDrugFile_ADLS_properties_typeProperties_folderPath": {
            "value": "@dataset().TargetPath"
        },
        "nabsum_SummaryFile_ADLS_properties_typeProperties_fileName": {
            "value": "NABSUM"
        },
        "nabsum_SummaryFile_ADLS_properties_typeProperties_folderPath": {
            "value": "@dataset().TargetPath"
        },
        "Fda_OrangeBook_Exclusivity_ADLS_properties_typeProperties_fileName": {
            "value": "exclusivity.txt"
        },
        "Fda_OrangeBook_Exclusivity_ADLS_properties_typeProperties_folderPath": {
            "value": "@dataset().Path"
        },
        "mf2tcgpi_TcGpiNameFile_ADLS_properties_typeProperties_fileName": {
            "value": "MF2TCGPI"
        },
        "mf2tcgpi_TcGpiNameFile_ADLS_properties_typeProperties_folderPath": {
            "value": "@dataset().TargetPath"
        },
        "mf2gpr_GppcPriceFile_ADLS_properties_typeProperties_fileName": {
            "value": "MF2GPR"
        },
        "mf2gpr_GppcPriceFile_ADLS_properties_typeProperties_folderPath": {
            "value": "@dataset().TargetPath"
        },
        "mf2name_DrugNameFile_ADLS_properties_typeProperties_fileName": {
            "value": "MF2NAME"
        },
        "mf2name_DrugNameFile_ADLS_properties_typeProperties_folderPath": {
            "value": "@dataset().TargetPath"
        },
        "fgpsum_SummaryFile_ADLS_properties_typeProperties_fileName": {
            "value": "FGPSUM"
        },
        "fgpsum_SummaryFile_ADLS_properties_typeProperties_folderPath": {
            "value": "@dataset().TargetPath"
        },
        "FDA_Recall_ADL_properties_typeProperties_fileName": {
            "value": "@dataset().FilePath"
        },
        "FDA_Recall_ADL_properties_typeProperties_folderPath": {
            "value": "@dataset().DirectoryPath"
        },
        "UNSPSC_ADLS_Source_properties_typeProperties_fileName": {
            "value": "@dataset().FileName"
        },
        "UNSPSC_ADLS_Source_properties_typeProperties_folderPath": {
            "value": "@dataset().AdlPath"
        },
        "ddacite_CitationFile_ADLS_properties_typeProperties_fileName": {
            "value": "DDACITE.txt"
        },
        "ddacite_CitationFile_ADLS_properties_typeProperties_folderPath": {
            "value": "@dataset().TargetPath"
        },
        "pb2sum_SummaryFile_ADLS_properties_typeProperties_fileName": {
            "value": "PB2SUM"
        },
        "pb2sum_SummaryFile_ADLS_properties_typeProperties_folderPath": {
            "value": "@dataset().TargetPath"
        },
        "nabcopy_CopyrightFile_ADLS_properties_typeProperties_fileName": {
            "value": "NABCOPY"
        },
        "nabcopy_CopyrightFile_ADLS_properties_typeProperties_folderPath": {
            "value": "@dataset().TargetPath"
        },
        "ddauom_UnitOfMeasureFile_ADLS_properties_typeProperties_fileName": {
            "value": "DDAUOM.txt"
        },
        "ddauom_UnitOfMeasureFile_ADLS_properties_typeProperties_folderPath": {
            "value": "@dataset().TargetPath"
        },
        "mf2sum_SummaryFile_ADLS_properties_typeProperties_fileName": {
            "value": "MF2SUM"
        },
        "mf2sum_SummaryFile_ADLS_properties_typeProperties_folderPath": {
            "value": "@dataset().TargetPath"
        },
        "mf2copy_CopyrightFile_ADLS_properties_typeProperties_fileName": {
            "value": "MF2COPY"
        },
        "mf2copy_CopyrightFile_ADLS_properties_typeProperties_folderPath": {
            "value": "@dataset().TargetPath"
        },
        "Fda_OrangeBook_Products_ADLS_properties_typeProperties_fileName": {
            "value": "products.txt"
        },
        "Fda_OrangeBook_Products_ADLS_properties_typeProperties_folderPath": {
            "value": "@dataset().Path"
        },
        "Fda_PatentUseCodes_Source_properties_typeProperties_fileName": {
            "value": "FDAPatent UseCodes.csv"
        },
        "Fda_PatentUseCodes_Source_properties_typeProperties_folderPath": {
            "value": "@dataset().Path"
        },
        "pb2lmn_PaymentAllowanceLimitNotesFile_ADLS_properties_typeProperties_fileName": {
            "value": "PB2LMN"
        },
        "pb2lmn_PaymentAllowanceLimitNotesFile_ADLS_properties_typeProperties_folderPath": {
            "value": "@dataset().TargetPath"
        },
        "mf2idrg_IngredientDrugFile_ADLS_properties_typeProperties_fileName": {
            "value": "MF2IDRG"
        },
        "mf2idrg_IngredientDrugFile_ADLS_properties_typeProperties_folderPath": {
            "value": "@dataset().TargetPath"
        },
        "ahfdesc_AhfsCodeDescriptionFile_ADLS_properties_typeProperties_fileName": {
            "value": "AHFDESC"
        },
        "ahfdesc_AhfsCodeDescriptionFile_ADLS_properties_typeProperties_folderPath": {
            "value": "@dataset().TargetPath"
        },
        "Fda_MAUDE_foidev_ADL_properties_typeProperties_fileName": {
            "value": "@dataset().Filename"
        },
        "Fda_MAUDE_foidev_ADL_properties_typeProperties_folderPath": {
            "value": "@dataset().Path"
        },
        "pb2dict_DataDictionaryFile_ADLS_properties_typeProperties_fileName": {
            "value": "PB2DICT"
        },
        "pb2dict_DataDictionaryFile_ADLS_properties_typeProperties_folderPath": {
            "value": "@dataset().TargetPath"
        },
        "mf2rtdrg_RoutedDrugFile_ADLS_properties_typeProperties_fileName": {
            "value": "MF2RTDRG"
        },
        "mf2rtdrg_RoutedDrugFile_ADLS_properties_typeProperties_folderPath": {
            "value": "@dataset().TargetPath"
        },
        "ddaread_ReadMeFile_ADLS_properties_typeProperties_fileName": {
            "value": "DDAREAD.txt"
        },
        "ddaread_ReadMeFile_ADLS_properties_typeProperties_folderPath": {
            "value": "@dataset().TargetPath"
        },
        "mf2str_IngredientIdToDrugStrengthFile_ADLS_properties_typeProperties_fileName": {
            "value": "MF2STR"
        },
        "mf2str_IngredientIdToDrugStrengthFile_ADLS_properties_typeProperties_folderPath": {
            "value": "@dataset().TargetPath"
        },
        "nabread_ReadMeFile_ADLS_properties_typeProperties_fileName": {
            "value": "NABREAD"
        },
        "nabread_ReadMeFile_ADLS_properties_typeProperties_folderPath": {
            "value": "@dataset().TargetPath"
        },
        "mf2rnm_ReferenceNameFile_ADLS_properties_typeProperties_fileName": {
            "value": "MF2RNM"
        },
        "mf2rnm_ReferenceNameFile_ADLS_properties_typeProperties_folderPath": {
            "value": "@dataset().TargetPath"
        },
        "fgpval_ValidationTranslationFile_ADLS_properties_typeProperties_fileName": {
            "value": "FGPVAL"
        },
        "fgpval_ValidationTranslationFile_ADLS_properties_typeProperties_folderPath": {
            "value": "@dataset().TargetPath"
        },
        "ahfdict_DataDictionaryFile_ADLS_properties_typeProperties_fileName": {
            "value": "AHFDICT"
        },
        "ahfdict_DataDictionaryFile_ADLS_properties_typeProperties_folderPath": {
            "value": "@dataset().TargetPath"
        },
        "UNSPSC_Extract_properties_typeProperties_fileName": {
            "value": "@dataset().ExtractFileName"
        },
        "UNSPSC_Extract_properties_typeProperties_folderPath": {
            "value": "@dataset().AdlPath"
        },
        "pb2lim_PaymentAllowanceLimitFile_ADLS_properties_typeProperties_fileName": {
            "value": "PB2LIM"
        },
        "pb2lim_PaymentAllowanceLimitFile_ADLS_properties_typeProperties_folderPath": {
            "value": "@dataset().TargetPath"
        },
        "mf2desc_DescriptionFile_ADLS_properties_typeProperties_fileName": {
            "value": "MF2DESC"
        },
        "mf2desc_DescriptionFile_ADLS_properties_typeProperties_folderPath": {
            "value": "@dataset().TargetPath"
        },
        "ddaauom_AlternateUnitOfMeasureFile_ADLS_properties_typeProperties_fileName": {
            "value": "DDAAUOM.txt"
        },
        "ddaauom_AlternateUnitOfMeasureFile_ADLS_properties_typeProperties_folderPath": {
            "value": "@dataset().TargetPath"
        },
        "fgpabex_GovernmentAberrantAndExplanationCodeFile_ADLS_properties_typeProperties_fileName": {
            "value": "FGPABEX"
        },
        "fgpabex_GovernmentAberrantAndExplanationCodeFile_ADLS_properties_typeProperties_folderPath": {
            "value": "@dataset().TargetPath"
        },
        "mf2frm_DoseFormFile_ADLS_properties_typeProperties_fileName": {
            "value": "MF2FRM"
        },
        "mf2frm_DoseFormFile_ADLS_properties_typeProperties_folderPath": {
            "value": "@dataset().TargetPath"
        },
        "mf2ndc_NdcFile_ADLS_properties_typeProperties_fileName": {
            "value": "MF2NDC"
        },
        "mf2ndc_NdcFile_ADLS_properties_typeProperties_folderPath": {
            "value": "@dataset().TargetPath"
        },
        "ddadose_GpiDoseFile_ADLS_properties_typeProperties_fileName": {
            "value": "DDADOSE.txt"
        },
        "ddadose_GpiDoseFile_ADLS_properties_typeProperties_folderPath": {
            "value": "@dataset().TargetPath"
        },
        "fgpread_ReadMeFile_ADLS_properties_typeProperties_fileName": {
            "value": "FGPREAD"
        },
        "fgpread_ReadMeFile_ADLS_properties_typeProperties_folderPath": {
            "value": "@dataset().TargetPath"
        },
        "Fda_ExclusivityCodes_ADLS_properties_typeProperties_fileName": {
            "value": "FdaExclusivityCodes.csv"
        },
        "Fda_ExclusivityCodes_ADLS_properties_typeProperties_folderPath": {
            "value": "@dataset().Path"
        },
        "ahfread_ReadMeFile_ADLS_properties_typeProperties_fileName": {
            "value": "AHFREAD"
        },
        "ahfread_ReadMeFile_ADLS_properties_typeProperties_folderPath": {
            "value": "@dataset().TargetPath"
        },
        "mf2ings_IngredientSetIdToIngredientIdFile_ADLS_properties_typeProperties_fileName": {
            "value": "MF2INGS"
        },
        "mf2ings_IngredientSetIdToIngredientIdFile_ADLS_properties_typeProperties_folderPath": {
            "value": "@dataset().TargetPath"
        },
        "fda_gudid_MetaDataItemMasterStorageAcct_properties_typeProperties_fileName": {
            "value": ""
        },
        "fda_gudid_MetaDataItemMasterStorageAcct_properties_typeProperties_folderPath": {
            "value": "@dataset().Path"
        },
        "ItemMasterStorageAcct_DeleteFilePath_properties_typeProperties_folderPath": {
            "value": "@dataset().Path"
        },
        "fda_gudid_ZipFolderSourceDataset_properties_typeProperties_fileName": {
            "value": "@dataset().FileName"
        },
        "fda_gudid_ZipFolderSourceDataset_properties_typeProperties_folderPath": {
            "value": "@dataset().Path"
        },
        "ItemMasterStorageAcct_DeleteFolderPath_properties_typeProperties_folderPath": {
            "value": "@dataset().Path"
        },
        "fda_gudid_ItemMasterStorageAcct_properties_typeProperties_folderPath": {
            "value": "@dataset().Path"
        },
        "containerUri": {
            "value": ""
        },
        "containerSasToken": {
            "value": ""
        }
    }
}