{
    "$schema": "http://schema.management.azure.com/schemas/2015-01-01/deploymentTemplate.json#",
    "contentVersion": "1.0.0.0",
    "parameters": {
        "factoryName": {
            "type": "string",
            "metadata": "Data Factory name",
            "defaultValue": "adf-ItemMaster-MasterData-Receive-prod"
        }
    },
    "variables": {
        "factoryId": "[concat('Microsoft.DataFactory/factories/', parameters('factoryName'))]"
    },
    "resources": [
        {
            "name": "[concat(parameters('factoryName'), '/fgpabex_GovernmentAberrantAndExplanationCodeFile_SQL')]",
            "type": "Microsoft.DataFactory/factories/datasets",
            "apiVersion": "2018-06-01",
            "properties": {
                "linkedServiceName": {
                    "referenceName": "ItemMasterSqlServer",
                    "type": "LinkedServiceReference"
                },
                "folder": {
                    "name": "New folder"
                },
                "annotations": [],
                "type": "AzureSqlTable",
                "structure": [
                    {
                        "name": "price_type",
                        "type": "String"
                    },
                    {
                        "name": "aberrant_explanation_code",
                        "type": "String"
                    },
                    {
                        "name": "transaction_cd",
                        "type": "String"
                    },
                    {
                        "name": "aberrant_explanation_code_desc",
                        "type": "String"
                    }
                ],
                "typeProperties": {
                    "tableName": "[[rawWK].[fgpabex_GovernmentAberrantAndExplanationCodeFile]"
                }
            },
            "dependsOn": []
        },
        {
            "name": "[concat(parameters('factoryName'), '/ItemMaster_NoTable_SQL')]",
            "type": "Microsoft.DataFactory/factories/datasets",
            "apiVersion": "2018-06-01",
            "properties": {
                "linkedServiceName": {
                    "referenceName": "ItemMasterSqlServer",
                    "type": "LinkedServiceReference"
                },
                "folder": {
                    "name": "New folder"
                },
                "annotations": [],
                "type": "AzureSqlTable",
                "schema": [],
                "typeProperties": {}
            },
            "dependsOn": []
        },
        {
            "name": "[concat(parameters('factoryName'), '/fgpdict_DataDictionaryFile_SQL')]",
            "type": "Microsoft.DataFactory/factories/datasets",
            "apiVersion": "2018-06-01",
            "properties": {
                "linkedServiceName": {
                    "referenceName": "ItemMasterSqlServer",
                    "type": "LinkedServiceReference"
                },
                "folder": {
                    "name": "New folder"
                },
                "annotations": [],
                "type": "AzureSqlTable",
                "structure": [
                    {
                        "name": "field_identifier",
                        "type": "String"
                    },
                    {
                        "name": "field_description",
                        "type": "String"
                    },
                    {
                        "name": "field_type",
                        "type": "String"
                    },
                    {
                        "name": "field_length",
                        "type": "Int32"
                    },
                    {
                        "name": "implied_decimal_flag",
                        "type": "String"
                    },
                    {
                        "name": "decimal_places",
                        "type": "Int32"
                    },
                    {
                        "name": "field_validation_flag",
                        "type": "String"
                    },
                    {
                        "name": "field_abbreviation_flag",
                        "type": "String"
                    },
                    {
                        "name": "reserve",
                        "type": "String"
                    }
                ],
                "typeProperties": {
                    "tableName": "[[rawWK].[fgpdict_DataDictionaryFile]"
                }
            },
            "dependsOn": []
        },
        {
            "name": "[concat(parameters('factoryName'), '/ddatext_TextFile_SQL')]",
            "type": "Microsoft.DataFactory/factories/datasets",
            "apiVersion": "2018-06-01",
            "properties": {
                "linkedServiceName": {
                    "referenceName": "ItemMasterSqlServer",
                    "type": "LinkedServiceReference"
                },
                "folder": {
                    "name": "New folder"
                },
                "annotations": [],
                "type": "AzureSqlTable",
                "structure": [
                    {
                        "name": "TextId",
                        "type": "Int32"
                    },
                    {
                        "name": "LanguageCode",
                        "type": "Int32"
                    },
                    {
                        "name": "CountryCode",
                        "type": "Int32"
                    },
                    {
                        "name": "TextLineNumber",
                        "type": "Int32"
                    },
                    {
                        "name": "TransactionCode",
                        "type": "String"
                    },
                    {
                        "name": "TextLine",
                        "type": "String"
                    },
                    {
                        "name": "Reserve",
                        "type": "String"
                    }
                ],
                "typeProperties": {
                    "tableName": "[[rawWK].[ddatext_TextFile]"
                }
            },
            "dependsOn": []
        },
        {
            "name": "[concat(parameters('factoryName'), '/pb2sum_SummaryFile_SQL')]",
            "type": "Microsoft.DataFactory/factories/datasets",
            "apiVersion": "2018-06-01",
            "properties": {
                "linkedServiceName": {
                    "referenceName": "ItemMasterSqlServer",
                    "type": "LinkedServiceReference"
                },
                "folder": {
                    "name": "New folder"
                },
                "annotations": [],
                "type": "AzureSqlTable",
                "structure": [
                    {
                        "name": "RecordType",
                        "type": "String"
                    },
                    {
                        "name": "Reserve1",
                        "type": "String"
                    },
                    {
                        "name": "SequenceNumber",
                        "type": "Int32"
                    },
                    {
                        "name": "Reserve2",
                        "type": "String"
                    },
                    {
                        "name": "CommentMarker",
                        "type": "String"
                    },
                    {
                        "name": "DataComment",
                        "type": "String"
                    }
                ],
                "typeProperties": {
                    "tableName": "[[rawWK].[pb2sum_SummaryFile]"
                }
            },
            "dependsOn": []
        },
        {
            "name": "[concat(parameters('factoryName'), '/nabsum_SummaryFile_SQL')]",
            "type": "Microsoft.DataFactory/factories/datasets",
            "apiVersion": "2018-06-01",
            "properties": {
                "linkedServiceName": {
                    "referenceName": "ItemMasterSqlServer",
                    "type": "LinkedServiceReference"
                },
                "folder": {
                    "name": "New folder"
                },
                "annotations": [],
                "type": "AzureSqlTable",
                "structure": [
                    {
                        "name": "Record_Type",
                        "type": "String"
                    },
                    {
                        "name": "Reserve1",
                        "type": "String"
                    },
                    {
                        "name": "SequenceNumber",
                        "type": "Int32"
                    },
                    {
                        "name": "Reserve2",
                        "type": "String"
                    },
                    {
                        "name": "CommentMarker",
                        "type": "String"
                    },
                    {
                        "name": "DataOrComment",
                        "type": "String"
                    }
                ],
                "typeProperties": {
                    "tableName": "[[rawWK].[nabsum_SummaryFile]"
                }
            },
            "dependsOn": []
        },
        {
            "name": "[concat(parameters('factoryName'), '/mf2val_ValidationTranslationFile_SQL')]",
            "type": "Microsoft.DataFactory/factories/datasets",
            "apiVersion": "2018-06-01",
            "properties": {
                "linkedServiceName": {
                    "referenceName": "ItemMasterSqlServer",
                    "type": "LinkedServiceReference"
                },
                "folder": {
                    "name": "New folder"
                },
                "annotations": [],
                "type": "AzureSqlTable",
                "structure": [
                    {
                        "name": "field_identifier",
                        "type": "String"
                    },
                    {
                        "name": "field_value",
                        "type": "String"
                    },
                    {
                        "name": "language_code",
                        "type": "Int32"
                    },
                    {
                        "name": "value_description",
                        "type": "String"
                    },
                    {
                        "name": "value_abbreviation",
                        "type": "String"
                    },
                    {
                        "name": "reserve",
                        "type": "String"
                    }
                ],
                "typeProperties": {
                    "tableName": "[[rawWK].[mf2val_ValidationTranslationFile]"
                }
            },
            "dependsOn": []
        },
        {
            "name": "[concat(parameters('factoryName'), '/ahfread_ReadMeFile_SQL')]",
            "type": "Microsoft.DataFactory/factories/datasets",
            "apiVersion": "2018-06-01",
            "properties": {
                "linkedServiceName": {
                    "referenceName": "ItemMasterSqlServer",
                    "type": "LinkedServiceReference"
                },
                "folder": {
                    "name": "New folder"
                },
                "annotations": [],
                "type": "AzureSqlTable",
                "structure": [
                    {
                        "name": "read_me_text",
                        "type": "String"
                    }
                ],
                "typeProperties": {
                    "tableName": "[[rawWK].[ahfread_ReadMeFile]"
                }
            },
            "dependsOn": []
        },
        {
            "name": "[concat(parameters('factoryName'), '/fgpsum_SummaryFile_SQL')]",
            "type": "Microsoft.DataFactory/factories/datasets",
            "apiVersion": "2018-06-01",
            "properties": {
                "linkedServiceName": {
                    "referenceName": "ItemMasterSqlServer",
                    "type": "LinkedServiceReference"
                },
                "folder": {
                    "name": "New folder"
                },
                "annotations": [],
                "type": "AzureSqlTable",
                "structure": [
                    {
                        "name": "record_type",
                        "type": "String"
                    },
                    {
                        "name": "reserve_1",
                        "type": "String"
                    },
                    {
                        "name": "sequence_number",
                        "type": "Int32"
                    },
                    {
                        "name": "reserve_2",
                        "type": "String"
                    },
                    {
                        "name": "comment_marker",
                        "type": "String"
                    },
                    {
                        "name": "data_comment",
                        "type": "String"
                    }
                ],
                "typeProperties": {
                    "tableName": "[[rawWK].[fgpsum_SummaryFile]"
                }
            },
            "dependsOn": []
        },
        {
            "name": "[concat(parameters('factoryName'), '/mf2ings_IngredientSetIdToIngredientIdFile_SQL')]",
            "type": "Microsoft.DataFactory/factories/datasets",
            "apiVersion": "2018-06-01",
            "properties": {
                "linkedServiceName": {
                    "referenceName": "ItemMasterSqlServer",
                    "type": "LinkedServiceReference"
                },
                "folder": {
                    "name": "New folder"
                },
                "annotations": [],
                "type": "AzureSqlTable",
                "structure": [
                    {
                        "name": "ingredient_set_id",
                        "type": "Int32"
                    },
                    {
                        "name": "ingredient_id",
                        "type": "Int32"
                    },
                    {
                        "name": "active_inactive_flag",
                        "type": "String"
                    },
                    {
                        "name": "transaction_code",
                        "type": "String"
                    },
                    {
                        "name": "reserve",
                        "type": "String"
                    }
                ],
                "typeProperties": {
                    "tableName": "[[rawWK].[mf2ings_IngredientSetIdToIngredientIdFile]"
                }
            },
            "dependsOn": []
        },
        {
            "name": "[concat(parameters('factoryName'), '/Fda_MAUDE_patient_SQL')]",
            "type": "Microsoft.DataFactory/factories/datasets",
            "apiVersion": "2018-06-01",
            "properties": {
                "linkedServiceName": {
                    "referenceName": "ItemMasterSqlServer",
                    "type": "LinkedServiceReference"
                },
                "folder": {
                    "name": "New folder"
                },
                "annotations": [],
                "type": "AzureSqlTable",
                "structure": [
                    {
                        "name": "MDR_REPORT_KEY",
                        "type": "String"
                    },
                    {
                        "name": "PATIENT_SEQUENCE_NUMBER",
                        "type": "Int16"
                    },
                    {
                        "name": "DATE_RECEIVED",
                        "type": "DateTime"
                    },
                    {
                        "name": "SEQUENCE_NUMBER_TREATMENT",
                        "type": "String"
                    },
                    {
                        "name": "SEQUENCE_NUMBER_OUTCOME",
                        "type": "String"
                    },
                    {
                        "name": "PipelineRunId",
                        "type": "String"
                    }
                ],
                "typeProperties": {
                    "tableName": "[[rawFDAMAUDE].[patient]"
                }
            },
            "dependsOn": []
        },
        {
            "name": "[concat(parameters('factoryName'), '/mf2read_ReadMeFile_SQL')]",
            "type": "Microsoft.DataFactory/factories/datasets",
            "apiVersion": "2018-06-01",
            "properties": {
                "linkedServiceName": {
                    "referenceName": "ItemMasterSqlServer",
                    "type": "LinkedServiceReference"
                },
                "folder": {
                    "name": "New folder"
                },
                "annotations": [],
                "type": "AzureSqlTable",
                "structure": [
                    {
                        "name": "read_me_text",
                        "type": "String"
                    }
                ],
                "typeProperties": {
                    "tableName": "[[rawWK].[mf2read_ReadMeFile]"
                }
            },
            "dependsOn": []
        },
        {
            "name": "[concat(parameters('factoryName'), '/mf2gppc_GppcFile_SQL')]",
            "type": "Microsoft.DataFactory/factories/datasets",
            "apiVersion": "2018-06-01",
            "properties": {
                "linkedServiceName": {
                    "referenceName": "ItemMasterSqlServer",
                    "type": "LinkedServiceReference"
                },
                "folder": {
                    "name": "New folder"
                },
                "annotations": [],
                "type": "AzureSqlTable",
                "structure": [
                    {
                        "name": "generic_product_pack_code",
                        "type": "String"
                    },
                    {
                        "name": "package_size_raw",
                        "type": "Int64"
                    },
                    {
                        "name": "package_size_uom",
                        "type": "String"
                    },
                    {
                        "name": "package_quantity",
                        "type": "Int32"
                    },
                    {
                        "name": "unit_dose_unit_use_pkg_code",
                        "type": "String"
                    },
                    {
                        "name": "package_description_code",
                        "type": "String"
                    },
                    {
                        "name": "generic_product_identifier",
                        "type": "String"
                    },
                    {
                        "name": "reserve",
                        "type": "String"
                    },
                    {
                        "name": "transaction_code",
                        "type": "String"
                    },
                    {
                        "name": "last_change_date",
                        "type": "String"
                    }
                ],
                "typeProperties": {
                    "tableName": "[[rawWK].[mf2gppc_GppcFile]"
                }
            },
            "dependsOn": []
        },
        {
            "name": "[concat(parameters('factoryName'), '/ddatcit_TextCitationFile_SQL')]",
            "type": "Microsoft.DataFactory/factories/datasets",
            "apiVersion": "2018-06-01",
            "properties": {
                "linkedServiceName": {
                    "referenceName": "ItemMasterSqlServer",
                    "type": "LinkedServiceReference"
                },
                "folder": {
                    "name": "New folder"
                },
                "annotations": [],
                "type": "AzureSqlTable",
                "structure": [
                    {
                        "name": "TextId",
                        "type": "Int32"
                    },
                    {
                        "name": "CitationId",
                        "type": "Int32"
                    },
                    {
                        "name": "TransactionCode",
                        "type": "String"
                    },
                    {
                        "name": "Reserve",
                        "type": "String"
                    }
                ],
                "typeProperties": {
                    "tableName": "[[rawWK].[ddatcit_TextCitationFile]"
                }
            },
            "dependsOn": []
        },
        {
            "name": "[concat(parameters('factoryName'), '/pb2lmn_PaymentAllowanceLimitNotesFile_SQL')]",
            "type": "Microsoft.DataFactory/factories/datasets",
            "apiVersion": "2018-06-01",
            "properties": {
                "linkedServiceName": {
                    "referenceName": "ItemMasterSqlServer",
                    "type": "LinkedServiceReference"
                },
                "folder": {
                    "name": "New folder"
                },
                "annotations": [],
                "type": "AzureSqlTable",
                "structure": [
                    {
                        "name": "HcpcsCode",
                        "type": "String"
                    },
                    {
                        "name": "QuarterDate",
                        "type": "String"
                    },
                    {
                        "name": "RevisionDate",
                        "type": "String"
                    },
                    {
                        "name": "TransactionCode",
                        "type": "String"
                    },
                    {
                        "name": "Notes",
                        "type": "String"
                    },
                    {
                        "name": "Reserve",
                        "type": "String"
                    }
                ],
                "typeProperties": {
                    "tableName": "[[rawWK].[pb2lmn_PaymentAllowanceLimitNotesFile]"
                }
            },
            "dependsOn": []
        },
        {
            "name": "[concat(parameters('factoryName'), '/mf2str_IngredientIdToDrugStrengthFile_SQL')]",
            "type": "Microsoft.DataFactory/factories/datasets",
            "apiVersion": "2018-06-01",
            "properties": {
                "linkedServiceName": {
                    "referenceName": "ItemMasterSqlServer",
                    "type": "LinkedServiceReference"
                },
                "folder": {
                    "name": "New folder"
                },
                "annotations": [],
                "type": "AzureSqlTable",
                "structure": [
                    {
                        "name": "ingredient_id",
                        "type": "Int32"
                    },
                    {
                        "name": "reserve_1",
                        "type": "String"
                    },
                    {
                        "name": "transaction_code",
                        "type": "String"
                    },
                    {
                        "name": "ingredient_drug_id",
                        "type": "Int32"
                    },
                    {
                        "name": "ingredient_strength_value_raw",
                        "type": "Int64"
                    },
                    {
                        "name": "ingredient_stength_uom_comb",
                        "type": "String"
                    },
                    {
                        "name": "ingredient_strength_uom_indv",
                        "type": "String"
                    },
                    {
                        "name": "volume_value_raw",
                        "type": "Int64"
                    },
                    {
                        "name": "volume_uom",
                        "type": "String"
                    },
                    {
                        "name": "reserve",
                        "type": "String"
                    }
                ],
                "typeProperties": {
                    "tableName": "[[rawWK].[mf2str_IngredientIdToDrugStrengthFile]"
                }
            },
            "dependsOn": []
        },
        {
            "name": "[concat(parameters('factoryName'), '/mf2set_DrugConceptIDtoIngredientSetIdFile_SQL')]",
            "type": "Microsoft.DataFactory/factories/datasets",
            "apiVersion": "2018-06-01",
            "properties": {
                "linkedServiceName": {
                    "referenceName": "ItemMasterSqlServer",
                    "type": "LinkedServiceReference"
                },
                "folder": {
                    "name": "New folder"
                },
                "annotations": [],
                "type": "AzureSqlTable",
                "structure": [
                    {
                        "name": "concept_type",
                        "type": "Int32"
                    },
                    {
                        "name": "country_code",
                        "type": "Int32"
                    },
                    {
                        "name": "concept_id",
                        "type": "String"
                    },
                    {
                        "name": "ingredient_set_id",
                        "type": "Int32"
                    },
                    {
                        "name": "transaction_code",
                        "type": "String"
                    },
                    {
                        "name": "representative_set_flag",
                        "type": "String"
                    },
                    {
                        "name": "reserve",
                        "type": "String"
                    }
                ],
                "typeProperties": {
                    "tableName": "[[rawWK].[mf2set_DrugConceptIDtoIngredientSetIdFile]"
                }
            },
            "dependsOn": []
        },
        {
            "name": "[concat(parameters('factoryName'), '/Fda_ProductCode_SQL')]",
            "type": "Microsoft.DataFactory/factories/datasets",
            "apiVersion": "2018-06-01",
            "properties": {
                "linkedServiceName": {
                    "referenceName": "ItemMasterSqlServer",
                    "type": "LinkedServiceReference"
                },
                "folder": {
                    "name": "New folder"
                },
                "annotations": [],
                "type": "AzureSqlTable",
                "structure": [
                    {
                        "name": "REVIEW_PANEL",
                        "type": "String"
                    },
                    {
                        "name": "MEDICALSPECIALTY",
                        "type": "String"
                    },
                    {
                        "name": "PRODUCTCODE",
                        "type": "String"
                    },
                    {
                        "name": "DEVICENAME",
                        "type": "String"
                    },
                    {
                        "name": "DEVICECLASS",
                        "type": "String"
                    },
                    {
                        "name": "UNCLASSIFIED_REASON",
                        "type": "Int32"
                    },
                    {
                        "name": "GMPEXEMPTFLAG",
                        "type": "String"
                    },
                    {
                        "name": "THIRDPARTYFLAG",
                        "type": "String"
                    },
                    {
                        "name": "REVIEWCODE",
                        "type": "String"
                    },
                    {
                        "name": "REGULATIONNUMBER",
                        "type": "Double"
                    },
                    {
                        "name": "SUBMISSION_TYPE_ID",
                        "type": "Int32"
                    },
                    {
                        "name": "DEFINITION",
                        "type": "String"
                    },
                    {
                        "name": "PHYSICALSTATE",
                        "type": "String"
                    },
                    {
                        "name": "TECHNICALMETHOD",
                        "type": "String"
                    },
                    {
                        "name": "TARGETAREA",
                        "type": "String"
                    },
                    {
                        "name": "Implant_Flag",
                        "type": "String"
                    },
                    {
                        "name": "Life_Sustain_support_flag",
                        "type": "String"
                    },
                    {
                        "name": "SummaryMalfunctionReporting",
                        "type": "String"
                    },
                    {
                        "name": "PipelineRunId",
                        "type": "String"
                    },
                    {
                        "name": "FilenameId",
                        "type": "String"
                    }
                ],
                "typeProperties": {
                    "tableName": "[[rawFDAProductCode].[ProductCode]"
                }
            },
            "dependsOn": []
        },
        {
            "name": "[concat(parameters('factoryName'), '/ddadose_GpiDoseFile_SQL')]",
            "type": "Microsoft.DataFactory/factories/datasets",
            "apiVersion": "2018-06-01",
            "properties": {
                "linkedServiceName": {
                    "referenceName": "ItemMasterSqlServer",
                    "type": "LinkedServiceReference"
                },
                "folder": {
                    "name": "New folder"
                },
                "annotations": [],
                "type": "AzureSqlTable",
                "structure": [
                    {
                        "name": "DoseId",
                        "type": "Int64"
                    },
                    {
                        "name": "TransactionCode",
                        "type": "String"
                    },
                    {
                        "name": "ProfileId",
                        "type": "Int64"
                    },
                    {
                        "name": "GenericProductId",
                        "type": "String"
                    },
                    {
                        "name": "Reserve1",
                        "type": "String"
                    },
                    {
                        "name": "RouteId",
                        "type": "Int32"
                    },
                    {
                        "name": "DoseTypeCode",
                        "type": "String"
                    },
                    {
                        "name": "DailyDoseLow_Raw",
                        "type": "Decimal"
                    },
                    {
                        "name": "DailyDoseLowUomId",
                        "type": "Int32"
                    },
                    {
                        "name": "DailyDoseHigh_Raw",
                        "type": "Decimal"
                    },
                    {
                        "name": "DailyDoseHighUomId",
                        "type": "Int32"
                    },
                    {
                        "name": "DailyDoseFormLow_Raw",
                        "type": "Decimal"
                    },
                    {
                        "name": "DailyDoseFormLowUomId",
                        "type": "Int32"
                    },
                    {
                        "name": "DailyDoseFormHigh_Raw",
                        "type": "Decimal"
                    },
                    {
                        "name": "DailyDoseFormHighUomId",
                        "type": "Int32"
                    },
                    {
                        "name": "MaxDailyDose_Raw",
                        "type": "Decimal"
                    },
                    {
                        "name": "MaxDailyDoseUomId",
                        "type": "Int32"
                    },
                    {
                        "name": "MaxDailyDoseForm_Raw",
                        "type": "Decimal"
                    },
                    {
                        "name": "MaxDailyDoseFormUomId",
                        "type": "Int32"
                    },
                    {
                        "name": "MaxSingleDose_Raw",
                        "type": "Decimal"
                    },
                    {
                        "name": "MaxSingleDoseUomId",
                        "type": "Int32"
                    },
                    {
                        "name": "MaxSingleDoseForm_Raw",
                        "type": "Decimal"
                    },
                    {
                        "name": "MaxSingleDoseFormUomId",
                        "type": "Int32"
                    },
                    {
                        "name": "MaxLifetimeDose_Raw",
                        "type": "Decimal"
                    },
                    {
                        "name": "MaxLifetimeDoseUomId",
                        "type": "Int32"
                    },
                    {
                        "name": "MaxLifetimeDoseForm_Raw",
                        "type": "Decimal"
                    },
                    {
                        "name": "MaxLifetimeDoseFormUomId",
                        "type": "Int32"
                    },
                    {
                        "name": "FrequencyLow_Raw",
                        "type": "Decimal"
                    },
                    {
                        "name": "FrequencyHigh_Raw",
                        "type": "Decimal"
                    },
                    {
                        "name": "MaxFrequency_Raw",
                        "type": "Decimal"
                    },
                    {
                        "name": "DurationLow_Raw",
                        "type": "Decimal"
                    },
                    {
                        "name": "DurationHigh_Raw",
                        "type": "Decimal"
                    },
                    {
                        "name": "MaxDuration_Raw",
                        "type": "Decimal"
                    },
                    {
                        "name": "DrugHalfLifeLow_Raw",
                        "type": "Decimal"
                    },
                    {
                        "name": "DrugHalfLifeHigh_Raw",
                        "type": "Decimal"
                    },
                    {
                        "name": "DrugHalfLifeUomCode",
                        "type": "String"
                    },
                    {
                        "name": "Reserve2",
                        "type": "String"
                    }
                ],
                "typeProperties": {
                    "tableName": "[[rawWK].[ddadose_GpiDoseFile]"
                }
            },
            "dependsOn": []
        },
        {
            "name": "[concat(parameters('factoryName'), '/ItemMaster_NdcToPatentApplicationXref_SQL')]",
            "type": "Microsoft.DataFactory/factories/datasets",
            "apiVersion": "2018-06-01",
            "properties": {
                "linkedServiceName": {
                    "referenceName": "ItemMasterSqlServer",
                    "type": "LinkedServiceReference"
                },
                "folder": {
                    "name": "FDA Medication Guidelines"
                },
                "annotations": [],
                "type": "AzureSqlTable",
                "schema": [
                    {
                        "name": "NdcToApplicationId",
                        "type": "int",
                        "precision": 10
                    },
                    {
                        "name": "Ndc",
                        "type": "varchar"
                    },
                    {
                        "name": "ItemId",
                        "type": "int",
                        "precision": 10
                    },
                    {
                        "name": "ApplicationNumber",
                        "type": "varchar"
                    },
                    {
                        "name": "ProductNumber",
                        "type": "varchar"
                    },
                    {
                        "name": "ApplicationTypeId",
                        "type": "int",
                        "precision": 10
                    },
                    {
                        "name": "FdaApprovalDate",
                        "type": "date"
                    },
                    {
                        "name": "MarketingCategoryId",
                        "type": "int",
                        "precision": 10
                    },
                    {
                        "name": "StartMarketingDate",
                        "type": "date"
                    },
                    {
                        "name": "EndMarketingDate",
                        "type": "date"
                    },
                    {
                        "name": "DateAdded",
                        "type": "datetime",
                        "precision": 23,
                        "scale": 3
                    },
                    {
                        "name": "DateChanged",
                        "type": "datetime",
                        "precision": 23,
                        "scale": 3
                    },
                    {
                        "name": "DataSourceId",
                        "type": "int",
                        "precision": 10
                    }
                ],
                "typeProperties": {
                    "schema": "dbo",
                    "table": "NdcToPatentApplicationXref"
                }
            },
            "dependsOn": []
        }
    ]
}