{
    "$schema": "http://schema.management.azure.com/schemas/2015-01-01/deploymentTemplate.json#",
    "contentVersion": "1.0.0.0",
    "parameters": {
        "factoryName": {
            "type": "string",
            "metadata": "Data Factory name",
            "defaultValue": "adf-ItemMaster-MasterData-Receive-prod"
        }
    },
    "variables": {
        "factoryId": "[concat('Microsoft.DataFactory/factories/', parameters('factoryName'))]"
    },
    "resources": [
        {
            "name": "[concat(parameters('factoryName'), '/NdcIngredients_SingleSink_DF')]",
            "type": "Microsoft.DataFactory/factories/dataflows",
            "apiVersion": "2018-06-01",
            "properties": {
                "folder": {
                    "name": "ItemTables"
                },
                "type": "MappingDataFlow",
                "typeProperties": {
                    "sources": [
                        {
                            "dataset": {
                                "referenceName": "NdcIngredients_Source_New1",
                                "type": "DatasetReference"
                            },
                            "name": "NdcIngredientsSource"
                        },
                        {
                            "dataset": {
                                "referenceName": "ItemMaster_Join_Configurable",
                                "type": "DatasetReference"
                            },
                            "name": "ItemMasterSource"
                        }
                    ],
                    "sinks": [
                        {
                            "dataset": {
                                "referenceName": "NdcIngredients_Target_Configuration",
                                "type": "DatasetReference"
                            },
                            "name": "sink1"
                        }
                    ],
                    "transformations": [
                        {
                            "name": "Join1"
                        }
                    ],
                    "script": "source(output(\n\t\tNdc as string,\n\t\tIngredientDrugName as string,\n\t\tIngredientStrengthValue as decimal(13,5),\n\t\tIngredientStengthUom as string,\n\t\tItemUId as string\n\t),\n\tallowSchemaDrift: true,\n\tvalidateSchema: false,\n\tisolationLevel: 'READ_UNCOMMITTED',\n\tformat: 'table') ~> NdcIngredientsSource\nsource(output(\n\t\tItemId as integer,\n\t\tItemTypeId as integer,\n\t\tItemCode as string,\n\t\tItemDescription as string,\n\t\tMfrId as integer,\n\t\tGtin as long,\n\t\tItemMasterItemId as integer,\n\t\tDateAdded as timestamp,\n\t\tDateChanged as timestamp,\n\t\tItemUId as string,\n\t\tDataSourceId as integer\n\t),\n\tallowSchemaDrift: true,\n\tvalidateSchema: false,\n\tisolationLevel: 'READ_UNCOMMITTED',\n\tformat: 'table') ~> ItemMasterSource\nNdcIngredientsSource, ItemMasterSource join(NdcIngredientsSource@ItemUId == ItemMasterSource@ItemUId,\n\tjoinType:'left',\n\tmatchType:'exact',\n\tignoreSpaces: false,\n\tbroadcast: 'auto')~> Join1\nJoin1 sink(allowSchemaDrift: true,\n\tvalidateSchema: false,\n\tinput(\n\t\tItemId as integer,\n\t\tNdc as string,\n\t\tIngredientDrugName as string,\n\t\tIngredientStrengthValue as decimal(13,5),\n\t\tIngredientStengthUom as string,\n\t\tItemUId as string\n\t),\n\tdeletable:false,\n\tinsertable:true,\n\tupdateable:false,\n\tupsertable:false,\n\tformat: 'table',\n\tpreSQLs:['delete [ItemMaster].[NdcIngredients]'],\n\tskipDuplicateMapInputs: true,\n\tskipDuplicateMapOutputs: true,\n\terrorHandlingOption: 'stopOnFirstError',\n\tmapColumn(\n\t\tItemUId = NdcIngredientsSource@ItemUId,\n\t\tItemId,\n\t\tNdc,\n\t\tIngredientDrugName,\n\t\tIngredientStrengthValue,\n\t\tIngredientStengthUom\n\t)) ~> sink1"
                }
            },
            "dependsOn": []
        },
        {
            "name": "[concat(parameters('factoryName'), '/DataFlow_FDA_Recall_Sync_SingleSink_DF')]",
            "type": "Microsoft.DataFactory/factories/dataflows",
            "apiVersion": "2018-06-01",
            "properties": {
                "folder": {
                    "name": "Recall"
                },
                "type": "MappingDataFlow",
                "typeProperties": {
                    "sources": [
                        {
                            "dataset": {
                                "referenceName": "ItemMaster_SQL_Recall",
                                "type": "DatasetReference"
                            },
                            "name": "RecallSource"
                        },
                        {
                            "dataset": {
                                "referenceName": "CognitiveRx_SQL_Recall_Configurable",
                                "type": "DatasetReference"
                            },
                            "name": "ExistingCogRxRecall"
                        },
                        {
                            "dataset": {
                                "referenceName": "CognitiveRx_SQL_RecallType_Configurable",
                                "type": "DatasetReference"
                            },
                            "name": "CognitiveRxRecallType"
                        }
                    ],
                    "sinks": [
                        {
                            "dataset": {
                                "referenceName": "CognitiveRx_SQL_Recall_Configurable",
                                "type": "DatasetReference"
                            },
                            "name": "RecallSink"
                        }
                    ],
                    "transformations": [
                        {
                            "name": "DerivedColumn1"
                        },
                        {
                            "name": "AlterRow1"
                        },
                        {
                            "name": "Join2"
                        },
                        {
                            "name": "Exists1"
                        }
                    ],
                    "script": "source(output(\n\t\tRecallId as integer,\n\t\tRecallUrl as string,\n\t\tTitle as string,\n\t\tReleaseDate as string,\n\t\tArticleReleaseContact as string,\n\t\tReleaseText as string,\n\t\tInfoTable as string,\n\t\tPictures as string,\n\t\tRecallTypeId as integer,\n\t\tImportDateTime as timestamp,\n\t\tParsedOutNDC as string,\n\t\tTwitterAccount as string,\n\t\tTweetDateTime as timestamp,\n\t\tTweetId as string,\n\t\tRecallUId as string,\n\t\tRecallTypeUId as string\n\t),\n\tallowSchemaDrift: true,\n\tvalidateSchema: false,\n\tisolationLevel: 'READ_UNCOMMITTED',\n\tformat: 'table') ~> RecallSource\nsource(output(\n\t\tRecallId as integer,\n\t\tRecallUrl as string,\n\t\tTitle as string,\n\t\tReleaseDate as string,\n\t\tArticleReleaseContact as string,\n\t\tReleaseText as string,\n\t\tInfoTable as string,\n\t\tPictures as string,\n\t\tRecallTypeId as integer,\n\t\tImportDateTime as timestamp,\n\t\tParsedOutNDC as string,\n\t\tTwitterAccount as string,\n\t\tTweetDateTime as timestamp,\n\t\tTweetId as string,\n\t\tRecallUId as string,\n\t\tUpdatedDateTime as timestamp,\n\t\tRecallTypeUId as string\n\t),\n\tallowSchemaDrift: true,\n\tvalidateSchema: false,\n\tisolationLevel: 'READ_UNCOMMITTED',\n\tformat: 'table') ~> ExistingCogRxRecall\nsource(output(\n\t\tRecallTypeId as integer,\n\t\tDescription as string,\n\t\tRecallTypeUId as string,\n\t\tCreatedDateTime as timestamp,\n\t\tUpdatedDateTime as timestamp\n\t),\n\tallowSchemaDrift: true,\n\tvalidateSchema: false,\n\tisolationLevel: 'READ_UNCOMMITTED',\n\tformat: 'table') ~> CognitiveRxRecallType\nRecallSource derive(UpdatedDateTime = currentTimestamp()) ~> DerivedColumn1\nExists1 alterRow(upsertIf(true())) ~> AlterRow1\nDerivedColumn1, CognitiveRxRecallType join(RecallSource@RecallTypeUId == CognitiveRxRecallType@RecallTypeUId,\n\tjoinType:'outer',\n\tmatchType:'exact',\n\tignoreSpaces: false,\n\tbroadcast: 'auto')~> Join2\nJoin2, ExistingCogRxRecall exists(RecallSource@RecallUrl == ExistingCogRxRecall@RecallUrl\n\t&& RecallSource@Title == ExistingCogRxRecall@Title\n\t&& RecallSource@ReleaseDate == ExistingCogRxRecall@ReleaseDate\n\t&& RecallSource@ArticleReleaseContact == ExistingCogRxRecall@ArticleReleaseContact\n\t&& RecallSource@ReleaseText == ExistingCogRxRecall@ReleaseText\n\t&& RecallSource@InfoTable == ExistingCogRxRecall@InfoTable\n\t&& RecallSource@Pictures == ExistingCogRxRecall@Pictures\n\t&& RecallSource@ImportDateTime == ExistingCogRxRecall@ImportDateTime\n\t&& RecallSource@ParsedOutNDC == ExistingCogRxRecall@ParsedOutNDC\n\t&& RecallSource@TwitterAccount == ExistingCogRxRecall@TwitterAccount\n\t&& RecallSource@TweetDateTime == ExistingCogRxRecall@TweetDateTime\n\t&& RecallSource@TweetId == ExistingCogRxRecall@TweetId\n\t&& RecallSource@RecallUId == ExistingCogRxRecall@RecallUId\n\t&& CognitiveRxRecallType@RecallTypeUId == ExistingCogRxRecall@RecallTypeUId,\n\tnegate:true,\n\tbroadcast: 'auto')~> Exists1\nAlterRow1 sink(allowSchemaDrift: true,\n\tvalidateSchema: false,\n\tinput(\n\t\tRecallId as integer,\n\t\tRecallUrl as string,\n\t\tTitle as string,\n\t\tReleaseDate as string,\n\t\tArticleReleaseContact as string,\n\t\tReleaseText as string,\n\t\tInfoTable as string,\n\t\tPictures as string,\n\t\tRecallTypeId as integer,\n\t\tImportDateTime as timestamp,\n\t\tParsedOutNDC as string,\n\t\tTwitterAccount as string,\n\t\tTweetDateTime as timestamp,\n\t\tTweetId as string,\n\t\tRecallUId as string,\n\t\tUpdatedDateTime as timestamp,\n\t\tRecallTypeUId as string\n\t),\n\tdeletable:false,\n\tinsertable:false,\n\tupdateable:false,\n\tupsertable:true,\n\tkeys:['RecallUId'],\n\tformat: 'table',\n\terrorHandlingOption: 'stopOnFirstError',\n\tmapColumn(\n\t\tRecallUrl,\n\t\tTitle,\n\t\tReleaseDate,\n\t\tArticleReleaseContact,\n\t\tReleaseText,\n\t\tInfoTable,\n\t\tPictures,\n\t\tImportDateTime,\n\t\tParsedOutNDC,\n\t\tTwitterAccount,\n\t\tTweetDateTime,\n\t\tTweetId,\n\t\tRecallUId,\n\t\tRecallTypeUId = RecallSource@RecallTypeUId,\n\t\tRecallTypeId = CognitiveRxRecallType@RecallTypeId\n\t)) ~> RecallSink"
                }
            },
            "dependsOn": []
        },
        {
            "name": "[concat(parameters('factoryName'), '/PriceTypeXref_SingleSink_DF')]",
            "type": "Microsoft.DataFactory/factories/dataflows",
            "apiVersion": "2018-06-01",
            "properties": {
                "folder": {
                    "name": "WoltersKluwers"
                },
                "type": "MappingDataFlow",
                "typeProperties": {
                    "sources": [
                        {
                            "dataset": {
                                "referenceName": "PriceTypeXref_Source_New1",
                                "type": "DatasetReference"
                            },
                            "name": "source1"
                        }
                    ],
                    "sinks": [
                        {
                            "dataset": {
                                "referenceName": "PriceTypeXref_Target_Configurable",
                                "type": "DatasetReference"
                            },
                            "name": "sink1"
                        }
                    ],
                    "transformations": [
                        {
                            "name": "AlterRow1"
                        }
                    ],
                    "script": "source(output(\n\t\tWkPriceCodeId as integer,\n\t\tWkPriceCode as string,\n\t\tWkPriceDescription as string,\n\t\tPriceListTypeId as integer,\n\t\tWkSourceComment as string\n\t),\n\tallowSchemaDrift: true,\n\tvalidateSchema: false,\n\tisolationLevel: 'READ_UNCOMMITTED',\n\tformat: 'table') ~> source1\nsource1 alterRow(upsertIf(true())) ~> AlterRow1\nAlterRow1 sink(allowSchemaDrift: true,\n\tvalidateSchema: false,\n\tinput(\n\t\tWkPriceCodeId as integer,\n\t\tWkPriceCode as string,\n\t\tWkPriceDescription as string,\n\t\tPriceListTypeId as integer,\n\t\tWkSourceComment as string\n\t),\n\tdeletable:false,\n\tinsertable:false,\n\tupdateable:false,\n\tupsertable:true,\n\tkeys:['WkPriceCodeId'],\n\tformat: 'table',\n\tskipDuplicateMapInputs: true,\n\tskipDuplicateMapOutputs: true,\n\terrorHandlingOption: 'stopOnFirstError',\n\tmapColumn(\n\t\tWkPriceCodeId,\n\t\tWkPriceCode,\n\t\tWkPriceDescription,\n\t\tPriceListTypeId,\n\t\tWkSourceComment\n\t)) ~> sink1"
                }
            },
            "dependsOn": []
        },
        {
            "name": "[concat(parameters('factoryName'), '/DosageForm_SingleSink_DF')]",
            "type": "Microsoft.DataFactory/factories/dataflows",
            "apiVersion": "2018-06-01",
            "properties": {
                "folder": {
                    "name": "WoltersKluwers"
                },
                "type": "MappingDataFlow",
                "typeProperties": {
                    "sources": [
                        {
                            "dataset": {
                                "referenceName": "DosageForm_Source_New1",
                                "type": "DatasetReference"
                            },
                            "name": "DosageFormSource"
                        }
                    ],
                    "sinks": [
                        {
                            "dataset": {
                                "referenceName": "DosageForm_Target_Configurable",
                                "type": "DatasetReference"
                            },
                            "name": "DosageFormSinkTestDB"
                        }
                    ],
                    "transformations": [
                        {
                            "name": "AlterRow1"
                        }
                    ],
                    "script": "parameters{\n\tIsProd as boolean (false())\n}\nsource(output(\n\t\tDosageFormId as integer,\n\t\tDosageFormCode as string,\n\t\tDosageFormDescription as string,\n\t\tDosageFormAbbreviation as string,\n\t\tComment as string\n\t),\n\tallowSchemaDrift: true,\n\tvalidateSchema: false,\n\tisolationLevel: 'READ_UNCOMMITTED',\n\tformat: 'table') ~> DosageFormSource\nDosageFormSource alterRow(upsertIf(true())) ~> AlterRow1\nAlterRow1 sink(allowSchemaDrift: true,\n\tvalidateSchema: false,\n\tinput(\n\t\tDosageFormId as integer,\n\t\tDosageFormCode as string,\n\t\tDosageFormDescription as string,\n\t\tDosageFormAbbreviation as string,\n\t\tComment as string\n\t),\n\tdeletable:false,\n\tinsertable:false,\n\tupdateable:false,\n\tupsertable:true,\n\tkeys:['DosageFormId'],\n\tformat: 'table',\n\tskipDuplicateMapInputs: true,\n\tskipDuplicateMapOutputs: true,\n\terrorHandlingOption: 'stopOnFirstError',\n\tmapColumn(\n\t\tDosageFormId,\n\t\tDosageFormCode,\n\t\tDosageFormDescription,\n\t\tDosageFormAbbreviation,\n\t\tComment\n\t)) ~> DosageFormSinkTestDB"
                }
            },
            "dependsOn": []
        },
        {
            "name": "[concat(parameters('factoryName'), '/AwpIndicator_SingleSink_DF')]",
            "type": "Microsoft.DataFactory/factories/dataflows",
            "apiVersion": "2018-06-01",
            "properties": {
                "folder": {
                    "name": "WoltersKluwers"
                },
                "type": "MappingDataFlow",
                "typeProperties": {
                    "sources": [
                        {
                            "dataset": {
                                "referenceName": "AwpIndicator_Source_New1",
                                "type": "DatasetReference"
                            },
                            "name": "source1"
                        }
                    ],
                    "sinks": [
                        {
                            "dataset": {
                                "referenceName": "AwpIndicator_Target_Configurable",
                                "type": "DatasetReference"
                            },
                            "name": "sink1"
                        }
                    ],
                    "transformations": [
                        {
                            "name": "AlterRow1"
                        }
                    ],
                    "script": "source(output(\n\t\tAwpIndicatorId as integer,\n\t\tAwpIndicatorCode as string,\n\t\tAwpIndicatorDescription as string\n\t),\n\tallowSchemaDrift: true,\n\tvalidateSchema: false,\n\tisolationLevel: 'READ_UNCOMMITTED',\n\tformat: 'table') ~> source1\nsource1 alterRow(upsertIf(true())) ~> AlterRow1\nAlterRow1 sink(allowSchemaDrift: true,\n\tvalidateSchema: false,\n\tinput(\n\t\tAwpIndicatorId as integer,\n\t\tAwpIndicatorCode as string,\n\t\tAwpIndicatorDescription as string\n\t),\n\tdeletable:false,\n\tinsertable:false,\n\tupdateable:false,\n\tupsertable:true,\n\tkeys:['AwpIndicatorId'],\n\tformat: 'table',\n\tskipDuplicateMapInputs: true,\n\tskipDuplicateMapOutputs: true,\n\terrorHandlingOption: 'stopOnFirstError',\n\tmapColumn(\n\t\tAwpIndicatorId,\n\t\tAwpIndicatorCode,\n\t\tAwpIndicatorDescription\n\t)) ~> sink1"
                }
            },
            "dependsOn": []
        },
        {
            "name": "[concat(parameters('factoryName'), '/FdaProductExclusivity_SingleSink_DF')]",
            "type": "Microsoft.DataFactory/factories/dataflows",
            "apiVersion": "2018-06-01",
            "properties": {
                "folder": {
                    "name": "FDA"
                },
                "type": "MappingDataFlow",
                "typeProperties": {
                    "sources": [
                        {
                            "dataset": {
                                "referenceName": "FdaProductExclusivity_Source_New1",
                                "type": "DatasetReference"
                            },
                            "name": "FdaProductExclusivitySource"
                        },
                        {
                            "dataset": {
                                "referenceName": "ItemMaster_Join_Configurable",
                                "type": "DatasetReference"
                            },
                            "name": "ItemMasterSource"
                        }
                    ],
                    "sinks": [
                        {
                            "dataset": {
                                "referenceName": "FdaProductExclusivity_Target_Configurable",
                                "type": "DatasetReference"
                            },
                            "name": "sink1"
                        }
                    ],
                    "transformations": [
                        {
                            "name": "AlterRow1"
                        },
                        {
                            "name": "Join1"
                        }
                    ],
                    "script": "parameters{\n\tFullLoad as string ('false')\n}\nsource(output(\n\t\tFdaProductExclusivityUId as string,\n\t\tNDC as string,\n\t\tItemUId as string,\n\t\tApplicationNumber as string,\n\t\tProductNumber as string,\n\t\tExclusivityId as integer,\n\t\tExclusivityDate as date,\n\t\tDateAdded as timestamp,\n\t\tDateChanged as timestamp,\n\t\tStatus as string,\n\t\tDataSourceId as integer\n\t),\n\tallowSchemaDrift: true,\n\tvalidateSchema: false,\n\tisolationLevel: 'READ_UNCOMMITTED',\n\tquery: (iif(lower($FullLoad) == 'true','select * from [Sync].[vw_FdaProductExclusivity]','select * from [Sync].[vw_FdaProductExclusivity] WHERE (DateChanged > DATEADD(d, - 10, GETDATE()))')),\n\tformat: 'query') ~> FdaProductExclusivitySource\nsource(output(\n\t\tItemId as integer,\n\t\tItemTypeId as integer,\n\t\tItemCode as string,\n\t\tItemDescription as string,\n\t\tMfrId as integer,\n\t\tGtin as long,\n\t\tItemMasterItemId as integer,\n\t\tDateAdded as timestamp,\n\t\tDateChanged as timestamp,\n\t\tItemUId as string,\n\t\tDataSourceId as integer\n\t),\n\tallowSchemaDrift: true,\n\tvalidateSchema: false,\n\tisolationLevel: 'READ_UNCOMMITTED',\n\tformat: 'table') ~> ItemMasterSource\nJoin1 alterRow(upsertIf(true())) ~> AlterRow1\nFdaProductExclusivitySource, ItemMasterSource join(FdaProductExclusivitySource@ItemUId == ItemMasterSource@ItemUId,\n\tjoinType:'inner',\n\tmatchType:'exact',\n\tignoreSpaces: false,\n\tbroadcast: 'auto')~> Join1\nAlterRow1 sink(allowSchemaDrift: true,\n\tvalidateSchema: false,\n\tinput(\n\t\tFdaProductExclusivityId as integer,\n\t\tFdaProductExclusivityUId as string,\n\t\tNDC as string,\n\t\tItemId as integer,\n\t\tApplicationNumber as string,\n\t\tProductNumber as string,\n\t\tExclusivityId as integer,\n\t\tExclusivityDate as date,\n\t\tDateAdded as timestamp,\n\t\tDateChanged as timestamp,\n\t\tStatus as string,\n\t\tItemUId as string,\n\t\tDataSourceId as integer\n\t),\n\tdeletable:false,\n\tinsertable:false,\n\tupdateable:false,\n\tupsertable:true,\n\tkeys:['FdaProductExclusivityUId'],\n\tformat: 'table',\n\tskipDuplicateMapInputs: true,\n\tskipDuplicateMapOutputs: true,\n\terrorHandlingOption: 'stopOnFirstError',\n\tmapColumn(\n\t\tFdaProductExclusivityUId,\n\t\tNDC,\n\t\tItemId,\n\t\tItemUId = FdaProductExclusivitySource@ItemUId,\n\t\tApplicationNumber,\n\t\tProductNumber,\n\t\tExclusivityId,\n\t\tExclusivityDate,\n\t\tDateAdded = FdaProductExclusivitySource@DateAdded,\n\t\tDateChanged = FdaProductExclusivitySource@DateChanged,\n\t\tStatus,\n\t\tDataSourceId = FdaProductExclusivitySource@DataSourceId\n\t)) ~> sink1"
                }
            },
            "dependsOn": []
        },
        {
            "name": "[concat(parameters('factoryName'), '/RecallV2Route')]",
            "type": "Microsoft.DataFactory/factories/dataflows",
            "apiVersion": "2018-06-01",
            "properties": {
                "folder": {
                    "name": "FdaRecallV2"
                },
                "type": "MappingDataFlow",
                "typeProperties": {
                    "sources": [
                        {
                            "dataset": {
                                "referenceName": "RecallV2RouteSource",
                                "type": "DatasetReference"
                            },
                            "name": "RecallV2RouteSource"
                        }
                    ],
                    "sinks": [
                        {
                            "dataset": {
                                "referenceName": "RecallV2RouteTarget",
                                "type": "DatasetReference"
                            },
                            "name": "RecallV2RouteTarget"
                        }
                    ],
                    "transformations": [
                        {
                            "name": "AlterRow1"
                        }
                    ],
                    "script": "source(output(\n\t\tRecallRouteId as integer,\n\t\tRecallId as integer,\n\t\tRecallNumber as string,\n\t\tFdaEventId as string,\n\t\tRoute as string,\n\t\tDateAdded as timestamp,\n\t\tDateChanged as timestamp,\n\t\tPipelineRunId as string,\n\t\tImportedDate as timestamp,\n\t\tStatus as string\n\t),\n\tallowSchemaDrift: true,\n\tvalidateSchema: false,\n\tisolationLevel: 'READ_UNCOMMITTED',\n\tformat: 'table') ~> RecallV2RouteSource\nRecallV2RouteSource alterRow(upsertIf(true())) ~> AlterRow1\nAlterRow1 sink(allowSchemaDrift: true,\n\tvalidateSchema: false,\n\tinput(\n\t\tRecallRouteId as integer,\n\t\tRecallId as integer,\n\t\tRecallNumber as string,\n\t\tFdaEventId as string,\n\t\tRoute as string,\n\t\tDateAdded as timestamp,\n\t\tDateChanged as timestamp,\n\t\tPipelineRunId as string,\n\t\tImportedDate as timestamp,\n\t\tStatus as string\n\t),\n\tdeletable:false,\n\tinsertable:false,\n\tupdateable:false,\n\tupsertable:true,\n\tkeys:['RecallRouteId'],\n\tformat: 'table',\n\tpreSQLs:['SET IDENTITY_INSERT  [Fda].[RecallV2Route] ON'],\n\tskipDuplicateMapInputs: true,\n\tskipDuplicateMapOutputs: true,\n\terrorHandlingOption: 'stopOnFirstError') ~> RecallV2RouteTarget"
                }
            },
            "dependsOn": []
        },
        {
            "name": "[concat(parameters('factoryName'), '/ItemMaster_Master_SingleSource_DF')]",
            "type": "Microsoft.DataFactory/factories/dataflows",
            "apiVersion": "2018-06-01",
            "properties": {
                "folder": {
                    "name": "ItemTables"
                },
                "type": "MappingDataFlow",
                "typeProperties": {
                    "sources": [
                        {
                            "dataset": {
                                "referenceName": "ItemMaster_Source_New1",
                                "type": "DatasetReference"
                            },
                            "name": "ItemMasterSource"
                        },
                        {
                            "dataset": {
                                "referenceName": "ItemMaster_Join_Manufacturer_Configurable",
                                "type": "DatasetReference"
                            },
                            "name": "ManufacturerSource"
                        }
                    ],
                    "sinks": [
                        {
                            "dataset": {
                                "referenceName": "ItemMaster_Target_Configurable",
                                "type": "DatasetReference"
                            },
                            "name": "sink1"
                        }
                    ],
                    "transformations": [
                        {
                            "name": "Join1"
                        },
                        {
                            "name": "AlterRow1"
                        }
                    ],
                    "script": "parameters{\n\tFullLoad as string ('false')\n}\nsource(output(\n\t\tItemId as integer,\n\t\tItemTypeId as integer,\n\t\tItemCode as string,\n\t\tItemDescription as string,\n\t\tMfrId as integer,\n\t\tGtin as long,\n\t\tDateAdded as timestamp,\n\t\tDateChanged as timestamp,\n\t\tItemUId as string,\n\t\tDataSourceId as integer\n\t),\n\tallowSchemaDrift: true,\n\tvalidateSchema: false,\n\tisolationLevel: 'READ_UNCOMMITTED',\n\tquery: (iif(lower($FullLoad)  == 'true','select * from [Sync].[vw_ItemMaster]','select * from [Sync].[vw_ItemMaster] WHERE (DateChanged > DATEADD(d, - 10, GETDATE()))')),\n\tformat: 'query') ~> ItemMasterSource\nsource(output(\n\t\tMfrId as integer,\n\t\tMfrName as string,\n\t\tMfrShortName as string,\n\t\tDateAdded as timestamp,\n\t\tDateChanged as timestamp,\n\t\tItemMasterMfrId as integer,\n\t\tDataSourceId as integer\n\t),\n\tallowSchemaDrift: true,\n\tvalidateSchema: false,\n\tisolationLevel: 'READ_UNCOMMITTED',\n\tformat: 'table') ~> ManufacturerSource\nItemMasterSource, ManufacturerSource join(ItemMasterSource@MfrId == ItemMasterMfrId,\n\tjoinType:'left',\n\tmatchType:'exact',\n\tignoreSpaces: false,\n\tbroadcast: 'auto')~> Join1\nJoin1 alterRow(upsertIf(true())) ~> AlterRow1\nAlterRow1 sink(allowSchemaDrift: true,\n\tvalidateSchema: false,\n\tinput(\n\t\tItemId as integer,\n\t\tItemTypeId as integer,\n\t\tItemCode as string,\n\t\tItemDescription as string,\n\t\tMfrId as integer,\n\t\tGtin as long,\n\t\tItemMasterItemId as integer,\n\t\tDateAdded as timestamp,\n\t\tDateChanged as timestamp,\n\t\tItemUId as string,\n\t\tDataSourceId as integer\n\t),\n\tdeletable:false,\n\tinsertable:false,\n\tupdateable:false,\n\tupsertable:true,\n\tkeys:['ItemUId'],\n\tformat: 'table',\n\tskipDuplicateMapInputs: true,\n\tskipDuplicateMapOutputs: true,\n\terrorHandlingOption: 'stopOnFirstError',\n\tmapColumn(\n\t\tItemTypeId,\n\t\tItemCode,\n\t\tItemDescription,\n\t\tMfrId = ManufacturerSource@MfrId,\n\t\tGtin,\n\t\tItemMasterItemId = ItemId,\n\t\tDateAdded = ItemMasterSource@DateAdded,\n\t\tDateChanged = ItemMasterSource@DateChanged,\n\t\tItemUId,\n\t\tDataSourceId = ItemMasterSource@DataSourceId\n\t)) ~> sink1"
                }
            },
            "dependsOn": []
        },
        {
            "name": "[concat(parameters('factoryName'), '/WkGpiDescriptions_SingleSink_DF')]",
            "type": "Microsoft.DataFactory/factories/dataflows",
            "apiVersion": "2018-06-01",
            "properties": {
                "folder": {
                    "name": "WoltersKluwers"
                },
                "type": "MappingDataFlow",
                "typeProperties": {
                    "sources": [
                        {
                            "dataset": {
                                "referenceName": "WkGpiDescriptions_Source_New1",
                                "type": "DatasetReference"
                            },
                            "name": "source1"
                        }
                    ],
                    "sinks": [
                        {
                            "dataset": {
                                "referenceName": "WkGpiDescriptions_Target_Configurable",
                                "type": "DatasetReference"
                            },
                            "name": "sink1"
                        }
                    ],
                    "transformations": [
                        {
                            "name": "AlterRow1"
                        }
                    ],
                    "script": "source(output(\n\t\tGpiId as integer,\n\t\tGpiCodeSegment as string,\n\t\tGPIRecordTypeId as integer,\n\t\tGpiName as string,\n\t\tGPIRecordTypeLevelCode as string,\n\t\tStatus as string,\n\t\tDateAdded as timestamp,\n\t\tDateChanged as timestamp\n\t),\n\tallowSchemaDrift: true,\n\tvalidateSchema: false,\n\tisolationLevel: 'READ_UNCOMMITTED',\n\tformat: 'table') ~> source1\nsource1 alterRow(upsertIf(true())) ~> AlterRow1\nAlterRow1 sink(allowSchemaDrift: true,\n\tvalidateSchema: false,\n\tinput(\n\t\tGpiId as integer,\n\t\tGpiCodeSegment as string,\n\t\tGPIRecordTypeId as integer,\n\t\tGpiName as string,\n\t\tGPIRecordTypeLevelCode as string,\n\t\tStatus as string,\n\t\tDateAdded as timestamp,\n\t\tDateChanged as timestamp\n\t),\n\tdeletable:false,\n\tinsertable:false,\n\tupdateable:false,\n\tupsertable:true,\n\tkeys:['GpiId'],\n\tformat: 'table',\n\tskipDuplicateMapInputs: true,\n\tskipDuplicateMapOutputs: true,\n\terrorHandlingOption: 'stopOnFirstError',\n\tmapColumn(\n\t\tGpiId,\n\t\tGpiCodeSegment,\n\t\tGPIRecordTypeId,\n\t\tGpiName,\n\t\tGPIRecordTypeLevelCode,\n\t\tStatus,\n\t\tDateAdded,\n\t\tDateChanged\n\t)) ~> sink1"
                }
            },
            "dependsOn": []
        },
        {
            "name": "[concat(parameters('factoryName'), '/BioEquivalenceCode_SingleSink_DF')]",
            "type": "Microsoft.DataFactory/factories/dataflows",
            "apiVersion": "2018-06-01",
            "properties": {
                "folder": {
                    "name": "WoltersKluwers"
                },
                "type": "MappingDataFlow",
                "typeProperties": {
                    "sources": [
                        {
                            "dataset": {
                                "referenceName": "BioEquivalenceCode_Source_New1",
                                "type": "DatasetReference"
                            },
                            "name": "source1"
                        }
                    ],
                    "sinks": [
                        {
                            "dataset": {
                                "referenceName": "BioEquivalenceCode_Target_Configurable",
                                "type": "DatasetReference"
                            },
                            "name": "sink1"
                        }
                    ],
                    "transformations": [
                        {
                            "name": "AlterRow1"
                        }
                    ],
                    "script": "source(output(\n\t\tBioEquivalenceId as integer,\n\t\tBioEquivalenceCode as string,\n\t\tBioEquivalenceDescription as string\n\t),\n\tallowSchemaDrift: true,\n\tvalidateSchema: false,\n\tisolationLevel: 'READ_UNCOMMITTED',\n\tformat: 'table') ~> source1\nsource1 alterRow(upsertIf(true())) ~> AlterRow1\nAlterRow1 sink(allowSchemaDrift: true,\n\tvalidateSchema: false,\n\tinput(\n\t\tBioEquivalenceId as integer,\n\t\tBioEquivalenceCode as string,\n\t\tBioEquivalenceDescription as string\n\t),\n\tdeletable:false,\n\tinsertable:false,\n\tupdateable:false,\n\tupsertable:true,\n\tkeys:['BioEquivalenceId'],\n\tformat: 'table',\n\tskipDuplicateMapInputs: true,\n\tskipDuplicateMapOutputs: true,\n\terrorHandlingOption: 'stopOnFirstError',\n\tmapColumn(\n\t\tBioEquivalenceId,\n\t\tBioEquivalenceCode,\n\t\tBioEquivalenceDescription\n\t)) ~> sink1"
                }
            },
            "dependsOn": []
        },
        {
            "name": "[concat(parameters('factoryName'), '/ImportFileIDMapping_SingleSink_DF')]",
            "type": "Microsoft.DataFactory/factories/dataflows",
            "apiVersion": "2018-06-01",
            "properties": {
                "folder": {
                    "name": "RxLog"
                },
                "type": "MappingDataFlow",
                "typeProperties": {
                    "sources": [
                        {
                            "dataset": {
                                "referenceName": "ImportFileIDMapping_Source_New1",
                                "type": "DatasetReference"
                            },
                            "name": "ImportFileIDMappingSource"
                        },
                        {
                            "dataset": {
                                "referenceName": "DataSource_Join_Source",
                                "type": "DatasetReference"
                            },
                            "name": "DataSourceSource"
                        },
                        {
                            "dataset": {
                                "referenceName": "ImportFileFrequencyType_Join_Source",
                                "type": "DatasetReference"
                            },
                            "name": "ImportFileFrequencyTypeSource"
                        }
                    ],
                    "sinks": [
                        {
                            "dataset": {
                                "referenceName": "ImportFileIDMapping_Target_Configurable",
                                "type": "DatasetReference"
                            },
                            "name": "sink1"
                        }
                    ],
                    "transformations": [
                        {
                            "name": "AlterRow1"
                        },
                        {
                            "name": "Join1"
                        },
                        {
                            "name": "Join2"
                        }
                    ],
                    "script": "source(output(\n\t\tclientimportcode as string,\n\t\tImportFileMapUId as string,\n\t\tDataSourceUID as string,\n\t\tImportFileFrequencyTypeUId as string\n\t),\n\tallowSchemaDrift: true,\n\tvalidateSchema: false,\n\tisolationLevel: 'READ_UNCOMMITTED',\n\tquery: 'select ifm.clientimportcode as clientimportcode, ifm.ImportFileMapUId as ImportFileMapUId, ds.DataSourceUID as DataSourceUID, ifft.ImportFileFrequencyTypeUId as ImportFileFrequencyTypeUId\\nfrom ImportFileIDMapping ifm\\n   inner join DataSource ds\\n     on ifm.DataSourceId = ds.DataSourceId\\n   inner join ImportFileFrequencyType ifft\\n     on ifm.ImportFileFrequencyTypeId = ifft.ImportFileFrequencyTypeId',\n\tformat: 'query') ~> ImportFileIDMappingSource\nsource(output(\n\t\tDataSourceId as integer,\n\t\tDataSourceDesciption as string,\n\t\tDataSourceUID as string\n\t),\n\tallowSchemaDrift: true,\n\tvalidateSchema: false,\n\tisolationLevel: 'READ_UNCOMMITTED',\n\tformat: 'table') ~> DataSourceSource\nsource(output(\n\t\tImportFileFrequencyTypeId as integer,\n\t\tDescription as string,\n\t\tWarningDayThreshold as integer,\n\t\tImportFileFrequencyTypeUId as string\n\t),\n\tallowSchemaDrift: true,\n\tvalidateSchema: false,\n\tisolationLevel: 'READ_UNCOMMITTED',\n\tformat: 'table') ~> ImportFileFrequencyTypeSource\nJoin2 alterRow(upsertIf(true())) ~> AlterRow1\nImportFileIDMappingSource, DataSourceSource join(ImportFileIDMappingSource@DataSourceUID == DataSourceSource@DataSourceUID,\n\tjoinType:'inner',\n\tmatchType:'exact',\n\tignoreSpaces: false,\n\tbroadcast: 'auto')~> Join1\nJoin1, ImportFileFrequencyTypeSource join(ImportFileIDMappingSource@ImportFileFrequencyTypeUId == ImportFileFrequencyTypeSource@ImportFileFrequencyTypeUId,\n\tjoinType:'inner',\n\tmatchType:'exact',\n\tignoreSpaces: false,\n\tbroadcast: 'auto')~> Join2\nAlterRow1 sink(allowSchemaDrift: true,\n\tvalidateSchema: false,\n\tinput(\n\t\tImportFileMapId as integer,\n\t\tClientImportCode as string,\n\t\tDescription as string,\n\t\tClientId as integer,\n\t\tClientSupplierId as integer,\n\t\tCpSupplierID as integer,\n\t\tCustomerId as integer,\n\t\tPriceListId as integer,\n\t\tDataSourceId as integer,\n\t\tPayerId as integer,\n\t\tReimbursementTypeId as integer,\n\t\tImportFileFrequencyTypeId as integer,\n\t\tImportFileMapUId as string\n\t),\n\tdeletable:false,\n\tinsertable:false,\n\tupdateable:false,\n\tupsertable:true,\n\tkeys:['ImportFileMapUId'],\n\tformat: 'table',\n\tskipDuplicateMapInputs: true,\n\tskipDuplicateMapOutputs: true,\n\terrorHandlingOption: 'stopOnFirstError',\n\tmapColumn(\n\t\tClientImportCode = clientimportcode,\n\t\tDataSourceId,\n\t\tImportFileFrequencyTypeId,\n\t\tImportFileMapUId\n\t)) ~> sink1"
                }
            },
            "dependsOn": []
        },
        {
            "name": "[concat(parameters('factoryName'), '/PackageSizeUom_SingleSink_DF')]",
            "type": "Microsoft.DataFactory/factories/dataflows",
            "apiVersion": "2018-06-01",
            "properties": {
                "folder": {
                    "name": "WoltersKluwers"
                },
                "type": "MappingDataFlow",
                "typeProperties": {
                    "sources": [
                        {
                            "dataset": {
                                "referenceName": "PackageSizeUom_Source_New1",
                                "type": "DatasetReference"
                            },
                            "name": "source1"
                        }
                    ],
                    "sinks": [
                        {
                            "dataset": {
                                "referenceName": "PackageSizeUom_Target_Configurable",
                                "type": "DatasetReference"
                            },
                            "name": "sink1"
                        }
                    ],
                    "transformations": [
                        {
                            "name": "AlterRow1"
                        }
                    ],
                    "script": "source(output(\n\t\tPackageSizeUomId as integer,\n\t\tPackageSizeUomCode as string,\n\t\tPackageSizeUomDescription as string\n\t),\n\tallowSchemaDrift: true,\n\tvalidateSchema: false,\n\tisolationLevel: 'READ_UNCOMMITTED',\n\tformat: 'table') ~> source1\nsource1 alterRow(upsertIf(true())) ~> AlterRow1\nAlterRow1 sink(allowSchemaDrift: true,\n\tvalidateSchema: false,\n\tinput(\n\t\tPackageSizeUomId as integer,\n\t\tPackageSizeUomCode as string,\n\t\tPackageSizeUomDescription as string\n\t),\n\tdeletable:false,\n\tinsertable:false,\n\tupdateable:false,\n\tupsertable:true,\n\tkeys:['PackageSizeUomId'],\n\tformat: 'table',\n\tskipDuplicateMapInputs: true,\n\tskipDuplicateMapOutputs: true,\n\terrorHandlingOption: 'stopOnFirstError',\n\tmapColumn(\n\t\tPackageSizeUomId,\n\t\tPackageSizeUomCode,\n\t\tPackageSizeUomDescription\n\t)) ~> sink1"
                }
            },
            "dependsOn": []
        },
        {
            "name": "[concat(parameters('factoryName'), '/BrandNameTypes_SingleSink_DF')]",
            "type": "Microsoft.DataFactory/factories/dataflows",
            "apiVersion": "2018-06-01",
            "properties": {
                "folder": {
                    "name": "WoltersKluwers"
                },
                "type": "MappingDataFlow",
                "typeProperties": {
                    "sources": [
                        {
                            "dataset": {
                                "referenceName": "BrandNameTypes_Source_New1",
                                "type": "DatasetReference"
                            },
                            "name": "BrandNameTypesSource"
                        }
                    ],
                    "sinks": [
                        {
                            "dataset": {
                                "referenceName": "BrandNameTypes_Target_Configurable",
                                "type": "DatasetReference"
                            },
                            "name": "BrandNameTypesSinkTestDB"
                        }
                    ],
                    "transformations": [
                        {
                            "name": "AlterRow1"
                        }
                    ],
                    "script": "source(output(\n\t\tBrandNameTypeId as integer,\n\t\tBrandNameTypeCode as string,\n\t\tBrandNameTypesDescription as string\n\t),\n\tallowSchemaDrift: true,\n\tvalidateSchema: false,\n\tisolationLevel: 'READ_UNCOMMITTED',\n\tformat: 'table') ~> BrandNameTypesSource\nBrandNameTypesSource alterRow(upsertIf(true())) ~> AlterRow1\nAlterRow1 sink(allowSchemaDrift: true,\n\tvalidateSchema: false,\n\tinput(\n\t\tBrandNameTypeId as integer,\n\t\tBrandNameTypeCode as string,\n\t\tBrandNameTypesDescription as string\n\t),\n\tdeletable:false,\n\tinsertable:false,\n\tupdateable:false,\n\tupsertable:true,\n\tkeys:['BrandNameTypeId'],\n\tformat: 'table',\n\tskipDuplicateMapInputs: true,\n\tskipDuplicateMapOutputs: true,\n\terrorHandlingOption: 'stopOnFirstError',\n\tmapColumn(\n\t\tBrandNameTypeId,\n\t\tBrandNameTypeCode,\n\t\tBrandNameTypesDescription\n\t)) ~> BrandNameTypesSinkTestDB"
                }
            },
            "dependsOn": []
        },
        {
            "name": "[concat(parameters('factoryName'), '/ImportFileFrequencyType_SingleSink_DF')]",
            "type": "Microsoft.DataFactory/factories/dataflows",
            "apiVersion": "2018-06-01",
            "properties": {
                "folder": {
                    "name": "RxLog"
                },
                "type": "MappingDataFlow",
                "typeProperties": {
                    "sources": [
                        {
                            "dataset": {
                                "referenceName": "ImportFileFrequencyType_Source_New1",
                                "type": "DatasetReference"
                            },
                            "name": "source1"
                        }
                    ],
                    "sinks": [
                        {
                            "dataset": {
                                "referenceName": "ImportFileFrequencyType_Target_Configurable",
                                "type": "DatasetReference"
                            },
                            "name": "sink1"
                        }
                    ],
                    "transformations": [
                        {
                            "name": "AlterRow1"
                        }
                    ],
                    "script": "source(output(\n\t\tImportFileFrequencyTypeId as integer,\n\t\tDescription as string,\n\t\tImportFileFrequencyTypeUId as string\n\t),\n\tallowSchemaDrift: true,\n\tvalidateSchema: false,\n\tisolationLevel: 'READ_UNCOMMITTED',\n\tformat: 'table') ~> source1\nsource1 alterRow(upsertIf(true())) ~> AlterRow1\nAlterRow1 sink(allowSchemaDrift: true,\n\tvalidateSchema: false,\n\tinput(\n\t\tImportFileFrequencyTypeId as integer,\n\t\tDescription as string,\n\t\tWarningDayThreshold as integer,\n\t\tImportFileFrequencyTypeUId as string\n\t),\n\tdeletable:false,\n\tinsertable:false,\n\tupdateable:false,\n\tupsertable:true,\n\tkeys:['ImportFileFrequencyTypeUId'],\n\tformat: 'table',\n\tskipDuplicateMapInputs: true,\n\tskipDuplicateMapOutputs: true,\n\terrorHandlingOption: 'stopOnFirstError',\n\tmapColumn(\n\t\tDescription,\n\t\tImportFileFrequencyTypeUId\n\t)) ~> sink1"
                }
            },
            "dependsOn": []
        },
        {
            "name": "[concat(parameters('factoryName'), '/DataFlow_FDA_RecallNDC_Sync_SingleSink_DF')]",
            "type": "Microsoft.DataFactory/factories/dataflows",
            "apiVersion": "2018-06-01",
            "properties": {
                "folder": {
                    "name": "Recall"
                },
                "type": "MappingDataFlow",
                "typeProperties": {
                    "sources": [
                        {
                            "dataset": {
                                "referenceName": "ItemMaster_SQL_RecallNDC",
                                "type": "DatasetReference"
                            },
                            "name": "RecallNDCSource"
                        }
                    ],
                    "sinks": [
                        {
                            "dataset": {
                                "referenceName": "CognitiveRx_SQL_RecallNDC_Configurable",
                                "type": "DatasetReference"
                            },
                            "name": "RecallNDCSink"
                        }
                    ],
                    "transformations": [
                        {
                            "name": "AlterRow1"
                        }
                    ],
                    "script": "source(output(\n\t\tRecallNDCId as integer,\n\t\tRecallId as integer,\n\t\tNDC as string,\n\t\tNDC11 as string,\n\t\tNDC10 as string,\n\t\tAddedDateTime as timestamp,\n\t\tUpdatedDateTime as timestamp,\n\t\tRecallNDCUId as string,\n\t\tRecallUId as string\n\t),\n\tallowSchemaDrift: true,\n\tvalidateSchema: false,\n\tisolationLevel: 'READ_UNCOMMITTED',\n\tformat: 'table') ~> RecallNDCSource\nRecallNDCSource alterRow(upsertIf(true())) ~> AlterRow1\nAlterRow1 sink(allowSchemaDrift: true,\n\tvalidateSchema: false,\n\tinput(\n\t\tRecallNDCId as integer,\n\t\tRecallId as integer,\n\t\tNDC as string,\n\t\tNDC11 as string,\n\t\tNDC10 as string,\n\t\tAddedDateTime as timestamp,\n\t\tUpdatedDateTime as timestamp,\n\t\tRecallNDCUId as string,\n\t\tRecallUId as string\n\t),\n\tdeletable:false,\n\tinsertable:false,\n\tupdateable:false,\n\tupsertable:true,\n\tkeys:['RecallNDCUId'],\n\tformat: 'table',\n\terrorHandlingOption: 'stopOnFirstError',\n\tmapColumn(\n\t\tNDC,\n\t\tNDC11,\n\t\tNDC10,\n\t\tAddedDateTime,\n\t\tRecallNDCUId,\n\t\tRecallUId,\n\t\tUpdatedDateTime\n\t)) ~> RecallNDCSink"
                }
            },
            "dependsOn": []
        },
        {
            "name": "[concat(parameters('factoryName'), '/UnitOfMeasure_SingleSink_DF')]",
            "type": "Microsoft.DataFactory/factories/dataflows",
            "apiVersion": "2018-06-01",
            "properties": {
                "folder": {
                    "name": "DBO"
                },
                "type": "MappingDataFlow",
                "typeProperties": {
                    "sources": [
                        {
                            "dataset": {
                                "referenceName": "UnitOfMeasure_Source_New1",
                                "type": "DatasetReference"
                            },
                            "name": "source1"
                        }
                    ],
                    "sinks": [
                        {
                            "dataset": {
                                "referenceName": "UnitOfMeasure_Target_Configurable",
                                "type": "DatasetReference"
                            },
                            "name": "sink1"
                        }
                    ],
                    "transformations": [
                        {
                            "name": "AlterRow1"
                        }
                    ],
                    "script": "source(output(\n\t\tUnitOfMeasureId as integer,\n\t\tUnitOfMeasureDescription as string\n\t),\n\tallowSchemaDrift: true,\n\tvalidateSchema: false,\n\tisolationLevel: 'READ_UNCOMMITTED',\n\tformat: 'table') ~> source1\nsource1 alterRow(upsertIf(true())) ~> AlterRow1\nAlterRow1 sink(allowSchemaDrift: true,\n\tvalidateSchema: false,\n\tinput(\n\t\tUnitOfMeasureId as integer,\n\t\tUnitOfMeasureDescription as string\n\t),\n\tdeletable:false,\n\tinsertable:false,\n\tupdateable:false,\n\tupsertable:true,\n\tkeys:['UnitOfMeasureId'],\n\tformat: 'table',\n\tskipDuplicateMapInputs: true,\n\tskipDuplicateMapOutputs: true,\n\terrorHandlingOption: 'stopOnFirstError') ~> sink1"
                }
            },
            "dependsOn": []
        },
        {
            "name": "[concat(parameters('factoryName'), '/PharmacyItem_Master_SingleSink_DF')]",
            "type": "Microsoft.DataFactory/factories/dataflows",
            "apiVersion": "2018-06-01",
            "properties": {
                "folder": {
                    "name": "ItemTables"
                },
                "type": "MappingDataFlow",
                "typeProperties": {
                    "sources": [
                        {
                            "dataset": {
                                "referenceName": "PharmacyItem_Source_New1",
                                "type": "DatasetReference"
                            },
                            "name": "PharmacyItemSource"
                        },
                        {
                            "dataset": {
                                "referenceName": "ItemMaster_Join_Manufacturer_Configurable",
                                "type": "DatasetReference"
                            },
                            "name": "ManufacturerSource"
                        },
                        {
                            "dataset": {
                                "referenceName": "ItemMaster_Join_Configurable",
                                "type": "DatasetReference"
                            },
                            "name": "ItemMasterSource"
                        }
                    ],
                    "sinks": [
                        {
                            "dataset": {
                                "referenceName": "PharmacyItem_Target_Configurable",
                                "type": "DatasetReference"
                            },
                            "name": "sink1"
                        }
                    ],
                    "transformations": [
                        {
                            "name": "Join1"
                        },
                        {
                            "name": "Join2"
                        },
                        {
                            "name": "AlterRow1"
                        }
                    ],
                    "script": "parameters{\n\tFullLoad as string ('false')\n}\nsource(output(\n\t\tItemUId as string,\n\t\tItemId as integer,\n\t\tItemDescription as string,\n\t\tItemShortDescription as string,\n\t\tGtin as long,\n\t\tNdc as string,\n\t\tNdc10 as string,\n\t\tNdc11 as string,\n\t\tNdc9 as string,\n\t\tNdcFormatCode as integer,\n\t\tPreviousNdc as string,\n\t\tReplacedByNdc as string,\n\t\tCasePack as string,\n\t\tPackageSize as decimal(8,3),\n\t\tPackageDescription as string,\n\t\tDrugStrength as string,\n\t\tDrugStrengthUom as string,\n\t\tIsGenericDrug as boolean,\n\t\tDrugName as string,\n\t\tIngredients as string,\n\t\tBrandNameTypeId as integer,\n\t\tUnitDoseId as integer,\n\t\tDosageFormId as integer,\n\t\tIsItemMultiSourced as boolean,\n\t\tStorageConditionId as integer,\n\t\tRxNormNumber as string,\n\t\tIsItemRepackaged as boolean,\n\t\tIsItemHazardouMaterial as boolean,\n\t\tLabelerId as integer,\n\t\tMfrId as integer,\n\t\tDeaClassId as integer,\n\t\tOrangeBookId as integer,\n\t\tPackageSizeUomId as integer,\n\t\tUnitOfMeasureId as integer,\n\t\tPurpleBookId as integer,\n\t\tGPI as string,\n\t\tTypeOfBrandDesciption as string,\n\t\tDrugDescriptorId as integer,\n\t\tBioEquivalenceId as integer,\n\t\tDateAdded as timestamp,\n\t\tDateChanged as timestamp,\n\t\tDataSourceId as integer,\n\t\tisDiscontinued as boolean,\n\t\tGPIDrugNameCode as string,\n\t\tGpiDrugName as string\n\t),\n\tallowSchemaDrift: true,\n\tvalidateSchema: false,\n\tisolationLevel: 'READ_UNCOMMITTED',\n\tquery: (iif(lower($FullLoad) == 'true','select * from [Sync].[vw_PharmacyItem]','select * from [Sync].[vw_PharmacyItem] WHERE (DateChanged > DATEADD(d, - 10, GETDATE()))')),\n\tformat: 'query') ~> PharmacyItemSource\nsource(output(\n\t\tMfrId as integer,\n\t\tMfrName as string,\n\t\tMfrShortName as string,\n\t\tDateAdded as timestamp,\n\t\tDateChanged as timestamp,\n\t\tItemMasterMfrId as integer,\n\t\tDataSourceId as integer\n\t),\n\tallowSchemaDrift: true,\n\tvalidateSchema: false,\n\tisolationLevel: 'READ_UNCOMMITTED',\n\tformat: 'table') ~> ManufacturerSource\nsource(output(\n\t\tItemId as integer,\n\t\tItemTypeId as integer,\n\t\tItemCode as string,\n\t\tItemDescription as string,\n\t\tMfrId as integer,\n\t\tGtin as long,\n\t\tItemMasterItemId as integer,\n\t\tDateAdded as timestamp,\n\t\tDateChanged as timestamp,\n\t\tItemUId as string,\n\t\tDataSourceId as integer\n\t),\n\tallowSchemaDrift: true,\n\tvalidateSchema: false,\n\tisolationLevel: 'READ_UNCOMMITTED',\n\tformat: 'table') ~> ItemMasterSource\nJoin2, ManufacturerSource join(PharmacyItemSource@MfrId == ItemMasterMfrId,\n\tjoinType:'left',\n\tmatchType:'exact',\n\tignoreSpaces: false,\n\tbroadcast: 'auto')~> Join1\nPharmacyItemSource, ItemMasterSource join(PharmacyItemSource@ItemUId == ItemMasterSource@ItemUId,\n\tjoinType:'inner',\n\tmatchType:'exact',\n\tignoreSpaces: false,\n\tbroadcast: 'auto')~> Join2\nJoin1 alterRow(upsertIf(true())) ~> AlterRow1\nAlterRow1 sink(allowSchemaDrift: true,\n\tvalidateSchema: false,\n\tinput(\n\t\tItemId as integer,\n\t\tItemDescription as string,\n\t\tItemShortDescription as string,\n\t\tGtin as long,\n\t\tNdc as string,\n\t\tNdc10 as string,\n\t\tNdc11 as string,\n\t\tNdc9 as string,\n\t\tNdcFormatCode as integer,\n\t\tPreviousNdc as string,\n\t\tReplacedByNdc as string,\n\t\tCasePack as string,\n\t\tPackageSize as decimal(8,3),\n\t\tPackageDescription as string,\n\t\tDrugStrength as string,\n\t\tDrugStrengthUom as string,\n\t\tIsGenericDrug as boolean,\n\t\tDrugName as string,\n\t\tIngredients as string,\n\t\tBrandNameTypeId as integer,\n\t\tUnitDoseId as integer,\n\t\tDosageFormId as integer,\n\t\tIsItemMultiSourced as boolean,\n\t\tStorageConditionId as integer,\n\t\tRxNormNumber as string,\n\t\tIsItemRepackaged as boolean,\n\t\tIsItemHazardouMaterial as boolean,\n\t\tLabelerId as integer,\n\t\tMfrId as integer,\n\t\tDeaClassId as integer,\n\t\tOrangeBookId as integer,\n\t\tPackageSizeUomId as integer,\n\t\tUnitOfMeasureId as integer,\n\t\tPurpleBookId as integer,\n\t\tGPI as string,\n\t\tTypeOfBrandDesciption as string,\n\t\tItemMasterItemId as integer,\n\t\tDrugDescriptorId as integer,\n\t\tBioEquivalenceId as integer,\n\t\tDateAdded as timestamp,\n\t\tDateChanged as timestamp,\n\t\tDataSourceId as integer,\n\t\tManufacturer as string,\n\t\tEqKey as string,\n\t\tPricingKey as string,\n\t\tPharmaceuticalEqKey as string,\n\t\tBioEqKey as string,\n\t\tTherapeuticEqKey as string,\n\t\tDirectEqKey as string,\n\t\tisDiscontinued as boolean,\n\t\tItemUId as string,\n\t\tGPIDrugNameCode as string,\n\t\tGpiDrugName as string\n\t),\n\tdeletable:false,\n\tinsertable:false,\n\tupdateable:false,\n\tupsertable:true,\n\tkeys:['ItemUId'],\n\tformat: 'table',\n\terrorHandlingOption: 'stopOnFirstError',\n\tmapColumn(\n\t\tItemUId = PharmacyItemSource@ItemUId,\n\t\tItemId = ItemMasterSource@ItemId,\n\t\tItemMasterItemId = PharmacyItemSource@ItemId,\n\t\tItemDescription = PharmacyItemSource@ItemDescription,\n\t\tItemShortDescription,\n\t\tGtin = PharmacyItemSource@Gtin,\n\t\tNdc,\n\t\tNdc10,\n\t\tNdc11,\n\t\tNdc9,\n\t\tNdcFormatCode,\n\t\tPreviousNdc,\n\t\tReplacedByNdc,\n\t\tCasePack,\n\t\tPackageSize,\n\t\tPackageDescription,\n\t\tDrugStrength,\n\t\tDrugStrengthUom,\n\t\tIsGenericDrug,\n\t\tDrugName,\n\t\tIngredients,\n\t\tBrandNameTypeId,\n\t\tUnitDoseId,\n\t\tDosageFormId,\n\t\tIsItemMultiSourced,\n\t\tStorageConditionId,\n\t\tRxNormNumber,\n\t\tIsItemRepackaged,\n\t\tIsItemHazardouMaterial,\n\t\tLabelerId,\n\t\tMfrId = ManufacturerSource@MfrId,\n\t\tDeaClassId,\n\t\tOrangeBookId,\n\t\tPackageSizeUomId,\n\t\tUnitOfMeasureId,\n\t\tPurpleBookId,\n\t\tGPI,\n\t\tTypeOfBrandDesciption,\n\t\tDrugDescriptorId,\n\t\tBioEquivalenceId,\n\t\tManufacturer = MfrName,\n\t\tDateAdded = PharmacyItemSource@DateAdded,\n\t\tDateChanged = PharmacyItemSource@DateChanged,\n\t\tDataSourceId = PharmacyItemSource@DataSourceId,\n\t\tisDiscontinued,\n\t\tGPIDrugNameCode,\n\t\tGpiDrugName\n\t)) ~> sink1"
                }
            },
            "dependsOn": []
        },
        {
            "name": "[concat(parameters('factoryName'), '/AspPriceAndLimits_SingleSink_DF')]",
            "type": "Microsoft.DataFactory/factories/dataflows",
            "apiVersion": "2018-06-01",
            "properties": {
                "folder": {
                    "name": "ItemTables"
                },
                "type": "MappingDataFlow",
                "typeProperties": {
                    "sources": [
                        {
                            "dataset": {
                                "referenceName": "AspPriceAndLimits_Source_New1",
                                "type": "DatasetReference"
                            },
                            "name": "AspPriceAndLimitsSource"
                        },
                        {
                            "dataset": {
                                "referenceName": "ItemMaster_Join_Configurable",
                                "type": "DatasetReference"
                            },
                            "name": "ItemMasterSource"
                        }
                    ],
                    "sinks": [
                        {
                            "dataset": {
                                "referenceName": "AspPriceAndLimits_Target_Configurable",
                                "type": "DatasetReference"
                            },
                            "name": "sink1"
                        }
                    ],
                    "transformations": [
                        {
                            "name": "Join1"
                        },
                        {
                            "name": "AlterRow1"
                        }
                    ],
                    "script": "parameters{\n\tFullLoad as string ('false')\n}\nsource(output(\n\t\tItemUId as string,\n\t\tAspPriceId as integer,\n\t\tNdc as string,\n\t\titemId as integer,\n\t\tQuarterDate as string,\n\t\tRevisionDate as string,\n\t\tHcpcsCode as string,\n\t\tHCPCSDescription as string,\n\t\tHcpcsCodeDosage as string,\n\t\tAspUnitPrice as decimal(13,6),\n\t\tPaymentLimit as decimal(13,5),\n\t\tIndependentEsrdLimit as decimal(13,5),\n\t\tVaccineLimit as decimal(13,5),\n\t\tDMEInfusionLimit as decimal(13,5),\n\t\tBloodLimit as decimal(13,5),\n\t\tPackageSize as decimal(15,5),\n\t\tPackageQuantity as decimal(15,5),\n\t\tBillableUnitsPerPackage as decimal(15,5),\n\t\tBillableUnitsPer11DigitNDC as decimal(15,5),\n\t\tIsCurrentRecords as boolean,\n\t\tDateAdded as timestamp,\n\t\tDateChanged as timestamp,\n\t\tDataSourceId as integer\n\t),\n\tallowSchemaDrift: true,\n\tvalidateSchema: false,\n\tisolationLevel: 'READ_UNCOMMITTED',\n\tquery: (iif(lower($FullLoad) == 'true','select * from [Sync].[vw_AspPriceAndLimits]','select * from [Sync].[vw_AspPriceAndLimits] WHERE (DateChanged > DATEADD(d, - 10, GETDATE()))')),\n\tformat: 'query') ~> AspPriceAndLimitsSource\nsource(output(\n\t\tItemId as integer,\n\t\tItemTypeId as integer,\n\t\tItemCode as string,\n\t\tItemDescription as string,\n\t\tMfrId as integer,\n\t\tGtin as long,\n\t\tItemMasterItemId as integer,\n\t\tDateAdded as timestamp,\n\t\tDateChanged as timestamp,\n\t\tItemUId as string,\n\t\tDataSourceId as integer\n\t),\n\tallowSchemaDrift: true,\n\tvalidateSchema: false,\n\tisolationLevel: 'READ_UNCOMMITTED',\n\tformat: 'table') ~> ItemMasterSource\nAspPriceAndLimitsSource, ItemMasterSource join(AspPriceAndLimitsSource@ItemUId == ItemMasterSource@ItemUId,\n\tjoinType:'inner',\n\tmatchType:'exact',\n\tignoreSpaces: false,\n\tbroadcast: 'auto')~> Join1\nJoin1 alterRow(upsertIf(true())) ~> AlterRow1\nAlterRow1 sink(allowSchemaDrift: true,\n\tvalidateSchema: false,\n\tinput(\n\t\tAspPriceId as integer,\n\t\tNdc as string,\n\t\titemId as integer,\n\t\tQuarterDate as string,\n\t\tRevisionDate as string,\n\t\tHcpcsCode as string,\n\t\tHCPCSDescription as string,\n\t\tHcpcsCodeDosage as string,\n\t\tAspUnitPrice as decimal(13,6),\n\t\tPaymentLimit as decimal(13,5),\n\t\tIndependentEsrdLimit as decimal(13,5),\n\t\tVaccineLimit as decimal(13,5),\n\t\tDMEInfusionLimit as decimal(13,5),\n\t\tBloodLimit as decimal(13,5),\n\t\tPackageSize as decimal(15,5),\n\t\tPackageQuantity as decimal(15,5),\n\t\tBillableUnitsPerPackage as decimal(15,5),\n\t\tBillableUnitsPer11DigitNDC as decimal(15,5),\n\t\tIsCurrentRecords as boolean,\n\t\tItemMasterItemId as integer,\n\t\tDateAdded as timestamp,\n\t\tDateChanged as timestamp,\n\t\tItemUId as string,\n\t\tDataSourceId as integer\n\t),\n\tdeletable:false,\n\tinsertable:false,\n\tupdateable:false,\n\tupsertable:true,\n\tkeys:['AspPriceId'],\n\tformat: 'table',\n\tskipDuplicateMapInputs: true,\n\tskipDuplicateMapOutputs: true,\n\terrorHandlingOption: 'stopOnFirstError',\n\tmapColumn(\n\t\tAspPriceId,\n\t\tItemUId = AspPriceAndLimitsSource@ItemUId,\n\t\tNdc,\n\t\titemId = ItemMasterSource@ItemId,\n\t\tQuarterDate,\n\t\tRevisionDate,\n\t\tHcpcsCode,\n\t\tHCPCSDescription,\n\t\tHcpcsCodeDosage,\n\t\tAspUnitPrice,\n\t\tPaymentLimit,\n\t\tIndependentEsrdLimit,\n\t\tVaccineLimit,\n\t\tDMEInfusionLimit,\n\t\tBloodLimit,\n\t\tPackageSize,\n\t\tPackageQuantity,\n\t\tBillableUnitsPerPackage,\n\t\tBillableUnitsPer11DigitNDC,\n\t\tIsCurrentRecords,\n\t\tDateAdded = AspPriceAndLimitsSource@DateAdded,\n\t\tDateChanged = AspPriceAndLimitsSource@DateChanged,\n\t\tDataSourceId = AspPriceAndLimitsSource@DataSourceId,\n\t\tItemMasterItemId = AspPriceAndLimitsSource@itemId\n\t)) ~> sink1"
                }
            },
            "dependsOn": []
        },
        {
            "name": "[concat(parameters('factoryName'), '/DataFeedLog_SingleSink_DF')]",
            "type": "Microsoft.DataFactory/factories/dataflows",
            "apiVersion": "2018-06-01",
            "properties": {
                "folder": {
                    "name": "RxLog"
                },
                "type": "MappingDataFlow",
                "typeProperties": {
                    "sources": [
                        {
                            "dataset": {
                                "referenceName": "DataFeedLog_Source_New1",
                                "type": "DatasetReference"
                            },
                            "name": "DataFeedLogSource"
                        },
                        {
                            "dataset": {
                                "referenceName": "DataFeedType_Join_Source",
                                "type": "DatasetReference"
                            },
                            "name": "DataFeedTypeSource"
                        },
                        {
                            "dataset": {
                                "referenceName": "ImportFileIDMapping_Join_Source",
                                "type": "DatasetReference"
                            },
                            "name": "ImportFileIDMappingSource"
                        }
                    ],
                    "sinks": [
                        {
                            "dataset": {
                                "referenceName": "DataFeedLog_Target_Configurable",
                                "type": "DatasetReference"
                            },
                            "name": "sink1"
                        }
                    ],
                    "transformations": [
                        {
                            "name": "AlterRow1"
                        },
                        {
                            "name": "Join1"
                        },
                        {
                            "name": "Join2"
                        }
                    ],
                    "script": "source(output(\n\t\tdatafeeduid as string,\n\t\tImportedDate as timestamp,\n\t\tBeginDate as timestamp,\n\t\tEndDate as timestamp,\n\t\tDataFeedTypeUId as string,\n\t\tImportFileMapUId as string\n\t),\n\tallowSchemaDrift: true,\n\tvalidateSchema: false,\n\tisolationLevel: 'READ_UNCOMMITTED',\n\tquery: 'select dfl.datafeeduid as datafeeduid, dfl.ImportedDate as ImportedDate, dfl.BeginDate as BeginDate, dfl.EndDate as EndDate, dft.DataFeedTypeUId as DataFeedTypeUId, ifim.ImportFileMapUId as ImportFileMapUId\\nfrom [dbo].[DataFeedLog] dfl\\n    inner join DataFeedType dft\\n\t   on dfl.datafeedtypeid = dft.datafeedtypeid\\n\tinner join ImportFileIDMapping ifim\\n\t   on dfl.importfilemapid = ifim.ImportFileMapId\\nwhere importeddate > dateadd(d,-7,getdate())',\n\tformat: 'query') ~> DataFeedLogSource\nsource(output(\n\t\tDataFeedTypeId as integer,\n\t\tDataFeedTypeCode as string,\n\t\tName as string,\n\t\tDataFeedTypeUId as string\n\t),\n\tallowSchemaDrift: true,\n\tvalidateSchema: false,\n\tisolationLevel: 'READ_UNCOMMITTED',\n\tformat: 'table') ~> DataFeedTypeSource\nsource(output(\n\t\tImportFileMapId as integer,\n\t\tClientImportCode as string,\n\t\tDescription as string,\n\t\tClientId as integer,\n\t\tClientSupplierId as integer,\n\t\tCpSupplierID as integer,\n\t\tCustomerId as integer,\n\t\tPriceListId as integer,\n\t\tDataSourceId as integer,\n\t\tPayerId as integer,\n\t\tReimbursementTypeId as integer,\n\t\tImportFileFrequencyTypeId as integer,\n\t\tImportFileMapUId as string\n\t),\n\tallowSchemaDrift: true,\n\tvalidateSchema: false,\n\tisolationLevel: 'READ_UNCOMMITTED',\n\tformat: 'table') ~> ImportFileIDMappingSource\nJoin2 alterRow(upsertIf(true())) ~> AlterRow1\nDataFeedLogSource, DataFeedTypeSource join(DataFeedLogSource@DataFeedTypeUId == DataFeedTypeSource@DataFeedTypeUId,\n\tjoinType:'inner',\n\tmatchType:'exact',\n\tignoreSpaces: false,\n\tbroadcast: 'auto')~> Join1\nJoin1, ImportFileIDMappingSource join(DataFeedLogSource@ImportFileMapUId == ImportFileIDMappingSource@ImportFileMapUId,\n\tjoinType:'inner',\n\tmatchType:'exact',\n\tignoreSpaces: false,\n\tbroadcast: 'auto')~> Join2\nAlterRow1 sink(allowSchemaDrift: true,\n\tvalidateSchema: false,\n\tinput(\n\t\tDataFeedID as integer,\n\t\tDataFeedTypeId as integer,\n\t\tImportFileMapId as integer,\n\t\tImportedDate as timestamp,\n\t\tBeginDate as timestamp,\n\t\tEndDate as timestamp,\n\t\tDataFeedUId as string\n\t),\n\tdeletable:false,\n\tinsertable:false,\n\tupdateable:false,\n\tupsertable:true,\n\tkeys:['DataFeedUId'],\n\tformat: 'table',\n\tskipDuplicateMapInputs: true,\n\tskipDuplicateMapOutputs: true,\n\terrorHandlingOption: 'stopOnFirstError',\n\tmapColumn(\n\t\tDataFeedUId = datafeeduid,\n\t\tImportedDate,\n\t\tBeginDate,\n\t\tEndDate,\n\t\tDataFeedTypeId,\n\t\tImportFileMapId\n\t)) ~> sink1"
                }
            },
            "dependsOn": []
        },
        {
            "name": "[concat(parameters('factoryName'), '/RecallV2OriginalPackagerProductNdc')]",
            "type": "Microsoft.DataFactory/factories/dataflows",
            "apiVersion": "2018-06-01",
            "properties": {
                "folder": {
                    "name": "FdaRecallV2"
                },
                "type": "MappingDataFlow",
                "typeProperties": {
                    "sources": [
                        {
                            "dataset": {
                                "referenceName": "RecallV2OriginalPackagerProductNdcSource",
                                "type": "DatasetReference"
                            },
                            "name": "RecallV2OriginalPackagerProductNdcSource"
                        }
                    ],
                    "sinks": [
                        {
                            "dataset": {
                                "referenceName": "RecallV2OriginalPackagerProductNdcTarget",
                                "type": "DatasetReference"
                            },
                            "name": "RecallV2OriginalPackagerProductNdcTarget"
                        }
                    ],
                    "transformations": [
                        {
                            "name": "AlterRow1"
                        }
                    ],
                    "script": "source(output(\n\t\tRecallOriginalPackagerProductNdcId as integer,\n\t\tRecallId as integer,\n\t\tRecallNumber as string,\n\t\tFdaEventId as string,\n\t\tOriginalPackagerProductNdc as string,\n\t\tDateAdded as timestamp,\n\t\tDateChanged as timestamp,\n\t\tPipelineRunId as string,\n\t\tImportedDate as timestamp,\n\t\tStatus as string\n\t),\n\tallowSchemaDrift: true,\n\tvalidateSchema: false,\n\tisolationLevel: 'READ_UNCOMMITTED',\n\tformat: 'table') ~> RecallV2OriginalPackagerProductNdcSource\nRecallV2OriginalPackagerProductNdcSource alterRow(upsertIf(true())) ~> AlterRow1\nAlterRow1 sink(allowSchemaDrift: true,\n\tvalidateSchema: false,\n\tinput(\n\t\tRecallOriginalPackagerProductNdcId as integer,\n\t\tRecallId as integer,\n\t\tRecallNumber as string,\n\t\tFdaEventId as string,\n\t\tOriginalPackagerProductNdc as string,\n\t\tDateAdded as timestamp,\n\t\tDateChanged as timestamp,\n\t\tPipelineRunId as string,\n\t\tImportedDate as timestamp,\n\t\tStatus as string\n\t),\n\tdeletable:false,\n\tinsertable:false,\n\tupdateable:false,\n\tupsertable:true,\n\tkeys:['RecallOriginalPackagerProductNdcId'],\n\tformat: 'table',\n\tpreSQLs:['SET IDENTITY_INSERT  [Fda].[RecallV2OriginalPackagerProductNdc] ON'],\n\tskipDuplicateMapInputs: true,\n\tskipDuplicateMapOutputs: true,\n\terrorHandlingOption: 'stopOnFirstError') ~> RecallV2OriginalPackagerProductNdcTarget"
                }
            },
            "dependsOn": []
        }
    ]
}