{
    "$schema": "http://schema.management.azure.com/schemas/2015-01-01/deploymentTemplate.json#",
    "contentVersion": "1.0.0.0",
    "parameters": {
        "factoryName": {
            "type": "string",
            "metadata": "Data Factory name",
            "defaultValue": "adf-ItemMaster-MasterData-Receive-prod"
        }
    },
    "variables": {
        "factoryId": "[concat('Microsoft.DataFactory/factories/', parameters('factoryName'))]"
    },
    "resources": [
        {
            "name": "[concat(parameters('factoryName'), '/ManufacturerLabeler_SingleSink_DF')]",
            "type": "Microsoft.DataFactory/factories/dataflows",
            "apiVersion": "2018-06-01",
            "properties": {
                "folder": {
                    "name": "DBO"
                },
                "type": "MappingDataFlow",
                "typeProperties": {
                    "sources": [
                        {
                            "dataset": {
                                "referenceName": "ManufacturerLabeler_Source_New1",
                                "type": "DatasetReference"
                            },
                            "name": "source1"
                        }
                    ],
                    "sinks": [
                        {
                            "dataset": {
                                "referenceName": "ManufacturerLabeler_Target_Configurable",
                                "type": "DatasetReference"
                            },
                            "name": "sink1"
                        }
                    ],
                    "transformations": [
                        {
                            "name": "AlterRow1"
                        }
                    ],
                    "script": "source(output(\n\t\tMfrLabelerId as integer,\n\t\tMfrId as integer,\n\t\tMfrName as string,\n\t\tMfrShortName as string,\n\t\tLabelerTypeId as integer,\n\t\tMedispanLabelerId as integer,\n\t\tNdcLabelerNum as string,\n\t\tDateAdded as timestamp,\n\t\tDateChanged as timestamp,\n\t\tDataSourceId as integer\n\t),\n\tallowSchemaDrift: true,\n\tvalidateSchema: false,\n\tisolationLevel: 'READ_UNCOMMITTED',\n\tformat: 'table') ~> source1\nsource1 alterRow(upsertIf(true())) ~> AlterRow1\nAlterRow1 sink(allowSchemaDrift: true,\n\tvalidateSchema: false,\n\tinput(\n\t\tMfrLabelerId as integer,\n\t\tMfrId as integer,\n\t\tMfrName as string,\n\t\tMfrShortName as string,\n\t\tLabelerTypeId as integer,\n\t\tNdcLabelerNum as string,\n\t\tItemMasterMfrId as integer,\n\t\tItemMasterMfrLabelerId as integer,\n\t\tDateAdded as timestamp,\n\t\tDateChanged as timestamp,\n\t\tDataSourceId as integer\n\t),\n\tdeletable:false,\n\tinsertable:false,\n\tupdateable:false,\n\tupsertable:true,\n\tkeys:['ItemMasterMfrLabelerId'],\n\tformat: 'table',\n\tpostSQLs:['\tupdate ml\\n\t\tset ml.MfrId = m.MfrId\\n\tfrom [dbo].[ManufacturerLabeler] ml\\n\t\tinner join [dbo].[Manufacturer] m\\n\t\t\ton ml.ItemMasterMfrId = m.ItemMasterMfrId\\n\twhere ml.MfrId is null;'],\n\tskipDuplicateMapInputs: true,\n\tskipDuplicateMapOutputs: true,\n\terrorHandlingOption: 'stopOnFirstError',\n\tmapColumn(\n\t\tMfrName,\n\t\tMfrShortName,\n\t\tItemMasterMfrLabelerId = MfrLabelerId,\n\t\tItemMasterMfrId = MfrId,\n\t\tLabelerTypeId,\n\t\tNdcLabelerNum,\n\t\tDateAdded,\n\t\tDateChanged,\n\t\tDataSourceId\n\t)) ~> sink1"
                }
            },
            "dependsOn": []
        },
        {
            "name": "[concat(parameters('factoryName'), '/GPIRecordTypeCode_SingleSink_DF')]",
            "type": "Microsoft.DataFactory/factories/dataflows",
            "apiVersion": "2018-06-01",
            "properties": {
                "folder": {
                    "name": "WoltersKluwers"
                },
                "type": "MappingDataFlow",
                "typeProperties": {
                    "sources": [
                        {
                            "dataset": {
                                "referenceName": "GPIRecordTypeCode_Source_New1",
                                "type": "DatasetReference"
                            },
                            "name": "source1"
                        }
                    ],
                    "sinks": [
                        {
                            "dataset": {
                                "referenceName": "GPIRecordTypeCode_Target_Configurable",
                                "type": "DatasetReference"
                            },
                            "name": "sink1"
                        }
                    ],
                    "transformations": [
                        {
                            "name": "AlterRow1"
                        }
                    ],
                    "script": "source(output(\n\t\tGPIRecordTypeId as integer,\n\t\tGPIRecordTypeDescription as string,\n\t\tGPIRecordTypeLevelCode as string,\n\t\tGPIRecordTypeLevelKey as string\n\t),\n\tallowSchemaDrift: true,\n\tvalidateSchema: false,\n\tisolationLevel: 'READ_UNCOMMITTED',\n\tformat: 'table') ~> source1\nsource1 alterRow(upsertIf(true())) ~> AlterRow1\nAlterRow1 sink(allowSchemaDrift: true,\n\tvalidateSchema: false,\n\tinput(\n\t\tGPIRecordTypeId as integer,\n\t\tGPIRecordTypeDescription as string,\n\t\tGPIRecordTypeLevelCode as string,\n\t\tGPIRecordTypeLevelKey as string\n\t),\n\tdeletable:false,\n\tinsertable:false,\n\tupdateable:false,\n\tupsertable:true,\n\tkeys:['GPIRecordTypeId'],\n\tformat: 'table',\n\tskipDuplicateMapInputs: true,\n\tskipDuplicateMapOutputs: true,\n\terrorHandlingOption: 'stopOnFirstError') ~> sink1"
                }
            },
            "dependsOn": []
        },
        {
            "name": "[concat(parameters('factoryName'), '/OrangeBook_SingleSink_DF')]",
            "type": "Microsoft.DataFactory/factories/dataflows",
            "apiVersion": "2018-06-01",
            "properties": {
                "folder": {
                    "name": "OrangeBook"
                },
                "type": "MappingDataFlow",
                "typeProperties": {
                    "sources": [
                        {
                            "dataset": {
                                "referenceName": "OrangeBook_Source_New1",
                                "type": "DatasetReference"
                            },
                            "name": "OrangeBookSource"
                        }
                    ],
                    "sinks": [
                        {
                            "dataset": {
                                "referenceName": "OrangeBook_Target_Configurable",
                                "type": "DatasetReference"
                            },
                            "name": "OrangeBookSink"
                        }
                    ],
                    "transformations": [
                        {
                            "name": "AlterRow1"
                        }
                    ],
                    "script": "source(output(\n\t\tOrangeBookId as integer,\n\t\tOrangeBookCode as string,\n\t\tOrangeBookShortDescription as string,\n\t\tOrangeBookDescription as string,\n\t\tOrangeBookEquivalenceTypeId as integer\n\t),\n\tallowSchemaDrift: true,\n\tvalidateSchema: false,\n\tisolationLevel: 'READ_UNCOMMITTED',\n\tformat: 'table') ~> OrangeBookSource\nOrangeBookSource alterRow(upsertIf(true())) ~> AlterRow1\nAlterRow1 sink(allowSchemaDrift: true,\n\tvalidateSchema: false,\n\tinput(\n\t\tOrangeBookId as integer,\n\t\tOrangeBookCode as string,\n\t\tOrangeBookDescription as string,\n\t\tOrangeBookEquivalenceTypeId as integer\n\t),\n\tdeletable:false,\n\tinsertable:false,\n\tupdateable:false,\n\tupsertable:true,\n\tkeys:['OrangeBookId'],\n\tformat: 'table',\n\tskipDuplicateMapInputs: true,\n\tskipDuplicateMapOutputs: true,\n\terrorHandlingOption: 'stopOnFirstError',\n\tmapColumn(\n\t\tOrangeBookId,\n\t\tOrangeBookCode,\n\t\tOrangeBookDescription,\n\t\tOrangeBookEquivalenceTypeId\n\t)) ~> OrangeBookSink"
                }
            },
            "dependsOn": []
        },
        {
            "name": "[concat(parameters('factoryName'), '/RecallV2UPC')]",
            "type": "Microsoft.DataFactory/factories/dataflows",
            "apiVersion": "2018-06-01",
            "properties": {
                "folder": {
                    "name": "FdaRecallV2"
                },
                "type": "MappingDataFlow",
                "typeProperties": {
                    "sources": [
                        {
                            "dataset": {
                                "referenceName": "RecallV2UPCSource",
                                "type": "DatasetReference"
                            },
                            "name": "RecallV2UPCSource"
                        }
                    ],
                    "sinks": [
                        {
                            "dataset": {
                                "referenceName": "RecallV2UPCTarget",
                                "type": "DatasetReference"
                            },
                            "name": "RecallV2UPCTarget"
                        }
                    ],
                    "transformations": [
                        {
                            "name": "AlterRow1"
                        }
                    ],
                    "script": "source(output(\n\t\tRecallUpcId as integer,\n\t\tRecallId as integer,\n\t\tRecallNumber as string,\n\t\tFdaEventId as string,\n\t\tUPC as string,\n\t\tDateAdded as timestamp,\n\t\tDateChanged as timestamp,\n\t\tPipelineRunId as string,\n\t\tImportedDate as timestamp,\n\t\tStatus as string\n\t),\n\tallowSchemaDrift: true,\n\tvalidateSchema: false,\n\tisolationLevel: 'READ_UNCOMMITTED',\n\tformat: 'table') ~> RecallV2UPCSource\nRecallV2UPCSource alterRow(upsertIf(true())) ~> AlterRow1\nAlterRow1 sink(allowSchemaDrift: true,\n\tvalidateSchema: false,\n\tinput(\n\t\tRecallUpcId as integer,\n\t\tRecallId as integer,\n\t\tRecallNumber as string,\n\t\tFdaEventId as string,\n\t\tUPC as string,\n\t\tDateAdded as timestamp,\n\t\tDateChanged as timestamp,\n\t\tPipelineRunId as string,\n\t\tImportedDate as timestamp,\n\t\tStatus as string\n\t),\n\tdeletable:false,\n\tinsertable:false,\n\tupdateable:false,\n\tupsertable:true,\n\tkeys:['RecallUpcId'],\n\tformat: 'table',\n\tpreSQLs:['SET IDENTITY_INSERT  [Fda].[RecallV2UPC] ON'],\n\tskipDuplicateMapInputs: true,\n\tskipDuplicateMapOutputs: true,\n\terrorHandlingOption: 'stopOnFirstError') ~> RecallV2UPCTarget"
                }
            },
            "dependsOn": []
        },
        {
            "name": "[concat(parameters('factoryName'), '/RecallV2ApplicationNumber')]",
            "type": "Microsoft.DataFactory/factories/dataflows",
            "apiVersion": "2018-06-01",
            "properties": {
                "folder": {
                    "name": "FdaRecallV2"
                },
                "type": "MappingDataFlow",
                "typeProperties": {
                    "sources": [
                        {
                            "dataset": {
                                "referenceName": "RecallV2ApplicationNumberSource",
                                "type": "DatasetReference"
                            },
                            "name": "RecallV2ApplicationNumberSource"
                        }
                    ],
                    "sinks": [
                        {
                            "dataset": {
                                "referenceName": "RecallV2ApplicationNumberTarget",
                                "type": "DatasetReference"
                            },
                            "name": "RecallV2ApplicationNumberTarget"
                        }
                    ],
                    "transformations": [
                        {
                            "name": "AlterRow1"
                        }
                    ],
                    "script": "source(output(\n\t\tRecallApplicationNumberId as integer,\n\t\tRecallId as integer,\n\t\tRecallNumber as string,\n\t\tFdaEventId as string,\n\t\tApplicationNumber as string,\n\t\tDateAdded as timestamp,\n\t\tDateChanged as timestamp,\n\t\tPipelineRunId as string,\n\t\tImportedDate as timestamp,\n\t\tStatus as string\n\t),\n\tallowSchemaDrift: true,\n\tvalidateSchema: false,\n\tisolationLevel: 'READ_UNCOMMITTED',\n\tformat: 'table') ~> RecallV2ApplicationNumberSource\nRecallV2ApplicationNumberSource alterRow(upsertIf(true())) ~> AlterRow1\nAlterRow1 sink(allowSchemaDrift: true,\n\tvalidateSchema: false,\n\tinput(\n\t\tRecallApplicationNumberId as integer,\n\t\tRecallId as integer,\n\t\tRecallNumber as string,\n\t\tFdaEventId as string,\n\t\tApplicationNumber as string,\n\t\tDateAdded as timestamp,\n\t\tDateChanged as timestamp,\n\t\tPipelineRunId as string,\n\t\tImportedDate as timestamp,\n\t\tStatus as string\n\t),\n\tdeletable:false,\n\tinsertable:false,\n\tupdateable:false,\n\tupsertable:true,\n\tkeys:['RecallApplicationNumberId'],\n\tformat: 'table',\n\tpreSQLs:['SET IDENTITY_INSERT  [Fda].[RecallV2ApplicationNumber] ON'],\n\tskipDuplicateMapInputs: true,\n\tskipDuplicateMapOutputs: true,\n\terrorHandlingOption: 'stopOnFirstError') ~> RecallV2ApplicationNumberTarget"
                }
            },
            "dependsOn": []
        },
        {
            "name": "[concat(parameters('factoryName'), '/PharmacyItemShortage_SingleSink_DF')]",
            "type": "Microsoft.DataFactory/factories/dataflows",
            "apiVersion": "2018-06-01",
            "properties": {
                "folder": {
                    "name": "Shortages"
                },
                "type": "MappingDataFlow",
                "typeProperties": {
                    "sources": [
                        {
                            "dataset": {
                                "referenceName": "ItemMaster_Shortages",
                                "type": "DatasetReference"
                            },
                            "name": "ItemMasterShortages"
                        },
                        {
                            "dataset": {
                                "referenceName": "CognitiveRx_PharmacyItem_SQL_Configurable",
                                "type": "DatasetReference"
                            },
                            "name": "CognitiveRxItems"
                        }
                    ],
                    "sinks": [
                        {
                            "dataset": {
                                "referenceName": "CognitiveRx_Shortages_Configurable",
                                "type": "DatasetReference"
                            },
                            "name": "CognitiveRxShortages"
                        }
                    ],
                    "transformations": [
                        {
                            "name": "AlterRow1"
                        },
                        {
                            "name": "Join1"
                        }
                    ],
                    "script": "source(output(\n\t\tId as integer,\n\t\tNdc as string,\n\t\tItemId as integer,\n\t\tExternalId as string,\n\t\tSource as string,\n\t\tUpdatedDate as timestamp,\n\t\tExternalLink as string,\n\t\tStatus as string,\n\t\tAvailableNdcs as string,\n\t\tReasons as string,\n\t\tEstimatedResupply as string,\n\t\tSysStartTime as timestamp,\n\t\tSysEndTime as timestamp,\n\t\tisToBeDiscontinued as boolean,\n\t\tisDiscontinued as boolean,\n\t\tAddedDateTime as timestamp,\n\t\tUpdatedDateTime as timestamp,\n\t\tisActive as boolean,\n\t\tInitialPostingDate as timestamp,\n\t\tASHPShortageUID as string,\n\t\tFDAShortageUID as string,\n\t\tItemUId as string,\n\t\tPharmacyItemShortageUID as string\n\t),\n\tallowSchemaDrift: true,\n\tvalidateSchema: false,\n\tisolationLevel: 'READ_UNCOMMITTED',\n\tformat: 'table') ~> ItemMasterShortages\nsource(output(\n\t\tItemId as integer,\n\t\tItemDescription as string,\n\t\tItemShortDescription as string,\n\t\tGtin as long,\n\t\tNdc as string,\n\t\tNdc10 as string,\n\t\tNdc11 as string,\n\t\tNdcFormatCode as integer,\n\t\tPreviousNdc as string,\n\t\tReplacedByNdc as string,\n\t\tCasePack as string,\n\t\tPackageSize as decimal(8,3),\n\t\tPackageDescription as string,\n\t\tDrugStrength as string,\n\t\tDrugStrengthUom as string,\n\t\tIsGenericDrug as boolean,\n\t\tDrugName as string,\n\t\tIngredients as string,\n\t\tBrandNameTypeId as integer,\n\t\tUnitDoseId as integer,\n\t\tDosageFormId as integer,\n\t\tIsItemMultiSourced as boolean,\n\t\tStorageConditionId as integer,\n\t\tRxNormNumber as string,\n\t\tIsItemRepackaged as boolean,\n\t\tIsItemHazardouMaterial as boolean,\n\t\tLabelerId as integer,\n\t\tMfrId as integer,\n\t\tDeaClassId as integer,\n\t\tOrangeBookId as integer,\n\t\tPackageSizeUomId as integer,\n\t\tUnitOfMeasureId as integer,\n\t\tPurpleBookId as integer,\n\t\tGPI as string,\n\t\tTypeOfBrandDesciption as string,\n\t\tItemMasterItemId as integer,\n\t\tDrugDescriptorId as integer,\n\t\tBioEquivalenceId as integer,\n\t\tDateAdded as timestamp,\n\t\tDateChanged as timestamp,\n\t\tDataSourceId as integer,\n\t\tManufacturer as string,\n\t\tEqKey as string,\n\t\tPricingKey as string,\n\t\tPharmaceuticalEqKey as string,\n\t\tBioEqKey as string,\n\t\tTherapeuticEqKey as string,\n\t\tDirectEqKey as string,\n\t\tItemUId as string\n\t),\n\tallowSchemaDrift: true,\n\tvalidateSchema: false,\n\tisolationLevel: 'READ_UNCOMMITTED',\n\tformat: 'table') ~> CognitiveRxItems\nJoin1 alterRow(upsertIf(true())) ~> AlterRow1\nItemMasterShortages, CognitiveRxItems join(ItemMasterShortages@Ndc == CognitiveRxItems@Ndc,\n\tjoinType:'left',\n\tmatchType:'exact',\n\tignoreSpaces: false,\n\tbroadcast: 'auto')~> Join1\nAlterRow1 sink(allowSchemaDrift: true,\n\tvalidateSchema: false,\n\tinput(\n\t\tId as integer,\n\t\tNdc as string,\n\t\tItemId as integer,\n\t\tExternalId as string,\n\t\tSource as string,\n\t\tUpdatedDate as timestamp,\n\t\tExternalLink as string,\n\t\tStatus as string,\n\t\tAvailableNdcs as string,\n\t\tReasons as string,\n\t\tEstimatedResupply as string,\n\t\tSysStartTime as timestamp,\n\t\tSysEndTime as timestamp,\n\t\tRawShortageNDCId as integer,\n\t\tisToBeDiscontinued as boolean,\n\t\tisDiscontinued as boolean,\n\t\tAddedDateTime as timestamp,\n\t\tUpdatedDateTime as timestamp,\n\t\tisActive as boolean,\n\t\tRawASHPShortageId as integer,\n\t\tInitialPostingDate as timestamp,\n\t\tASHPShortageUID as string,\n\t\tItemUId as string,\n\t\tItemMaster_FDAShortageUID as string,\n\t\tPharmacyItemShortageUID as string\n\t),\n\tdeletable:false,\n\tinsertable:false,\n\tupdateable:false,\n\tupsertable:true,\n\tkeys:['PharmacyItemShortageUID','Source'],\n\tformat: 'table',\n\tskipDuplicateMapInputs: true,\n\tskipDuplicateMapOutputs: true,\n\terrorHandlingOption: 'stopOnFirstError',\n\tmapColumn(\n\t\tNdc = ItemMasterShortages@Ndc,\n\t\tItemId = CognitiveRxItems@ItemId,\n\t\tExternalId,\n\t\tSource,\n\t\tUpdatedDate,\n\t\tExternalLink,\n\t\tStatus,\n\t\tAvailableNdcs,\n\t\tReasons,\n\t\tEstimatedResupply,\n\t\tisToBeDiscontinued,\n\t\tisDiscontinued,\n\t\tAddedDateTime,\n\t\tUpdatedDateTime,\n\t\tisActive,\n\t\tInitialPostingDate,\n\t\tASHPShortageUID,\n\t\tItemUId = ItemMasterShortages@ItemUId,\n\t\tPharmacyItemShortageUID,\n\t\tItemMaster_FDAShortageUID = FDAShortageUID\n\t)) ~> CognitiveRxShortages"
                }
            },
            "dependsOn": []
        },
        {
            "name": "[concat(parameters('factoryName'), '/RecallV2SubstanceName')]",
            "type": "Microsoft.DataFactory/factories/dataflows",
            "apiVersion": "2018-06-01",
            "properties": {
                "folder": {
                    "name": "FdaRecallV2"
                },
                "type": "MappingDataFlow",
                "typeProperties": {
                    "sources": [
                        {
                            "dataset": {
                                "referenceName": "RecallV2SubstanceNameSource",
                                "type": "DatasetReference"
                            },
                            "name": "RecallV2SubstanceNameSource"
                        }
                    ],
                    "sinks": [
                        {
                            "dataset": {
                                "referenceName": "RecallV2SubstanceNameTarget",
                                "type": "DatasetReference"
                            },
                            "name": "RecallV2SubstanceNameTarget"
                        }
                    ],
                    "transformations": [
                        {
                            "name": "AlterRow1"
                        }
                    ],
                    "script": "source(output(\n\t\tRecallSubstanceNameId as integer,\n\t\tRecallId as integer,\n\t\tRecallNumber as string,\n\t\tFdaEventId as string,\n\t\tSubstanceName as string,\n\t\tDateAdded as timestamp,\n\t\tDateChanged as timestamp,\n\t\tPipelineRunId as string,\n\t\tImportedDate as timestamp,\n\t\tStatus as string\n\t),\n\tallowSchemaDrift: true,\n\tvalidateSchema: false,\n\tisolationLevel: 'READ_UNCOMMITTED',\n\tformat: 'table') ~> RecallV2SubstanceNameSource\nRecallV2SubstanceNameSource alterRow(upsertIf(true())) ~> AlterRow1\nAlterRow1 sink(allowSchemaDrift: true,\n\tvalidateSchema: false,\n\tinput(\n\t\tRecallSubstanceNameId as integer,\n\t\tRecallId as integer,\n\t\tRecallNumber as string,\n\t\tFdaEventId as string,\n\t\tSubstanceName as string,\n\t\tDateAdded as timestamp,\n\t\tDateChanged as timestamp,\n\t\tPipelineRunId as string,\n\t\tImportedDate as timestamp,\n\t\tStatus as string\n\t),\n\tdeletable:false,\n\tinsertable:false,\n\tupdateable:false,\n\tupsertable:true,\n\tkeys:['RecallSubstanceNameId'],\n\tformat: 'table',\n\tpreSQLs:['SET IDENTITY_INSERT  [Fda].[RecallV2SubstanceName] ON'],\n\tskipDuplicateMapInputs: true,\n\tskipDuplicateMapOutputs: true,\n\terrorHandlingOption: 'stopOnFirstError') ~> RecallV2SubstanceNameTarget"
                }
            },
            "dependsOn": []
        },
        {
            "name": "[concat(parameters('factoryName'), '/RecallV2Ndc')]",
            "type": "Microsoft.DataFactory/factories/dataflows",
            "apiVersion": "2018-06-01",
            "properties": {
                "folder": {
                    "name": "FdaRecallV2"
                },
                "type": "MappingDataFlow",
                "typeProperties": {
                    "sources": [
                        {
                            "dataset": {
                                "referenceName": "RecallV2NdcSource",
                                "type": "DatasetReference"
                            },
                            "name": "RecallV2NdcSource"
                        },
                        {
                            "dataset": {
                                "referenceName": "CognitiveRx_PharmacyItem_SQL_Configurable",
                                "type": "DatasetReference"
                            },
                            "name": "CogRxItems"
                        }
                    ],
                    "sinks": [
                        {
                            "dataset": {
                                "referenceName": "RecallV2NdcTarget",
                                "type": "DatasetReference"
                            },
                            "name": "RecallV2NdcTarget"
                        }
                    ],
                    "transformations": [
                        {
                            "name": "Join1"
                        },
                        {
                            "name": "AlterRow1"
                        }
                    ],
                    "script": "source(output(\n\t\tRecallNdcId as integer,\n\t\tRecallId as integer,\n\t\tRecallNumber as string,\n\t\tFdaEventId as string,\n\t\tNDC as string,\n\t\tItemId as integer,\n\t\tDateAdded as timestamp,\n\t\tDateChanged as timestamp,\n\t\tPipelineRunId as string,\n\t\tImportedDate as timestamp,\n\t\tStatus as string\n\t),\n\tallowSchemaDrift: true,\n\tvalidateSchema: false,\n\tisolationLevel: 'READ_UNCOMMITTED',\n\tformat: 'table') ~> RecallV2NdcSource\nsource(output(\n\t\tItemId as integer,\n\t\tItemDescription as string,\n\t\tItemShortDescription as string,\n\t\tGtin as long,\n\t\tNdc as string,\n\t\tNdc10 as string,\n\t\tNdc11 as string,\n\t\tNdcFormatCode as integer,\n\t\tPreviousNdc as string,\n\t\tReplacedByNdc as string,\n\t\tCasePack as string,\n\t\tPackageSize as decimal(8,3),\n\t\tPackageDescription as string,\n\t\tDrugStrength as string,\n\t\tDrugStrengthUom as string,\n\t\tIsGenericDrug as boolean,\n\t\tDrugName as string,\n\t\tIngredients as string,\n\t\tBrandNameTypeId as integer,\n\t\tUnitDoseId as integer,\n\t\tDosageFormId as integer,\n\t\tIsItemMultiSourced as boolean,\n\t\tStorageConditionId as integer,\n\t\tRxNormNumber as string,\n\t\tIsItemRepackaged as boolean,\n\t\tIsItemHazardouMaterial as boolean,\n\t\tLabelerId as integer,\n\t\tMfrId as integer,\n\t\tDeaClassId as integer,\n\t\tOrangeBookId as integer,\n\t\tPackageSizeUomId as integer,\n\t\tUnitOfMeasureId as integer,\n\t\tPurpleBookId as integer,\n\t\tGPI as string,\n\t\tTypeOfBrandDesciption as string,\n\t\tItemMasterItemId as integer,\n\t\tDrugDescriptorId as integer,\n\t\tBioEquivalenceId as integer,\n\t\tDateAdded as timestamp,\n\t\tDateChanged as timestamp,\n\t\tDataSourceId as integer,\n\t\tManufacturer as string,\n\t\tEqKey as string,\n\t\tPricingKey as string,\n\t\tPharmaceuticalEqKey as string,\n\t\tBioEqKey as string,\n\t\tTherapeuticEqKey as string,\n\t\tDirectEqKey as string,\n\t\tItemUId as string\n\t),\n\tallowSchemaDrift: true,\n\tvalidateSchema: false,\n\tisolationLevel: 'READ_UNCOMMITTED',\n\tformat: 'table') ~> CogRxItems\nRecallV2NdcSource, CogRxItems join(RecallV2NdcSource@NDC == CogRxItems@Ndc,\n\tjoinType:'left',\n\tmatchType:'exact',\n\tignoreSpaces: false,\n\tbroadcast: 'auto')~> Join1\nJoin1 alterRow(upsertIf(true())) ~> AlterRow1\nAlterRow1 sink(allowSchemaDrift: true,\n\tvalidateSchema: false,\n\tinput(\n\t\tRecallNdcId as integer,\n\t\tRecallId as integer,\n\t\tRecallNumber as string,\n\t\tFdaEventId as string,\n\t\tNDC as string,\n\t\tItemId as integer,\n\t\tDateAdded as timestamp,\n\t\tDateChanged as timestamp,\n\t\tPipelineRunId as string,\n\t\tImportedDate as timestamp,\n\t\tStatus as string\n\t),\n\tdeletable:false,\n\tinsertable:false,\n\tupdateable:false,\n\tupsertable:true,\n\tkeys:['RecallNdcId'],\n\tformat: 'table',\n\tpreSQLs:['SET IDENTITY_INSERT  [Fda].[RecallV2Ndc] ON'],\n\tskipDuplicateMapInputs: true,\n\tskipDuplicateMapOutputs: true,\n\terrorHandlingOption: 'stopOnFirstError',\n\tmapColumn(\n\t\tRecallNdcId,\n\t\tRecallId,\n\t\tRecallNumber,\n\t\tFdaEventId,\n\t\tNDC = RecallV2NdcSource@NDC,\n\t\tItemId = CogRxItems@ItemId,\n\t\tDateAdded = RecallV2NdcSource@DateAdded,\n\t\tDateChanged = RecallV2NdcSource@DateChanged,\n\t\tPipelineRunId,\n\t\tImportedDate,\n\t\tStatus\n\t)) ~> RecallV2NdcTarget"
                }
            },
            "dependsOn": []
        },
        {
            "name": "[concat(parameters('factoryName'), '/NationalNdcPricePrediction_SingleSink_DF')]",
            "type": "Microsoft.DataFactory/factories/dataflows",
            "apiVersion": "2018-06-01",
            "properties": {
                "type": "MappingDataFlow",
                "typeProperties": {
                    "sources": [
                        {
                            "dataset": {
                                "referenceName": "NationalNdcPricePrediction_Source",
                                "type": "DatasetReference"
                            },
                            "name": "source1"
                        }
                    ],
                    "sinks": [
                        {
                            "dataset": {
                                "referenceName": "NationalNdcPricePrediction_Target_Configurable",
                                "type": "DatasetReference"
                            },
                            "name": "sink1"
                        }
                    ],
                    "transformations": [],
                    "script": "source(output(\n\t\tNationalNdcPricePredictionID as integer,\n\t\tPredictionUId as string,\n\t\tNDC as string,\n\t\tItemId as integer,\n\t\tPredictedPriceDate as date,\n\t\tRaiseAlert as string,\n\t\tAlertProbability as double,\n\t\tMonth1AlertProbability as double,\n\t\tMonth2AlertProbability as double,\n\t\tMonth3AlertProbability as double,\n\t\tMonth4AlertProbability as double,\n\t\tDateOfPrediction as date,\n\t\tCurrentWAC as double,\n\t\tPredictedWAC as double,\n\t\tPredictedPercentIncrease as double,\n\t\tmeanPerc as decimal(22,22),\n\t\thighPerc as decimal(18,18),\n\t\tlowPerc as decimal(18,18),\n\t\tnum_changes as long,\n\t\tDateLoaded as timestamp\n\t),\n\tallowSchemaDrift: true,\n\tvalidateSchema: false,\n\tisolationLevel: 'READ_UNCOMMITTED',\n\tformat: 'table') ~> source1\nsource1 sink(allowSchemaDrift: true,\n\tvalidateSchema: false,\n\tinput(\n\t\tNationalNdcPricePredictionID as integer,\n\t\tPredictionUId as string,\n\t\tNDC as string,\n\t\tItemId as integer,\n\t\tPredictedPriceDate as date,\n\t\tRaiseAlert as string,\n\t\tAlertProbability as double,\n\t\tMonth1AlertProbability as double,\n\t\tMonth2AlertProbability as double,\n\t\tMonth3AlertProbability as double,\n\t\tMonth4AlertProbability as double,\n\t\tDateOfPrediction as date,\n\t\tCurrentWAC as double,\n\t\tPredictedWAC as double,\n\t\tPredictedPercentIncrease as double,\n\t\tmeanPerc as decimal(22,22),\n\t\thighPerc as decimal(18,18),\n\t\tlowPerc as decimal(18,18),\n\t\tnum_changes as long,\n\t\tDateLoaded as timestamp\n\t),\n\tdeletable:false,\n\tinsertable:true,\n\tupdateable:false,\n\tupsertable:false,\n\ttruncate:true,\n\tformat: 'table',\n\tskipDuplicateMapInputs: true,\n\tskipDuplicateMapOutputs: true,\n\terrorHandlingOption: 'stopOnFirstError',\n\tmapColumn(\n\t\tNationalNdcPricePredictionID,\n\t\tPredictionUId,\n\t\tNDC,\n\t\tItemId,\n\t\tPredictedPriceDate,\n\t\tRaiseAlert,\n\t\tAlertProbability,\n\t\tMonth1AlertProbability,\n\t\tMonth2AlertProbability,\n\t\tMonth3AlertProbability,\n\t\tMonth4AlertProbability,\n\t\tDateOfPrediction,\n\t\tCurrentWAC,\n\t\tPredictedWAC,\n\t\tPredictedPercentIncrease,\n\t\tmeanPerc,\n\t\thighPerc,\n\t\tlowPerc,\n\t\tnum_changes,\n\t\tDateLoaded\n\t)) ~> sink1"
                }
            },
            "dependsOn": []
        },
        {
            "name": "[concat(parameters('factoryName'), '/FdaProductApplications_SingleSink_DF')]",
            "type": "Microsoft.DataFactory/factories/dataflows",
            "apiVersion": "2018-06-01",
            "properties": {
                "folder": {
                    "name": "FDA"
                },
                "type": "MappingDataFlow",
                "typeProperties": {
                    "sources": [
                        {
                            "dataset": {
                                "referenceName": "FdaProductApplications_Source_New1",
                                "type": "DatasetReference"
                            },
                            "name": "FdaProductApplicationsSource"
                        },
                        {
                            "dataset": {
                                "referenceName": "ItemMaster_Join_Configurable",
                                "type": "DatasetReference"
                            },
                            "name": "ItemMasterSource"
                        }
                    ],
                    "sinks": [
                        {
                            "dataset": {
                                "referenceName": "FdaProductApplications_Target_Configurable",
                                "type": "DatasetReference"
                            },
                            "name": "sink1"
                        }
                    ],
                    "transformations": [
                        {
                            "name": "AlterRow1"
                        },
                        {
                            "name": "Join1"
                        }
                    ],
                    "script": "parameters{\n\tFullLoad as string ('false')\n}\nsource(output(\n\t\tFdaProductApplicationsUId as string,\n\t\tNDC as string,\n\t\tItemUId as string,\n\t\tApplicationNumber as string,\n\t\tProductNumber as string,\n\t\tIngredient as string,\n\t\tPropietaryName as string,\n\t\tDosageFormRouteofAdmin as string,\n\t\tStrength as string,\n\t\tReferenceListedDrug as boolean,\n\t\tReferenceStandard as boolean,\n\t\tApprovalDate as date,\n\t\tApplicantHolder as string,\n\t\tMarketingStatus as string,\n\t\tDateAdded as timestamp,\n\t\tDateChanged as timestamp,\n\t\tStatus as string,\n\t\tDataSourceId as integer\n\t),\n\tallowSchemaDrift: true,\n\tvalidateSchema: false,\n\tisolationLevel: 'READ_UNCOMMITTED',\n\tquery: (iif(lower($FullLoad) == 'true','select * from [Sync].[vw_FdaProductApplications]','select * from [Sync].[vw_FdaProductApplications] WHERE (DateChanged > DATEADD(d, - 10, GETDATE()))')),\n\tformat: 'query') ~> FdaProductApplicationsSource\nsource(output(\n\t\tItemId as integer,\n\t\tItemTypeId as integer,\n\t\tItemCode as string,\n\t\tItemDescription as string,\n\t\tMfrId as integer,\n\t\tGtin as long,\n\t\tItemMasterItemId as integer,\n\t\tDateAdded as timestamp,\n\t\tDateChanged as timestamp,\n\t\tItemUId as string,\n\t\tDataSourceId as integer\n\t),\n\tallowSchemaDrift: true,\n\tvalidateSchema: false,\n\tisolationLevel: 'READ_UNCOMMITTED',\n\tformat: 'table') ~> ItemMasterSource\nJoin1 alterRow(upsertIf(true())) ~> AlterRow1\nFdaProductApplicationsSource, ItemMasterSource join(FdaProductApplicationsSource@ItemUId == ItemMasterSource@ItemUId,\n\tjoinType:'inner',\n\tmatchType:'exact',\n\tignoreSpaces: false,\n\tbroadcast: 'auto')~> Join1\nAlterRow1 sink(allowSchemaDrift: true,\n\tvalidateSchema: false,\n\tinput(\n\t\tFdaProductApplicationsId as integer,\n\t\tFdaProductApplicationsUId as string,\n\t\tNDC as string,\n\t\tItemId as integer,\n\t\tApplicationNumber as string,\n\t\tProductNumber as string,\n\t\tIngredient as string,\n\t\tPropietaryName as string,\n\t\tDosageFormRouteofAdmin as string,\n\t\tStrength as string,\n\t\tReferenceListedDrug as boolean,\n\t\tReferenceStandard as boolean,\n\t\tApprovalDate as date,\n\t\tApplicantHolder as string,\n\t\tMarketingStatus as string,\n\t\tDateAdded as timestamp,\n\t\tDateChanged as timestamp,\n\t\tStatus as string,\n\t\tItemUId as string,\n\t\tDataSourceId as integer\n\t),\n\tdeletable:false,\n\tinsertable:false,\n\tupdateable:false,\n\tupsertable:true,\n\tkeys:['FdaProductApplicationsUId'],\n\tformat: 'table',\n\tskipDuplicateMapInputs: true,\n\tskipDuplicateMapOutputs: true,\n\terrorHandlingOption: 'stopOnFirstError',\n\tmapColumn(\n\t\tFdaProductApplicationsUId,\n\t\tNDC,\n\t\tItemId,\n\t\tItemUId = FdaProductApplicationsSource@ItemUId,\n\t\tApplicationNumber,\n\t\tProductNumber,\n\t\tIngredient,\n\t\tPropietaryName,\n\t\tDosageFormRouteofAdmin,\n\t\tStrength,\n\t\tReferenceListedDrug,\n\t\tReferenceStandard,\n\t\tApprovalDate,\n\t\tApplicantHolder,\n\t\tMarketingStatus,\n\t\tDateAdded = FdaProductApplicationsSource@DateAdded,\n\t\tDateChanged = FdaProductApplicationsSource@DateChanged,\n\t\tStatus,\n\t\tDataSourceId = FdaProductApplicationsSource@DataSourceId\n\t)) ~> sink1"
                }
            },
            "dependsOn": []
        },
        {
            "name": "[concat(parameters('factoryName'), '/Manufacturer_SingleSink_DF')]",
            "type": "Microsoft.DataFactory/factories/dataflows",
            "apiVersion": "2018-06-01",
            "properties": {
                "folder": {
                    "name": "DBO"
                },
                "type": "MappingDataFlow",
                "typeProperties": {
                    "sources": [
                        {
                            "dataset": {
                                "referenceName": "Manufacturer_Source_New1",
                                "type": "DatasetReference"
                            },
                            "name": "source1"
                        }
                    ],
                    "sinks": [
                        {
                            "dataset": {
                                "referenceName": "Manufacturer_Target_Configurable",
                                "type": "DatasetReference"
                            },
                            "name": "sink1"
                        }
                    ],
                    "transformations": [
                        {
                            "name": "AlterRow1"
                        }
                    ],
                    "script": "source(output(\n\t\tMfrId as integer,\n\t\tMfrName as string,\n\t\tMfrShortName as string,\n\t\tDateAdded as timestamp,\n\t\tDateChanged as timestamp,\n\t\tDataSourceId as integer\n\t),\n\tallowSchemaDrift: true,\n\tvalidateSchema: false,\n\tisolationLevel: 'READ_UNCOMMITTED',\n\tformat: 'table') ~> source1\nsource1 alterRow(upsertIf(true())) ~> AlterRow1\nAlterRow1 sink(allowSchemaDrift: true,\n\tvalidateSchema: false,\n\tinput(\n\t\tMfrId as integer,\n\t\tMfrName as string,\n\t\tMfrShortName as string,\n\t\tDateAdded as timestamp,\n\t\tDateChanged as timestamp,\n\t\tItemMasterMfrId as integer,\n\t\tDataSourceId as integer\n\t),\n\tdeletable:false,\n\tinsertable:false,\n\tupdateable:false,\n\tupsertable:true,\n\tkeys:['ItemMasterMfrId'],\n\tformat: 'table',\n\tskipDuplicateMapInputs: true,\n\tskipDuplicateMapOutputs: true,\n\terrorHandlingOption: 'stopOnFirstError',\n\tmapColumn(\n\t\tMfrName,\n\t\tMfrShortName,\n\t\tDateAdded,\n\t\tDateChanged,\n\t\tItemMasterMfrId = MfrId,\n\t\tDataSourceId\n\t)) ~> sink1"
                }
            },
            "dependsOn": []
        },
        {
            "name": "[concat(parameters('factoryName'), '/MedicationGuide_DataFlow')]",
            "type": "Microsoft.DataFactory/factories/dataflows",
            "apiVersion": "2018-06-01",
            "properties": {
                "type": "MappingDataFlow",
                "typeProperties": {
                    "sources": [
                        {
                            "dataset": {
                                "referenceName": "FDAMedicationGuides_Raw_SQL",
                                "type": "DatasetReference"
                            },
                            "name": "MedicationGuideRaw"
                        },
                        {
                            "dataset": {
                                "referenceName": "ItemMaster_NdcToPatentApplicationXref_SQL",
                                "type": "DatasetReference"
                            },
                            "name": "NdcToPatentApplicationXref"
                        }
                    ],
                    "sinks": [
                        {
                            "dataset": {
                                "referenceName": "FDAMedicationGuides_SQL",
                                "type": "DatasetReference"
                            },
                            "name": "MedicationGuideSink"
                        }
                    ],
                    "transformations": [
                        {
                            "name": "Join1"
                        },
                        {
                            "name": "DerivedColumn1"
                        },
                        {
                            "name": "AlterRow1"
                        }
                    ],
                    "script": "parameters{\n\tPipelineRunId as string\n}\nsource(output(\n\t\tDrugName as string,\n\t\tActiveIngredient as string,\n\t\tFormRoute as string,\n\t\tApplicationNumber as string,\n\t\tCompany as string,\n\t\tDate as string,\n\t\tLink as string,\n\t\tAddedDateTime as timestamp\n\t),\n\tallowSchemaDrift: true,\n\tvalidateSchema: false,\n\tisolationLevel: 'READ_UNCOMMITTED',\n\tformat: 'table') ~> MedicationGuideRaw\nsource(output(\n\t\tNdcToApplicationId as integer,\n\t\tNdc as string,\n\t\tItemId as integer,\n\t\tApplicationNumber as string,\n\t\tProductNumber as string,\n\t\tApplicationTypeId as integer,\n\t\tFdaApprovalDate as date,\n\t\tMarketingCategoryId as integer,\n\t\tStartMarketingDate as date,\n\t\tEndMarketingDate as date,\n\t\tDateAdded as timestamp,\n\t\tDateChanged as timestamp,\n\t\tDataSourceId as integer\n\t),\n\tallowSchemaDrift: true,\n\tvalidateSchema: false,\n\tisolationLevel: 'READ_UNCOMMITTED',\n\tformat: 'table') ~> NdcToPatentApplicationXref\nMedicationGuideRaw, NdcToPatentApplicationXref join(MedicationGuideRaw@ApplicationNumber == NdcToPatentApplicationXref@ApplicationNumber,\n\tjoinType:'left',\n\tmatchType:'exact',\n\tignoreSpaces: false,\n\tbroadcast: 'auto')~> Join1\nJoin1 derive(PipelineRunId = $PipelineRunId,\n\t\tNewUpdatedDateTime = currentUTC(),\n\t\tisFileDownloaded = false()) ~> DerivedColumn1\nDerivedColumn1 alterRow(upsertIf(true())) ~> AlterRow1\nAlterRow1 sink(allowSchemaDrift: true,\n\tvalidateSchema: false,\n\tinput(\n\t\tMedicationGuideId as integer,\n\t\tNdcToApplicationId as integer,\n\t\tNDC as string,\n\t\tDrugName as string,\n\t\tActiveIngredient as string,\n\t\tFormRoute as string,\n\t\tApplicationNumber as string,\n\t\tCompany as string,\n\t\tDate as string,\n\t\tLink as string,\n\t\tAddedDateTime as timestamp,\n\t\tUpdatedDateTime as timestamp,\n\t\tPipelineRunId as string,\n\t\tisFileDownloaded as boolean\n\t),\n\tdeletable:false,\n\tinsertable:false,\n\tupdateable:false,\n\tupsertable:true,\n\tkeys:['NDC','ApplicationNumber'],\n\tformat: 'table',\n\tskipDuplicateMapInputs: true,\n\tskipDuplicateMapOutputs: true,\n\terrorHandlingOption: 'stopOnFirstError',\n\tmapColumn(\n\t\tNdcToApplicationId,\n\t\tNDC = Ndc,\n\t\tDrugName,\n\t\tActiveIngredient,\n\t\tFormRoute,\n\t\tApplicationNumber = MedicationGuideRaw@ApplicationNumber,\n\t\tCompany,\n\t\tDate,\n\t\tLink,\n\t\tUpdatedDateTime = NewUpdatedDateTime,\n\t\tPipelineRunId,\n\t\tisFileDownloaded\n\t)) ~> MedicationGuideSink"
                }
            },
            "dependsOn": []
        },
        {
            "name": "[concat(parameters('factoryName'), '/M25GPPC')]",
            "type": "Microsoft.DataFactory/factories/dataflows",
            "apiVersion": "2018-06-01",
            "properties": {
                "folder": {
                    "name": "mddb"
                },
                "type": "MappingDataFlow",
                "typeProperties": {
                    "sources": [
                        {
                            "dataset": {
                                "referenceName": "m25gppc_product_packaging_adls",
                                "type": "DatasetReference"
                            },
                            "name": "inputfile"
                        }
                    ],
                    "sinks": [
                        {
                            "dataset": {
                                "referenceName": "m25gppc_product_packaging_sql",
                                "type": "DatasetReference"
                            },
                            "name": "outputfile"
                        }
                    ],
                    "transformations": [
                        {
                            "name": "derivedColumn1"
                        }
                    ],
                    "scriptLines": [
                        "parameters{",
                        "     GenericProductPackagingCode as string ('1,8'),",
                        "     PackageSize as string ('9,8'),",
                        "     PackageSizeUOM as string ('17,2'),",
                        "     PackageQuantity as string ('19,5'),",
                        "     UnitDose as string ('24,1'),",
                        "     PackageDescriptionCode as string ('25,2'),",
                        "     GenericProductIdentifier as string ('27,14'),",
                        "     TransactionCode as string ('41,1'),",
                        "     LastChangeDate as string ('42,8'),",
                        "     Reserve as string ('50,15')",
                        "}",
                        "source(output(",
                        "          Column_1 as string",
                        "     ),",
                        "     allowSchemaDrift: true,",
                        "     validateSchema: false,",
                        "     ignoreNoFilesFound: false) ~> inputfile",
                        "inputfile derive(GenericProductPackagingCode = substring(Column_1,1,8),",
                        "          PackageSize = substring(Column_1,9,8),",
                        "          PackageSizeUnitofMeasure = substring(Column_1,17,2),",
                        "          PackageQuantity = substring(Column_1,19,5),",
                        "          {UnitDose_Unit-of-Use} = substring(Column_1,24,1),",
                        "          PackageDescriptionCode = substring(Column_1,25,2),",
                        "          GenericProductIdentifier = substring(Column_1,27,14),",
                        "          TransactionCode = substring(Column_1,41,1),",
                        "          LastChangeDate = substring(Column_1,42,8),",
                        "          Reserve = substring(Column_1,50,15)) ~> derivedColumn1",
                        "derivedColumn1 sink(allowSchemaDrift: true,",
                        "     validateSchema: false,",
                        "     deletable:false,",
                        "     insertable:true,",
                        "     updateable:false,",
                        "     upsertable:false,",
                        "     truncate:true,",
                        "     format: 'table',",
                        "     skipDuplicateMapInputs: true,",
                        "     skipDuplicateMapOutputs: true,",
                        "     errorHandlingOption: 'stopOnFirstError',",
                        "     mapColumn(",
                        "          GenericProductPackagingCode,",
                        "          PackageSize,",
                        "          PackageSizeUnitofMeasure,",
                        "          PackageQuantity,",
                        "          {UnitDose_Unit-of-Use},",
                        "          PackageDescriptionCode,",
                        "          GenericProductIdentifier,",
                        "          TransactionCode,",
                        "          LastChangeDate,",
                        "          Reserve",
                        "     )) ~> outputfile"
                    ]
                }
            },
            "dependsOn": []
        },
        {
            "name": "[concat(parameters('factoryName'), '/M25NMOD')]",
            "type": "Microsoft.DataFactory/factories/dataflows",
            "apiVersion": "2018-06-01",
            "properties": {
                "folder": {
                    "name": "mddb"
                },
                "type": "MappingDataFlow",
                "typeProperties": {
                    "sources": [
                        {
                            "dataset": {
                                "referenceName": "m25nmod_ndc_modifier_file_adls",
                                "type": "DatasetReference"
                            },
                            "name": "inputfile"
                        }
                    ],
                    "sinks": [
                        {
                            "dataset": {
                                "referenceName": "m25nmod_ndc_modifier_sql",
                                "type": "DatasetReference"
                            },
                            "name": "outputfile"
                        }
                    ],
                    "transformations": [
                        {
                            "name": "derivedColumn1"
                        }
                    ],
                    "scriptLines": [
                        "parameters{",
                        "     GenericProductPackagingCode as string ('1,8'),",
                        "     PackageSize as string ('9,8'),",
                        "     PackageSizeUOM as string ('17,2'),",
                        "     PackageQuantity as string ('19,5'),",
                        "     UnitDose as string ('24,1'),",
                        "     PackageDescriptionCode as string ('25,2'),",
                        "     GenericProductIdentifier as string ('27,14'),",
                        "     TransactionCode as string ('41,1'),",
                        "     LastChangeDate as string ('42,8'),",
                        "     Reserve as string ('50,15')",
                        "}",
                        "source(output(",
                        "          Column_1 as string",
                        "     ),",
                        "     allowSchemaDrift: true,",
                        "     validateSchema: false,",
                        "     ignoreNoFilesFound: false) ~> inputfile",
                        "inputfile derive({NDC-UPC-HRI} = substring(Column_1,1,11),",
                        "          {Reserve-1} = substring(Column_1,12,1),",
                        "          ModiferCode = substring(Column_1,13,6),",
                        "          TransactionCode = substring(Column_1,19,1),",
                        "          LastChangeDate = substring(Column_1,20,8),",
                        "          {Reserve-2} = substring(Column_1,28,5)) ~> derivedColumn1",
                        "derivedColumn1 sink(allowSchemaDrift: true,",
                        "     validateSchema: false,",
                        "     deletable:false,",
                        "     insertable:true,",
                        "     updateable:false,",
                        "     upsertable:false,",
                        "     recreate:true,",
                        "     format: 'table',",
                        "     skipDuplicateMapInputs: true,",
                        "     skipDuplicateMapOutputs: true,",
                        "     errorHandlingOption: 'stopOnFirstError',",
                        "     mapColumn(",
                        "          {NDC-UPC-HRI},",
                        "          {Reserve-1},",
                        "          ModiferCode,",
                        "          TransactionCode,",
                        "          LastChangeDate,",
                        "          {Reserve-2}",
                        "     )) ~> outputfile"
                    ]
                }
            },
            "dependsOn": []
        },
        {
            "name": "[concat(parameters('factoryName'), '/M25GPRR')]",
            "type": "Microsoft.DataFactory/factories/dataflows",
            "apiVersion": "2018-06-01",
            "properties": {
                "folder": {
                    "name": "mddb"
                },
                "type": "MappingDataFlow",
                "typeProperties": {
                    "sources": [
                        {
                            "dataset": {
                                "referenceName": "m25gprr_product_packaging_adls",
                                "type": "DatasetReference"
                            },
                            "name": "inputfile"
                        }
                    ],
                    "sinks": [
                        {
                            "dataset": {
                                "referenceName": "m25gprr_product_packaging_sql",
                                "type": "DatasetReference"
                            },
                            "name": "outputfile"
                        }
                    ],
                    "transformations": [
                        {
                            "name": "derivedColumn1"
                        }
                    ],
                    "scriptLines": [
                        "parameters{",
                        "     GenericProductPackagingCode as string ('1,8'),",
                        "     PackageSize as string ('9,8'),",
                        "     PackageSizeUOM as string ('17,2'),",
                        "     PackageQuantity as string ('19,5'),",
                        "     UnitDose as string ('24,1'),",
                        "     PackageDescriptionCode as string ('25,2'),",
                        "     GenericProductIdentifier as string ('27,14'),",
                        "     TransactionCode as string ('41,1'),",
                        "     LastChangeDate as string ('42,8'),",
                        "     Reserve as string ('50,15')",
                        "}",
                        "source(output(",
                        "          Column_1 as string",
                        "     ),",
                        "     allowSchemaDrift: true,",
                        "     validateSchema: false,",
                        "     ignoreNoFilesFound: false) ~> inputfile",
                        "inputfile derive(GenericProductPackagingCode = substring(Column_1,1,8),",
                        "          GPPCPriceCode = substring(Column_1,9,1),",
                        "          GPPCUnitPrice = substring(Column_1,10,13),",
                        "          GPPCEffDate = substring(Column_1,23,8),",
                        "          TransactionCode = substring(Column_1,31,1),",
                        "          Reserve = substring(Column_1,32,5)) ~> derivedColumn1",
                        "derivedColumn1 sink(allowSchemaDrift: true,",
                        "     validateSchema: false,",
                        "     input(",
                        "          GenericProductPackagingCode as string,",
                        "          GPPCPriceCode as string,",
                        "          GPPCUnitPrice as decimal(8,5),",
                        "          GPPCEffDate as string,",
                        "          TransactionCode as string,",
                        "          Reserve as string",
                        "     ),",
                        "     deletable:false,",
                        "     insertable:true,",
                        "     updateable:false,",
                        "     upsertable:false,",
                        "     recreate:true,",
                        "     format: 'table',",
                        "     skipDuplicateMapInputs: true,",
                        "     skipDuplicateMapOutputs: true,",
                        "     errorHandlingOption: 'stopOnFirstError',",
                        "     mapColumn(",
                        "          GenericProductPackagingCode,",
                        "          GPPCPriceCode,",
                        "          GPPCUnitPrice,",
                        "          GPPCEffDate,",
                        "          TransactionCode,",
                        "          Reserve",
                        "     )) ~> outputfile"
                    ]
                }
            },
            "dependsOn": []
        },
        {
            "name": "[concat(parameters('factoryName'), '/M25TCRF')]",
            "type": "Microsoft.DataFactory/factories/dataflows",
            "apiVersion": "2018-06-01",
            "properties": {
                "folder": {
                    "name": "mddb"
                },
                "type": "MappingDataFlow",
                "typeProperties": {
                    "sources": [
                        {
                            "dataset": {
                                "referenceName": "m25tcrf_therapeutic_reference_adls",
                                "type": "DatasetReference"
                            },
                            "name": "inputfile"
                        }
                    ],
                    "sinks": [
                        {
                            "dataset": {
                                "referenceName": "m25tcrf_therapeutic_reference_sql",
                                "type": "DatasetReference"
                            },
                            "name": "outputfile"
                        }
                    ],
                    "transformations": [
                        {
                            "name": "derivedColumn1"
                        }
                    ],
                    "scriptLines": [
                        "parameters{",
                        "     GenericProductPackagingCode as string ('1,8'),",
                        "     PackageSize as string ('9,8'),",
                        "     PackageSizeUOM as string ('17,2'),",
                        "     PackageQuantity as string ('19,5'),",
                        "     UnitDose as string ('24,1'),",
                        "     PackageDescriptionCode as string ('25,2'),",
                        "     GenericProductIdentifier as string ('27,14'),",
                        "     TransactionCode as string ('41,1'),",
                        "     LastChangeDate as string ('42,8'),",
                        "     Reserve as string ('50,15')",
                        "}",
                        "source(output(",
                        "          Column_1 as string",
                        "     ),",
                        "     allowSchemaDrift: true,",
                        "     validateSchema: false,",
                        "     ignoreNoFilesFound: false) ~> inputfile",
                        "inputfile derive(TherapeuticClassificationCode = substring(Column_1,1,10),",
                        "          Reserve1 = substring(Column_1,11,4),",
                        "          RecordTypeCode = substring(Column_1,15,1),",
                        "          TCGPIName = substring(Column_1,16,60),",
                        "          Reserve2 = substring(Column_1,76,19),",
                        "          TransactionCode = substring(Column_1,95,1),",
                        "          LastChangeDate = substring(Column_1,96,5)) ~> derivedColumn1",
                        "derivedColumn1 sink(allowSchemaDrift: true,",
                        "     validateSchema: false,",
                        "     deletable:false,",
                        "     insertable:true,",
                        "     updateable:false,",
                        "     upsertable:false,",
                        "     truncate:true,",
                        "     format: 'table',",
                        "     skipDuplicateMapInputs: true,",
                        "     skipDuplicateMapOutputs: true,",
                        "     errorHandlingOption: 'stopOnFirstError',",
                        "     mapColumn(",
                        "          TherapeuticClassificationCode,",
                        "          Reserve1,",
                        "          RecordTypeCode,",
                        "          TCGPIName,",
                        "          Reserve2,",
                        "          TransactionCode,",
                        "          LastChangeDate",
                        "     )) ~> outputfile"
                    ]
                }
            },
            "dependsOn": []
        },
        {
            "name": "[concat(parameters('factoryName'), '/M25MOD')]",
            "type": "Microsoft.DataFactory/factories/dataflows",
            "apiVersion": "2018-06-01",
            "properties": {
                "folder": {
                    "name": "mddb"
                },
                "type": "MappingDataFlow",
                "typeProperties": {
                    "sources": [
                        {
                            "dataset": {
                                "referenceName": "m25mod_modifierfile_adls",
                                "type": "DatasetReference"
                            },
                            "name": "inputfile"
                        }
                    ],
                    "sinks": [
                        {
                            "dataset": {
                                "referenceName": "m25mod_modifierfile_sql",
                                "type": "DatasetReference"
                            },
                            "name": "outputfile"
                        }
                    ],
                    "transformations": [
                        {
                            "name": "derivedColumn1"
                        }
                    ],
                    "scriptLines": [
                        "parameters{",
                        "     ModifierCode as string ('1,8'),",
                        "     ModifierDescription as string ('9,8'),",
                        "     ModifierDescriptionUOM as string ('17,2'),",
                        "     LastChangeDate as string ('19,5'),",
                        "     UnitDose as string ('24,1'),",
                        "     Reserve as string ('25,2'),",
                        "     GenericProductIdentifier as string ('27,14'),",
                        "     TransactionCode as string ('41,1')",
                        "}",
                        "source(output(",
                        "          Column_1 as string",
                        "     ),",
                        "     allowSchemaDrift: true,",
                        "     validateSchema: false,",
                        "     ignoreNoFilesFound: false) ~> inputfile",
                        "inputfile derive(ModifierCode = substring(Column_1,1,6),",
                        "          ModifierDescription = substring(Column_1,7,25),",
                        "          TransactionCode = substring(Column_1,32,1),",
                        "          LastChangeDate = substring(Column_1,33,8),",
                        "          Reserve = substring(Column_1,41,24)) ~> derivedColumn1",
                        "derivedColumn1 sink(allowSchemaDrift: true,",
                        "     validateSchema: false,",
                        "     deletable:false,",
                        "     insertable:true,",
                        "     updateable:false,",
                        "     upsertable:false,",
                        "     truncate:true,",
                        "     format: 'table',",
                        "     skipDuplicateMapInputs: true,",
                        "     skipDuplicateMapOutputs: true,",
                        "     errorHandlingOption: 'stopOnFirstError',",
                        "     mapColumn(",
                        "          ModifierCode,",
                        "          ModifierDescription,",
                        "          TransactionCode,",
                        "          LastChangeDate,",
                        "          Reserve",
                        "     )) ~> outputfile"
                    ]
                }
            },
            "dependsOn": []
        },
        {
            "name": "[concat(parameters('factoryName'), '/M25ERR')]",
            "type": "Microsoft.DataFactory/factories/dataflows",
            "apiVersion": "2018-06-01",
            "properties": {
                "folder": {
                    "name": "mddb"
                },
                "type": "MappingDataFlow",
                "typeProperties": {
                    "sources": [
                        {
                            "dataset": {
                                "referenceName": "m25err_errorfile_adls",
                                "type": "DatasetReference"
                            },
                            "name": "inputfile"
                        }
                    ],
                    "sinks": [
                        {
                            "dataset": {
                                "referenceName": "m25err_errorfile_sql",
                                "type": "DatasetReference"
                            },
                            "name": "outputfile"
                        }
                    ],
                    "transformations": [
                        {
                            "name": "derivedColumn1"
                        }
                    ],
                    "scriptLines": [
                        "parameters{",
                        "     GenericProductPackagingCode as string ('1,8'),",
                        "     PackageSize as string ('9,8'),",
                        "     PackageSizeUOM as string ('17,2'),",
                        "     PackageQuantity as string ('19,5'),",
                        "     UnitDose as string ('24,1'),",
                        "     PackageDescriptionCode as string ('25,2'),",
                        "     GenericProductIdentifier as string ('27,14'),",
                        "     TransactionCode as string ('41,1'),",
                        "     LastChangeDate as string ('42,8'),",
                        "     Reserve as string ('50,15')",
                        "}",
                        "source(output(",
                        "          Column_1 as string",
                        "     ),",
                        "     allowSchemaDrift: true,",
                        "     validateSchema: false,",
                        "     ignoreNoFilesFound: false) ~> inputfile",
                        "inputfile derive(GenericProductPackagingCode = substring(Column_1,1,8),",
                        "          PackageSize = substring(Column_1,9,8),",
                        "          PackageSizeUnitofMeasure = substring(Column_1,17,2),",
                        "          PackageQuantity = substring(Column_1,19,5),",
                        "          {UnitDose_Unit-of-Use} = substring(Column_1,24,1),",
                        "          PackageDescriptionCode = substring(Column_1,25,2),",
                        "          GenericProductIdentifier = substring(Column_1,27,14),",
                        "          TransactionCode = substring(Column_1,41,1),",
                        "          LastChangeDate = substring(Column_1,42,8),",
                        "          Reserve = substring(Column_1,50,15)) ~> derivedColumn1",
                        "derivedColumn1 sink(allowSchemaDrift: true,",
                        "     validateSchema: false,",
                        "     deletable:false,",
                        "     insertable:true,",
                        "     updateable:false,",
                        "     upsertable:false,",
                        "     truncate:true,",
                        "     format: 'table',",
                        "     skipDuplicateMapInputs: true,",
                        "     skipDuplicateMapOutputs: true,",
                        "     errorHandlingOption: 'stopOnFirstError',",
                        "     mapColumn(",
                        "          GenericProductPackagingCode,",
                        "          PackageSize,",
                        "          PackageSizeUnitofMeasure,",
                        "          PackageQuantity,",
                        "          {UnitDose_Unit-of-Use},",
                        "          PackageDescriptionCode,",
                        "          GenericProductIdentifier,",
                        "          TransactionCode,",
                        "          LastChangeDate,",
                        "          Reserve",
                        "     )) ~> outputfile"
                    ]
                }
            },
            "dependsOn": []
        },
        {
            "name": "[concat(parameters('factoryName'), '/M25')]",
            "type": "Microsoft.DataFactory/factories/dataflows",
            "apiVersion": "2018-06-01",
            "properties": {
                "folder": {
                    "name": "mddb"
                },
                "type": "MappingDataFlow",
                "typeProperties": {
                    "sources": [
                        {
                            "dataset": {
                                "referenceName": "m25_database_file_adls",
                                "type": "DatasetReference"
                            },
                            "name": "inputfile"
                        }
                    ],
                    "sinks": [
                        {
                            "dataset": {
                                "referenceName": "m25_database_file_sql",
                                "type": "DatasetReference"
                            },
                            "name": "outputfile"
                        },
                        {
                            "dataset": {
                                "referenceName": "m25_database_file_sql",
                                "type": "DatasetReference"
                            },
                            "name": "sink1"
                        }
                    ],
                    "transformations": [
                        {
                            "name": "derivedColumn1"
                        },
                        {
                            "name": "split1"
                        }
                    ],
                    "scriptLines": [
                        "parameters{",
                        "     GenericProductPackagingCode as string ('1,8'),",
                        "     PackageSize as string ('9,8'),",
                        "     PackageSizeUOM as string ('17,2'),",
                        "     PackageQuantity as string ('19,5'),",
                        "     UnitDose as string ('24,1'),",
                        "     PackageDescriptionCode as string ('25,2'),",
                        "     GenericProductIdentifier as string ('27,14'),",
                        "     TransactionCode as string ('41,1'),",
                        "     LastChangeDate as string ('42,8'),",
                        "     Reserve as string ('50,15')",
                        "}",
                        "source(output(",
                        "          Column_1 as string",
                        "     ),",
                        "     allowSchemaDrift: true,",
                        "     validateSchema: false,",
                        "     ignoreNoFilesFound: false) ~> inputfile",
                        "split1@A1RECORDS derive(GenericProductPackagingCode = substring(Column_1,1,8),",
                        "          PackageSize = substring(Column_1,9,8),",
                        "          PackageSizeUnitofMeasure = substring(Column_1,17,2),",
                        "          PackageQuantity = substring(Column_1,19,5),",
                        "          {UnitDose_Unit-of-Use} = substring(Column_1,24,1),",
                        "          PackageDescriptionCode = substring(Column_1,25,2),",
                        "          GenericProductIdentifier = substring(Column_1,27,14),",
                        "          TransactionCode = substring(Column_1,41,1),",
                        "          LastChangeDate = substring(Column_1,42,8),",
                        "          Reserve = substring(Column_1,50,15)) ~> derivedColumn1",
                        "inputfile split(substring(Column_1, 13, 1) == 'A',",
                        "     disjoint: false) ~> split1@(A1RECORDS, Notequaltostreams)",
                        "derivedColumn1 sink(allowSchemaDrift: true,",
                        "     validateSchema: false,",
                        "     deletable:false,",
                        "     insertable:true,",
                        "     updateable:false,",
                        "     upsertable:false,",
                        "     truncate:true,",
                        "     format: 'table',",
                        "     skipDuplicateMapInputs: true,",
                        "     skipDuplicateMapOutputs: true,",
                        "     errorHandlingOption: 'stopOnFirstError',",
                        "     mapColumn(",
                        "          GenericProductPackagingCode,",
                        "          PackageSize,",
                        "          PackageSizeUnitofMeasure,",
                        "          PackageQuantity,",
                        "          {UnitDose_Unit-of-Use},",
                        "          PackageDescriptionCode,",
                        "          GenericProductIdentifier,",
                        "          TransactionCode,",
                        "          LastChangeDate,",
                        "          Reserve",
                        "     )) ~> outputfile",
                        "split1@Notequaltostreams sink(allowSchemaDrift: true,",
                        "     validateSchema: false,",
                        "     deletable:false,",
                        "     insertable:true,",
                        "     updateable:false,",
                        "     upsertable:false,",
                        "     format: 'table',",
                        "     skipDuplicateMapInputs: true,",
                        "     skipDuplicateMapOutputs: true,",
                        "     errorHandlingOption: 'stopOnFirstError') ~> sink1"
                    ]
                }
            },
            "dependsOn": []
        },
        {
            "name": "[concat(parameters('factoryName'), '/M25VAL')]",
            "type": "Microsoft.DataFactory/factories/dataflows",
            "apiVersion": "2018-06-01",
            "properties": {
                "folder": {
                    "name": "mddb"
                },
                "type": "MappingDataFlow",
                "typeProperties": {
                    "sources": [
                        {
                            "dataset": {
                                "referenceName": "m25val_validation_file_adls",
                                "type": "DatasetReference"
                            },
                            "name": "inputfile"
                        }
                    ],
                    "sinks": [
                        {
                            "dataset": {
                                "referenceName": "m25val_validation_file_sql",
                                "type": "DatasetReference"
                            },
                            "name": "outputfile"
                        }
                    ],
                    "transformations": [
                        {
                            "name": "derivedColumn1"
                        }
                    ],
                    "scriptLines": [
                        "source(output(",
                        "          Column_1 as string",
                        "     ),",
                        "     allowSchemaDrift: true,",
                        "     validateSchema: false,",
                        "     ignoreNoFilesFound: false) ~> inputfile",
                        "inputfile derive(Field_Identifier = substring(Column_1,1,4),",
                        "          Field_Value = substring(Column_1,5,15),",
                        "          Language_Code = substring(Column_1,20,2),",
                        "          Value_Description = substring(Column_1,22,40),",
                        "          Value_Abbreviation = substring(Column_1,62,15),",
                        "          Reserve = substring(Column_1,77,20)) ~> derivedColumn1",
                        "derivedColumn1 sink(allowSchemaDrift: true,",
                        "     validateSchema: false,",
                        "     deletable:false,",
                        "     insertable:true,",
                        "     updateable:false,",
                        "     upsertable:false,",
                        "     truncate:true,",
                        "     format: 'table',",
                        "     skipDuplicateMapInputs: true,",
                        "     skipDuplicateMapOutputs: true,",
                        "     errorHandlingOption: 'stopOnFirstError',",
                        "     mapColumn(",
                        "          Field_Identifier,",
                        "          Field_Value,",
                        "          Language_Code,",
                        "          Value_Description,",
                        "          Value_Abbreviation,",
                        "          Reserve",
                        "     )) ~> outputfile"
                    ]
                }
            },
            "dependsOn": []
        }
    ]
}