{
    "$schema": "http://schema.management.azure.com/schemas/2015-01-01/deploymentTemplate.json#",
    "contentVersion": "1.0.0.0",
    "parameters": {
        "factoryName": {
            "type": "string",
            "metadata": "Data Factory name",
            "defaultValue": "adf-ItemMaster-MasterData-Receive-prod"
        }
    },
    "variables": {
        "factoryId": "[concat('Microsoft.DataFactory/factories/', parameters('factoryName'))]"
    },
    "resources": [
        {
            "name": "[concat(parameters('factoryName'), '/mf2idrg_IngredientDrugFile_SQL')]",
            "type": "Microsoft.DataFactory/factories/datasets",
            "apiVersion": "2018-06-01",
            "properties": {
                "linkedServiceName": {
                    "referenceName": "ItemMasterSqlServer",
                    "type": "LinkedServiceReference"
                },
                "folder": {
                    "name": "New folder"
                },
                "annotations": [],
                "type": "AzureSqlTable",
                "structure": [
                    {
                        "name": "ingredient_drug_id",
                        "type": "Int32"
                    },
                    {
                        "name": "transaction_code",
                        "type": "String"
                    },
                    {
                        "name": "cas_number",
                        "type": "String"
                    },
                    {
                        "name": "kdc",
                        "type": "Int32"
                    },
                    {
                        "name": "reserve1",
                        "type": "String"
                    },
                    {
                        "name": "ingredient_drug_name",
                        "type": "String"
                    },
                    {
                        "name": "generic_id",
                        "type": "String"
                    },
                    {
                        "name": "reserve2",
                        "type": "String"
                    }
                ],
                "typeProperties": {
                    "tableName": "[[rawWK].[mf2idrg_IngredientDrugFile]"
                }
            },
            "dependsOn": []
        },
        {
            "name": "[concat(parameters('factoryName'), '/mf2lab_LabelerFile_SQL')]",
            "type": "Microsoft.DataFactory/factories/datasets",
            "apiVersion": "2018-06-01",
            "properties": {
                "linkedServiceName": {
                    "referenceName": "ItemMasterSqlServer",
                    "type": "LinkedServiceReference"
                },
                "folder": {
                    "name": "New folder"
                },
                "annotations": [],
                "type": "AzureSqlTable",
                "structure": [
                    {
                        "name": "medispan_labeler_id",
                        "type": "Int32"
                    },
                    {
                        "name": "manufacturer_name",
                        "type": "String"
                    },
                    {
                        "name": "manufacturer_abbr_name",
                        "type": "String"
                    },
                    {
                        "name": "labeler_type_code",
                        "type": "String"
                    },
                    {
                        "name": "reserve",
                        "type": "String"
                    },
                    {
                        "name": "transaction_code",
                        "type": "String"
                    },
                    {
                        "name": "last_change_date",
                        "type": "String"
                    }
                ],
                "typeProperties": {
                    "tableName": "[[rawWK].[mf2lab_LabelerFile]"
                }
            },
            "dependsOn": []
        },
        {
            "name": "[concat(parameters('factoryName'), '/mf2name_DrugNameFile_SQL')]",
            "type": "Microsoft.DataFactory/factories/datasets",
            "apiVersion": "2018-06-01",
            "properties": {
                "linkedServiceName": {
                    "referenceName": "ItemMasterSqlServer",
                    "type": "LinkedServiceReference"
                },
                "folder": {
                    "name": "New folder"
                },
                "annotations": [],
                "type": "AzureSqlTable",
                "structure": [
                    {
                        "name": "drug_descriptor_id",
                        "type": "Int32"
                    },
                    {
                        "name": "drug_name",
                        "type": "String"
                    },
                    {
                        "name": "route_of_administration",
                        "type": "String"
                    },
                    {
                        "name": "dosage_form",
                        "type": "String"
                    },
                    {
                        "name": "strength",
                        "type": "String"
                    },
                    {
                        "name": "strength_unit_of_measure",
                        "type": "String"
                    },
                    {
                        "name": "bioequivalence_code",
                        "type": "String"
                    },
                    {
                        "name": "controlled_substance_code",
                        "type": "String"
                    },
                    {
                        "name": "efficacy_code",
                        "type": "String"
                    },
                    {
                        "name": "legend_indicator_code",
                        "type": "String"
                    },
                    {
                        "name": "multi_source_code",
                        "type": "String"
                    },
                    {
                        "name": "brand_name_code",
                        "type": "String"
                    },
                    {
                        "name": "name_source_code",
                        "type": "String"
                    },
                    {
                        "name": "generic_product_identifier",
                        "type": "String"
                    },
                    {
                        "name": "kdc",
                        "type": "Int64"
                    },
                    {
                        "name": "new_drug_descriptor_identifier",
                        "type": "Int32"
                    },
                    {
                        "name": "screenable_flag",
                        "type": "String"
                    },
                    {
                        "name": "kdc_flag",
                        "type": "String"
                    },
                    {
                        "name": "local_systemic_flag",
                        "type": "String"
                    },
                    {
                        "name": "maintenance_drug_code",
                        "type": "String"
                    },
                    {
                        "name": "form_type_code",
                        "type": "String"
                    },
                    {
                        "name": "internal_external_code",
                        "type": "String"
                    },
                    {
                        "name": "single_combination_code",
                        "type": "String"
                    },
                    {
                        "name": "representative_gpi_flag",
                        "type": "String"
                    },
                    {
                        "name": "representative_kdc_flag",
                        "type": "String"
                    },
                    {
                        "name": "reserve",
                        "type": "String"
                    },
                    {
                        "name": "transaction_code",
                        "type": "String"
                    },
                    {
                        "name": "last_change_date",
                        "type": "String"
                    }
                ],
                "typeProperties": {
                    "tableName": "[[rawWK].[mf2name_DrugNameFile]"
                }
            },
            "dependsOn": []
        },
        {
            "name": "[concat(parameters('factoryName'), '/mf2ndcm_NdcModifierFile_SQL')]",
            "type": "Microsoft.DataFactory/factories/datasets",
            "apiVersion": "2018-06-01",
            "properties": {
                "linkedServiceName": {
                    "referenceName": "ItemMasterSqlServer",
                    "type": "LinkedServiceReference"
                },
                "folder": {
                    "name": "New folder"
                },
                "annotations": [],
                "type": "AzureSqlTable",
                "structure": [
                    {
                        "name": "ndc_upc_hri",
                        "type": "String"
                    },
                    {
                        "name": "modifier_code",
                        "type": "String"
                    },
                    {
                        "name": "reserve",
                        "type": "String"
                    },
                    {
                        "name": "transaction_code",
                        "type": "String"
                    },
                    {
                        "name": "last_change_date",
                        "type": "String"
                    }
                ],
                "typeProperties": {
                    "tableName": "[[rawWK].[mf2ndcm_NdcModifierFile]"
                }
            },
            "dependsOn": []
        },
        {
            "name": "[concat(parameters('factoryName'), '/MF2_NdcIngredients_SQL')]",
            "type": "Microsoft.DataFactory/factories/datasets",
            "apiVersion": "2018-06-01",
            "properties": {
                "linkedServiceName": {
                    "referenceName": "ItemMasterSqlServer",
                    "type": "LinkedServiceReference"
                },
                "folder": {
                    "name": "New folder"
                },
                "annotations": [],
                "type": "AzureSqlTable",
                "structure": [
                    {
                        "name": "NdcUpcHri",
                        "type": "String"
                    },
                    {
                        "name": "Ingredients",
                        "type": "String"
                    }
                ],
                "typeProperties": {
                    "tableName": "[[rawWK].[mf2_NdcIngredients]"
                }
            },
            "dependsOn": []
        },
        {
            "name": "[concat(parameters('factoryName'), '/ddaauom_AlternateUnitOfMeasureFile_SQL')]",
            "type": "Microsoft.DataFactory/factories/datasets",
            "apiVersion": "2018-06-01",
            "properties": {
                "linkedServiceName": {
                    "referenceName": "ItemMasterSqlServer",
                    "type": "LinkedServiceReference"
                },
                "folder": {
                    "name": "New folder"
                },
                "annotations": [],
                "type": "AzureSqlTable",
                "structure": [
                    {
                        "name": "AlternateUnitofMeasureId",
                        "type": "Int32"
                    },
                    {
                        "name": "TransactionCode",
                        "type": "String"
                    },
                    {
                        "name": "UnitOfMeasureId",
                        "type": "Int32"
                    },
                    {
                        "name": "AlternateUnitofMeasureDescription",
                        "type": "String"
                    },
                    {
                        "name": "Reserve",
                        "type": "String"
                    }
                ],
                "typeProperties": {
                    "tableName": "[[rawWK].[ddaauom_AlternateUnitOfMeasureFile]"
                }
            },
            "dependsOn": []
        },
        {
            "name": "[concat(parameters('factoryName'), '/ddacopy_CopyrightFile_SQL')]",
            "type": "Microsoft.DataFactory/factories/datasets",
            "apiVersion": "2018-06-01",
            "properties": {
                "linkedServiceName": {
                    "referenceName": "ItemMasterSqlServer",
                    "type": "LinkedServiceReference"
                },
                "folder": {
                    "name": "New folder"
                },
                "annotations": [],
                "type": "AzureSqlTable",
                "structure": [
                    {
                        "name": "CopyrightStatement",
                        "type": "String"
                    }
                ],
                "typeProperties": {
                    "tableName": "[[rawWK].[ddacopy_CopyrightFile]"
                }
            },
            "dependsOn": []
        },
        {
            "name": "[concat(parameters('factoryName'), '/mf2rnm_ReferenceNameFile_SQL')]",
            "type": "Microsoft.DataFactory/factories/datasets",
            "apiVersion": "2018-06-01",
            "properties": {
                "linkedServiceName": {
                    "referenceName": "ItemMasterSqlServer",
                    "type": "LinkedServiceReference"
                },
                "folder": {
                    "name": "New folder"
                },
                "annotations": [],
                "type": "AzureSqlTable",
                "structure": [
                    {
                        "name": "concept_type",
                        "type": "Int32"
                    },
                    {
                        "name": "country_code",
                        "type": "Int32"
                    },
                    {
                        "name": "concept_id",
                        "type": "Int32"
                    },
                    {
                        "name": "id_for_generic_named_drug",
                        "type": "Int32"
                    },
                    {
                        "name": "transaction_code",
                        "type": "String"
                    },
                    {
                        "name": "medispan_reference_flag",
                        "type": "String"
                    },
                    {
                        "name": "reserve",
                        "type": "String"
                    }
                ],
                "typeProperties": {
                    "tableName": "[[rawWK].[mf2rnm_ReferenceNameFile]"
                }
            },
            "dependsOn": []
        },
        {
            "name": "[concat(parameters('factoryName'), '/ddasum_SummaryFile_SQL')]",
            "type": "Microsoft.DataFactory/factories/datasets",
            "apiVersion": "2018-06-01",
            "properties": {
                "linkedServiceName": {
                    "referenceName": "ItemMasterSqlServer",
                    "type": "LinkedServiceReference"
                },
                "folder": {
                    "name": "New folder"
                },
                "annotations": [],
                "type": "AzureSqlTable",
                "structure": [
                    {
                        "name": "RecordType",
                        "type": "String"
                    },
                    {
                        "name": "Reserve1",
                        "type": "String"
                    },
                    {
                        "name": "SequenceNumber",
                        "type": "Int32"
                    },
                    {
                        "name": "Reserve2",
                        "type": "String"
                    },
                    {
                        "name": "CommentMarker",
                        "type": "String"
                    },
                    {
                        "name": "DataComment",
                        "type": "String"
                    }
                ],
                "typeProperties": {
                    "tableName": "[[rawWK].[ddasum_SummaryFile]"
                }
            },
            "dependsOn": []
        },
        {
            "name": "[concat(parameters('factoryName'), '/mf2prc_NdcPriceFile_SQL')]",
            "type": "Microsoft.DataFactory/factories/datasets",
            "apiVersion": "2018-06-01",
            "properties": {
                "linkedServiceName": {
                    "referenceName": "ItemMasterSqlServer",
                    "type": "LinkedServiceReference"
                },
                "folder": {
                    "name": "New folder"
                },
                "annotations": [],
                "type": "AzureSqlTable",
                "structure": [
                    {
                        "name": "ndc_upc_hri",
                        "type": "String"
                    },
                    {
                        "name": "price_code",
                        "type": "String"
                    },
                    {
                        "name": "price_effective_date",
                        "type": "String"
                    },
                    {
                        "name": "unit_price_raw",
                        "type": "Int64"
                    },
                    {
                        "name": "extended_unit_price_raw",
                        "type": "Int64"
                    },
                    {
                        "name": "package_price_raw",
                        "type": "Int64"
                    },
                    {
                        "name": "awp_indicator_code",
                        "type": "String"
                    },
                    {
                        "name": "transaction_code",
                        "type": "String"
                    },
                    {
                        "name": "last_change_date",
                        "type": "String"
                    }
                ],
                "typeProperties": {
                    "tableName": "[[rawWK].[mf2prc_NdcPriceFile]"
                }
            },
            "dependsOn": []
        },
        {
            "name": "[concat(parameters('factoryName'), '/pb2noc_PayAllowanceLimitNotOtherwiseClassifiedFile_SQL')]",
            "type": "Microsoft.DataFactory/factories/datasets",
            "apiVersion": "2018-06-01",
            "properties": {
                "linkedServiceName": {
                    "referenceName": "ItemMasterSqlServer",
                    "type": "LinkedServiceReference"
                },
                "folder": {
                    "name": "New folder"
                },
                "annotations": [],
                "type": "AzureSqlTable",
                "structure": [
                    {
                        "name": "GenericDrugName",
                        "type": "String"
                    },
                    {
                        "name": "QuarterDate",
                        "type": "String"
                    },
                    {
                        "name": "RevisionDate",
                        "type": "String"
                    },
                    {
                        "name": "TransactionCode",
                        "type": "String"
                    },
                    {
                        "name": "Dosage",
                        "type": "String"
                    },
                    {
                        "name": "PaymentLimit_Raw",
                        "type": "Decimal"
                    },
                    {
                        "name": "Reserve",
                        "type": "String"
                    }
                ],
                "typeProperties": {
                    "tableName": "[[rawWK].[pb2noc_PaymentAllowanceLimitNotOtherwiseClassifiedFile]"
                }
            },
            "dependsOn": []
        },
        {
            "name": "[concat(parameters('factoryName'), '/mf2gpr_GppcPriceFile_SQL')]",
            "type": "Microsoft.DataFactory/factories/datasets",
            "apiVersion": "2018-06-01",
            "properties": {
                "linkedServiceName": {
                    "referenceName": "ItemMasterSqlServer",
                    "type": "LinkedServiceReference"
                },
                "folder": {
                    "name": "New folder"
                },
                "annotations": [],
                "type": "AzureSqlTable",
                "structure": [
                    {
                        "name": "generic_product_pack_code",
                        "type": "String"
                    },
                    {
                        "name": "gppc_price_code",
                        "type": "String"
                    },
                    {
                        "name": "effective_date",
                        "type": "String"
                    },
                    {
                        "name": "unit_price_raw",
                        "type": "Int64"
                    },
                    {
                        "name": "reserve",
                        "type": "String"
                    },
                    {
                        "name": "transaction_code",
                        "type": "String"
                    },
                    {
                        "name": "last_change_date",
                        "type": "String"
                    }
                ],
                "typeProperties": {
                    "tableName": "[[rawWK].[mf2gpr_GppcPriceFile]"
                }
            },
            "dependsOn": []
        },
        {
            "name": "[concat(parameters('factoryName'), '/fgpread_ReadMeFile_SQL')]",
            "type": "Microsoft.DataFactory/factories/datasets",
            "apiVersion": "2018-06-01",
            "properties": {
                "linkedServiceName": {
                    "referenceName": "ItemMasterSqlServer",
                    "type": "LinkedServiceReference"
                },
                "folder": {
                    "name": "New folder"
                },
                "annotations": [],
                "type": "AzureSqlTable",
                "structure": [
                    {
                        "name": "read_me_text",
                        "type": "String"
                    }
                ],
                "typeProperties": {
                    "tableName": "[[rawWK].[fgpread_ReadMeFile]"
                }
            },
            "dependsOn": []
        },
        {
            "name": "[concat(parameters('factoryName'), '/ddauom_UnitOfMeasureFile_SQL')]",
            "type": "Microsoft.DataFactory/factories/datasets",
            "apiVersion": "2018-06-01",
            "properties": {
                "linkedServiceName": {
                    "referenceName": "ItemMasterSqlServer",
                    "type": "LinkedServiceReference"
                },
                "folder": {
                    "name": "New folder"
                },
                "annotations": [],
                "type": "AzureSqlTable",
                "structure": [
                    {
                        "name": "UnitOfMeasureId",
                        "type": "Int32"
                    },
                    {
                        "name": "TransactionCode",
                        "type": "String"
                    },
                    {
                        "name": "UnitOfMeasureDescription",
                        "type": "String"
                    },
                    {
                        "name": "UnitOfMeasureTypeCode",
                        "type": "String"
                    },
                    {
                        "name": "Reserve",
                        "type": "String"
                    }
                ],
                "typeProperties": {
                    "tableName": "[[rawWK].[ddauom_UnitOfMeasureFile]"
                }
            },
            "dependsOn": []
        },
        {
            "name": "[concat(parameters('factoryName'), '/nabdict_DataDictionaryFile_SQL')]",
            "type": "Microsoft.DataFactory/factories/datasets",
            "apiVersion": "2018-06-01",
            "properties": {
                "linkedServiceName": {
                    "referenceName": "ItemMasterSqlServer",
                    "type": "LinkedServiceReference"
                },
                "folder": {
                    "name": "New folder"
                },
                "annotations": [],
                "type": "AzureSqlTable",
                "structure": [
                    {
                        "name": "Field_Identifier",
                        "type": "String"
                    },
                    {
                        "name": "Field_Description",
                        "type": "String"
                    },
                    {
                        "name": "Field_Type",
                        "type": "String"
                    },
                    {
                        "name": "Field_Length",
                        "type": "Int32"
                    },
                    {
                        "name": "Implied_Decimal_Flag",
                        "type": "String"
                    },
                    {
                        "name": "Decimal_Places",
                        "type": "Int32"
                    },
                    {
                        "name": "Field_Validation_Flag",
                        "type": "String"
                    },
                    {
                        "name": "Field_Abbreviation_Flag",
                        "type": "String"
                    },
                    {
                        "name": "Reserve",
                        "type": "String"
                    }
                ],
                "typeProperties": {
                    "tableName": "[[rawWK].[nabdict_DataDictionaryFile]"
                }
            },
            "dependsOn": []
        },
        {
            "name": "[concat(parameters('factoryName'), '/fgpcopy_CopyrightFile_SQL')]",
            "type": "Microsoft.DataFactory/factories/datasets",
            "apiVersion": "2018-06-01",
            "properties": {
                "linkedServiceName": {
                    "referenceName": "ItemMasterSqlServer",
                    "type": "LinkedServiceReference"
                },
                "folder": {
                    "name": "New folder"
                },
                "annotations": [],
                "type": "AzureSqlTable",
                "structure": [
                    {
                        "name": "copyright_statement",
                        "type": "String"
                    }
                ],
                "typeProperties": {
                    "tableName": "[[rawWK].[fgpcopy_CopyrightFile]"
                }
            },
            "dependsOn": []
        },
        {
            "name": "[concat(parameters('factoryName'), '/mf2rtdrg_RoutedDrugFile_SQL')]",
            "type": "Microsoft.DataFactory/factories/datasets",
            "apiVersion": "2018-06-01",
            "properties": {
                "linkedServiceName": {
                    "referenceName": "ItemMasterSqlServer",
                    "type": "LinkedServiceReference"
                },
                "folder": {
                    "name": "New folder"
                },
                "annotations": [],
                "type": "AzureSqlTable",
                "structure": [
                    {
                        "name": "concept_type",
                        "type": "Int32"
                    },
                    {
                        "name": "country_code",
                        "type": "Int32"
                    },
                    {
                        "name": "concept_id",
                        "type": "Int32"
                    },
                    {
                        "name": "transaction_code",
                        "type": "String"
                    },
                    {
                        "name": "drug_name_id",
                        "type": "Int32"
                    },
                    {
                        "name": "route_id",
                        "type": "Int32"
                    },
                    {
                        "name": "status",
                        "type": "String"
                    },
                    {
                        "name": "link_value",
                        "type": "Int32"
                    },
                    {
                        "name": "link_date",
                        "type": "String"
                    },
                    {
                        "name": "reserve",
                        "type": "String"
                    }
                ],
                "typeProperties": {
                    "tableName": "[[rawWK].[mf2rtdrg_RoutedDrugFile]"
                }
            },
            "dependsOn": []
        },
        {
            "name": "[concat(parameters('factoryName'), '/Fda_MAUDE_text_SQL')]",
            "type": "Microsoft.DataFactory/factories/datasets",
            "apiVersion": "2018-06-01",
            "properties": {
                "linkedServiceName": {
                    "referenceName": "ItemMasterSqlServer",
                    "type": "LinkedServiceReference"
                },
                "folder": {
                    "name": "New folder"
                },
                "annotations": [],
                "type": "AzureSqlTable",
                "structure": [
                    {
                        "name": "MDR_REPORT_KEY",
                        "type": "String"
                    },
                    {
                        "name": "MDR_TEXT_KEY",
                        "type": "Int32"
                    },
                    {
                        "name": "TEXT_TYPE_CODE",
                        "type": "String"
                    },
                    {
                        "name": "PATIENT_SEQUENCE_NUMBER",
                        "type": "Int32"
                    },
                    {
                        "name": "DATE_REPORT",
                        "type": "String"
                    },
                    {
                        "name": "FOI_TEXT",
                        "type": "String"
                    },
                    {
                        "name": "PipelineRunId",
                        "type": "String"
                    }
                ],
                "typeProperties": {
                    "tableName": "[[rawFDAMAUDE].[foitext]"
                }
            },
            "dependsOn": []
        },
        {
            "name": "[concat(parameters('factoryName'), '/pb2lim_PaymentAllowanceLimitFile_SQL')]",
            "type": "Microsoft.DataFactory/factories/datasets",
            "apiVersion": "2018-06-01",
            "properties": {
                "linkedServiceName": {
                    "referenceName": "ItemMasterSqlServer",
                    "type": "LinkedServiceReference"
                },
                "folder": {
                    "name": "New folder"
                },
                "annotations": [],
                "type": "AzureSqlTable",
                "structure": [
                    {
                        "name": "HcpcsCode",
                        "type": "String"
                    },
                    {
                        "name": "QuarterDate",
                        "type": "String"
                    },
                    {
                        "name": "RevisionDate",
                        "type": "String"
                    },
                    {
                        "name": "TransactionCode",
                        "type": "String"
                    },
                    {
                        "name": "ShortDescription",
                        "type": "String"
                    },
                    {
                        "name": "HCPCSCodeDosage",
                        "type": "String"
                    },
                    {
                        "name": "PaymentLimit_Raw",
                        "type": "Decimal"
                    },
                    {
                        "name": "IndependentEsrdLimit_Raw",
                        "type": "Decimal"
                    },
                    {
                        "name": "VaccineLimit_Raw",
                        "type": "Decimal"
                    },
                    {
                        "name": "DMEInfusionLimit_Raw",
                        "type": "Decimal"
                    },
                    {
                        "name": "BloodLimit_Raw",
                        "type": "Decimal"
                    },
                    {
                        "name": "Reserve",
                        "type": "String"
                    }
                ],
                "typeProperties": {
                    "tableName": "[[rawWK].[pb2lim_PaymentAllowanceLimitFile]"
                }
            },
            "dependsOn": []
        },
        {
            "name": "[concat(parameters('factoryName'), '/nabidsum_ExternalDrugIdentifierApplicationNumberSummaryFile_SQL')]",
            "type": "Microsoft.DataFactory/factories/datasets",
            "apiVersion": "2018-06-01",
            "properties": {
                "linkedServiceName": {
                    "referenceName": "ItemMasterSqlServer",
                    "type": "LinkedServiceReference"
                },
                "folder": {
                    "name": "New folder"
                },
                "annotations": [],
                "type": "AzureSqlTable",
                "structure": [
                    {
                        "name": "NDC_UPC_HRI",
                        "type": "String"
                    },
                    {
                        "name": "Transaction_Code",
                        "type": "String"
                    },
                    {
                        "name": "NDA_Flag",
                        "type": "String"
                    },
                    {
                        "name": "ANDA_Flag",
                        "type": "String"
                    },
                    {
                        "name": "BLA_Flag",
                        "type": "String"
                    },
                    {
                        "name": "Reference_Listed_Drug_Flag",
                        "type": "String"
                    },
                    {
                        "name": "FDAs_Therapeutic_Equivalence_Code",
                        "type": "String"
                    },
                    {
                        "name": "FDAs_Approval_Date",
                        "type": "String"
                    },
                    {
                        "name": "FDAs_Approval_Date_prior_to_1-1-1982_Flag",
                        "type": "String"
                    },
                    {
                        "name": "In_MediSpan_DB_Flag",
                        "type": "String"
                    },
                    {
                        "name": "MediSpan_Inactive_Date",
                        "type": "String"
                    },
                    {
                        "name": "Marketing_Category",
                        "type": "String"
                    },
                    {
                        "name": "Start_Marketing_Date",
                        "type": "String"
                    },
                    {
                        "name": "End_Marketing_Date",
                        "type": "String"
                    },
                    {
                        "name": "Reserve",
                        "type": "String"
                    }
                ],
                "typeProperties": {
                    "tableName": "[[rawWK].[nabidsum_ExternalDrugIdentifierApplicationNumberSummaryFile]"
                }
            },
            "dependsOn": []
        }
    ]
}