{
    "$schema": "http://schema.management.azure.com/schemas/2015-01-01/deploymentTemplate.json#",
    "contentVersion": "1.0.0.0",
    "parameters": {
        "factoryName": {
            "type": "string",
            "metadata": "Data Factory name",
            "defaultValue": "adf-ItemMaster-MasterData-Receive-prod"
        }
    },
    "variables": {
        "factoryId": "[concat('Microsoft.DataFactory/factories/', parameters('factoryName'))]"
    },
    "resources": [
        {
            "name": "[concat(parameters('factoryName'), '/RecallV2UPCSource')]",
            "type": "Microsoft.DataFactory/factories/datasets",
            "apiVersion": "2018-06-01",
            "properties": {
                "linkedServiceName": {
                    "referenceName": "ItemMaster",
                    "type": "LinkedServiceReference"
                },
                "folder": {
                    "name": "FdaRecallV2"
                },
                "annotations": [],
                "type": "AzureSqlTable",
                "schema": [
                    {
                        "name": "RecallUpcId",
                        "type": "int",
                        "precision": 10
                    },
                    {
                        "name": "RecallId",
                        "type": "int",
                        "precision": 10
                    },
                    {
                        "name": "RecallNumber",
                        "type": "varchar"
                    },
                    {
                        "name": "FdaEventId",
                        "type": "varchar"
                    },
                    {
                        "name": "UPC",
                        "type": "varchar"
                    },
                    {
                        "name": "DateAdded",
                        "type": "datetime",
                        "precision": 23,
                        "scale": 3
                    },
                    {
                        "name": "DateChanged",
                        "type": "datetime",
                        "precision": 23,
                        "scale": 3
                    },
                    {
                        "name": "PipelineRunId",
                        "type": "varchar"
                    },
                    {
                        "name": "ImportedDate",
                        "type": "datetime",
                        "precision": 23,
                        "scale": 3
                    },
                    {
                        "name": "Status",
                        "type": "char"
                    }
                ],
                "typeProperties": {
                    "schema": "Fda",
                    "table": "RecallV2UPC"
                }
            },
            "dependsOn": []
        },
        {
            "name": "[concat(parameters('factoryName'), '/RecallV2ApplicationNumberSource')]",
            "type": "Microsoft.DataFactory/factories/datasets",
            "apiVersion": "2018-06-01",
            "properties": {
                "linkedServiceName": {
                    "referenceName": "ItemMaster",
                    "type": "LinkedServiceReference"
                },
                "folder": {
                    "name": "FdaRecallV2"
                },
                "annotations": [],
                "type": "AzureSqlTable",
                "schema": [
                    {
                        "name": "RecallApplicationNumberId",
                        "type": "int",
                        "precision": 10
                    },
                    {
                        "name": "RecallId",
                        "type": "int",
                        "precision": 10
                    },
                    {
                        "name": "RecallNumber",
                        "type": "varchar"
                    },
                    {
                        "name": "FdaEventId",
                        "type": "varchar"
                    },
                    {
                        "name": "ApplicationNumber",
                        "type": "varchar"
                    },
                    {
                        "name": "DateAdded",
                        "type": "datetime",
                        "precision": 23,
                        "scale": 3
                    },
                    {
                        "name": "DateChanged",
                        "type": "datetime",
                        "precision": 23,
                        "scale": 3
                    },
                    {
                        "name": "PipelineRunId",
                        "type": "varchar"
                    },
                    {
                        "name": "ImportedDate",
                        "type": "datetime",
                        "precision": 23,
                        "scale": 3
                    },
                    {
                        "name": "Status",
                        "type": "char"
                    }
                ],
                "typeProperties": {
                    "schema": "Fda",
                    "table": "RecallV2ApplicationNumber"
                }
            },
            "dependsOn": []
        },
        {
            "name": "[concat(parameters('factoryName'), '/CognitiveRx_PharmacyItem_SQL_Configurable')]",
            "type": "Microsoft.DataFactory/factories/datasets",
            "apiVersion": "2018-06-01",
            "properties": {
                "linkedServiceName": {
                    "referenceName": "CognitiveRx_Configurable",
                    "type": "LinkedServiceReference",
                    "parameters": {
                        "KeyVaultSecret": "@dataset().SecretName"
                    }
                },
                "parameters": {
                    "SecretName": {
                        "type": "string"
                    }
                },
                "folder": {
                    "name": "Shortages"
                },
                "annotations": [],
                "type": "AzureSqlTable",
                "schema": [
                    {
                        "name": "ItemId",
                        "type": "int",
                        "precision": 10
                    },
                    {
                        "name": "ItemDescription",
                        "type": "varchar"
                    },
                    {
                        "name": "ItemShortDescription",
                        "type": "varchar"
                    },
                    {
                        "name": "Gtin",
                        "type": "bigint",
                        "precision": 19
                    },
                    {
                        "name": "Ndc",
                        "type": "varchar"
                    },
                    {
                        "name": "Ndc10",
                        "type": "varchar"
                    },
                    {
                        "name": "Ndc11",
                        "type": "varchar"
                    },
                    {
                        "name": "NdcFormatCode",
                        "type": "int",
                        "precision": 10
                    },
                    {
                        "name": "PreviousNdc",
                        "type": "varchar"
                    },
                    {
                        "name": "ReplacedByNdc",
                        "type": "varchar"
                    },
                    {
                        "name": "CasePack",
                        "type": "char"
                    },
                    {
                        "name": "PackageSize",
                        "type": "decimal",
                        "precision": 8,
                        "scale": 3
                    },
                    {
                        "name": "PackageDescription",
                        "type": "varchar"
                    },
                    {
                        "name": "DrugStrength",
                        "type": "varchar"
                    },
                    {
                        "name": "DrugStrengthUom",
                        "type": "varchar"
                    },
                    {
                        "name": "IsGenericDrug",
                        "type": "bit"
                    },
                    {
                        "name": "DrugName",
                        "type": "varchar"
                    },
                    {
                        "name": "Ingredients",
                        "type": "varchar"
                    },
                    {
                        "name": "BrandNameTypeId",
                        "type": "int",
                        "precision": 10
                    },
                    {
                        "name": "UnitDoseId",
                        "type": "int",
                        "precision": 10
                    },
                    {
                        "name": "DosageFormId",
                        "type": "int",
                        "precision": 10
                    },
                    {
                        "name": "IsItemMultiSourced",
                        "type": "bit"
                    },
                    {
                        "name": "StorageConditionId",
                        "type": "int",
                        "precision": 10
                    },
                    {
                        "name": "RxNormNumber",
                        "type": "varchar"
                    },
                    {
                        "name": "IsItemRepackaged",
                        "type": "bit"
                    },
                    {
                        "name": "IsItemHazardouMaterial",
                        "type": "bit"
                    },
                    {
                        "name": "LabelerId",
                        "type": "int",
                        "precision": 10
                    },
                    {
                        "name": "MfrId",
                        "type": "int",
                        "precision": 10
                    },
                    {
                        "name": "DeaClassId",
                        "type": "int",
                        "precision": 10
                    },
                    {
                        "name": "OrangeBookId",
                        "type": "int",
                        "precision": 10
                    },
                    {
                        "name": "PackageSizeUomId",
                        "type": "int",
                        "precision": 10
                    },
                    {
                        "name": "UnitOfMeasureId",
                        "type": "int",
                        "precision": 10
                    },
                    {
                        "name": "PurpleBookId",
                        "type": "int",
                        "precision": 10
                    },
                    {
                        "name": "GPI",
                        "type": "varchar"
                    },
                    {
                        "name": "TypeOfBrandDesciption",
                        "type": "varchar"
                    },
                    {
                        "name": "ItemMasterItemId",
                        "type": "int",
                        "precision": 10
                    },
                    {
                        "name": "DrugDescriptorId",
                        "type": "int",
                        "precision": 10
                    },
                    {
                        "name": "BioEquivalenceId",
                        "type": "int",
                        "precision": 10
                    },
                    {
                        "name": "DateAdded",
                        "type": "datetime",
                        "precision": 23,
                        "scale": 3
                    },
                    {
                        "name": "DateChanged",
                        "type": "datetime",
                        "precision": 23,
                        "scale": 3
                    },
                    {
                        "name": "DataSourceId",
                        "type": "int",
                        "precision": 10
                    },
                    {
                        "name": "Manufacturer",
                        "type": "varchar"
                    },
                    {
                        "name": "EqKey",
                        "type": "varchar"
                    },
                    {
                        "name": "PricingKey",
                        "type": "varchar"
                    },
                    {
                        "name": "PharmaceuticalEqKey",
                        "type": "varchar"
                    },
                    {
                        "name": "BioEqKey",
                        "type": "varchar"
                    },
                    {
                        "name": "TherapeuticEqKey",
                        "type": "varchar"
                    },
                    {
                        "name": "DirectEqKey",
                        "type": "varchar"
                    },
                    {
                        "name": "ItemUId",
                        "type": "uniqueidentifier"
                    }
                ],
                "typeProperties": {
                    "schema": "dbo",
                    "table": "PharmacyItem"
                }
            },
            "dependsOn": []
        },
        {
            "name": "[concat(parameters('factoryName'), '/RecallV2SubstanceNameTarget')]",
            "type": "Microsoft.DataFactory/factories/datasets",
            "apiVersion": "2018-06-01",
            "properties": {
                "linkedServiceName": {
                    "referenceName": "CognitiveRx_Configurable",
                    "type": "LinkedServiceReference",
                    "parameters": {
                        "KeyVaultSecret": "@dataset().Secret"
                    }
                },
                "parameters": {
                    "Secret": {
                        "type": "string"
                    }
                },
                "folder": {
                    "name": "FdaRecallV2"
                },
                "annotations": [],
                "type": "AzureSqlTable",
                "schema": [
                    {
                        "name": "RecallSubstanceNameId",
                        "type": "int",
                        "precision": 10
                    },
                    {
                        "name": "RecallId",
                        "type": "int",
                        "precision": 10
                    },
                    {
                        "name": "RecallNumber",
                        "type": "varchar"
                    },
                    {
                        "name": "FdaEventId",
                        "type": "varchar"
                    },
                    {
                        "name": "SubstanceName",
                        "type": "varchar"
                    },
                    {
                        "name": "DateAdded",
                        "type": "datetime",
                        "precision": 23,
                        "scale": 3
                    },
                    {
                        "name": "DateChanged",
                        "type": "datetime",
                        "precision": 23,
                        "scale": 3
                    },
                    {
                        "name": "PipelineRunId",
                        "type": "varchar"
                    },
                    {
                        "name": "ImportedDate",
                        "type": "datetime",
                        "precision": 23,
                        "scale": 3
                    },
                    {
                        "name": "Status",
                        "type": "char"
                    }
                ],
                "typeProperties": {
                    "schema": "Fda",
                    "table": "RecallV2SubstanceName"
                }
            },
            "dependsOn": []
        },
        {
            "name": "[concat(parameters('factoryName'), '/FdaProductApplications_Target_Configurable')]",
            "type": "Microsoft.DataFactory/factories/datasets",
            "apiVersion": "2018-06-01",
            "properties": {
                "linkedServiceName": {
                    "referenceName": "CognitiveRx_Configurable",
                    "type": "LinkedServiceReference",
                    "parameters": {
                        "KeyVaultSecret": "@dataset().SecretName"
                    }
                },
                "parameters": {
                    "SecretName": {
                        "type": "string"
                    }
                },
                "folder": {
                    "name": "New folder"
                },
                "annotations": [],
                "type": "AzureSqlTable",
                "schema": [
                    {
                        "name": "FdaProductApplicationsId",
                        "type": "int",
                        "precision": 10
                    },
                    {
                        "name": "FdaProductApplicationsUId",
                        "type": "uniqueidentifier"
                    },
                    {
                        "name": "NDC",
                        "type": "char"
                    },
                    {
                        "name": "ItemId",
                        "type": "int",
                        "precision": 10
                    },
                    {
                        "name": "ApplicationNumber",
                        "type": "varchar"
                    },
                    {
                        "name": "ProductNumber",
                        "type": "varchar"
                    },
                    {
                        "name": "Ingredient",
                        "type": "varchar"
                    },
                    {
                        "name": "PropietaryName",
                        "type": "varchar"
                    },
                    {
                        "name": "DosageFormRouteofAdmin",
                        "type": "varchar"
                    },
                    {
                        "name": "Strength",
                        "type": "varchar"
                    },
                    {
                        "name": "ReferenceListedDrug",
                        "type": "bit"
                    },
                    {
                        "name": "ReferenceStandard",
                        "type": "bit"
                    },
                    {
                        "name": "ApprovalDate",
                        "type": "date"
                    },
                    {
                        "name": "ApplicantHolder",
                        "type": "varchar"
                    },
                    {
                        "name": "MarketingStatus",
                        "type": "varchar"
                    },
                    {
                        "name": "DateAdded",
                        "type": "datetime",
                        "precision": 23,
                        "scale": 3
                    },
                    {
                        "name": "DateChanged",
                        "type": "datetime",
                        "precision": 23,
                        "scale": 3
                    },
                    {
                        "name": "Status",
                        "type": "char"
                    },
                    {
                        "name": "ItemUId",
                        "type": "uniqueidentifier"
                    },
                    {
                        "name": "DataSourceId",
                        "type": "int",
                        "precision": 10
                    }
                ],
                "typeProperties": {
                    "schema": "ItemMaster",
                    "table": "FdaProductApplications"
                }
            },
            "dependsOn": []
        },
        {
            "name": "[concat(parameters('factoryName'), '/Manufacturer_Source_New1')]",
            "type": "Microsoft.DataFactory/factories/datasets",
            "apiVersion": "2018-06-01",
            "properties": {
                "linkedServiceName": {
                    "referenceName": "ItemMaster",
                    "type": "LinkedServiceReference"
                },
                "folder": {
                    "name": "New folder"
                },
                "annotations": [],
                "type": "AzureSqlTable",
                "schema": [
                    {
                        "name": "MfrId",
                        "type": "int",
                        "precision": 10
                    },
                    {
                        "name": "MfrName",
                        "type": "varchar"
                    },
                    {
                        "name": "MfrShortName",
                        "type": "varchar"
                    },
                    {
                        "name": "DateAdded",
                        "type": "datetime",
                        "precision": 23,
                        "scale": 3
                    },
                    {
                        "name": "DateChanged",
                        "type": "datetime",
                        "precision": 23,
                        "scale": 3
                    },
                    {
                        "name": "DataSourceId",
                        "type": "int",
                        "precision": 10
                    }
                ],
                "typeProperties": {
                    "tableName": "[[dbo].[Manufacturer]"
                }
            },
            "dependsOn": []
        },
        {
            "name": "[concat(parameters('factoryName'), '/mf2sum_SummaryFile_SQL')]",
            "type": "Microsoft.DataFactory/factories/datasets",
            "apiVersion": "2018-06-01",
            "properties": {
                "linkedServiceName": {
                    "referenceName": "ItemMasterSqlServer",
                    "type": "LinkedServiceReference"
                },
                "folder": {
                    "name": "New folder"
                },
                "annotations": [],
                "type": "AzureSqlTable",
                "structure": [
                    {
                        "name": "record_type",
                        "type": "String"
                    },
                    {
                        "name": "reserve_1",
                        "type": "String"
                    },
                    {
                        "name": "sequence_number",
                        "type": "Int32"
                    },
                    {
                        "name": "reserve_2",
                        "type": "String"
                    },
                    {
                        "name": "comment_marker",
                        "type": "String"
                    },
                    {
                        "name": "data_comment",
                        "type": "String"
                    }
                ],
                "typeProperties": {
                    "tableName": "[[rawWK].[mf2sum_SummaryFile]"
                }
            },
            "dependsOn": []
        },
        {
            "name": "[concat(parameters('factoryName'), '/FDAMedicationGuides_Raw_SQL')]",
            "type": "Microsoft.DataFactory/factories/datasets",
            "apiVersion": "2018-06-01",
            "properties": {
                "linkedServiceName": {
                    "referenceName": "ItemMasterSqlServer",
                    "type": "LinkedServiceReference"
                },
                "folder": {
                    "name": "FDA Medication Guidelines"
                },
                "annotations": [],
                "type": "AzureSqlTable",
                "schema": [
                    {
                        "name": "DrugName",
                        "type": "varchar"
                    },
                    {
                        "name": "ActiveIngredient",
                        "type": "varchar"
                    },
                    {
                        "name": "FormRoute",
                        "type": "varchar"
                    },
                    {
                        "name": "ApplicationNumber",
                        "type": "varchar"
                    },
                    {
                        "name": "Company",
                        "type": "varchar"
                    },
                    {
                        "name": "Date",
                        "type": "varchar"
                    },
                    {
                        "name": "Link",
                        "type": "varchar"
                    },
                    {
                        "name": "AddedDateTime",
                        "type": "datetime",
                        "precision": 23,
                        "scale": 3
                    }
                ],
                "typeProperties": {
                    "schema": "RawFda",
                    "table": "MedicationGuide"
                }
            },
            "dependsOn": []
        },
        {
            "name": "[concat(parameters('factoryName'), '/mf2desc_DescriptionFile_SQL')]",
            "type": "Microsoft.DataFactory/factories/datasets",
            "apiVersion": "2018-06-01",
            "properties": {
                "linkedServiceName": {
                    "referenceName": "ItemMasterSqlServer",
                    "type": "LinkedServiceReference"
                },
                "folder": {
                    "name": "New folder"
                },
                "annotations": [],
                "type": "AzureSqlTable",
                "structure": [
                    {
                        "name": "concept_type",
                        "type": "Int32"
                    },
                    {
                        "name": "country_code",
                        "type": "Int32"
                    },
                    {
                        "name": "concept_id",
                        "type": "Int32"
                    },
                    {
                        "name": "type_code",
                        "type": "Int32"
                    },
                    {
                        "name": "transaction_code",
                        "type": "String"
                    },
                    {
                        "name": "description",
                        "type": "String"
                    },
                    {
                        "name": "reserve",
                        "type": "String"
                    }
                ],
                "typeProperties": {
                    "tableName": "[[rawWK].[mf2desc_DescriptionFile]"
                }
            },
            "dependsOn": []
        },
        {
            "name": "[concat(parameters('factoryName'), '/mf2sec_SecondaryAlternateIdFile')]",
            "type": "Microsoft.DataFactory/factories/datasets",
            "apiVersion": "2018-06-01",
            "properties": {
                "linkedServiceName": {
                    "referenceName": "ItemMasterSqlServer",
                    "type": "LinkedServiceReference"
                },
                "folder": {
                    "name": "New folder"
                },
                "annotations": [],
                "type": "AzureSqlTable",
                "structure": [
                    {
                        "name": "external_drug_id",
                        "type": "String"
                    },
                    {
                        "name": "external_drug_id_type_code",
                        "type": "String"
                    },
                    {
                        "name": "alternate_drug_id",
                        "type": "String"
                    },
                    {
                        "name": "alternate_drug_id_fomat_code",
                        "type": "String"
                    },
                    {
                        "name": "transaction_code",
                        "type": "String"
                    },
                    {
                        "name": "reserve",
                        "type": "String"
                    }
                ],
                "typeProperties": {
                    "tableName": "[[rawWK].[mf2sec_SecondaryAlternateIdFile]"
                }
            },
            "dependsOn": []
        },
        {
            "name": "[concat(parameters('factoryName'), '/mf2dict_DataDictionaryFile_SQL')]",
            "type": "Microsoft.DataFactory/factories/datasets",
            "apiVersion": "2018-06-01",
            "properties": {
                "linkedServiceName": {
                    "referenceName": "ItemMasterSqlServer",
                    "type": "LinkedServiceReference"
                },
                "folder": {
                    "name": "New folder"
                },
                "annotations": [],
                "type": "AzureSqlTable",
                "structure": [
                    {
                        "name": "field_identifier",
                        "type": "String"
                    },
                    {
                        "name": "field_description",
                        "type": "String"
                    },
                    {
                        "name": "field_type",
                        "type": "String"
                    },
                    {
                        "name": "field_length",
                        "type": "Int32"
                    },
                    {
                        "name": "implied_decimal_flag",
                        "type": "String"
                    },
                    {
                        "name": "decimal_places",
                        "type": "Int32"
                    },
                    {
                        "name": "field_validation_flag",
                        "type": "String"
                    },
                    {
                        "name": "field_abbreviation_flag",
                        "type": "String"
                    },
                    {
                        "name": "reserve",
                        "type": "String"
                    }
                ],
                "typeProperties": {
                    "tableName": "[[rawWK].[mf2dict_DataDictionaryFile]"
                }
            },
            "dependsOn": []
        },
        {
            "name": "[concat(parameters('factoryName'), '/ahfcon_ConceptTypeFile_SQL')]",
            "type": "Microsoft.DataFactory/factories/datasets",
            "apiVersion": "2018-06-01",
            "properties": {
                "linkedServiceName": {
                    "referenceName": "ItemMasterSqlServer",
                    "type": "LinkedServiceReference"
                },
                "folder": {
                    "name": "New folder"
                },
                "annotations": [],
                "type": "AzureSqlTable",
                "structure": [
                    {
                        "name": "Concept_Type_identifier",
                        "type": "Int32"
                    },
                    {
                        "name": "Transaction_Code",
                        "type": "String"
                    },
                    {
                        "name": "Description",
                        "type": "String"
                    },
                    {
                        "name": "Reserve",
                        "type": "String"
                    }
                ],
                "typeProperties": {
                    "tableName": "[[rawWK].[ahfcon_ConceptTypeFile]"
                }
            },
            "dependsOn": []
        },
        {
            "name": "[concat(parameters('factoryName'), '/ahfdrug_AhfsDrugConceptFile_SQL')]",
            "type": "Microsoft.DataFactory/factories/datasets",
            "apiVersion": "2018-06-01",
            "properties": {
                "linkedServiceName": {
                    "referenceName": "ItemMasterSqlServer",
                    "type": "LinkedServiceReference"
                },
                "folder": {
                    "name": "New folder"
                },
                "annotations": [],
                "type": "AzureSqlTable",
                "structure": [
                    {
                        "name": "Drug_identifier",
                        "type": "String"
                    },
                    {
                        "name": "Concept_Type_identifier",
                        "type": "Int32"
                    },
                    {
                        "name": "Country_Code",
                        "type": "String"
                    },
                    {
                        "name": "Ahfs_Code",
                        "type": "String"
                    },
                    {
                        "name": "Transaction_Code",
                        "type": "String"
                    },
                    {
                        "name": "Ahfs_Limiter_Code",
                        "type": "Int32"
                    },
                    {
                        "name": "reserve",
                        "type": "String"
                    }
                ],
                "typeProperties": {
                    "tableName": "[[rawWK].[ahfdrug_AhfsDrugConceptFile]"
                }
            },
            "dependsOn": []
        },
        {
            "name": "[concat(parameters('factoryName'), '/FDA_Recall_Information_SQL')]",
            "type": "Microsoft.DataFactory/factories/datasets",
            "apiVersion": "2018-06-01",
            "properties": {
                "linkedServiceName": {
                    "referenceName": "ItemMasterSqlServer",
                    "type": "LinkedServiceReference"
                },
                "folder": {
                    "name": "New folder"
                },
                "annotations": [],
                "type": "AzureSqlTable",
                "structure": [
                    {
                        "name": "RecallUrl",
                        "type": "String"
                    },
                    {
                        "name": "Title",
                        "type": "String"
                    },
                    {
                        "name": "ReleaseDate",
                        "type": "String"
                    },
                    {
                        "name": "ArticleReleaseContact",
                        "type": "String"
                    },
                    {
                        "name": "ReleaseText",
                        "type": "String"
                    },
                    {
                        "name": "InfoTable",
                        "type": "String"
                    },
                    {
                        "name": "Pictures",
                        "type": "String"
                    },
                    {
                        "name": "RecallTypeId",
                        "type": "Int32"
                    },
                    {
                        "name": "ParsedOutNDC",
                        "type": "String"
                    },
                    {
                        "name": "TwitterAccount",
                        "type": "String"
                    },
                    {
                        "name": "TweetDateTime",
                        "type": "DateTime"
                    },
                    {
                        "name": "TweetId",
                        "type": "String"
                    }
                ],
                "typeProperties": {
                    "tableName": "[[Fda].[Recall]"
                }
            },
            "dependsOn": []
        },
        {
            "name": "[concat(parameters('factoryName'), '/ddadtxt_GpiDoseTextFile_SQL')]",
            "type": "Microsoft.DataFactory/factories/datasets",
            "apiVersion": "2018-06-01",
            "properties": {
                "linkedServiceName": {
                    "referenceName": "ItemMasterSqlServer",
                    "type": "LinkedServiceReference"
                },
                "folder": {
                    "name": "New folder"
                },
                "annotations": [],
                "type": "AzureSqlTable",
                "structure": [
                    {
                        "name": "DoseId",
                        "type": "Int64"
                    },
                    {
                        "name": "TextTypeId",
                        "type": "String"
                    },
                    {
                        "name": "LevelCode",
                        "type": "String"
                    },
                    {
                        "name": "SequenceNumber",
                        "type": "Int32"
                    },
                    {
                        "name": "TransactionCode",
                        "type": "String"
                    },
                    {
                        "name": "TextId",
                        "type": "Int64"
                    },
                    {
                        "name": "Reserve",
                        "type": "String"
                    }
                ],
                "typeProperties": {
                    "tableName": "[[rawWK].[ddadtxt_GpiDoseTextFile]"
                }
            },
            "dependsOn": []
        },
        {
            "name": "[concat(parameters('factoryName'), '/mf2rte_RouteFile_SQL')]",
            "type": "Microsoft.DataFactory/factories/datasets",
            "apiVersion": "2018-06-01",
            "properties": {
                "linkedServiceName": {
                    "referenceName": "ItemMasterSqlServer",
                    "type": "LinkedServiceReference"
                },
                "folder": {
                    "name": "New folder"
                },
                "annotations": [],
                "type": "AzureSqlTable",
                "structure": [
                    {
                        "name": "concept_type",
                        "type": "Int32"
                    },
                    {
                        "name": "country_code",
                        "type": "Int32"
                    },
                    {
                        "name": "concept_id",
                        "type": "Int32"
                    },
                    {
                        "name": "transaction_code",
                        "type": "String"
                    },
                    {
                        "name": "status",
                        "type": "Int32"
                    },
                    {
                        "name": "link_value",
                        "type": "Int32"
                    },
                    {
                        "name": "link_date",
                        "type": "String"
                    },
                    {
                        "name": "reserve",
                        "type": "String"
                    }
                ],
                "typeProperties": {
                    "tableName": "[[rawWK].[mf2rte_RouteFile]"
                }
            },
            "dependsOn": []
        },
        {
            "name": "[concat(parameters('factoryName'), '/Fda_OrangeBook_Exclusivity_SQL')]",
            "type": "Microsoft.DataFactory/factories/datasets",
            "apiVersion": "2018-06-01",
            "properties": {
                "linkedServiceName": {
                    "referenceName": "ItemMasterSqlServer",
                    "type": "LinkedServiceReference"
                },
                "folder": {
                    "name": "New folder"
                },
                "annotations": [],
                "type": "AzureSqlTable",
                "structure": [
                    {
                        "name": "Appl_Type",
                        "type": "String"
                    },
                    {
                        "name": "Appl_No",
                        "type": "String"
                    },
                    {
                        "name": "Product_No",
                        "type": "String"
                    },
                    {
                        "name": "Exclusivity_Code",
                        "type": "String"
                    },
                    {
                        "name": "Exclusivity_Date",
                        "type": "String"
                    }
                ],
                "typeProperties": {
                    "tableName": "[[RawFda].[OrangeBookExclusivity]"
                }
            },
            "dependsOn": []
        },
        {
            "name": "[concat(parameters('factoryName'), '/mf2drgnm_SdiDrugNameFile_SQL')]",
            "type": "Microsoft.DataFactory/factories/datasets",
            "apiVersion": "2018-06-01",
            "properties": {
                "linkedServiceName": {
                    "referenceName": "ItemMasterSqlServer",
                    "type": "LinkedServiceReference"
                },
                "folder": {
                    "name": "New folder"
                },
                "annotations": [],
                "type": "AzureSqlTable",
                "structure": [
                    {
                        "name": "concept_type",
                        "type": "Int32"
                    },
                    {
                        "name": "country_code",
                        "type": "Int32"
                    },
                    {
                        "name": "concept_id",
                        "type": "Int32"
                    },
                    {
                        "name": "transaction_code",
                        "type": "String"
                    },
                    {
                        "name": "name_type",
                        "type": "String"
                    },
                    {
                        "name": "status",
                        "type": "Int32"
                    },
                    {
                        "name": "link_value",
                        "type": "Int32"
                    },
                    {
                        "name": "link_date",
                        "type": "String"
                    },
                    {
                        "name": "reserve",
                        "type": "String"
                    }
                ],
                "typeProperties": {
                    "tableName": "[[rawWK].[mf2drgnm_SdiDrugNameFile]"
                }
            },
            "dependsOn": []
        },
        {
            "name": "[concat(parameters('factoryName'), '/fgpval_ValidationTranslationFile_SQL')]",
            "type": "Microsoft.DataFactory/factories/datasets",
            "apiVersion": "2018-06-01",
            "properties": {
                "linkedServiceName": {
                    "referenceName": "ItemMasterSqlServer",
                    "type": "LinkedServiceReference"
                },
                "folder": {
                    "name": "New folder"
                },
                "annotations": [],
                "type": "AzureSqlTable",
                "structure": [
                    {
                        "name": "field_identifier",
                        "type": "String"
                    },
                    {
                        "name": "field_value",
                        "type": "String"
                    },
                    {
                        "name": "language_code",
                        "type": "Int32"
                    },
                    {
                        "name": "value_description",
                        "type": "String"
                    },
                    {
                        "name": "value_abbreviation",
                        "type": "String"
                    },
                    {
                        "name": "reserve",
                        "type": "String"
                    }
                ],
                "typeProperties": {
                    "tableName": "[[rawWK].[fgpval_ValidationTranslationFile]"
                }
            },
            "dependsOn": []
        },
        {
            "name": "[concat(parameters('factoryName'), '/ddaval_ValidationTranslationFile_SQL')]",
            "type": "Microsoft.DataFactory/factories/datasets",
            "apiVersion": "2018-06-01",
            "properties": {
                "linkedServiceName": {
                    "referenceName": "ItemMasterSqlServer",
                    "type": "LinkedServiceReference"
                },
                "folder": {
                    "name": "New folder"
                },
                "annotations": [],
                "type": "AzureSqlTable",
                "structure": [
                    {
                        "name": "FieldId",
                        "type": "String"
                    },
                    {
                        "name": "FieldValue",
                        "type": "String"
                    },
                    {
                        "name": "LanguageCode",
                        "type": "Int32"
                    },
                    {
                        "name": "ValueDescription",
                        "type": "String"
                    },
                    {
                        "name": "ValueAbbreviation",
                        "type": "String"
                    },
                    {
                        "name": "Reserve",
                        "type": "String"
                    }
                ],
                "typeProperties": {
                    "tableName": "[[rawWK].[ddaval_ValidationTranslationFile]"
                }
            },
            "dependsOn": []
        }
    ]
}