{
    "$schema": "http://schema.management.azure.com/schemas/2015-01-01/deploymentTemplate.json#",
    "contentVersion": "1.0.0.0",
    "parameters": {
        "factoryName": {
            "type": "string",
            "metadata": "Data Factory name",
            "defaultValue": "adf-ItemMaster-MasterData-Receive-prod"
        }
    },
    "variables": {
        "factoryId": "[concat('Microsoft.DataFactory/factories/', parameters('factoryName'))]"
    },
    "resources": [
        {
            "name": "[concat(parameters('factoryName'), '/NdcFormatCodes_Source_New1')]",
            "type": "Microsoft.DataFactory/factories/datasets",
            "apiVersion": "2018-06-01",
            "properties": {
                "linkedServiceName": {
                    "referenceName": "ItemMaster",
                    "type": "LinkedServiceReference"
                },
                "folder": {
                    "name": "NdcFormatCodes"
                },
                "annotations": [],
                "type": "AzureSqlTable",
                "schema": [
                    {
                        "name": "IdNumberFormatId",
                        "type": "int",
                        "precision": 10
                    },
                    {
                        "name": "RepresentsFormat",
                        "type": "varchar"
                    },
                    {
                        "name": "IdType",
                        "type": "varchar"
                    },
                    {
                        "name": "NdcFormat",
                        "type": "varchar"
                    },
                    {
                        "name": "ToNdcStandard11",
                        "type": "varchar"
                    },
                    {
                        "name": "ToNdc11",
                        "type": "varchar"
                    }
                ],
                "typeProperties": {
                    "tableName": "[[WoltersKluwer].[NdcFormatCodes]"
                }
            },
            "dependsOn": []
        },
        {
            "name": "[concat(parameters('factoryName'), '/RecallV2ProductTypeSource')]",
            "type": "Microsoft.DataFactory/factories/datasets",
            "apiVersion": "2018-06-01",
            "properties": {
                "linkedServiceName": {
                    "referenceName": "ItemMaster",
                    "type": "LinkedServiceReference"
                },
                "folder": {
                    "name": "FdaRecallV2"
                },
                "annotations": [],
                "type": "AzureSqlTable",
                "schema": [
                    {
                        "name": "RecallProductTypeId",
                        "type": "int",
                        "precision": 10
                    },
                    {
                        "name": "RecallId",
                        "type": "int",
                        "precision": 10
                    },
                    {
                        "name": "RecallNumber",
                        "type": "varchar"
                    },
                    {
                        "name": "FdaEventId",
                        "type": "varchar"
                    },
                    {
                        "name": "ProductType",
                        "type": "varchar"
                    },
                    {
                        "name": "DateAdded",
                        "type": "datetime",
                        "precision": 23,
                        "scale": 3
                    },
                    {
                        "name": "DateChanged",
                        "type": "datetime",
                        "precision": 23,
                        "scale": 3
                    },
                    {
                        "name": "PipelineRunId",
                        "type": "varchar"
                    },
                    {
                        "name": "ImportedDate",
                        "type": "datetime",
                        "precision": 23,
                        "scale": 3
                    },
                    {
                        "name": "Status",
                        "type": "char"
                    }
                ],
                "typeProperties": {
                    "schema": "Fda",
                    "table": "RecallV2ProductType"
                }
            },
            "dependsOn": []
        },
        {
            "name": "[concat(parameters('factoryName'), '/AhfsMaster_Target_Configurable')]",
            "type": "Microsoft.DataFactory/factories/datasets",
            "apiVersion": "2018-06-01",
            "properties": {
                "linkedServiceName": {
                    "referenceName": "CognitiveRx_Configurable",
                    "type": "LinkedServiceReference",
                    "parameters": {
                        "KeyVaultSecret": "@dataset().SecretName"
                    }
                },
                "parameters": {
                    "SecretName": {
                        "type": "string"
                    }
                },
                "folder": {
                    "name": "AHFSMaster"
                },
                "annotations": [],
                "type": "AzureSqlTable",
                "schema": [],
                "typeProperties": {
                    "schema": "ItemMaster",
                    "table": "AHFS"
                }
            },
            "dependsOn": []
        },
        {
            "name": "[concat(parameters('factoryName'), '/OrangeBookEquivalenceType_Target_Configurable')]",
            "type": "Microsoft.DataFactory/factories/datasets",
            "apiVersion": "2018-06-01",
            "properties": {
                "linkedServiceName": {
                    "referenceName": "CognitiveRx_Configurable",
                    "type": "LinkedServiceReference",
                    "parameters": {
                        "KeyVaultSecret": "@dataset().SecretName"
                    }
                },
                "parameters": {
                    "SecretName": {
                        "type": "string"
                    }
                },
                "folder": {
                    "name": "OrangeBookEquivalenceType"
                },
                "annotations": [],
                "type": "AzureSqlTable",
                "schema": [
                    {
                        "name": "OrangeBookEquivalenceTypeId",
                        "type": "int",
                        "precision": 10
                    },
                    {
                        "name": "OrangeBookEquivalenceTypeDescription",
                        "type": "varchar"
                    }
                ],
                "typeProperties": {
                    "schema": "ItemMaster",
                    "table": "OrangeBookEquivalenceType"
                }
            },
            "dependsOn": []
        },
        {
            "name": "[concat(parameters('factoryName'), '/RecallV2ProductNdcTarget')]",
            "type": "Microsoft.DataFactory/factories/datasets",
            "apiVersion": "2018-06-01",
            "properties": {
                "linkedServiceName": {
                    "referenceName": "CognitiveRx_Configurable",
                    "type": "LinkedServiceReference",
                    "parameters": {
                        "KeyVaultSecret": "@dataset().Secret"
                    }
                },
                "parameters": {
                    "Secret": {
                        "type": "string"
                    }
                },
                "folder": {
                    "name": "FdaRecallV2"
                },
                "annotations": [],
                "type": "AzureSqlTable",
                "schema": [
                    {
                        "name": "RecallProductNdcId",
                        "type": "int",
                        "precision": 10
                    },
                    {
                        "name": "RecallId",
                        "type": "int",
                        "precision": 10
                    },
                    {
                        "name": "RecallNumber",
                        "type": "varchar"
                    },
                    {
                        "name": "FdaEventId",
                        "type": "varchar"
                    },
                    {
                        "name": "ProductNdc",
                        "type": "varchar"
                    },
                    {
                        "name": "DateAdded",
                        "type": "datetime",
                        "precision": 23,
                        "scale": 3
                    },
                    {
                        "name": "DateChanged",
                        "type": "datetime",
                        "precision": 23,
                        "scale": 3
                    },
                    {
                        "name": "PipelineRunId",
                        "type": "varchar"
                    },
                    {
                        "name": "ImportedDate",
                        "type": "datetime",
                        "precision": 23,
                        "scale": 3
                    },
                    {
                        "name": "Status",
                        "type": "char"
                    }
                ],
                "typeProperties": {
                    "schema": "Fda",
                    "table": "RecallV2ProductNdc"
                }
            },
            "dependsOn": []
        },
        {
            "name": "[concat(parameters('factoryName'), '/RecallV2RouteTarget')]",
            "type": "Microsoft.DataFactory/factories/datasets",
            "apiVersion": "2018-06-01",
            "properties": {
                "linkedServiceName": {
                    "referenceName": "CognitiveRx_Configurable",
                    "type": "LinkedServiceReference",
                    "parameters": {
                        "KeyVaultSecret": "@dataset().Secret"
                    }
                },
                "parameters": {
                    "Secret": {
                        "type": "string"
                    }
                },
                "folder": {
                    "name": "FdaRecallV2"
                },
                "annotations": [],
                "type": "AzureSqlTable",
                "schema": [
                    {
                        "name": "RecallRouteId",
                        "type": "int",
                        "precision": 10
                    },
                    {
                        "name": "RecallId",
                        "type": "int",
                        "precision": 10
                    },
                    {
                        "name": "RecallNumber",
                        "type": "varchar"
                    },
                    {
                        "name": "FdaEventId",
                        "type": "varchar"
                    },
                    {
                        "name": "Route",
                        "type": "varchar"
                    },
                    {
                        "name": "DateAdded",
                        "type": "datetime",
                        "precision": 23,
                        "scale": 3
                    },
                    {
                        "name": "DateChanged",
                        "type": "datetime",
                        "precision": 23,
                        "scale": 3
                    },
                    {
                        "name": "PipelineRunId",
                        "type": "varchar"
                    },
                    {
                        "name": "ImportedDate",
                        "type": "datetime",
                        "precision": 23,
                        "scale": 3
                    },
                    {
                        "name": "Status",
                        "type": "char"
                    }
                ],
                "typeProperties": {
                    "schema": "Fda",
                    "table": "RecallV2Route"
                }
            },
            "dependsOn": []
        },
        {
            "name": "[concat(parameters('factoryName'), '/RecallV2BrandNameTarget')]",
            "type": "Microsoft.DataFactory/factories/datasets",
            "apiVersion": "2018-06-01",
            "properties": {
                "linkedServiceName": {
                    "referenceName": "CognitiveRx_Configurable",
                    "type": "LinkedServiceReference",
                    "parameters": {
                        "KeyVaultSecret": "@dataset().Source"
                    }
                },
                "parameters": {
                    "Source": {
                        "type": "string"
                    }
                },
                "folder": {
                    "name": "FdaRecallV2"
                },
                "annotations": [],
                "type": "AzureSqlTable",
                "schema": [
                    {
                        "name": "RecallBrandNameId",
                        "type": "int",
                        "precision": 10
                    },
                    {
                        "name": "RecallId",
                        "type": "int",
                        "precision": 10
                    },
                    {
                        "name": "RecallNumber",
                        "type": "varchar"
                    },
                    {
                        "name": "FdaEventId",
                        "type": "varchar"
                    },
                    {
                        "name": "BrandName",
                        "type": "varchar"
                    },
                    {
                        "name": "DateAdded",
                        "type": "datetime",
                        "precision": 23,
                        "scale": 3
                    },
                    {
                        "name": "DateChanged",
                        "type": "datetime",
                        "precision": 23,
                        "scale": 3
                    },
                    {
                        "name": "PipelineRunId",
                        "type": "varchar"
                    },
                    {
                        "name": "ImportedDate",
                        "type": "datetime",
                        "precision": 23,
                        "scale": 3
                    },
                    {
                        "name": "Status",
                        "type": "char"
                    }
                ],
                "typeProperties": {
                    "schema": "Fda",
                    "table": "RecallV2BrandName"
                }
            },
            "dependsOn": []
        },
        {
            "name": "[concat(parameters('factoryName'), '/RecallV2Source')]",
            "type": "Microsoft.DataFactory/factories/datasets",
            "apiVersion": "2018-06-01",
            "properties": {
                "linkedServiceName": {
                    "referenceName": "ItemMaster",
                    "type": "LinkedServiceReference"
                },
                "folder": {
                    "name": "FdaRecallV2"
                },
                "annotations": [],
                "type": "AzureSqlTable",
                "schema": [
                    {
                        "name": "RecallId",
                        "type": "int",
                        "precision": 10
                    },
                    {
                        "name": "RecallNumber",
                        "type": "varchar"
                    },
                    {
                        "name": "FdaEventId",
                        "type": "varchar"
                    },
                    {
                        "name": "RecallEventId",
                        "type": "int",
                        "precision": 10
                    },
                    {
                        "name": "ReportDate",
                        "type": "datetime",
                        "precision": 23,
                        "scale": 3
                    },
                    {
                        "name": "RecallInitiationDate",
                        "type": "datetime",
                        "precision": 23,
                        "scale": 3
                    },
                    {
                        "name": "CenterClassificationDate",
                        "type": "datetime",
                        "precision": 23,
                        "scale": 3
                    },
                    {
                        "name": "TerminationDate",
                        "type": "datetime",
                        "precision": 23,
                        "scale": 3
                    },
                    {
                        "name": "Status",
                        "type": "varchar"
                    },
                    {
                        "name": "Classification",
                        "type": "varchar"
                    },
                    {
                        "name": "ProductCode",
                        "type": "varchar"
                    },
                    {
                        "name": "ProductDescription",
                        "type": "varchar"
                    },
                    {
                        "name": "ReasonForRecall",
                        "type": "varchar"
                    },
                    {
                        "name": "ProductQuantity",
                        "type": "varchar"
                    },
                    {
                        "name": "CodeInfo",
                        "type": "varchar"
                    },
                    {
                        "name": "MoreCodeInfo",
                        "type": "varchar"
                    },
                    {
                        "name": "Array_ProductNdc",
                        "type": "varchar"
                    },
                    {
                        "name": "Array_PackageNdc",
                        "type": "varchar"
                    },
                    {
                        "name": "Array_GenericName",
                        "type": "varchar"
                    },
                    {
                        "name": "Array_SplSetId",
                        "type": "varchar"
                    },
                    {
                        "name": "Array_IsOriginalPackager",
                        "type": "varchar"
                    },
                    {
                        "name": "Array_BrandName",
                        "type": "varchar"
                    },
                    {
                        "name": "Array_PharmClassCs",
                        "type": "varchar"
                    },
                    {
                        "name": "Array_PharmClassEpc",
                        "type": "varchar"
                    },
                    {
                        "name": "Array_PharmClassPe",
                        "type": "varchar"
                    },
                    {
                        "name": "Array_PharmClassMoa",
                        "type": "varchar"
                    },
                    {
                        "name": "Array_Nui",
                        "type": "varchar"
                    },
                    {
                        "name": "Array_OriginalPackagerProductNdc",
                        "type": "varchar"
                    },
                    {
                        "name": "Array_ManufacturerName",
                        "type": "varchar"
                    },
                    {
                        "name": "Array_Rxcui",
                        "type": "varchar"
                    },
                    {
                        "name": "Array_Unii",
                        "type": "varchar"
                    },
                    {
                        "name": "Array_SplId",
                        "type": "varchar"
                    },
                    {
                        "name": "Array_Upc",
                        "type": "varchar"
                    },
                    {
                        "name": "Array_SubstanceName",
                        "type": "varchar"
                    },
                    {
                        "name": "Array_ProductType",
                        "type": "varchar"
                    },
                    {
                        "name": "Array_Route",
                        "type": "varchar"
                    },
                    {
                        "name": "Array_ApplicationNumber",
                        "type": "varchar"
                    },
                    {
                        "name": "DateAdded",
                        "type": "datetime",
                        "precision": 23,
                        "scale": 3
                    },
                    {
                        "name": "DateChanged",
                        "type": "datetime",
                        "precision": 23,
                        "scale": 3
                    },
                    {
                        "name": "PipelineRunId",
                        "type": "varchar"
                    },
                    {
                        "name": "ImportedDate",
                        "type": "datetime",
                        "precision": 23,
                        "scale": 3
                    }
                ],
                "typeProperties": {
                    "schema": "Fda",
                    "table": "RecallV2"
                }
            },
            "dependsOn": []
        },
        {
            "name": "[concat(parameters('factoryName'), '/AhfsMaster_Source_New1')]",
            "type": "Microsoft.DataFactory/factories/datasets",
            "apiVersion": "2018-06-01",
            "properties": {
                "linkedServiceName": {
                    "referenceName": "ItemMaster",
                    "type": "LinkedServiceReference"
                },
                "folder": {
                    "name": "AHFSMaster"
                },
                "annotations": [],
                "type": "AzureSqlTable",
                "schema": [
                    {
                        "name": "AhfsId",
                        "type": "int",
                        "precision": 10
                    },
                    {
                        "name": "AhfsCode",
                        "type": "float",
                        "precision": 15
                    },
                    {
                        "name": "TherapeuticClassDescription",
                        "type": "varchar"
                    },
                    {
                        "name": "FdbAhfs8",
                        "type": "float",
                        "precision": 15
                    },
                    {
                        "name": "Status",
                        "type": "char"
                    },
                    {
                        "name": "DateAdded",
                        "type": "datetime",
                        "precision": 23,
                        "scale": 3
                    },
                    {
                        "name": "DateChanged",
                        "type": "datetime",
                        "precision": 23,
                        "scale": 3
                    },
                    {
                        "name": "DataSourceId",
                        "type": "int",
                        "precision": 10
                    }
                ],
                "typeProperties": {
                    "tableName": "[[dbo].[AHFS]"
                }
            },
            "dependsOn": []
        },
        {
            "name": "[concat(parameters('factoryName'), '/ItemMaster_SQL_Recall')]",
            "type": "Microsoft.DataFactory/factories/datasets",
            "apiVersion": "2018-06-01",
            "properties": {
                "linkedServiceName": {
                    "referenceName": "ItemMaster",
                    "type": "LinkedServiceReference"
                },
                "folder": {
                    "name": "New folder"
                },
                "annotations": [],
                "type": "AzureSqlTable",
                "schema": [
                    {
                        "name": "RecallId",
                        "type": "int",
                        "precision": 10
                    },
                    {
                        "name": "RecallUrl",
                        "type": "varchar"
                    },
                    {
                        "name": "Title",
                        "type": "varchar"
                    },
                    {
                        "name": "ReleaseDate",
                        "type": "varchar"
                    },
                    {
                        "name": "ArticleReleaseContact",
                        "type": "varchar"
                    },
                    {
                        "name": "ReleaseText",
                        "type": "varchar"
                    },
                    {
                        "name": "InfoTable",
                        "type": "varchar"
                    },
                    {
                        "name": "Pictures",
                        "type": "varchar"
                    },
                    {
                        "name": "RecallTypeId",
                        "type": "int",
                        "precision": 10
                    },
                    {
                        "name": "ImportDateTime",
                        "type": "datetime",
                        "precision": 23,
                        "scale": 3
                    },
                    {
                        "name": "ParsedOutNDC",
                        "type": "varchar"
                    },
                    {
                        "name": "TwitterAccount",
                        "type": "varchar"
                    },
                    {
                        "name": "TweetDateTime",
                        "type": "datetime",
                        "precision": 23,
                        "scale": 3
                    },
                    {
                        "name": "TweetId",
                        "type": "varchar"
                    },
                    {
                        "name": "RecallUId",
                        "type": "uniqueidentifier"
                    },
                    {
                        "name": "RecallTypeUId",
                        "type": "uniqueidentifier"
                    }
                ],
                "typeProperties": {
                    "tableName": "[[Fda].[Recall]"
                }
            },
            "dependsOn": []
        },
        {
            "name": "[concat(parameters('factoryName'), '/EmailSubjectMessage')]",
            "type": "Microsoft.DataFactory/factories/datasets",
            "apiVersion": "2018-06-01",
            "properties": {
                "linkedServiceName": {
                    "referenceName": "CognitiveRx_Configurable",
                    "type": "LinkedServiceReference",
                    "parameters": {
                        "KeyVaultSecret": "@dataset().SecretName"
                    }
                },
                "parameters": {
                    "SecretName": {
                        "type": "string"
                    }
                },
                "folder": {
                    "name": "New folder"
                },
                "annotations": [],
                "type": "AzureSqlTable",
                "schema": [
                    {
                        "name": "NotificationTypeId",
                        "type": "Int64"
                    },
                    {
                        "name": "SubjectLine",
                        "type": "String"
                    },
                    {
                        "name": "EmailMessage",
                        "type": "String"
                    }
                ],
                "typeProperties": {}
            },
            "dependsOn": []
        },
        {
            "name": "[concat(parameters('factoryName'), '/OrangeBookEquivalenceType_Source_New1')]",
            "type": "Microsoft.DataFactory/factories/datasets",
            "apiVersion": "2018-06-01",
            "properties": {
                "linkedServiceName": {
                    "referenceName": "ItemMaster",
                    "type": "LinkedServiceReference"
                },
                "folder": {
                    "name": "OrangeBookEquivalenceType"
                },
                "annotations": [],
                "type": "AzureSqlTable",
                "schema": [
                    {
                        "name": "OrangeBookEquivalenceTypeId",
                        "type": "int",
                        "precision": 10
                    },
                    {
                        "name": "OrangeBookEquivalenceTypeDescription",
                        "type": "varchar"
                    }
                ],
                "typeProperties": {
                    "tableName": "[[dbo].[OrangeBookEquivalenceType]"
                }
            },
            "dependsOn": []
        },
        {
            "name": "[concat(parameters('factoryName'), '/RecallV2IsOriginalPackagerSource')]",
            "type": "Microsoft.DataFactory/factories/datasets",
            "apiVersion": "2018-06-01",
            "properties": {
                "linkedServiceName": {
                    "referenceName": "ItemMaster",
                    "type": "LinkedServiceReference"
                },
                "folder": {
                    "name": "FdaRecallV2"
                },
                "annotations": [],
                "type": "AzureSqlTable",
                "schema": [
                    {
                        "name": "RecallIsOriginalPackagerId",
                        "type": "int",
                        "precision": 10
                    },
                    {
                        "name": "RecallId",
                        "type": "int",
                        "precision": 10
                    },
                    {
                        "name": "RecallNumber",
                        "type": "varchar"
                    },
                    {
                        "name": "FdaEventId",
                        "type": "varchar"
                    },
                    {
                        "name": "IsOriginalPackager",
                        "type": "varchar"
                    },
                    {
                        "name": "DateAdded",
                        "type": "datetime",
                        "precision": 23,
                        "scale": 3
                    },
                    {
                        "name": "DateChanged",
                        "type": "datetime",
                        "precision": 23,
                        "scale": 3
                    },
                    {
                        "name": "PipelineRunId",
                        "type": "varchar"
                    },
                    {
                        "name": "ImportedDate",
                        "type": "datetime",
                        "precision": 23,
                        "scale": 3
                    },
                    {
                        "name": "Status",
                        "type": "char"
                    }
                ],
                "typeProperties": {
                    "schema": "Fda",
                    "table": "RecallV2IsOriginalPackager"
                }
            },
            "dependsOn": []
        },
        {
            "name": "[concat(parameters('factoryName'), '/ImportFileFrequencyType_Source_New1')]",
            "type": "Microsoft.DataFactory/factories/datasets",
            "apiVersion": "2018-06-01",
            "properties": {
                "linkedServiceName": {
                    "referenceName": "ItemMaster",
                    "type": "LinkedServiceReference"
                },
                "folder": {
                    "name": "New folder"
                },
                "annotations": [],
                "type": "AzureSqlTable",
                "schema": [
                    {
                        "name": "ImportFileFrequencyTypeId",
                        "type": "int",
                        "precision": 10
                    },
                    {
                        "name": "Description",
                        "type": "varchar"
                    },
                    {
                        "name": "ImportFileFrequencyTypeUId",
                        "type": "uniqueidentifier"
                    }
                ],
                "typeProperties": {
                    "tableName": "[[dbo].[ImportFileFrequencyType]"
                }
            },
            "dependsOn": []
        },
        {
            "name": "[concat(parameters('factoryName'), '/ItemType_Target_Configurable')]",
            "type": "Microsoft.DataFactory/factories/datasets",
            "apiVersion": "2018-06-01",
            "properties": {
                "linkedServiceName": {
                    "referenceName": "CognitiveRx_Configurable",
                    "type": "LinkedServiceReference",
                    "parameters": {
                        "KeyVaultSecret": "@dataset().SecretName"
                    }
                },
                "parameters": {
                    "SecretName": {
                        "type": "string"
                    }
                },
                "folder": {
                    "name": "ItemType"
                },
                "annotations": [],
                "type": "AzureSqlTable",
                "schema": [
                    {
                        "name": "ItemTypeId",
                        "type": "int",
                        "precision": 10
                    },
                    {
                        "name": "ItemTypeDesciption",
                        "type": "varchar"
                    }
                ],
                "typeProperties": {
                    "schema": "ItemMaster",
                    "table": "ItemType"
                }
            },
            "dependsOn": []
        },
        {
            "name": "[concat(parameters('factoryName'), '/PharmacyItemAHFS_Target_Configurable')]",
            "type": "Microsoft.DataFactory/factories/datasets",
            "apiVersion": "2018-06-01",
            "properties": {
                "linkedServiceName": {
                    "referenceName": "CognitiveRx_Configurable",
                    "type": "LinkedServiceReference",
                    "parameters": {
                        "KeyVaultSecret": "@dataset().SecretName"
                    }
                },
                "parameters": {
                    "SecretName": {
                        "type": "string"
                    }
                },
                "folder": {
                    "name": "New folder"
                },
                "annotations": [],
                "type": "AzureSqlTable",
                "schema": [
                    {
                        "name": "ItemId",
                        "type": "int",
                        "precision": 10
                    },
                    {
                        "name": "AhfsId",
                        "type": "int",
                        "precision": 10
                    },
                    {
                        "name": "Ndc",
                        "type": "varchar"
                    },
                    {
                        "name": "AhfsCode",
                        "type": "int",
                        "precision": 10
                    },
                    {
                        "name": "Status",
                        "type": "char"
                    },
                    {
                        "name": "ItemMasterItemId",
                        "type": "int",
                        "precision": 10
                    },
                    {
                        "name": "DateAdded",
                        "type": "datetime",
                        "precision": 23,
                        "scale": 3
                    },
                    {
                        "name": "DateChanged",
                        "type": "datetime",
                        "precision": 23,
                        "scale": 3
                    },
                    {
                        "name": "DataSourceId",
                        "type": "int",
                        "precision": 10
                    },
                    {
                        "name": "ItemUId",
                        "type": "uniqueidentifier"
                    }
                ],
                "typeProperties": {
                    "schema": "dbo",
                    "table": "PharmacyItemAhfs"
                }
            },
            "dependsOn": []
        },
        {
            "name": "[concat(parameters('factoryName'), '/CognitiveRx_SQL_Recall')]",
            "type": "Microsoft.DataFactory/factories/datasets",
            "apiVersion": "2018-06-01",
            "properties": {
                "linkedServiceName": {
                    "referenceName": "CognitiveRx",
                    "type": "LinkedServiceReference"
                },
                "folder": {
                    "name": "New folder"
                },
                "annotations": [],
                "type": "AzureSqlTable",
                "schema": [
                    {
                        "name": "RecallId",
                        "type": "int",
                        "precision": 10
                    },
                    {
                        "name": "RecallUrl",
                        "type": "varchar"
                    },
                    {
                        "name": "Title",
                        "type": "varchar"
                    },
                    {
                        "name": "ReleaseDate",
                        "type": "varchar"
                    },
                    {
                        "name": "ArticleReleaseContact",
                        "type": "varchar"
                    },
                    {
                        "name": "ReleaseText",
                        "type": "varchar"
                    },
                    {
                        "name": "InfoTable",
                        "type": "varchar"
                    },
                    {
                        "name": "Pictures",
                        "type": "varchar"
                    },
                    {
                        "name": "RecallTypeId",
                        "type": "int",
                        "precision": 10
                    },
                    {
                        "name": "ImportDateTime",
                        "type": "datetime",
                        "precision": 23,
                        "scale": 3
                    },
                    {
                        "name": "ParsedOutNDC",
                        "type": "varchar"
                    },
                    {
                        "name": "TwitterAccount",
                        "type": "varchar"
                    },
                    {
                        "name": "TweetDateTime",
                        "type": "datetime",
                        "precision": 23,
                        "scale": 3
                    },
                    {
                        "name": "TweetId",
                        "type": "varchar"
                    },
                    {
                        "name": "RecallUId",
                        "type": "uniqueidentifier"
                    },
                    {
                        "name": "UpdatedDateTime",
                        "type": "datetime",
                        "precision": 23,
                        "scale": 3
                    },
                    {
                        "name": "RecallTypeUId",
                        "type": "uniqueidentifier"
                    }
                ],
                "typeProperties": {}
            },
            "dependsOn": []
        },
        {
            "name": "[concat(parameters('factoryName'), '/FdaProductPatent_Source_New1')]",
            "type": "Microsoft.DataFactory/factories/datasets",
            "apiVersion": "2018-06-01",
            "properties": {
                "linkedServiceName": {
                    "referenceName": "ItemMaster",
                    "type": "LinkedServiceReference"
                },
                "folder": {
                    "name": "New folder"
                },
                "annotations": [],
                "type": "AzureSqlTable",
                "schema": [
                    {
                        "name": "FdaProductPatentUId",
                        "type": "uniqueidentifier"
                    },
                    {
                        "name": "NDC",
                        "type": "char"
                    },
                    {
                        "name": "ItemUId",
                        "type": "uniqueidentifier"
                    },
                    {
                        "name": "ApplicationNumber",
                        "type": "varchar"
                    },
                    {
                        "name": "ProductNumber",
                        "type": "varchar"
                    },
                    {
                        "name": "PatentNo",
                        "type": "varchar"
                    },
                    {
                        "name": "PatentExpireDate",
                        "type": "date"
                    },
                    {
                        "name": "DrugSubstanceFlag",
                        "type": "bit"
                    },
                    {
                        "name": "DrugProductFlag",
                        "type": "bit"
                    },
                    {
                        "name": "DelistFlag",
                        "type": "bit"
                    },
                    {
                        "name": "SubmissionDate",
                        "type": "date"
                    },
                    {
                        "name": "PatentUseId",
                        "type": "int",
                        "precision": 10
                    },
                    {
                        "name": "DateAdded",
                        "type": "datetime",
                        "precision": 23,
                        "scale": 3
                    },
                    {
                        "name": "DateChanged",
                        "type": "datetime",
                        "precision": 23,
                        "scale": 3
                    },
                    {
                        "name": "Status",
                        "type": "char"
                    },
                    {
                        "name": "DataSourceId",
                        "type": "int",
                        "precision": 10
                    }
                ],
                "typeProperties": {
                    "tableName": "[[Sync].[vw_FdaProductPatent]"
                }
            },
            "dependsOn": []
        },
        {
            "name": "[concat(parameters('factoryName'), '/UnspscMaster_Target_Configurable')]",
            "type": "Microsoft.DataFactory/factories/datasets",
            "apiVersion": "2018-06-01",
            "properties": {
                "linkedServiceName": {
                    "referenceName": "CognitiveRx_Configurable",
                    "type": "LinkedServiceReference",
                    "parameters": {
                        "KeyVaultSecret": "@dataset().SecretName"
                    }
                },
                "parameters": {
                    "SecretName": {
                        "type": "string"
                    }
                },
                "folder": {
                    "name": "New folder"
                },
                "annotations": [],
                "type": "AzureSqlTable",
                "schema": [
                    {
                        "name": "UnspscId",
                        "type": "int",
                        "precision": 10
                    },
                    {
                        "name": "Code",
                        "type": "char"
                    },
                    {
                        "name": "Description",
                        "type": "nvarchar"
                    },
                    {
                        "name": "UnspscType",
                        "type": "char"
                    },
                    {
                        "name": "UnspscTypeId",
                        "type": "int",
                        "precision": 10
                    },
                    {
                        "name": "Version",
                        "type": "varchar"
                    },
                    {
                        "name": "DateAdded",
                        "type": "datetime",
                        "precision": 23,
                        "scale": 3
                    },
                    {
                        "name": "DateChanged",
                        "type": "datetime",
                        "precision": 23,
                        "scale": 3
                    }
                ],
                "typeProperties": {
                    "schema": "ItemMaster",
                    "table": "UnspscMaster"
                }
            },
            "dependsOn": []
        },
        {
            "name": "[concat(parameters('factoryName'), '/RecallV2UPCTarget')]",
            "type": "Microsoft.DataFactory/factories/datasets",
            "apiVersion": "2018-06-01",
            "properties": {
                "linkedServiceName": {
                    "referenceName": "CognitiveRx_Configurable",
                    "type": "LinkedServiceReference",
                    "parameters": {
                        "KeyVaultSecret": "@dataset().Secret"
                    }
                },
                "parameters": {
                    "Secret": {
                        "type": "string"
                    }
                },
                "folder": {
                    "name": "FdaRecallV2"
                },
                "annotations": [],
                "type": "AzureSqlTable",
                "schema": [
                    {
                        "name": "RecallUpcId",
                        "type": "int",
                        "precision": 10
                    },
                    {
                        "name": "RecallId",
                        "type": "int",
                        "precision": 10
                    },
                    {
                        "name": "RecallNumber",
                        "type": "varchar"
                    },
                    {
                        "name": "FdaEventId",
                        "type": "varchar"
                    },
                    {
                        "name": "UPC",
                        "type": "varchar"
                    },
                    {
                        "name": "DateAdded",
                        "type": "datetime",
                        "precision": 23,
                        "scale": 3
                    },
                    {
                        "name": "DateChanged",
                        "type": "datetime",
                        "precision": 23,
                        "scale": 3
                    },
                    {
                        "name": "PipelineRunId",
                        "type": "varchar"
                    },
                    {
                        "name": "ImportedDate",
                        "type": "datetime",
                        "precision": 23,
                        "scale": 3
                    },
                    {
                        "name": "Status",
                        "type": "char"
                    }
                ],
                "typeProperties": {
                    "schema": "Fda",
                    "table": "RecallV2UPC"
                }
            },
            "dependsOn": []
        }
    ]
}