{
    "$schema": "http://schema.management.azure.com/schemas/2015-01-01/deploymentTemplate.json#",
    "contentVersion": "1.0.0.0",
    "parameters": {
        "factoryName": {
            "type": "string",
            "metadata": "Data Factory name",
            "defaultValue": "adf-ItemMaster-MasterData-Receive-prod"
        },
        "CustomComponentAzureBatchLink_accessKey": {
            "type": "secureString",
            "metadata": "Secure string for 'accessKey' of 'CustomComponentAzureBatchLink'"
        },
        "CognitiveRx_Configurable_properties_typeProperties_connectionString_secretName": {
            "type": "string",
            "defaultValue": "@linkedService().KeyVaultSecret"
        },
        "ItemMasterSqlServer_properties_typeProperties_connectionString_secretName": {
            "type": "string",
            "defaultValue": "Secret-ItemMaster-DB-ItemMaster"
        },
        "AzureFunction_Recall_properties_typeProperties_functionAppUrl": {
            "type": "string",
            "defaultValue": "https://itemmasterfunctions-pre-stg.azurewebsites.net"
        },
        "CustomComponentAzureBatchLink_properties_typeProperties_batchUri": {
            "type": "string",
            "defaultValue": "https://batcognitiverxbatchprod.eastus.batch.azure.com"
        },
        "CustomComponentAzureBatchLink_properties_typeProperties_poolName": {
            "type": "string",
            "defaultValue": "pensbatchpoolpre"
        },
        "CustomComponentAzureBatchLink_properties_typeProperties_accountName": {
            "type": "string",
            "defaultValue": "batcognitiverxbatchprod"
        },
        "Fda_ProductCode_MetaData_ADL_properties_typeProperties_folderPath": {
            "type": "string",
            "defaultValue": "@dataset().Path"
        },
        "ddasum_SummaryFile_ADLS_properties_typeProperties_fileName": {
            "type": "string",
            "defaultValue": "DDASUM.txt"
        },
        "ddasum_SummaryFile_ADLS_properties_typeProperties_folderPath": {
            "type": "string",
            "defaultValue": "@dataset().TargetPath"
        },
        "fgpcopy_CopyrightFile_ADLS_properties_typeProperties_fileName": {
            "type": "string",
            "defaultValue": "FGPCOPY"
        },
        "fgpcopy_CopyrightFile_ADLS_properties_typeProperties_folderPath": {
            "type": "string",
            "defaultValue": "@dataset().TargetPath"
        },
        "mf2prc_NdcPriceFile_ADLS_properties_typeProperties_fileName": {
            "type": "string",
            "defaultValue": "MF2PRC"
        },
        "mf2prc_NdcPriceFile_ADLS_properties_typeProperties_folderPath": {
            "type": "string",
            "defaultValue": "@dataset().TargetPath"
        },
        "mf2rte_RouteFile_ADLS_properties_typeProperties_fileName": {
            "type": "string",
            "defaultValue": "MF2RTE"
        },
        "mf2rte_RouteFile_ADLS_properties_typeProperties_folderPath": {
            "type": "string",
            "defaultValue": "@dataset().TargetPath"
        },
        "ddatcit_TextCitationFile_ADLS_properties_typeProperties_fileName": {
            "type": "string",
            "defaultValue": "DDATCIT.txt"
        },
        "ddatcit_TextCitationFile_ADLS_properties_typeProperties_folderPath": {
            "type": "string",
            "defaultValue": "@dataset().TargetPath"
        },
        "ahfval_ValidationTranslationFile_ADLS_properties_typeProperties_fileName": {
            "type": "string",
            "defaultValue": "AHFVAL"
        },
        "ahfval_ValidationTranslationFile_ADLS_properties_typeProperties_folderPath": {
            "type": "string",
            "defaultValue": "@dataset().TargetPath"
        },
        "mf2lab_LabelerFile_ADLS_properties_typeProperties_fileName": {
            "type": "string",
            "defaultValue": "MF2LAB"
        },
        "mf2lab_LabelerFile_ADLS_properties_typeProperties_folderPath": {
            "type": "string",
            "defaultValue": "@dataset().TargetPath"
        },
        "nabidlnk_ExternalDrugIdentifierToApplicationNumberLinkFile_ADLS_properties_typeProperties_fileName": {
            "type": "string",
            "defaultValue": "NABIDLNK"
        },
        "nabidlnk_ExternalDrugIdentifierToApplicationNumberLinkFile_ADLS_properties_typeProperties_folderPath": {
            "type": "string",
            "defaultValue": "@dataset().TargetPath"
        },
        "fgpfile_FederalGovernmentPricesFile_ADLS_properties_typeProperties_fileName": {
            "type": "string",
            "defaultValue": "FGPFILE"
        },
        "fgpfile_FederalGovernmentPricesFile_ADLS_properties_typeProperties_folderPath": {
            "type": "string",
            "defaultValue": "@dataset().TargetPath"
        },
        "ddatext_TextFile_ADLS_properties_typeProperties_fileName": {
            "type": "string",
            "defaultValue": "DDATEXT.txt"
        },
        "ddatext_TextFile_ADLS_properties_typeProperties_folderPath": {
            "type": "string",
            "defaultValue": "@dataset().TargetPath"
        },
        "Fda_PatentUseCodes_ADLS_properties_typeProperties_fileName": {
            "type": "string",
            "defaultValue": "FDAPatent UseCodes.csv"
        },
        "Fda_PatentUseCodes_ADLS_properties_typeProperties_folderPath": {
            "type": "string",
            "defaultValue": "@dataset().Path"
        },
        "ddadtxt_GpiDoseTextFile_ADLS_properties_typeProperties_fileName": {
            "type": "string",
            "defaultValue": "DDADTXT.txt"
        },
        "ddadtxt_GpiDoseTextFile_ADLS_properties_typeProperties_folderPath": {
            "type": "string",
            "defaultValue": "@dataset().TargetPath"
        }
    },
    "variables": {
        "factoryId": "[concat('Microsoft.DataFactory/factories/', parameters('factoryName'))]"
    },
    "resources": [
        {
            "name": "[concat(parameters('factoryName'), '/CognitiveRx_Configurable')]",
            "type": "Microsoft.DataFactory/factories/linkedServices",
            "apiVersion": "2018-06-01",
            "properties": {
                "parameters": {
                    "KeyVaultSecret": {
                        "type": "string",
                        "defaultValue": "Secret-CogRX-DB-DemoClientOne"
                    }
                },
                "annotations": [],
                "type": "AzureSqlDatabase",
                "typeProperties": {
                    "connectionString": {
                        "type": "AzureKeyVaultSecret",
                        "store": {
                            "referenceName": "CognitiveRx_keyvault",
                            "type": "LinkedServiceReference"
                        },
                        "secretName": {
                            "value": "[parameters('CognitiveRx_Configurable_properties_typeProperties_connectionString_secretName')]",
                            "type": "Expression"
                        },
                        "secretVersion": ""
                    }
                }
            },
            "dependsOn": []
        },
        {
            "name": "[concat(parameters('factoryName'), '/ItemMasterSqlServer')]",
            "type": "Microsoft.DataFactory/factories/linkedServices",
            "apiVersion": "2018-06-01",
            "properties": {
                "annotations": [],
                "type": "AzureSqlDatabase",
                "typeProperties": {
                    "connectionString": {
                        "type": "AzureKeyVaultSecret",
                        "store": {
                            "referenceName": "CognitiveRx_keyvault",
                            "type": "LinkedServiceReference"
                        },
                        "secretName": "[parameters('ItemMasterSqlServer_properties_typeProperties_connectionString_secretName')]"
                    }
                }
            },
            "dependsOn": []
        },
        {
            "name": "[concat(parameters('factoryName'), '/AzureFunction_Recall')]",
            "type": "Microsoft.DataFactory/factories/linkedServices",
            "apiVersion": "2018-06-01",
            "properties": {
                "annotations": [],
                "type": "AzureFunction",
                "typeProperties": {
                    "functionAppUrl": "[parameters('AzureFunction_Recall_properties_typeProperties_functionAppUrl')]",
                    "functionKey": {
                        "type": "AzureKeyVaultSecret",
                        "store": {
                            "referenceName": "CognitiveRx_keyvault",
                            "type": "LinkedServiceReference"
                        },
                        "secretName": "CognitiveRx_keyvault"
                    },
                    "authentication": "Anonymous"
                }
            },
            "dependsOn": []
        },
        {
            "name": "[concat(parameters('factoryName'), '/CustomComponentAzureBatchLink')]",
            "type": "Microsoft.DataFactory/factories/linkedServices",
            "apiVersion": "2018-06-01",
            "properties": {
                "annotations": [],
                "type": "AzureBatch",
                "typeProperties": {
                    "batchUri": "[parameters('CustomComponentAzureBatchLink_properties_typeProperties_batchUri')]",
                    "poolName": "[parameters('CustomComponentAzureBatchLink_properties_typeProperties_poolName')]",
                    "accountName": "[parameters('CustomComponentAzureBatchLink_properties_typeProperties_accountName')]",
                    "linkedServiceName": {
                        "referenceName": "CentralDataFactoryComponentStorageAccount",
                        "type": "LinkedServiceReference"
                    },
                    "accessKey": {
                        "type": "SecureString",
                        "value": "[parameters('CustomComponentAzureBatchLink_accessKey')]"
                    }
                }
            },
            "dependsOn": []
        },
        {
            "name": "[concat(parameters('factoryName'), '/HttpFile_FDA_FDARecallScreenScrape')]",
            "type": "Microsoft.DataFactory/factories/datasets",
            "apiVersion": "2018-06-01",
            "properties": {
                "linkedServiceName": {
                    "referenceName": "HttpServer_FDA_Recall_AzureFunction",
                    "type": "LinkedServiceReference"
                },
                "parameters": {
                    "URL": {
                        "type": "String"
                    },
                    "TwitterAccount": {
                        "type": "String"
                    },
                    "TweetDateTime": {
                        "type": "String"
                    },
                    "TweetId": {
                        "type": "String"
                    }
                },
                "folder": {
                    "name": "New folder"
                },
                "annotations": [],
                "type": "HttpFile",
                "structure": [
                    {
                        "name": "result"
                    }
                ],
                "typeProperties": {
                    "format": {
                        "type": "JsonFormat",
                        "filePattern": "setOfObjects"
                    },
                    "relativeUrl": "",
                    "requestMethod": "POST",
                    "requestBody": {
                        "value": "@concat('{\"url\" : \"', dataset().URL,'\", \"TwitterAccount\" : \"',dataset().TwitterAccount,'\", \"TweetDateTime\" : \"',dataset().TweetDateTime,'\", \"TweetId\" : \"',dataset().TweetId,'\"}')",
                        "type": "Expression"
                    }
                }
            },
            "dependsOn": []
        },
        {
            "name": "[concat(parameters('factoryName'), '/HttpServer_FDA_Http_AccessData')]",
            "type": "Microsoft.DataFactory/factories/datasets",
            "apiVersion": "2018-06-01",
            "properties": {
                "linkedServiceName": {
                    "referenceName": "HttpServer_FDA_Http_AccessData",
                    "type": "LinkedServiceReference"
                },
                "parameters": {
                    "link": {
                        "type": "string"
                    }
                },
                "folder": {
                    "name": "FDA Medication Guidelines"
                },
                "annotations": [],
                "type": "Binary",
                "typeProperties": {
                    "location": {
                        "type": "HttpServerLocation",
                        "relativeUrl": {
                            "value": "@dataset().link",
                            "type": "Expression"
                        }
                    }
                }
            },
            "dependsOn": []
        },
        {
            "name": "[concat(parameters('factoryName'), '/Fda_ProductCode_MetaData_ADL')]",
            "type": "Microsoft.DataFactory/factories/datasets",
            "apiVersion": "2018-06-01",
            "properties": {
                "linkedServiceName": {
                    "referenceName": "ItemMaster_ADL",
                    "type": "LinkedServiceReference"
                },
                "parameters": {
                    "Path": {
                        "type": "String"
                    }
                },
                "folder": {
                    "name": "New folder"
                },
                "annotations": [],
                "type": "AzureDataLakeStoreFile",
                "typeProperties": {
                    "format": {
                        "type": "TextFormat",
                        "columnDelimiter": ",",
                        "rowDelimiter": "",
                        "nullValue": "\\N",
                        "treatEmptyAsNull": true,
                        "skipLineCount": 0,
                        "firstRowAsHeader": false
                    },
                    "folderPath": {
                        "value": "[parameters('Fda_ProductCode_MetaData_ADL_properties_typeProperties_folderPath')]",
                        "type": "Expression"
                    }
                }
            },
            "dependsOn": []
        },
        {
            "name": "[concat(parameters('factoryName'), '/ddasum_SummaryFile_ADLS')]",
            "type": "Microsoft.DataFactory/factories/datasets",
            "apiVersion": "2018-06-01",
            "properties": {
                "linkedServiceName": {
                    "referenceName": "ItemMaster_ADL",
                    "type": "LinkedServiceReference"
                },
                "parameters": {
                    "TargetPath": {
                        "type": "String"
                    }
                },
                "folder": {
                    "name": "New folder"
                },
                "annotations": [],
                "type": "AzureDataLakeStoreFile",
                "structure": [
                    {
                        "name": "RecordType",
                        "type": "String"
                    },
                    {
                        "name": "Reserve1",
                        "type": "String"
                    },
                    {
                        "name": "SequenceNumber",
                        "type": "String"
                    },
                    {
                        "name": "Reserve2",
                        "type": "String"
                    },
                    {
                        "name": "CommentMarker",
                        "type": "String"
                    },
                    {
                        "name": "DataComment",
                        "type": "String"
                    }
                ],
                "typeProperties": {
                    "format": {
                        "type": "TextFormat",
                        "columnDelimiter": "|",
                        "rowDelimiter": "",
                        "nullValue": "",
                        "treatEmptyAsNull": true,
                        "firstRowAsHeader": false
                    },
                    "fileName": "[parameters('ddasum_SummaryFile_ADLS_properties_typeProperties_fileName')]",
                    "folderPath": {
                        "value": "[parameters('ddasum_SummaryFile_ADLS_properties_typeProperties_folderPath')]",
                        "type": "Expression"
                    }
                }
            },
            "dependsOn": []
        },
        {
            "name": "[concat(parameters('factoryName'), '/fgpcopy_CopyrightFile_ADLS')]",
            "type": "Microsoft.DataFactory/factories/datasets",
            "apiVersion": "2018-06-01",
            "properties": {
                "linkedServiceName": {
                    "referenceName": "ItemMaster_ADL",
                    "type": "LinkedServiceReference"
                },
                "parameters": {
                    "TargetPath": {
                        "type": "String"
                    }
                },
                "folder": {
                    "name": "New folder"
                },
                "annotations": [],
                "type": "AzureDataLakeStoreFile",
                "structure": [
                    {
                        "name": "copyright_statement",
                        "type": "String"
                    }
                ],
                "typeProperties": {
                    "format": {
                        "type": "TextFormat",
                        "columnDelimiter": "|",
                        "rowDelimiter": "",
                        "treatEmptyAsNull": true,
                        "firstRowAsHeader": false
                    },
                    "fileName": "[parameters('fgpcopy_CopyrightFile_ADLS_properties_typeProperties_fileName')]",
                    "folderPath": {
                        "value": "[parameters('fgpcopy_CopyrightFile_ADLS_properties_typeProperties_folderPath')]",
                        "type": "Expression"
                    }
                }
            },
            "dependsOn": []
        },
        {
            "name": "[concat(parameters('factoryName'), '/mf2prc_NdcPriceFile_ADLS')]",
            "type": "Microsoft.DataFactory/factories/datasets",
            "apiVersion": "2018-06-01",
            "properties": {
                "linkedServiceName": {
                    "referenceName": "ItemMaster_ADL",
                    "type": "LinkedServiceReference"
                },
                "parameters": {
                    "TargetPath": {
                        "type": "String"
                    }
                },
                "folder": {
                    "name": "New folder"
                },
                "annotations": [],
                "type": "AzureDataLakeStoreFile",
                "structure": [
                    {
                        "name": "ndc_upc_hri",
                        "type": "String"
                    },
                    {
                        "name": "price_code",
                        "type": "String"
                    },
                    {
                        "name": "price_effective_date",
                        "type": "String"
                    },
                    {
                        "name": "unit_price_raw",
                        "type": "Int64"
                    },
                    {
                        "name": "extended_unit_price_raw",
                        "type": "Int64"
                    },
                    {
                        "name": "package_price_raw",
                        "type": "Int64"
                    },
                    {
                        "name": "awp_indicator_code",
                        "type": "String"
                    },
                    {
                        "name": "transaction_code",
                        "type": "String"
                    },
                    {
                        "name": "last_change_date",
                        "type": "String"
                    }
                ],
                "typeProperties": {
                    "format": {
                        "type": "TextFormat",
                        "columnDelimiter": "|",
                        "rowDelimiter": "",
                        "escapeChar": "\"",
                        "treatEmptyAsNull": true,
                        "firstRowAsHeader": false
                    },
                    "fileName": "[parameters('mf2prc_NdcPriceFile_ADLS_properties_typeProperties_fileName')]",
                    "folderPath": {
                        "value": "[parameters('mf2prc_NdcPriceFile_ADLS_properties_typeProperties_folderPath')]",
                        "type": "Expression"
                    }
                }
            },
            "dependsOn": []
        },
        {
            "name": "[concat(parameters('factoryName'), '/FDAMedicationGuides_ADL')]",
            "type": "Microsoft.DataFactory/factories/datasets",
            "apiVersion": "2018-06-01",
            "properties": {
                "linkedServiceName": {
                    "referenceName": "ItemMaster_ADL",
                    "type": "LinkedServiceReference"
                },
                "parameters": {
                    "Path": {
                        "type": "string"
                    },
                    "Filename": {
                        "type": "string"
                    }
                },
                "folder": {
                    "name": "FDA Medication Guidelines"
                },
                "annotations": [],
                "type": "DelimitedText",
                "typeProperties": {
                    "location": {
                        "type": "AzureDataLakeStoreLocation",
                        "fileName": {
                            "value": "@dataset().Filename",
                            "type": "Expression"
                        },
                        "folderPath": {
                            "value": "@dataset().Path",
                            "type": "Expression"
                        }
                    },
                    "columnDelimiter": ",",
                    "escapeChar": "\\",
                    "firstRowAsHeader": true,
                    "quoteChar": "\""
                },
                "schema": [
                    {
                        "name": "Drug Name",
                        "type": "String"
                    },
                    {
                        "name": "Active Ingredient",
                        "type": "String"
                    },
                    {
                        "name": "Form;Route",
                        "type": "String"
                    },
                    {
                        "name": "Appl. No.",
                        "type": "String"
                    },
                    {
                        "name": "Company",
                        "type": "String"
                    },
                    {
                        "name": "Date",
                        "type": "String"
                    },
                    {
                        "name": "Link",
                        "type": "String"
                    }
                ]
            },
            "dependsOn": []
        },
        {
            "name": "[concat(parameters('factoryName'), '/mf2rte_RouteFile_ADLS')]",
            "type": "Microsoft.DataFactory/factories/datasets",
            "apiVersion": "2018-06-01",
            "properties": {
                "linkedServiceName": {
                    "referenceName": "ItemMaster_ADL",
                    "type": "LinkedServiceReference"
                },
                "parameters": {
                    "TargetPath": {
                        "type": "String"
                    }
                },
                "folder": {
                    "name": "New folder"
                },
                "annotations": [],
                "type": "AzureDataLakeStoreFile",
                "structure": [
                    {
                        "name": "concept_type",
                        "type": "Int32"
                    },
                    {
                        "name": "country_code",
                        "type": "Int32"
                    },
                    {
                        "name": "concept_id",
                        "type": "Int32"
                    },
                    {
                        "name": "transaction_code",
                        "type": "String"
                    },
                    {
                        "name": "status",
                        "type": "Int32"
                    },
                    {
                        "name": "link_value",
                        "type": "Int32"
                    },
                    {
                        "name": "link_date",
                        "type": "String"
                    },
                    {
                        "name": "reserve",
                        "type": "String"
                    }
                ],
                "typeProperties": {
                    "format": {
                        "type": "TextFormat",
                        "columnDelimiter": "|",
                        "rowDelimiter": "",
                        "quoteChar": "\"",
                        "treatEmptyAsNull": true,
                        "firstRowAsHeader": false
                    },
                    "fileName": "[parameters('mf2rte_RouteFile_ADLS_properties_typeProperties_fileName')]",
                    "folderPath": {
                        "value": "[parameters('mf2rte_RouteFile_ADLS_properties_typeProperties_folderPath')]",
                        "type": "Expression"
                    }
                }
            },
            "dependsOn": []
        },
        {
            "name": "[concat(parameters('factoryName'), '/ddatcit_TextCitationFile_ADLS')]",
            "type": "Microsoft.DataFactory/factories/datasets",
            "apiVersion": "2018-06-01",
            "properties": {
                "linkedServiceName": {
                    "referenceName": "ItemMaster_ADL",
                    "type": "LinkedServiceReference"
                },
                "parameters": {
                    "TargetPath": {
                        "type": "String"
                    }
                },
                "folder": {
                    "name": "New folder"
                },
                "annotations": [],
                "type": "AzureDataLakeStoreFile",
                "structure": [
                    {
                        "name": "TextId",
                        "type": "String"
                    },
                    {
                        "name": "CitationId",
                        "type": "String"
                    },
                    {
                        "name": "TransactionCode",
                        "type": "String"
                    },
                    {
                        "name": "Reserve",
                        "type": "String"
                    }
                ],
                "typeProperties": {
                    "format": {
                        "type": "TextFormat",
                        "columnDelimiter": "|",
                        "rowDelimiter": "",
                        "nullValue": "",
                        "treatEmptyAsNull": true,
                        "firstRowAsHeader": false
                    },
                    "fileName": "[parameters('ddatcit_TextCitationFile_ADLS_properties_typeProperties_fileName')]",
                    "folderPath": {
                        "value": "[parameters('ddatcit_TextCitationFile_ADLS_properties_typeProperties_folderPath')]",
                        "type": "Expression"
                    }
                }
            },
            "dependsOn": []
        },
        {
            "name": "[concat(parameters('factoryName'), '/ahfval_ValidationTranslationFile_ADLS')]",
            "type": "Microsoft.DataFactory/factories/datasets",
            "apiVersion": "2018-06-01",
            "properties": {
                "linkedServiceName": {
                    "referenceName": "ItemMaster_ADL",
                    "type": "LinkedServiceReference"
                },
                "parameters": {
                    "TargetPath": {
                        "type": "String"
                    }
                },
                "folder": {
                    "name": "New folder"
                },
                "annotations": [],
                "type": "AzureDataLakeStoreFile",
                "structure": [
                    {
                        "name": "field_identifier",
                        "type": "String"
                    },
                    {
                        "name": "field_value",
                        "type": "String"
                    },
                    {
                        "name": "language_code",
                        "type": "String"
                    },
                    {
                        "name": "value_description",
                        "type": "String"
                    },
                    {
                        "name": "value_abbreviation",
                        "type": "String"
                    },
                    {
                        "name": "reserve",
                        "type": "String"
                    }
                ],
                "typeProperties": {
                    "format": {
                        "type": "TextFormat",
                        "columnDelimiter": "|",
                        "rowDelimiter": "\n",
                        "treatEmptyAsNull": true,
                        "firstRowAsHeader": false
                    },
                    "fileName": "[parameters('ahfval_ValidationTranslationFile_ADLS_properties_typeProperties_fileName')]",
                    "folderPath": {
                        "value": "[parameters('ahfval_ValidationTranslationFile_ADLS_properties_typeProperties_folderPath')]",
                        "type": "Expression"
                    }
                }
            },
            "dependsOn": []
        },
        {
            "name": "[concat(parameters('factoryName'), '/mf2lab_LabelerFile_ADLS')]",
            "type": "Microsoft.DataFactory/factories/datasets",
            "apiVersion": "2018-06-01",
            "properties": {
                "linkedServiceName": {
                    "referenceName": "ItemMaster_ADL",
                    "type": "LinkedServiceReference"
                },
                "parameters": {
                    "TargetPath": {
                        "type": "String"
                    }
                },
                "folder": {
                    "name": "New folder"
                },
                "annotations": [],
                "type": "AzureDataLakeStoreFile",
                "structure": [
                    {
                        "name": "medispan_labeler_id",
                        "type": "Int32"
                    },
                    {
                        "name": "manufacturer_name",
                        "type": "String"
                    },
                    {
                        "name": "manufacturer_abbr_name",
                        "type": "String"
                    },
                    {
                        "name": "labeler_type_code",
                        "type": "String"
                    },
                    {
                        "name": "reserve",
                        "type": "String"
                    },
                    {
                        "name": "transaction_code",
                        "type": "String"
                    },
                    {
                        "name": "last_change_date",
                        "type": "String"
                    }
                ],
                "typeProperties": {
                    "format": {
                        "type": "TextFormat",
                        "columnDelimiter": "|",
                        "rowDelimiter": "",
                        "quoteChar": "\"",
                        "treatEmptyAsNull": true,
                        "firstRowAsHeader": false
                    },
                    "fileName": "[parameters('mf2lab_LabelerFile_ADLS_properties_typeProperties_fileName')]",
                    "folderPath": {
                        "value": "[parameters('mf2lab_LabelerFile_ADLS_properties_typeProperties_folderPath')]",
                        "type": "Expression"
                    }
                }
            },
            "dependsOn": []
        },
        {
            "name": "[concat(parameters('factoryName'), '/nabidlnk_ExternalDrugIdentifierToApplicationNumberLinkFile_ADLS')]",
            "type": "Microsoft.DataFactory/factories/datasets",
            "apiVersion": "2018-06-01",
            "properties": {
                "linkedServiceName": {
                    "referenceName": "ItemMaster_ADL",
                    "type": "LinkedServiceReference"
                },
                "parameters": {
                    "TargetPath": {
                        "type": "String"
                    }
                },
                "folder": {
                    "name": "New folder"
                },
                "annotations": [],
                "type": "AzureDataLakeStoreFile",
                "structure": [
                    {
                        "name": "NDC_UPC_HRI",
                        "type": "String"
                    },
                    {
                        "name": "Application_Number",
                        "type": "String"
                    },
                    {
                        "name": "ProductNumber",
                        "type": "String"
                    },
                    {
                        "name": "Transaction_Code",
                        "type": "String"
                    },
                    {
                        "name": "Application_Type_Flag",
                        "type": "String"
                    },
                    {
                        "name": "Reference_Listed_Drug_Flag",
                        "type": "String"
                    },
                    {
                        "name": "FDAs_Therapeutic_Equivalence_Code",
                        "type": "String"
                    },
                    {
                        "name": "FDAs_Approval_Date",
                        "type": "String"
                    },
                    {
                        "name": "FDAs_Approval_Date_prior_to_1-1-1982_Flag",
                        "type": "String"
                    },
                    {
                        "name": "In_MediSpan_DB_Flag",
                        "type": "String"
                    },
                    {
                        "name": "MediSpan_Inactive_Date",
                        "type": "String"
                    },
                    {
                        "name": "Marketing_Category",
                        "type": "String"
                    },
                    {
                        "name": "Start_Marketing_Date",
                        "type": "String"
                    },
                    {
                        "name": "End_Marketing_Date",
                        "type": "String"
                    },
                    {
                        "name": "Reserve",
                        "type": "String"
                    }
                ],
                "typeProperties": {
                    "format": {
                        "type": "TextFormat",
                        "columnDelimiter": "|",
                        "rowDelimiter": "",
                        "treatEmptyAsNull": true,
                        "firstRowAsHeader": false
                    },
                    "fileName": "[parameters('nabidlnk_ExternalDrugIdentifierToApplicationNumberLinkFile_ADLS_properties_typeProperties_fileName')]",
                    "folderPath": {
                        "value": "[parameters('nabidlnk_ExternalDrugIdentifierToApplicationNumberLinkFile_ADLS_properties_typeProperties_folderPath')]",
                        "type": "Expression"
                    }
                }
            },
            "dependsOn": []
        },
        {
            "name": "[concat(parameters('factoryName'), '/fgpfile_FederalGovernmentPricesFile_ADLS')]",
            "type": "Microsoft.DataFactory/factories/datasets",
            "apiVersion": "2018-06-01",
            "properties": {
                "linkedServiceName": {
                    "referenceName": "ItemMaster_ADL",
                    "type": "LinkedServiceReference"
                },
                "parameters": {
                    "TargetPath": {
                        "type": "String"
                    }
                },
                "folder": {
                    "name": "New folder"
                },
                "annotations": [],
                "type": "AzureDataLakeStoreFile",
                "structure": [
                    {
                        "name": "external_drug_identifier",
                        "type": "String"
                    },
                    {
                        "name": "price_type",
                        "type": "String"
                    },
                    {
                        "name": "pharmacy_type",
                        "type": "String"
                    },
                    {
                        "name": "price_effective_date",
                        "type": "String"
                    },
                    {
                        "name": "transaction_cd",
                        "type": "String"
                    },
                    {
                        "name": "unit_price",
                        "type": "String"
                    },
                    {
                        "name": "reserve_1",
                        "type": "String"
                    },
                    {
                        "name": "reserve_2",
                        "type": "String"
                    },
                    {
                        "name": "nadac_explanation_code",
                        "type": "String"
                    }
                ],
                "typeProperties": {
                    "format": {
                        "type": "TextFormat",
                        "columnDelimiter": "|",
                        "rowDelimiter": "\n",
                        "treatEmptyAsNull": true,
                        "firstRowAsHeader": false
                    },
                    "fileName": "[parameters('fgpfile_FederalGovernmentPricesFile_ADLS_properties_typeProperties_fileName')]",
                    "folderPath": {
                        "value": "[parameters('fgpfile_FederalGovernmentPricesFile_ADLS_properties_typeProperties_folderPath')]",
                        "type": "Expression"
                    }
                }
            },
            "dependsOn": []
        },
        {
            "name": "[concat(parameters('factoryName'), '/ddatext_TextFile_ADLS')]",
            "type": "Microsoft.DataFactory/factories/datasets",
            "apiVersion": "2018-06-01",
            "properties": {
                "linkedServiceName": {
                    "referenceName": "ItemMaster_ADL",
                    "type": "LinkedServiceReference"
                },
                "parameters": {
                    "TargetPath": {
                        "type": "String"
                    }
                },
                "folder": {
                    "name": "New folder"
                },
                "annotations": [],
                "type": "AzureDataLakeStoreFile",
                "structure": [
                    {
                        "name": "TextId",
                        "type": "String"
                    },
                    {
                        "name": "LanguageCode",
                        "type": "String"
                    },
                    {
                        "name": "CountryCode",
                        "type": "String"
                    },
                    {
                        "name": "TextLineNumber",
                        "type": "String"
                    },
                    {
                        "name": "TransactionCode",
                        "type": "String"
                    },
                    {
                        "name": "TextLine",
                        "type": "String"
                    },
                    {
                        "name": "Reserve",
                        "type": "String"
                    }
                ],
                "typeProperties": {
                    "format": {
                        "type": "TextFormat",
                        "columnDelimiter": "|",
                        "rowDelimiter": "",
                        "nullValue": "",
                        "treatEmptyAsNull": true,
                        "firstRowAsHeader": false
                    },
                    "fileName": "[parameters('ddatext_TextFile_ADLS_properties_typeProperties_fileName')]",
                    "folderPath": {
                        "value": "[parameters('ddatext_TextFile_ADLS_properties_typeProperties_folderPath')]",
                        "type": "Expression"
                    }
                }
            },
            "dependsOn": []
        },
        {
            "name": "[concat(parameters('factoryName'), '/Fda_PatentUseCodes_ADLS')]",
            "type": "Microsoft.DataFactory/factories/datasets",
            "apiVersion": "2018-06-01",
            "properties": {
                "linkedServiceName": {
                    "referenceName": "ItemMaster_ADL",
                    "type": "LinkedServiceReference"
                },
                "parameters": {
                    "Path": {
                        "type": "String"
                    }
                },
                "folder": {
                    "name": "New folder"
                },
                "annotations": [],
                "type": "AzureDataLakeStoreFile",
                "structure": [
                    {
                        "name": "Code",
                        "type": "String"
                    },
                    {
                        "name": "Definition",
                        "type": "String"
                    }
                ],
                "typeProperties": {
                    "format": {
                        "type": "TextFormat",
                        "columnDelimiter": "\t",
                        "rowDelimiter": "",
                        "nullValue": "\\N",
                        "treatEmptyAsNull": true,
                        "skipLineCount": 0,
                        "firstRowAsHeader": true
                    },
                    "fileName": "[parameters('Fda_PatentUseCodes_ADLS_properties_typeProperties_fileName')]",
                    "folderPath": {
                        "value": "[parameters('Fda_PatentUseCodes_ADLS_properties_typeProperties_folderPath')]",
                        "type": "Expression"
                    }
                }
            },
            "dependsOn": []
        },
        {
            "name": "[concat(parameters('factoryName'), '/ddadtxt_GpiDoseTextFile_ADLS')]",
            "type": "Microsoft.DataFactory/factories/datasets",
            "apiVersion": "2018-06-01",
            "properties": {
                "linkedServiceName": {
                    "referenceName": "ItemMaster_ADL",
                    "type": "LinkedServiceReference"
                },
                "parameters": {
                    "TargetPath": {
                        "type": "String"
                    }
                },
                "folder": {
                    "name": "New folder"
                },
                "annotations": [],
                "type": "AzureDataLakeStoreFile",
                "structure": [
                    {
                        "name": "DoseId",
                        "type": "String"
                    },
                    {
                        "name": "TextTypeId",
                        "type": "String"
                    },
                    {
                        "name": "LevelCode",
                        "type": "String"
                    },
                    {
                        "name": "SequenceNumber",
                        "type": "String"
                    },
                    {
                        "name": "TransactionCode",
                        "type": "String"
                    },
                    {
                        "name": "TextId",
                        "type": "String"
                    },
                    {
                        "name": "Reserve",
                        "type": "String"
                    }
                ],
                "typeProperties": {
                    "format": {
                        "type": "TextFormat",
                        "columnDelimiter": "|",
                        "rowDelimiter": "",
                        "nullValue": "",
                        "treatEmptyAsNull": true,
                        "firstRowAsHeader": false
                    },
                    "fileName": "[parameters('ddadtxt_GpiDoseTextFile_ADLS_properties_typeProperties_fileName')]",
                    "folderPath": {
                        "value": "[parameters('ddadtxt_GpiDoseTextFile_ADLS_properties_typeProperties_folderPath')]",
                        "type": "Expression"
                    }
                }
            },
            "dependsOn": []
        }
    ]
}