{
    "$schema": "http://schema.management.azure.com/schemas/2015-01-01/deploymentTemplate.json#",
    "contentVersion": "1.0.0.0",
    "parameters": {
        "factoryName": {
            "type": "string",
            "metadata": "Data Factory name",
            "defaultValue": "adf-ItemMaster-MasterData-Receive-prod"
        }
    },
    "variables": {
        "factoryId": "[concat('Microsoft.DataFactory/factories/', parameters('factoryName'))]"
    },
    "resources": [
        {
            "name": "[concat(parameters('factoryName'), '/mf2stuom_StrengthStrengthUnitOfMeasureFile_SQL')]",
            "type": "Microsoft.DataFactory/factories/datasets",
            "apiVersion": "2018-06-01",
            "properties": {
                "linkedServiceName": {
                    "referenceName": "ItemMasterSqlServer",
                    "type": "LinkedServiceReference"
                },
                "folder": {
                    "name": "New folder"
                },
                "annotations": [],
                "type": "AzureSqlTable",
                "structure": [
                    {
                        "name": "concept_type",
                        "type": "Int32"
                    },
                    {
                        "name": "country_code",
                        "type": "Int32"
                    },
                    {
                        "name": "concept_id",
                        "type": "Int32"
                    },
                    {
                        "name": "transaction_code",
                        "type": "String"
                    },
                    {
                        "name": "strength",
                        "type": "String"
                    },
                    {
                        "name": "strength_unit_of_measure",
                        "type": "String"
                    },
                    {
                        "name": "status",
                        "type": "Int32"
                    },
                    {
                        "name": "link_value",
                        "type": "Int32"
                    },
                    {
                        "name": "link_date",
                        "type": "String"
                    },
                    {
                        "name": "reserve",
                        "type": "String"
                    }
                ],
                "typeProperties": {
                    "tableName": "[[rawWK].[mf2stuom_StrengthStrengthUnitOfMeasureFile]"
                }
            },
            "dependsOn": []
        },
        {
            "name": "[concat(parameters('factoryName'), '/Fda_MAUDE_foidev_SQL')]",
            "type": "Microsoft.DataFactory/factories/datasets",
            "apiVersion": "2018-06-01",
            "properties": {
                "linkedServiceName": {
                    "referenceName": "ItemMasterSqlServer",
                    "type": "LinkedServiceReference"
                },
                "folder": {
                    "name": "New folder"
                },
                "annotations": [],
                "type": "AzureSqlTable",
                "structure": [
                    {
                        "name": "MDR_REPORT_KEY",
                        "type": "String"
                    },
                    {
                        "name": "DEVICE_EVENT_KEY",
                        "type": "String"
                    },
                    {
                        "name": "IMPLANT_FLAG",
                        "type": "String"
                    },
                    {
                        "name": "DATE_REMOVED_FLAG",
                        "type": "String"
                    },
                    {
                        "name": "DEVICE_SEQUENCE_NO",
                        "type": "String"
                    },
                    {
                        "name": "DATE_RECEIVED",
                        "type": "String"
                    },
                    {
                        "name": "BRAND_NAME",
                        "type": "String"
                    },
                    {
                        "name": "GENERIC_NAME",
                        "type": "String"
                    },
                    {
                        "name": "MANUFACTURER_D_NAME",
                        "type": "String"
                    },
                    {
                        "name": "MANUFACTURER_D_ADDRESS_1",
                        "type": "String"
                    },
                    {
                        "name": "MANUFACTURER_D_ADDRESS_2",
                        "type": "String"
                    },
                    {
                        "name": "MANUFACTURER_D_CITY",
                        "type": "String"
                    },
                    {
                        "name": "MANUFACTURER_D_STATE_CODE",
                        "type": "String"
                    },
                    {
                        "name": "MANUFACTURER_D_ZIP_CODE",
                        "type": "String"
                    },
                    {
                        "name": "MANUFACTURER_D_ZIP_CODE_EXT",
                        "type": "String"
                    },
                    {
                        "name": "MANUFACTURER_D_COUNTRY_CODE",
                        "type": "String"
                    },
                    {
                        "name": "MANUFACTURER_D_POSTAL_CODE",
                        "type": "String"
                    },
                    {
                        "name": "EXPIRATION_DATE_OF_DEVICE",
                        "type": "String"
                    },
                    {
                        "name": "MODEL_NUMBER",
                        "type": "String"
                    },
                    {
                        "name": "CATALOG_NUMBER",
                        "type": "String"
                    },
                    {
                        "name": "LOT_NUMBER",
                        "type": "String"
                    },
                    {
                        "name": "OTHER_ID_NUMBER",
                        "type": "String"
                    },
                    {
                        "name": "DEVICE_OPERATOR",
                        "type": "String"
                    },
                    {
                        "name": "DEVICE_AVAILABILITY",
                        "type": "String"
                    },
                    {
                        "name": "DATE_RETURNED_TO_MANUFACTURER",
                        "type": "String"
                    },
                    {
                        "name": "DEVICE_REPORT_PRODUCT_CODE",
                        "type": "String"
                    },
                    {
                        "name": "DEVICE_AGE_TEXT",
                        "type": "String"
                    },
                    {
                        "name": "DEVICE_EVALUATED_BY_MANUFACTUR",
                        "type": "String"
                    },
                    {
                        "name": "PipelineRunId",
                        "type": "String"
                    }
                ],
                "typeProperties": {
                    "tableName": "[[rawFDAMAUDE].[foidev]"
                }
            },
            "dependsOn": []
        },
        {
            "name": "[concat(parameters('factoryName'), '/Fda_OrangeBook_Patent_SQL')]",
            "type": "Microsoft.DataFactory/factories/datasets",
            "apiVersion": "2018-06-01",
            "properties": {
                "linkedServiceName": {
                    "referenceName": "ItemMasterSqlServer",
                    "type": "LinkedServiceReference"
                },
                "folder": {
                    "name": "New folder"
                },
                "annotations": [],
                "type": "AzureSqlTable",
                "structure": [
                    {
                        "name": "Appl_Type",
                        "type": "String"
                    },
                    {
                        "name": "Appl_No",
                        "type": "String"
                    },
                    {
                        "name": "Product_No",
                        "type": "String"
                    },
                    {
                        "name": "Patent_No",
                        "type": "String"
                    },
                    {
                        "name": "Patent_Expire_Date_Text",
                        "type": "String"
                    },
                    {
                        "name": "Drug_Substance_Flag",
                        "type": "String"
                    },
                    {
                        "name": "Drug_Product_Flag",
                        "type": "String"
                    },
                    {
                        "name": "Patent_Use_Code",
                        "type": "String"
                    },
                    {
                        "name": "Delist_Flag",
                        "type": "String"
                    },
                    {
                        "name": "Submission_Date",
                        "type": "String"
                    }
                ],
                "typeProperties": {
                    "tableName": "[[RawFda].[OrangeBookPatent]"
                }
            },
            "dependsOn": []
        },
        {
            "name": "[concat(parameters('factoryName'), '/mf2copy_CopyrightFile_SQL')]",
            "type": "Microsoft.DataFactory/factories/datasets",
            "apiVersion": "2018-06-01",
            "properties": {
                "linkedServiceName": {
                    "referenceName": "ItemMasterSqlServer",
                    "type": "LinkedServiceReference"
                },
                "folder": {
                    "name": "New folder"
                },
                "annotations": [],
                "type": "AzureSqlTable",
                "structure": [
                    {
                        "name": "copyright_statement",
                        "type": "String"
                    }
                ],
                "typeProperties": {
                    "tableName": "[[rawWK].[mf2copy_CopyrightFile]"
                }
            },
            "dependsOn": []
        },
        {
            "name": "[concat(parameters('factoryName'), '/pb2xref_NdcHcpcsCrossReferenceFile_SQL')]",
            "type": "Microsoft.DataFactory/factories/datasets",
            "apiVersion": "2018-06-01",
            "properties": {
                "linkedServiceName": {
                    "referenceName": "ItemMasterSqlServer",
                    "type": "LinkedServiceReference"
                },
                "folder": {
                    "name": "New folder"
                },
                "annotations": [],
                "type": "AzureSqlTable",
                "structure": [
                    {
                        "name": "HcpcsCode",
                        "type": "String"
                    },
                    {
                        "name": "CmsReportedIdentifier",
                        "type": "String"
                    },
                    {
                        "name": "QuarterDate",
                        "type": "String"
                    },
                    {
                        "name": "RevisionDate",
                        "type": "String"
                    },
                    {
                        "name": "TransactionCode",
                        "type": "String"
                    },
                    {
                        "name": "ShortDescription",
                        "type": "String"
                    },
                    {
                        "name": "CodeDosageDescriptor",
                        "type": "String"
                    },
                    {
                        "name": "LabelerName",
                        "type": "String"
                    },
                    {
                        "name": "DrugName",
                        "type": "String"
                    },
                    {
                        "name": "PackageSize_Raw",
                        "type": "Decimal"
                    },
                    {
                        "name": "PackageQuantity_Raw",
                        "type": "Decimal"
                    },
                    {
                        "name": "BillableUnitsPerPackage_Raw",
                        "type": "Decimal"
                    },
                    {
                        "name": "BillableUnitsPer11DigitNDC_Raw",
                        "type": "Decimal"
                    },
                    {
                        "name": "Reserve",
                        "type": "String"
                    }
                ],
                "typeProperties": {
                    "tableName": "[[rawWK].[pb2xref_NdcHcpcsCrossReferenceFile]"
                }
            },
            "dependsOn": []
        },
        {
            "name": "[concat(parameters('factoryName'), '/pb2mcaf_MediSpanCustomizedFile_SQL')]",
            "type": "Microsoft.DataFactory/factories/datasets",
            "apiVersion": "2018-06-01",
            "properties": {
                "linkedServiceName": {
                    "referenceName": "ItemMasterSqlServer",
                    "type": "LinkedServiceReference"
                },
                "folder": {
                    "name": "New folder"
                },
                "annotations": [],
                "type": "AzureSqlTable",
                "structure": [
                    {
                        "name": "HcpcsCode",
                        "type": "String"
                    },
                    {
                        "name": "MediSpanDrugIdentifier",
                        "type": "String"
                    },
                    {
                        "name": "QuarterDate",
                        "type": "String"
                    },
                    {
                        "name": "RevisionDate",
                        "type": "String"
                    },
                    {
                        "name": "TransactionCode",
                        "type": "String"
                    },
                    {
                        "name": "ShortDescription",
                        "type": "String"
                    },
                    {
                        "name": "HcpcsCodeDosage",
                        "type": "String"
                    },
                    {
                        "name": "PaymentLimit_Raw",
                        "type": "Decimal"
                    },
                    {
                        "name": "IndependentEsrdLimit_Raw",
                        "type": "Decimal"
                    },
                    {
                        "name": "VaccineLimit_Raw",
                        "type": "Decimal"
                    },
                    {
                        "name": "DMEInfusionLimit_Raw",
                        "type": "Decimal"
                    },
                    {
                        "name": "BloodLimit_Raw",
                        "type": "Decimal"
                    },
                    {
                        "name": "CodeDosageDescriptor",
                        "type": "String"
                    },
                    {
                        "name": "LabelerName",
                        "type": "String"
                    },
                    {
                        "name": "InMediSpanDBFlag",
                        "type": "String"
                    },
                    {
                        "name": "MediSpanInactiveDate",
                        "type": "String"
                    },
                    {
                        "name": "DrugName",
                        "type": "String"
                    },
                    {
                        "name": "PackageSize_Raw",
                        "type": "Decimal"
                    },
                    {
                        "name": "PackageQuantity_Raw",
                        "type": "Decimal"
                    },
                    {
                        "name": "BillableUnitsPerPackage_Raw",
                        "type": "Decimal"
                    },
                    {
                        "name": "BillableUnitsPer11DigitNDC_Raw",
                        "type": "Decimal"
                    },
                    {
                        "name": "Reserve",
                        "type": "String"
                    }
                ],
                "typeProperties": {
                    "tableName": "[[rawWK].[pb2mcaf_MediSpanCustomizedFile]"
                }
            },
            "dependsOn": []
        },
        {
            "name": "[concat(parameters('factoryName'), '/nabidmnf_ExternalDrugIdentifierToManufacturerReportedApplicationNumberFile_SQL')]",
            "type": "Microsoft.DataFactory/factories/datasets",
            "apiVersion": "2018-06-01",
            "properties": {
                "linkedServiceName": {
                    "referenceName": "ItemMasterSqlServer",
                    "type": "LinkedServiceReference"
                },
                "folder": {
                    "name": "New folder"
                },
                "annotations": [],
                "type": "AzureSqlTable",
                "structure": [
                    {
                        "name": "NDC_UPC_HRI",
                        "type": "String"
                    },
                    {
                        "name": "External_Drug_Identifier_Format_Code",
                        "type": "String"
                    },
                    {
                        "name": "Manufacturer_Reported_Application_Number",
                        "type": "String"
                    },
                    {
                        "name": "Product_Number",
                        "type": "String"
                    },
                    {
                        "name": "Transaction_Code",
                        "type": "String"
                    },
                    {
                        "name": "Application_Type_Flag",
                        "type": "String"
                    },
                    {
                        "name": "Manufacturer_Reported_Approval_Date",
                        "type": "String"
                    },
                    {
                        "name": "Data_of_FDA_Inclusion",
                        "type": "String"
                    },
                    {
                        "name": "Reserve",
                        "type": "String"
                    }
                ],
                "typeProperties": {
                    "tableName": "[[rawWK].[nabidmnf_ExternalDrugIdentifierToManufacturerReportedApplicationNumberFile]"
                }
            },
            "dependsOn": []
        },
        {
            "name": "[concat(parameters('factoryName'), '/ddarte_RouteFile_SQL')]",
            "type": "Microsoft.DataFactory/factories/datasets",
            "apiVersion": "2018-06-01",
            "properties": {
                "linkedServiceName": {
                    "referenceName": "ItemMasterSqlServer",
                    "type": "LinkedServiceReference"
                },
                "folder": {
                    "name": "New folder"
                },
                "annotations": [],
                "type": "AzureSqlTable",
                "structure": [
                    {
                        "name": "RouteId",
                        "type": "Int32"
                    },
                    {
                        "name": "TransactionCode",
                        "type": "String"
                    },
                    {
                        "name": "RouteAbbreviation",
                        "type": "String"
                    },
                    {
                        "name": "RouteDescription",
                        "type": "String"
                    },
                    {
                        "name": "Reserve",
                        "type": "String"
                    }
                ],
                "typeProperties": {
                    "tableName": "[[rawWK].[ddarte_RouteFile]"
                }
            },
            "dependsOn": []
        },
        {
            "name": "[concat(parameters('factoryName'), '/nabread_ReadMeFile_SQL')]",
            "type": "Microsoft.DataFactory/factories/datasets",
            "apiVersion": "2018-06-01",
            "properties": {
                "linkedServiceName": {
                    "referenceName": "ItemMasterSqlServer",
                    "type": "LinkedServiceReference"
                },
                "folder": {
                    "name": "New folder"
                },
                "annotations": [],
                "type": "AzureSqlTable",
                "structure": [
                    {
                        "name": "read_me_text",
                        "type": "String"
                    }
                ],
                "typeProperties": {
                    "tableName": "[[rawWK].[nabread_ReadMeFile]"
                }
            },
            "dependsOn": []
        },
        {
            "name": "[concat(parameters('factoryName'), '/ahfcopy_CopyrightFile_SQL')]",
            "type": "Microsoft.DataFactory/factories/datasets",
            "apiVersion": "2018-06-01",
            "properties": {
                "linkedServiceName": {
                    "referenceName": "ItemMasterSqlServer",
                    "type": "LinkedServiceReference"
                },
                "folder": {
                    "name": "New folder"
                },
                "annotations": [],
                "type": "AzureSqlTable",
                "structure": [
                    {
                        "name": "copyright_statement",
                        "type": "String"
                    }
                ],
                "typeProperties": {
                    "tableName": "[[rawWK].[ahfcopy_CopyrightFile]"
                }
            },
            "dependsOn": []
        },
        {
            "name": "[concat(parameters('factoryName'), '/mf2drg_DispensableDrugFile_SQL')]",
            "type": "Microsoft.DataFactory/factories/datasets",
            "apiVersion": "2018-06-01",
            "properties": {
                "linkedServiceName": {
                    "referenceName": "ItemMasterSqlServer",
                    "type": "LinkedServiceReference"
                },
                "folder": {
                    "name": "New folder"
                },
                "annotations": [],
                "type": "AzureSqlTable",
                "structure": [
                    {
                        "name": "concept_type",
                        "type": "Int32"
                    },
                    {
                        "name": "country_code",
                        "type": "Int32"
                    },
                    {
                        "name": "concept_id",
                        "type": "Int32"
                    },
                    {
                        "name": "transaction_code",
                        "type": "String"
                    },
                    {
                        "name": "routed_drug_id",
                        "type": "Int32"
                    },
                    {
                        "name": "dose_form_id",
                        "type": "Int32"
                    },
                    {
                        "name": "strength",
                        "type": "String"
                    },
                    {
                        "name": "strength_unit_of_measure",
                        "type": "String"
                    },
                    {
                        "name": "name_source_id",
                        "type": "Int32"
                    },
                    {
                        "name": "device_flag",
                        "type": "Int32"
                    },
                    {
                        "name": "status",
                        "type": "Int32"
                    },
                    {
                        "name": "link_value",
                        "type": "Int32"
                    },
                    {
                        "name": "link_date",
                        "type": "String"
                    },
                    {
                        "name": "routed_drug_form_id",
                        "type": "Int32"
                    },
                    {
                        "name": "drug_dose_form_id",
                        "type": "Int32"
                    },
                    {
                        "name": "str_str_uom_id",
                        "type": "Int32"
                    },
                    {
                        "name": "reserve",
                        "type": "String"
                    }
                ],
                "typeProperties": {
                    "tableName": "[[rawWK].[mf2drg_DispensableDrugFile]"
                }
            },
            "dependsOn": []
        },
        {
            "name": "[concat(parameters('factoryName'), '/fgpfile_FederalGovernmentPricesFile_SQL')]",
            "type": "Microsoft.DataFactory/factories/datasets",
            "apiVersion": "2018-06-01",
            "properties": {
                "linkedServiceName": {
                    "referenceName": "ItemMasterSqlServer",
                    "type": "LinkedServiceReference"
                },
                "folder": {
                    "name": "New folder"
                },
                "annotations": [],
                "type": "AzureSqlTable",
                "structure": [
                    {
                        "name": "external_drug_identifier",
                        "type": "String"
                    },
                    {
                        "name": "price_type",
                        "type": "String"
                    },
                    {
                        "name": "pharmacy_type",
                        "type": "String"
                    },
                    {
                        "name": "price_effective_date",
                        "type": "Int32"
                    },
                    {
                        "name": "transaction_cd",
                        "type": "String"
                    },
                    {
                        "name": "unit_price",
                        "type": "String"
                    },
                    {
                        "name": "reserve_1",
                        "type": "String"
                    },
                    {
                        "name": "reserve_2",
                        "type": "String"
                    },
                    {
                        "name": "nadac_explanation_code",
                        "type": "String"
                    }
                ],
                "typeProperties": {
                    "tableName": "[[rawWK].[fgpfile_FederalGovernmentPricesFile]"
                }
            },
            "dependsOn": []
        },
        {
            "name": "[concat(parameters('factoryName'), '/fgpfuld_AcaFulDetailsFile_SQL')]",
            "type": "Microsoft.DataFactory/factories/datasets",
            "apiVersion": "2018-06-01",
            "properties": {
                "linkedServiceName": {
                    "referenceName": "ItemMasterSqlServer",
                    "type": "LinkedServiceReference"
                },
                "folder": {
                    "name": "New folder"
                },
                "annotations": [],
                "type": "AzureSqlTable",
                "structure": [
                    {
                        "name": "external_drug_identifier",
                        "type": "String"
                    },
                    {
                        "name": "transaction_code",
                        "type": "String"
                    },
                    {
                        "name": "product_group",
                        "type": "String"
                    },
                    {
                        "name": "ingredient",
                        "type": "String"
                    },
                    {
                        "name": "strength",
                        "type": "String"
                    },
                    {
                        "name": "dosage",
                        "type": "String"
                    },
                    {
                        "name": "route",
                        "type": "String"
                    },
                    {
                        "name": "mdr_unit_type",
                        "type": "String"
                    },
                    {
                        "name": "package_size",
                        "type": "String"
                    },
                    {
                        "name": "reserve_1",
                        "type": "String"
                    },
                    {
                        "name": "reserve_2",
                        "type": "String"
                    },
                    {
                        "name": "reserve_3",
                        "type": "String"
                    },
                    {
                        "name": "a_rated",
                        "type": "String"
                    },
                    {
                        "name": "reserve_4",
                        "type": "String"
                    },
                    {
                        "name": "reserve_5",
                        "type": "String"
                    },
                    {
                        "name": "in_medispan_db_flag",
                        "type": "String"
                    },
                    {
                        "name": "medispan_ndc_inactive_dt",
                        "type": "String"
                    },
                    {
                        "name": "is_same_mddb_pkg_sum",
                        "type": "String"
                    },
                    {
                        "name": "calculation_basis",
                        "type": "String"
                    }
                ],
                "typeProperties": {
                    "tableName": "[[rawWK].[fgpfuld_AcaFulDetailsFile]"
                }
            },
            "dependsOn": []
        },
        {
            "name": "[concat(parameters('factoryName'), '/nabcopy_CopyrightFile_SQL')]",
            "type": "Microsoft.DataFactory/factories/datasets",
            "apiVersion": "2018-06-01",
            "properties": {
                "linkedServiceName": {
                    "referenceName": "ItemMasterSqlServer",
                    "type": "LinkedServiceReference"
                },
                "folder": {
                    "name": "New folder"
                },
                "annotations": [],
                "type": "AzureSqlTable",
                "structure": [
                    {
                        "name": "copyright_statement",
                        "type": "String"
                    }
                ],
                "typeProperties": {
                    "tableName": "[[rawWK].[nabcopy_CopyrightFile]"
                }
            },
            "dependsOn": []
        },
        {
            "name": "[concat(parameters('factoryName'), '/ahfdict_DataDictionaryFile_SQL')]",
            "type": "Microsoft.DataFactory/factories/datasets",
            "apiVersion": "2018-06-01",
            "properties": {
                "linkedServiceName": {
                    "referenceName": "ItemMasterSqlServer",
                    "type": "LinkedServiceReference"
                },
                "folder": {
                    "name": "New folder"
                },
                "annotations": [],
                "type": "AzureSqlTable",
                "structure": [
                    {
                        "name": "field_identifier",
                        "type": "String"
                    },
                    {
                        "name": "field_description",
                        "type": "String"
                    },
                    {
                        "name": "field_type",
                        "type": "String"
                    },
                    {
                        "name": "field_length",
                        "type": "Int32"
                    },
                    {
                        "name": "implied_decimal_flag",
                        "type": "String"
                    },
                    {
                        "name": "decimal_places",
                        "type": "Int32"
                    },
                    {
                        "name": "field_validation_flag",
                        "type": "String"
                    },
                    {
                        "name": "field_abbreviation_flag",
                        "type": "String"
                    },
                    {
                        "name": "reserve",
                        "type": "String"
                    }
                ],
                "typeProperties": {
                    "tableName": "[[rawWK].[ahfdict_DataDictionaryFile]"
                }
            },
            "dependsOn": []
        },
        {
            "name": "[concat(parameters('factoryName'), '/mf2dfdrg_DrugDoseFormFile_SQL')]",
            "type": "Microsoft.DataFactory/factories/datasets",
            "apiVersion": "2018-06-01",
            "properties": {
                "linkedServiceName": {
                    "referenceName": "ItemMasterSqlServer",
                    "type": "LinkedServiceReference"
                },
                "folder": {
                    "name": "New folder"
                },
                "annotations": [],
                "type": "AzureSqlTable",
                "structure": [
                    {
                        "name": "concept_type",
                        "type": "Int32"
                    },
                    {
                        "name": "country_code",
                        "type": "Int32"
                    },
                    {
                        "name": "concept_id",
                        "type": "Int32"
                    },
                    {
                        "name": "transaction_code",
                        "type": "String"
                    },
                    {
                        "name": "drug_name_id",
                        "type": "Int32"
                    },
                    {
                        "name": "dose_form_id",
                        "type": "Int32"
                    },
                    {
                        "name": "status",
                        "type": "Int32"
                    },
                    {
                        "name": "link_value",
                        "type": "Int32"
                    },
                    {
                        "name": "link_date",
                        "type": "String"
                    },
                    {
                        "name": "reserve",
                        "type": "String"
                    }
                ],
                "typeProperties": {
                    "tableName": "[[rawWK].[mf2dfdrg_DrugDoseFormFile]"
                }
            },
            "dependsOn": []
        },
        {
            "name": "[concat(parameters('factoryName'), '/Fda_ExclusivityCodes_sql')]",
            "type": "Microsoft.DataFactory/factories/datasets",
            "apiVersion": "2018-06-01",
            "properties": {
                "linkedServiceName": {
                    "referenceName": "ItemMasterSqlServer",
                    "type": "LinkedServiceReference"
                },
                "folder": {
                    "name": "New folder"
                },
                "annotations": [],
                "type": "AzureSqlTable",
                "structure": [
                    {
                        "name": "Code",
                        "type": "String"
                    },
                    {
                        "name": "Definition",
                        "type": "String"
                    }
                ],
                "typeProperties": {
                    "tableName": "[[RawFda].[ExclusivityCodes]"
                }
            },
            "dependsOn": []
        },
        {
            "name": "[concat(parameters('factoryName'), '/ddadpp_DosingPatientProfile_SQL')]",
            "type": "Microsoft.DataFactory/factories/datasets",
            "apiVersion": "2018-06-01",
            "properties": {
                "linkedServiceName": {
                    "referenceName": "ItemMasterSqlServer",
                    "type": "LinkedServiceReference"
                },
                "folder": {
                    "name": "New folder"
                },
                "annotations": [],
                "type": "AzureSqlTable",
                "structure": [
                    {
                        "name": "ProfileId",
                        "type": "Int64"
                    },
                    {
                        "name": "TransactionCode",
                        "type": "String"
                    },
                    {
                        "name": "IndicationCode",
                        "type": "Int32"
                    },
                    {
                        "name": "SpecialConditionCode",
                        "type": "Int32"
                    },
                    {
                        "name": "AgeTypeCode",
                        "type": "String"
                    },
                    {
                        "name": "AgeDaysLow",
                        "type": "Int32"
                    },
                    {
                        "name": "AgeDaysHigh",
                        "type": "Int32"
                    },
                    {
                        "name": "AdditionalAgeTypeCode",
                        "type": "String"
                    },
                    {
                        "name": "AdditionalAgeDaysLow",
                        "type": "Int32"
                    },
                    {
                        "name": "AdditionalAgeDaysHigh",
                        "type": "Int32"
                    },
                    {
                        "name": "RenalFunctionMsmtTypeCode",
                        "type": "String"
                    },
                    {
                        "name": "RenalFunctionMsmtLow_Raw",
                        "type": "Decimal"
                    },
                    {
                        "name": "RenalFunctionMsmtHigh_Raw",
                        "type": "Decimal"
                    },
                    {
                        "name": "RenalFunctionMsmtUomCode",
                        "type": "String"
                    },
                    {
                        "name": "WeightCategoryLow_Raw",
                        "type": "Decimal"
                    },
                    {
                        "name": "WeightCategoryHigh_Raw",
                        "type": "Decimal"
                    },
                    {
                        "name": "WeightCategoryUomCode",
                        "type": "String"
                    },
                    {
                        "name": "Reserve",
                        "type": "String"
                    }
                ],
                "typeProperties": {
                    "tableName": "[[rawWK].[ddadpp_DosingPatientProfile]"
                }
            },
            "dependsOn": []
        },
        {
            "name": "[concat(parameters('factoryName'), '/FDAMedicationGuides_SQL')]",
            "type": "Microsoft.DataFactory/factories/datasets",
            "apiVersion": "2018-06-01",
            "properties": {
                "linkedServiceName": {
                    "referenceName": "ItemMasterSqlServer",
                    "type": "LinkedServiceReference"
                },
                "folder": {
                    "name": "FDA Medication Guidelines"
                },
                "annotations": [],
                "type": "AzureSqlTable",
                "schema": [
                    {
                        "name": "MedicationGuideId",
                        "type": "int",
                        "precision": 10
                    },
                    {
                        "name": "NdcToApplicationId",
                        "type": "int",
                        "precision": 10
                    },
                    {
                        "name": "NDC",
                        "type": "varchar"
                    },
                    {
                        "name": "DrugName",
                        "type": "varchar"
                    },
                    {
                        "name": "ActiveIngredient",
                        "type": "varchar"
                    },
                    {
                        "name": "FormRoute",
                        "type": "varchar"
                    },
                    {
                        "name": "ApplicationNumber",
                        "type": "varchar"
                    },
                    {
                        "name": "Company",
                        "type": "varchar"
                    },
                    {
                        "name": "Date",
                        "type": "varchar"
                    },
                    {
                        "name": "Link",
                        "type": "varchar"
                    },
                    {
                        "name": "AddedDateTime",
                        "type": "datetime",
                        "precision": 23,
                        "scale": 3
                    },
                    {
                        "name": "UpdatedDateTime",
                        "type": "datetime",
                        "precision": 23,
                        "scale": 3
                    },
                    {
                        "name": "PipelineRunId",
                        "type": "varchar"
                    },
                    {
                        "name": "isFileDownloaded",
                        "type": "bit"
                    }
                ],
                "typeProperties": {
                    "schema": "Fda",
                    "table": "MedicationGuide"
                }
            },
            "dependsOn": []
        },
        {
            "name": "[concat(parameters('factoryName'), '/ddacite_CitationFile_SQL')]",
            "type": "Microsoft.DataFactory/factories/datasets",
            "apiVersion": "2018-06-01",
            "properties": {
                "linkedServiceName": {
                    "referenceName": "ItemMasterSqlServer",
                    "type": "LinkedServiceReference"
                },
                "folder": {
                    "name": "New folder"
                },
                "annotations": [],
                "type": "AzureSqlTable",
                "structure": [
                    {
                        "name": "CitationId",
                        "type": "Int32"
                    },
                    {
                        "name": "TransactionCode",
                        "type": "String"
                    },
                    {
                        "name": "Citation",
                        "type": "String"
                    },
                    {
                        "name": "Reserve",
                        "type": "String"
                    }
                ],
                "typeProperties": {
                    "tableName": "[[rawWK].[ddacite_CitationFile]"
                }
            },
            "dependsOn": []
        }
    ]
}