{
    "$schema": "http://schema.management.azure.com/schemas/2015-01-01/deploymentTemplate.json#",
    "contentVersion": "1.0.0.0",
    "parameters": {
        "factoryName": {
            "type": "string",
            "metadata": "Data Factory name",
            "defaultValue": "adf-ItemMaster-MasterData-Receive-prod"
        }
    },
    "variables": {
        "factoryId": "[concat('Microsoft.DataFactory/factories/', parameters('factoryName'))]"
    },
    "resources": [
        {
            "name": "[concat(parameters('factoryName'), '/LabelerTypes_Source_New1')]",
            "type": "Microsoft.DataFactory/factories/datasets",
            "apiVersion": "2018-06-01",
            "properties": {
                "linkedServiceName": {
                    "referenceName": "ItemMaster",
                    "type": "LinkedServiceReference"
                },
                "folder": {
                    "name": "LabelerTypes"
                },
                "annotations": [],
                "type": "AzureSqlTable",
                "schema": [
                    {
                        "name": "LabelerTypeId",
                        "type": "int",
                        "precision": 10
                    },
                    {
                        "name": "LabelerTypeCode",
                        "type": "char"
                    },
                    {
                        "name": "LabelerTypeDescription",
                        "type": "varchar"
                    },
                    {
                        "name": "LabelerTypeDefinition",
                        "type": "varchar"
                    }
                ],
                "typeProperties": {
                    "tableName": "[[WoltersKluwer].[LabelerTypes]"
                }
            },
            "dependsOn": []
        },
        {
            "name": "[concat(parameters('factoryName'), '/Fda_MedicationGuide_Source')]",
            "type": "Microsoft.DataFactory/factories/datasets",
            "apiVersion": "2018-06-01",
            "properties": {
                "linkedServiceName": {
                    "referenceName": "ItemMaster",
                    "type": "LinkedServiceReference"
                },
                "folder": {
                    "name": "New folder"
                },
                "annotations": [],
                "type": "AzureSqlTable",
                "schema": [
                    {
                        "name": "MedicationGuideId",
                        "type": "int",
                        "precision": 10
                    },
                    {
                        "name": "NdcToApplicationId",
                        "type": "int",
                        "precision": 10
                    },
                    {
                        "name": "NDC",
                        "type": "varchar"
                    },
                    {
                        "name": "DrugName",
                        "type": "varchar"
                    },
                    {
                        "name": "ActiveIngredient",
                        "type": "varchar"
                    },
                    {
                        "name": "FormRoute",
                        "type": "varchar"
                    },
                    {
                        "name": "ApplicationNumber",
                        "type": "varchar"
                    },
                    {
                        "name": "Company",
                        "type": "varchar"
                    },
                    {
                        "name": "Date",
                        "type": "varchar"
                    },
                    {
                        "name": "Link",
                        "type": "varchar"
                    },
                    {
                        "name": "AddedDateTime",
                        "type": "datetime",
                        "precision": 23,
                        "scale": 3
                    },
                    {
                        "name": "UpdatedDateTime",
                        "type": "datetime",
                        "precision": 23,
                        "scale": 3
                    },
                    {
                        "name": "PipelineRunId",
                        "type": "varchar"
                    },
                    {
                        "name": "isFileDownloaded",
                        "type": "bit"
                    },
                    {
                        "name": "MedicationGuideUId",
                        "type": "uniqueidentifier"
                    },
                    {
                        "name": "DocumentPageNumber",
                        "type": "varchar"
                    },
                    {
                        "name": "fileDownloadErrorOccured",
                        "type": "bit"
                    }
                ],
                "typeProperties": {
                    "schema": "Fda",
                    "table": "MedicationGuide"
                }
            },
            "dependsOn": []
        },
        {
            "name": "[concat(parameters('factoryName'), '/AwpIndicator_Source_New1')]",
            "type": "Microsoft.DataFactory/factories/datasets",
            "apiVersion": "2018-06-01",
            "properties": {
                "linkedServiceName": {
                    "referenceName": "ItemMaster",
                    "type": "LinkedServiceReference"
                },
                "folder": {
                    "name": "New folder"
                },
                "annotations": [],
                "type": "AzureSqlTable",
                "schema": [
                    {
                        "name": "AwpIndicatorId",
                        "type": "int",
                        "precision": 10
                    },
                    {
                        "name": "AwpIndicatorCode",
                        "type": "char"
                    },
                    {
                        "name": "AwpIndicatorDescription",
                        "type": "varchar"
                    }
                ],
                "typeProperties": {
                    "tableName": "[[WoltersKluwer].[AwpIndicator]"
                }
            },
            "dependsOn": []
        },
        {
            "name": "[concat(parameters('factoryName'), '/PharmacyItemAhfs_Source_New1')]",
            "type": "Microsoft.DataFactory/factories/datasets",
            "apiVersion": "2018-06-01",
            "properties": {
                "linkedServiceName": {
                    "referenceName": "ItemMaster",
                    "type": "LinkedServiceReference"
                },
                "folder": {
                    "name": "New folder"
                },
                "annotations": [],
                "type": "AzureSqlTable",
                "schema": [
                    {
                        "name": "ItemUId",
                        "type": "uniqueidentifier"
                    },
                    {
                        "name": "ItemId",
                        "type": "int",
                        "precision": 10
                    },
                    {
                        "name": "AhfsId",
                        "type": "int",
                        "precision": 10
                    },
                    {
                        "name": "Ndc",
                        "type": "varchar"
                    },
                    {
                        "name": "AhfsCode",
                        "type": "int",
                        "precision": 10
                    },
                    {
                        "name": "Status",
                        "type": "char"
                    },
                    {
                        "name": "DateAdded",
                        "type": "datetime",
                        "precision": 23,
                        "scale": 3
                    },
                    {
                        "name": "DateChanged",
                        "type": "datetime",
                        "precision": 23,
                        "scale": 3
                    },
                    {
                        "name": "DataSourceId",
                        "type": "int",
                        "precision": 10
                    }
                ],
                "typeProperties": {
                    "tableName": "[[Sync].[vw_PharmacyItemAhfs]"
                }
            },
            "dependsOn": []
        },
        {
            "name": "[concat(parameters('factoryName'), '/NationWholesaler_Prediction_Raw_Source')]",
            "type": "Microsoft.DataFactory/factories/datasets",
            "apiVersion": "2018-06-01",
            "properties": {
                "linkedServiceName": {
                    "referenceName": "ItemMaster",
                    "type": "LinkedServiceReference"
                },
                "folder": {
                    "name": "NationWholesaler"
                },
                "annotations": [],
                "type": "AzureSqlTable",
                "schema": [
                    {
                        "name": "source1_priceinc",
                        "type": "nvarchar"
                    },
                    {
                        "name": "source2_budget",
                        "type": "nvarchar"
                    },
                    {
                        "name": "NDC",
                        "type": "nvarchar"
                    },
                    {
                        "name": "PriceDate",
                        "type": "datetime",
                        "precision": 23,
                        "scale": 3
                    },
                    {
                        "name": "Forecast_Months_Ahead",
                        "type": "float",
                        "precision": 15
                    },
                    {
                        "name": "PredictionPriceDate",
                        "type": "nvarchar"
                    },
                    {
                        "name": "PredIncBool",
                        "type": "int",
                        "precision": 10
                    },
                    {
                        "name": "PredIncProb",
                        "type": "float",
                        "precision": 15
                    },
                    {
                        "name": "ActualPriceChangePercent",
                        "type": "decimal",
                        "precision": 5,
                        "scale": 3
                    },
                    {
                        "name": "WACPrice",
                        "type": "decimal",
                        "precision": 7,
                        "scale": 2
                    },
                    {
                        "name": "PriceIncreaseActual_Month",
                        "type": "int",
                        "precision": 10
                    },
                    {
                        "name": "WACPriceLastMonth",
                        "type": "decimal",
                        "precision": 7,
                        "scale": 2
                    },
                    {
                        "name": "WACPriceNextMonth",
                        "type": "decimal",
                        "precision": 7,
                        "scale": 2
                    },
                    {
                        "name": "WACPriceNext2Month",
                        "type": "decimal",
                        "precision": 7,
                        "scale": 2
                    },
                    {
                        "name": "PriceIncreaseActual_Window",
                        "type": "int",
                        "precision": 10
                    },
                    {
                        "name": "DateOfPrediction",
                        "type": "date"
                    },
                    {
                        "name": "meanPerc",
                        "type": "float",
                        "precision": 15
                    },
                    {
                        "name": "highPerc",
                        "type": "float",
                        "precision": 15
                    },
                    {
                        "name": "lowPerc",
                        "type": "float",
                        "precision": 15
                    },
                    {
                        "name": "num_changes",
                        "type": "float",
                        "precision": 15
                    },
                    {
                        "name": "Expected_Price",
                        "type": "float",
                        "precision": 15
                    },
                    {
                        "name": "UnitsReceived_WAC",
                        "type": "float",
                        "precision": 15
                    },
                    {
                        "name": "Expected_Cost_WAC_riskadj",
                        "type": "float",
                        "precision": 15
                    },
                    {
                        "name": "Rolling_TCO",
                        "type": "float",
                        "precision": 15
                    },
                    {
                        "name": "DateStamp",
                        "type": "datetime",
                        "precision": 23,
                        "scale": 3
                    }
                ],
                "typeProperties": {
                    "schema": "Predictive",
                    "table": "NationalNdcPricePredictionRaw"
                }
            },
            "dependsOn": []
        },
        {
            "name": "[concat(parameters('factoryName'), '/PriceTypeXref_Source_New1')]",
            "type": "Microsoft.DataFactory/factories/datasets",
            "apiVersion": "2018-06-01",
            "properties": {
                "linkedServiceName": {
                    "referenceName": "ItemMaster",
                    "type": "LinkedServiceReference"
                },
                "folder": {
                    "name": "New folder"
                },
                "annotations": [],
                "type": "AzureSqlTable",
                "schema": [
                    {
                        "name": "WkPriceCodeId",
                        "type": "int",
                        "precision": 10
                    },
                    {
                        "name": "WkPriceCode",
                        "type": "char"
                    },
                    {
                        "name": "WkPriceDescription",
                        "type": "varchar"
                    },
                    {
                        "name": "PriceListTypeId",
                        "type": "int",
                        "precision": 10
                    },
                    {
                        "name": "WkSourceComment",
                        "type": "varchar"
                    }
                ],
                "typeProperties": {
                    "tableName": "[[WoltersKluwer].[PriceTypeXref]"
                }
            },
            "dependsOn": []
        },
        {
            "name": "[concat(parameters('factoryName'), '/DeaClassCode_Source_New1')]",
            "type": "Microsoft.DataFactory/factories/datasets",
            "apiVersion": "2018-06-01",
            "properties": {
                "linkedServiceName": {
                    "referenceName": "ItemMaster",
                    "type": "LinkedServiceReference"
                },
                "folder": {
                    "name": "DeaClassCode"
                },
                "annotations": [],
                "type": "AzureSqlTable",
                "schema": [
                    {
                        "name": "DeaClassId",
                        "type": "int",
                        "precision": 10
                    },
                    {
                        "name": "DeaClassDescription",
                        "type": "varchar"
                    },
                    {
                        "name": "DeaClassDefinition",
                        "type": "varchar"
                    },
                    {
                        "name": "DeaClassAbbreviation",
                        "type": "varchar"
                    }
                ],
                "typeProperties": {
                    "tableName": "[[WoltersKluwer].[DeaClassCode]"
                }
            },
            "dependsOn": []
        },
        {
            "name": "[concat(parameters('factoryName'), '/UnspscMaster_Source_New1')]",
            "type": "Microsoft.DataFactory/factories/datasets",
            "apiVersion": "2018-06-01",
            "properties": {
                "linkedServiceName": {
                    "referenceName": "ItemMaster",
                    "type": "LinkedServiceReference"
                },
                "folder": {
                    "name": "New folder"
                },
                "annotations": [],
                "type": "AzureSqlTable",
                "schema": [
                    {
                        "name": "UnspscId",
                        "type": "int",
                        "precision": 10
                    },
                    {
                        "name": "Code",
                        "type": "char"
                    },
                    {
                        "name": "Description",
                        "type": "nvarchar"
                    },
                    {
                        "name": "UnspscType",
                        "type": "char"
                    },
                    {
                        "name": "UnspscTypeId",
                        "type": "int",
                        "precision": 10
                    },
                    {
                        "name": "Version",
                        "type": "varchar"
                    },
                    {
                        "name": "DataSourceId",
                        "type": "int",
                        "precision": 10
                    },
                    {
                        "name": "PipelineRunId",
                        "type": "varchar"
                    },
                    {
                        "name": "DateAdded",
                        "type": "datetime",
                        "precision": 23,
                        "scale": 3
                    },
                    {
                        "name": "DateChanged",
                        "type": "datetime",
                        "precision": 23,
                        "scale": 3
                    }
                ],
                "typeProperties": {
                    "tableName": "[[dbo].[UnspscMaster]"
                }
            },
            "dependsOn": []
        },
        {
            "name": "[concat(parameters('factoryName'), '/StorageCondition_Source_New1')]",
            "type": "Microsoft.DataFactory/factories/datasets",
            "apiVersion": "2018-06-01",
            "properties": {
                "linkedServiceName": {
                    "referenceName": "ItemMaster",
                    "type": "LinkedServiceReference"
                },
                "folder": {
                    "name": "New folder"
                },
                "annotations": [],
                "type": "AzureSqlTable",
                "schema": [
                    {
                        "name": "StorageConditionId",
                        "type": "int",
                        "precision": 10
                    },
                    {
                        "name": "StorageConditionCode",
                        "type": "char"
                    },
                    {
                        "name": "StorageConditionDescription",
                        "type": "varchar"
                    }
                ],
                "typeProperties": {
                    "tableName": "[[WoltersKluwer].[StorageCondition]"
                }
            },
            "dependsOn": []
        },
        {
            "name": "[concat(parameters('factoryName'), '/RecallV2ProductNdcSource')]",
            "type": "Microsoft.DataFactory/factories/datasets",
            "apiVersion": "2018-06-01",
            "properties": {
                "linkedServiceName": {
                    "referenceName": "ItemMaster",
                    "type": "LinkedServiceReference"
                },
                "folder": {
                    "name": "FdaRecallV2"
                },
                "annotations": [],
                "type": "AzureSqlTable",
                "schema": [
                    {
                        "name": "RecallProductNdcId",
                        "type": "int",
                        "precision": 10
                    },
                    {
                        "name": "RecallId",
                        "type": "int",
                        "precision": 10
                    },
                    {
                        "name": "RecallNumber",
                        "type": "varchar"
                    },
                    {
                        "name": "FdaEventId",
                        "type": "varchar"
                    },
                    {
                        "name": "ProductNdc",
                        "type": "varchar"
                    },
                    {
                        "name": "DateAdded",
                        "type": "datetime",
                        "precision": 23,
                        "scale": 3
                    },
                    {
                        "name": "DateChanged",
                        "type": "datetime",
                        "precision": 23,
                        "scale": 3
                    },
                    {
                        "name": "PipelineRunId",
                        "type": "varchar"
                    },
                    {
                        "name": "ImportedDate",
                        "type": "datetime",
                        "precision": 23,
                        "scale": 3
                    },
                    {
                        "name": "Status",
                        "type": "char"
                    }
                ],
                "typeProperties": {
                    "schema": "Fda",
                    "table": "RecallV2ProductNdc"
                }
            },
            "dependsOn": []
        },
        {
            "name": "[concat(parameters('factoryName'), '/RecallV2BrandNameSource')]",
            "type": "Microsoft.DataFactory/factories/datasets",
            "apiVersion": "2018-06-01",
            "properties": {
                "linkedServiceName": {
                    "referenceName": "ItemMaster",
                    "type": "LinkedServiceReference"
                },
                "folder": {
                    "name": "FdaRecallV2"
                },
                "annotations": [],
                "type": "AzureSqlTable",
                "schema": [
                    {
                        "name": "RecallBrandNameId",
                        "type": "int",
                        "precision": 10
                    },
                    {
                        "name": "RecallId",
                        "type": "int",
                        "precision": 10
                    },
                    {
                        "name": "RecallNumber",
                        "type": "varchar"
                    },
                    {
                        "name": "FdaEventId",
                        "type": "varchar"
                    },
                    {
                        "name": "BrandName",
                        "type": "varchar"
                    },
                    {
                        "name": "DateAdded",
                        "type": "datetime",
                        "precision": 23,
                        "scale": 3
                    },
                    {
                        "name": "DateChanged",
                        "type": "datetime",
                        "precision": 23,
                        "scale": 3
                    },
                    {
                        "name": "PipelineRunId",
                        "type": "varchar"
                    },
                    {
                        "name": "ImportedDate",
                        "type": "datetime",
                        "precision": 23,
                        "scale": 3
                    },
                    {
                        "name": "Status",
                        "type": "char"
                    }
                ],
                "typeProperties": {
                    "schema": "Fda",
                    "table": "RecallV2BrandName"
                }
            },
            "dependsOn": []
        },
        {
            "name": "[concat(parameters('factoryName'), '/CogRx_AspPriceAndLimits_SI_SQL')]",
            "type": "Microsoft.DataFactory/factories/datasets",
            "apiVersion": "2018-06-01",
            "properties": {
                "linkedServiceName": {
                    "referenceName": "CognitiveRx",
                    "type": "LinkedServiceReference"
                },
                "folder": {
                    "name": "CMS"
                },
                "annotations": [],
                "type": "AzureSqlTable",
                "schema": [
                    {
                        "name": "HcpcsCode",
                        "type": "varchar"
                    },
                    {
                        "name": "QuarterDate",
                        "type": "varchar"
                    },
                    {
                        "name": "ShortDescription",
                        "type": "varchar"
                    },
                    {
                        "name": "CI",
                        "type": "varchar"
                    },
                    {
                        "name": "SI",
                        "type": "varchar"
                    },
                    {
                        "name": "APC",
                        "type": "varchar"
                    },
                    {
                        "name": "RelativeWeight",
                        "type": "varchar"
                    },
                    {
                        "name": "PaymentRate",
                        "type": "varchar"
                    },
                    {
                        "name": "NationalUnadjustedCopayment",
                        "type": "varchar"
                    },
                    {
                        "name": "MinimumUnadjustedCopayment",
                        "type": "varchar"
                    },
                    {
                        "name": "ChangeIndicator",
                        "type": "varchar"
                    },
                    {
                        "name": "AspPriceAndLimitsSIId",
                        "type": "uniqueidentifier"
                    },
                    {
                        "name": "UpdateDateTime",
                        "type": "datetime",
                        "precision": 23,
                        "scale": 3
                    },
                    {
                        "name": "isDelete",
                        "type": "bit"
                    },
                    {
                        "name": "PipelineRunId",
                        "type": "varchar"
                    }
                ],
                "typeProperties": {}
            },
            "dependsOn": []
        },
        {
            "name": "[concat(parameters('factoryName'), '/CognitiveRx_Shortages')]",
            "type": "Microsoft.DataFactory/factories/datasets",
            "apiVersion": "2018-06-01",
            "properties": {
                "linkedServiceName": {
                    "referenceName": "CognitiveRx",
                    "type": "LinkedServiceReference"
                },
                "folder": {
                    "name": "Shortages"
                },
                "annotations": [],
                "type": "AzureSqlTable",
                "schema": [
                    {
                        "name": "Id",
                        "type": "int",
                        "precision": 10
                    },
                    {
                        "name": "Ndc",
                        "type": "varchar"
                    },
                    {
                        "name": "ItemId",
                        "type": "int",
                        "precision": 10
                    },
                    {
                        "name": "ExternalId",
                        "type": "varchar"
                    },
                    {
                        "name": "Source",
                        "type": "varchar"
                    },
                    {
                        "name": "UpdatedDate",
                        "type": "datetime",
                        "precision": 23,
                        "scale": 3
                    },
                    {
                        "name": "ExternalLink",
                        "type": "varchar"
                    },
                    {
                        "name": "Status",
                        "type": "char"
                    },
                    {
                        "name": "AvailableNdcs",
                        "type": "varchar"
                    },
                    {
                        "name": "Reasons",
                        "type": "varchar"
                    },
                    {
                        "name": "EstimatedResupply",
                        "type": "varchar"
                    },
                    {
                        "name": "SysStartTime",
                        "type": "datetime2",
                        "scale": 0
                    },
                    {
                        "name": "SysEndTime",
                        "type": "datetime2",
                        "scale": 0
                    },
                    {
                        "name": "RawShortageNDCId",
                        "type": "int",
                        "precision": 10
                    },
                    {
                        "name": "isToBeDiscontinued",
                        "type": "bit"
                    },
                    {
                        "name": "isDiscontinued",
                        "type": "bit"
                    },
                    {
                        "name": "AddedDateTime",
                        "type": "datetime",
                        "precision": 23,
                        "scale": 3
                    },
                    {
                        "name": "UpdatedDateTime",
                        "type": "datetime",
                        "precision": 23,
                        "scale": 3
                    },
                    {
                        "name": "isActive",
                        "type": "bit"
                    },
                    {
                        "name": "RawASHPShortageId",
                        "type": "int",
                        "precision": 10
                    },
                    {
                        "name": "InitialPostingDate",
                        "type": "datetime",
                        "precision": 23,
                        "scale": 3
                    },
                    {
                        "name": "ASHPShortageUID",
                        "type": "uniqueidentifier"
                    },
                    {
                        "name": "ItemUId",
                        "type": "uniqueidentifier"
                    },
                    {
                        "name": "ItemMaster_FDAShortageUID",
                        "type": "uniqueidentifier"
                    },
                    {
                        "name": "PharmacyItemShortageUID",
                        "type": "uniqueidentifier"
                    }
                ],
                "typeProperties": {
                    "schema": "dbo",
                    "table": "PharmacyItemShortage"
                }
            },
            "dependsOn": []
        },
        {
            "name": "[concat(parameters('factoryName'), '/CognativeRx_NoTable')]",
            "type": "Microsoft.DataFactory/factories/datasets",
            "apiVersion": "2018-06-01",
            "properties": {
                "linkedServiceName": {
                    "referenceName": "CognitiveRx",
                    "type": "LinkedServiceReference"
                },
                "folder": {
                    "name": "CMS"
                },
                "annotations": [],
                "type": "AzureSqlTable",
                "schema": [],
                "typeProperties": {}
            },
            "dependsOn": []
        },
        {
            "name": "[concat(parameters('factoryName'), '/AspPriceAndLimits_Source_New1')]",
            "type": "Microsoft.DataFactory/factories/datasets",
            "apiVersion": "2018-06-01",
            "properties": {
                "linkedServiceName": {
                    "referenceName": "ItemMaster",
                    "type": "LinkedServiceReference"
                },
                "folder": {
                    "name": "New folder"
                },
                "annotations": [],
                "type": "AzureSqlTable",
                "schema": [
                    {
                        "name": "ItemUId",
                        "type": "uniqueidentifier"
                    },
                    {
                        "name": "AspPriceId",
                        "type": "int",
                        "precision": 10
                    },
                    {
                        "name": "Ndc",
                        "type": "varchar"
                    },
                    {
                        "name": "itemId",
                        "type": "int",
                        "precision": 10
                    },
                    {
                        "name": "QuarterDate",
                        "type": "varchar"
                    },
                    {
                        "name": "RevisionDate",
                        "type": "varchar"
                    },
                    {
                        "name": "HcpcsCode",
                        "type": "char"
                    },
                    {
                        "name": "HCPCSDescription",
                        "type": "varchar"
                    },
                    {
                        "name": "HcpcsCodeDosage",
                        "type": "varchar"
                    },
                    {
                        "name": "AspUnitPrice",
                        "type": "decimal",
                        "precision": 13,
                        "scale": 6
                    },
                    {
                        "name": "PaymentLimit",
                        "type": "decimal",
                        "precision": 13,
                        "scale": 5
                    },
                    {
                        "name": "IndependentEsrdLimit",
                        "type": "decimal",
                        "precision": 13,
                        "scale": 5
                    },
                    {
                        "name": "VaccineLimit",
                        "type": "decimal",
                        "precision": 13,
                        "scale": 5
                    },
                    {
                        "name": "DMEInfusionLimit",
                        "type": "decimal",
                        "precision": 13,
                        "scale": 5
                    },
                    {
                        "name": "BloodLimit",
                        "type": "decimal",
                        "precision": 13,
                        "scale": 5
                    },
                    {
                        "name": "PackageSize",
                        "type": "decimal",
                        "precision": 15,
                        "scale": 5
                    },
                    {
                        "name": "PackageQuantity",
                        "type": "decimal",
                        "precision": 15,
                        "scale": 5
                    },
                    {
                        "name": "BillableUnitsPerPackage",
                        "type": "decimal",
                        "precision": 15,
                        "scale": 5
                    },
                    {
                        "name": "BillableUnitsPer11DigitNDC",
                        "type": "decimal",
                        "precision": 15,
                        "scale": 5
                    },
                    {
                        "name": "IsCurrentRecords",
                        "type": "bit"
                    },
                    {
                        "name": "DateAdded",
                        "type": "datetime",
                        "precision": 23,
                        "scale": 3
                    },
                    {
                        "name": "DateChanged",
                        "type": "datetime",
                        "precision": 23,
                        "scale": 3
                    },
                    {
                        "name": "DataSourceId",
                        "type": "int",
                        "precision": 10
                    }
                ],
                "typeProperties": {
                    "tableName": "[[Sync].[vw_AspPriceAndLimits]"
                }
            },
            "dependsOn": []
        },
        {
            "name": "[concat(parameters('factoryName'), '/CognitiveRx_SQL_RecallType')]",
            "type": "Microsoft.DataFactory/factories/datasets",
            "apiVersion": "2018-06-01",
            "properties": {
                "linkedServiceName": {
                    "referenceName": "CognitiveRx",
                    "type": "LinkedServiceReference"
                },
                "folder": {
                    "name": "New folder"
                },
                "annotations": [],
                "type": "AzureSqlTable",
                "schema": [
                    {
                        "name": "RecallTypeId",
                        "type": "int",
                        "precision": 10
                    },
                    {
                        "name": "Description",
                        "type": "varchar"
                    },
                    {
                        "name": "RecallTypeUId",
                        "type": "uniqueidentifier"
                    },
                    {
                        "name": "CreatedDateTime",
                        "type": "datetime",
                        "precision": 23,
                        "scale": 3
                    },
                    {
                        "name": "UpdatedDateTime",
                        "type": "datetime",
                        "precision": 23,
                        "scale": 3
                    }
                ],
                "typeProperties": {}
            },
            "dependsOn": []
        },
        {
            "name": "[concat(parameters('factoryName'), '/ItemMaster_Source_New1')]",
            "type": "Microsoft.DataFactory/factories/datasets",
            "apiVersion": "2018-06-01",
            "properties": {
                "linkedServiceName": {
                    "referenceName": "ItemMaster",
                    "type": "LinkedServiceReference"
                },
                "folder": {
                    "name": "New folder"
                },
                "annotations": [],
                "type": "AzureSqlTable",
                "schema": [
                    {
                        "name": "ItemId",
                        "type": "int",
                        "precision": 10
                    },
                    {
                        "name": "ItemTypeId",
                        "type": "int",
                        "precision": 10
                    },
                    {
                        "name": "ItemCode",
                        "type": "varchar"
                    },
                    {
                        "name": "ItemDescription",
                        "type": "varchar"
                    },
                    {
                        "name": "MfrId",
                        "type": "int",
                        "precision": 10
                    },
                    {
                        "name": "Gtin",
                        "type": "bigint",
                        "precision": 19
                    },
                    {
                        "name": "DateAdded",
                        "type": "datetime",
                        "precision": 23,
                        "scale": 3
                    },
                    {
                        "name": "DateChanged",
                        "type": "datetime",
                        "precision": 23,
                        "scale": 3
                    },
                    {
                        "name": "ItemUId",
                        "type": "uniqueidentifier"
                    },
                    {
                        "name": "DataSourceId",
                        "type": "int",
                        "precision": 10
                    }
                ],
                "typeProperties": {
                    "tableName": "[[Sync].[vw_ItemMaster]"
                }
            },
            "dependsOn": []
        },
        {
            "name": "[concat(parameters('factoryName'), '/RecallV2SubstanceNameSource')]",
            "type": "Microsoft.DataFactory/factories/datasets",
            "apiVersion": "2018-06-01",
            "properties": {
                "linkedServiceName": {
                    "referenceName": "ItemMaster",
                    "type": "LinkedServiceReference"
                },
                "folder": {
                    "name": "FdaRecallV2"
                },
                "annotations": [],
                "type": "AzureSqlTable",
                "schema": [
                    {
                        "name": "RecallSubstanceNameId",
                        "type": "int",
                        "precision": 10
                    },
                    {
                        "name": "RecallId",
                        "type": "int",
                        "precision": 10
                    },
                    {
                        "name": "RecallNumber",
                        "type": "varchar"
                    },
                    {
                        "name": "FdaEventId",
                        "type": "varchar"
                    },
                    {
                        "name": "SubstanceName",
                        "type": "varchar"
                    },
                    {
                        "name": "DateAdded",
                        "type": "datetime",
                        "precision": 23,
                        "scale": 3
                    },
                    {
                        "name": "DateChanged",
                        "type": "datetime",
                        "precision": 23,
                        "scale": 3
                    },
                    {
                        "name": "PipelineRunId",
                        "type": "varchar"
                    },
                    {
                        "name": "ImportedDate",
                        "type": "datetime",
                        "precision": 23,
                        "scale": 3
                    },
                    {
                        "name": "Status",
                        "type": "char"
                    }
                ],
                "typeProperties": {
                    "schema": "Fda",
                    "table": "RecallV2SubstanceName"
                }
            },
            "dependsOn": []
        },
        {
            "name": "[concat(parameters('factoryName'), '/DataSource_Source_New1')]",
            "type": "Microsoft.DataFactory/factories/datasets",
            "apiVersion": "2018-06-01",
            "properties": {
                "linkedServiceName": {
                    "referenceName": "ItemMaster",
                    "type": "LinkedServiceReference"
                },
                "folder": {
                    "name": "New folder"
                },
                "annotations": [],
                "type": "AzureSqlTable",
                "schema": [
                    {
                        "name": "DataSourceId",
                        "type": "int",
                        "precision": 10
                    },
                    {
                        "name": "DataSourceDesciption",
                        "type": "varchar"
                    },
                    {
                        "name": "DataSourceUID",
                        "type": "uniqueidentifier"
                    }
                ],
                "typeProperties": {
                    "tableName": "[[dbo].[DataSource]"
                }
            },
            "dependsOn": []
        },
        {
            "name": "[concat(parameters('factoryName'), '/NdcIngredients_Source_New1')]",
            "type": "Microsoft.DataFactory/factories/datasets",
            "apiVersion": "2018-06-01",
            "properties": {
                "linkedServiceName": {
                    "referenceName": "ItemMaster",
                    "type": "LinkedServiceReference"
                },
                "folder": {
                    "name": "New folder"
                },
                "annotations": [],
                "type": "AzureSqlTable",
                "schema": [
                    {
                        "name": "Ndc",
                        "type": "varchar"
                    },
                    {
                        "name": "IngredientDrugName",
                        "type": "varchar"
                    },
                    {
                        "name": "IngredientStrengthValue",
                        "type": "decimal",
                        "precision": 13,
                        "scale": 5
                    },
                    {
                        "name": "IngredientStengthUom",
                        "type": "varchar"
                    },
                    {
                        "name": "ItemUId",
                        "type": "uniqueidentifier"
                    }
                ],
                "typeProperties": {
                    "tableName": "[[Sync].[vw_GetNdcWithIngredients]"
                }
            },
            "dependsOn": []
        }
    ]
}