{
    "$schema": "http://schema.management.azure.com/schemas/2015-01-01/deploymentTemplate.json#",
    "contentVersion": "1.0.0.0",
    "parameters": {
        "factoryName": {
            "type": "string",
            "metadata": "Data Factory name",
            "defaultValue": "adf-ItemMaster-MasterData-Receive-prod"
        },
        "mf2rtdf_RoutedDrugFormFile_ADLS_properties_typeProperties_fileName": {
            "type": "string",
            "defaultValue": "MF2RTDF"
        },
        "mf2rtdf_RoutedDrugFormFile_ADLS_properties_typeProperties_folderPath": {
            "type": "string",
            "defaultValue": "@dataset().TargetPath"
        },
        "nabval_ValidationTranslationFile_ADLS_properties_typeProperties_fileName": {
            "type": "string",
            "defaultValue": "NABVAL"
        },
        "nabval_ValidationTranslationFile_ADLS_properties_typeProperties_folderPath": {
            "type": "string",
            "defaultValue": "@dataset().TargetPath"
        },
        "mf2read_ReadMeFile_ALDS_properties_typeProperties_fileName": {
            "type": "string",
            "defaultValue": "MF2READ"
        },
        "mf2read_ReadMeFile_ALDS_properties_typeProperties_folderPath": {
            "type": "string",
            "defaultValue": "@dataset().TargetPath"
        },
        "pb2copy_CopyrightFile_ADLS_properties_typeProperties_fileName": {
            "type": "string",
            "defaultValue": "PB2COPY"
        },
        "pb2copy_CopyrightFile_ADLS_properties_typeProperties_folderPath": {
            "type": "string",
            "defaultValue": "@dataset().TargetPath"
        },
        "Fda_MAUDE_patient_ADL_properties_typeProperties_fileName": {
            "type": "string",
            "defaultValue": "@dataset().Filename"
        },
        "Fda_MAUDE_patient_ADL_properties_typeProperties_folderPath": {
            "type": "string",
            "defaultValue": "@dataset().Path"
        },
        "Fda_ProductCode_ADL_properties_typeProperties_fileName": {
            "type": "string",
            "defaultValue": "@dataset().Filename"
        },
        "Fda_ProductCode_ADL_properties_typeProperties_folderPath": {
            "type": "string",
            "defaultValue": "@dataset().Path"
        },
        "fgpnadd_NadacDetailsFile_ADLS_properties_typeProperties_fileName": {
            "type": "string",
            "defaultValue": "FGPNADD"
        },
        "fgpnadd_NadacDetailsFile_ADLS_properties_typeProperties_folderPath": {
            "type": "string",
            "defaultValue": "@dataset().TargetPath"
        },
        "ddadpp_DosingPatientProfile_ADLS_properties_typeProperties_fileName": {
            "type": "string",
            "defaultValue": "DDADPP.txt"
        },
        "ddadpp_DosingPatientProfile_ADLS_properties_typeProperties_folderPath": {
            "type": "string",
            "defaultValue": "@dataset().TargetPath"
        },
        "mf2stuom_StrengthStrengthUnitOfMeasureFile_ADLS_properties_typeProperties_fileName": {
            "type": "string",
            "defaultValue": "MF2STUOM"
        },
        "mf2stuom_StrengthStrengthUnitOfMeasureFile_ADLS_properties_typeProperties_folderPath": {
            "type": "string",
            "defaultValue": "@dataset().TargetPath"
        },
        "ddarte_RouteFile_ADLS_properties_typeProperties_fileName": {
            "type": "string",
            "defaultValue": "DDARTE.txt"
        },
        "ddarte_RouteFile_ADLS_properties_typeProperties_folderPath": {
            "type": "string",
            "defaultValue": "@dataset().TargetPath"
        },
        "mf2ndc_FormattedNdc_ADLS_properties_typeProperties_fileName": {
            "type": "string",
            "defaultValue": "MF2NDC_FormattedNdc.txt"
        },
        "mf2ndc_FormattedNdc_ADLS_properties_typeProperties_folderPath": {
            "type": "string",
            "defaultValue": "@dataset().TargetPath"
        },
        "fda_gudid_ADLDestinationDataset_properties_typeProperties_folderPath": {
            "type": "string",
            "defaultValue": "@dataset().Path"
        },
        "fgpdict_DataDictionaryFile_ADLS_properties_typeProperties_fileName": {
            "type": "string",
            "defaultValue": "FGPDICT"
        },
        "fgpdict_DataDictionaryFile_ADLS_properties_typeProperties_folderPath": {
            "type": "string",
            "defaultValue": "@dataset().TargetPath"
        },
        "fda_gudid_FTPDataset_properties_typeProperties_fileName": {
            "type": "string",
            "defaultValue": "@dataset().FileName"
        },
        "fda_gudid_FTPDataset_properties_typeProperties_folderPath": {
            "type": "string",
            "defaultValue": "@dataset().Path"
        },
        "pb2ncn_PayAllowLimitNotOtherwiseClassifiedNotesFile_ADLS_properties_typeProperties_fileName": {
            "type": "string",
            "defaultValue": "PB2NCN"
        },
        "pb2ncn_PayAllowLimitNotOtherwiseClassifiedNotesFile_ADLS_properties_typeProperties_folderPath": {
            "type": "string",
            "defaultValue": "@dataset().TargetPath"
        },
        "Fda_MAUDE_text_ADL_properties_typeProperties_fileName": {
            "type": "string",
            "defaultValue": "foitextAdd.txt.Extract.txt"
        },
        "Fda_MAUDE_text_ADL_properties_typeProperties_folderPath": {
            "type": "string",
            "defaultValue": "dev/ItemMaster/FDA/MAUDE/2019/02/20"
        },
        "ddaval_ValidationTranslationFile_ADLS_properties_typeProperties_fileName": {
            "type": "string",
            "defaultValue": "DDAVAL.txt"
        },
        "ddaval_ValidationTranslationFile_ADLS_properties_typeProperties_folderPath": {
            "type": "string",
            "defaultValue": "@dataset().TargetPath"
        },
        "ddadict_DataDictionaryFile_ADLS_properties_typeProperties_fileName": {
            "type": "string",
            "defaultValue": "DDADICT.txt"
        },
        "ddadict_DataDictionaryFile_ADLS_properties_typeProperties_folderPath": {
            "type": "string",
            "defaultValue": "@dataset().TargetPath"
        },
        "nabidsum_ExternalDrugIdentifierApplicationNumberSummaryFile_ADLS_properties_typeProperties_fileName": {
            "type": "string",
            "defaultValue": "NABIDSUM"
        },
        "nabidsum_ExternalDrugIdentifierApplicationNumberSummaryFile_ADLS_properties_typeProperties_folderPath": {
            "type": "string",
            "defaultValue": "@dataset().TargetPath"
        }
    },
    "variables": {
        "factoryId": "[concat('Microsoft.DataFactory/factories/', parameters('factoryName'))]"
    },
    "resources": [
        {
            "name": "[concat(parameters('factoryName'), '/mf2rtdf_RoutedDrugFormFile_ADLS')]",
            "type": "Microsoft.DataFactory/factories/datasets",
            "apiVersion": "2018-06-01",
            "properties": {
                "linkedServiceName": {
                    "referenceName": "ItemMaster_ADL",
                    "type": "LinkedServiceReference"
                },
                "parameters": {
                    "TargetPath": {
                        "type": "String"
                    }
                },
                "folder": {
                    "name": "New folder"
                },
                "annotations": [],
                "type": "AzureDataLakeStoreFile",
                "structure": [
                    {
                        "name": "concept_type",
                        "type": "Int32"
                    },
                    {
                        "name": "country_code",
                        "type": "Int32"
                    },
                    {
                        "name": "concept_id",
                        "type": "Int32"
                    },
                    {
                        "name": "transaction_code",
                        "type": "String"
                    },
                    {
                        "name": "routed_drug_id",
                        "type": "Int32"
                    },
                    {
                        "name": "dose_form_id",
                        "type": "Int32"
                    },
                    {
                        "name": "status",
                        "type": "Int32"
                    },
                    {
                        "name": "link_value",
                        "type": "Int32"
                    },
                    {
                        "name": "link_date",
                        "type": "String"
                    },
                    {
                        "name": "reserve",
                        "type": "String"
                    }
                ],
                "typeProperties": {
                    "format": {
                        "type": "TextFormat",
                        "columnDelimiter": "|",
                        "rowDelimiter": "",
                        "quoteChar": "\"",
                        "treatEmptyAsNull": true,
                        "firstRowAsHeader": false
                    },
                    "fileName": "[parameters('mf2rtdf_RoutedDrugFormFile_ADLS_properties_typeProperties_fileName')]",
                    "folderPath": {
                        "value": "[parameters('mf2rtdf_RoutedDrugFormFile_ADLS_properties_typeProperties_folderPath')]",
                        "type": "Expression"
                    }
                }
            },
            "dependsOn": []
        },
        {
            "name": "[concat(parameters('factoryName'), '/nabval_ValidationTranslationFile_ADLS')]",
            "type": "Microsoft.DataFactory/factories/datasets",
            "apiVersion": "2018-06-01",
            "properties": {
                "linkedServiceName": {
                    "referenceName": "ItemMaster_ADL",
                    "type": "LinkedServiceReference"
                },
                "parameters": {
                    "TargetPath": {
                        "type": "String"
                    }
                },
                "folder": {
                    "name": "New folder"
                },
                "annotations": [],
                "type": "AzureDataLakeStoreFile",
                "structure": [
                    {
                        "name": "Field_Identifier",
                        "type": "String"
                    },
                    {
                        "name": "Field_Value",
                        "type": "String"
                    },
                    {
                        "name": "Language_Code",
                        "type": "Int32"
                    },
                    {
                        "name": "Value_Description",
                        "type": "String"
                    },
                    {
                        "name": "Value_Abbreviation",
                        "type": "String"
                    },
                    {
                        "name": "Reserve",
                        "type": "String"
                    }
                ],
                "typeProperties": {
                    "format": {
                        "type": "TextFormat",
                        "columnDelimiter": "|",
                        "rowDelimiter": "",
                        "treatEmptyAsNull": true,
                        "firstRowAsHeader": false
                    },
                    "fileName": "[parameters('nabval_ValidationTranslationFile_ADLS_properties_typeProperties_fileName')]",
                    "folderPath": {
                        "value": "[parameters('nabval_ValidationTranslationFile_ADLS_properties_typeProperties_folderPath')]",
                        "type": "Expression"
                    }
                }
            },
            "dependsOn": []
        },
        {
            "name": "[concat(parameters('factoryName'), '/mf2read_ReadMeFile_ALDS')]",
            "type": "Microsoft.DataFactory/factories/datasets",
            "apiVersion": "2018-06-01",
            "properties": {
                "linkedServiceName": {
                    "referenceName": "ItemMaster_ADL",
                    "type": "LinkedServiceReference"
                },
                "parameters": {
                    "TargetPath": {
                        "type": "String"
                    }
                },
                "folder": {
                    "name": "New folder"
                },
                "annotations": [],
                "type": "AzureDataLakeStoreFile",
                "structure": [
                    {
                        "name": "read_me_text",
                        "type": "String"
                    }
                ],
                "typeProperties": {
                    "format": {
                        "type": "TextFormat",
                        "columnDelimiter": "|",
                        "rowDelimiter": "",
                        "quoteChar": "\"",
                        "treatEmptyAsNull": true,
                        "firstRowAsHeader": false
                    },
                    "fileName": "[parameters('mf2read_ReadMeFile_ALDS_properties_typeProperties_fileName')]",
                    "folderPath": {
                        "value": "[parameters('mf2read_ReadMeFile_ALDS_properties_typeProperties_folderPath')]",
                        "type": "Expression"
                    }
                }
            },
            "dependsOn": []
        },
        {
            "name": "[concat(parameters('factoryName'), '/pb2copy_CopyrightFile_ADLS')]",
            "type": "Microsoft.DataFactory/factories/datasets",
            "apiVersion": "2018-06-01",
            "properties": {
                "linkedServiceName": {
                    "referenceName": "ItemMaster_ADL",
                    "type": "LinkedServiceReference"
                },
                "parameters": {
                    "TargetPath": {
                        "type": "String"
                    }
                },
                "folder": {
                    "name": "New folder"
                },
                "annotations": [],
                "type": "AzureDataLakeStoreFile",
                "structure": [
                    {
                        "name": "CopyrightStatement",
                        "type": "String"
                    }
                ],
                "typeProperties": {
                    "format": {
                        "type": "TextFormat",
                        "columnDelimiter": "|",
                        "rowDelimiter": "\n",
                        "nullValue": "N/A",
                        "treatEmptyAsNull": true,
                        "firstRowAsHeader": false
                    },
                    "fileName": "[parameters('pb2copy_CopyrightFile_ADLS_properties_typeProperties_fileName')]",
                    "folderPath": {
                        "value": "[parameters('pb2copy_CopyrightFile_ADLS_properties_typeProperties_folderPath')]",
                        "type": "Expression"
                    }
                }
            },
            "dependsOn": []
        },
        {
            "name": "[concat(parameters('factoryName'), '/Fda_MAUDE_patient_ADL')]",
            "type": "Microsoft.DataFactory/factories/datasets",
            "apiVersion": "2018-06-01",
            "properties": {
                "linkedServiceName": {
                    "referenceName": "ItemMaster_ADL",
                    "type": "LinkedServiceReference"
                },
                "parameters": {
                    "Path": {
                        "type": "String"
                    },
                    "Filename": {
                        "type": "String"
                    }
                },
                "folder": {
                    "name": "New folder"
                },
                "annotations": [],
                "type": "AzureDataLakeStoreFile",
                "structure": [
                    {
                        "name": "MDR_REPORT_KEY",
                        "type": "String"
                    },
                    {
                        "name": "PATIENT_SEQUENCE_NUMBER",
                        "type": "String"
                    },
                    {
                        "name": "DATE_RECEIVED",
                        "type": "String"
                    },
                    {
                        "name": "SEQUENCE_NUMBER_TREATMENT",
                        "type": "String"
                    },
                    {
                        "name": "SEQUENCE_NUMBER_OUTCOME",
                        "type": "String"
                    },
                    {
                        "name": "PipelineRunId",
                        "type": "String"
                    }
                ],
                "typeProperties": {
                    "format": {
                        "type": "TextFormat",
                        "columnDelimiter": ",",
                        "rowDelimiter": "",
                        "quoteChar": "\"",
                        "nullValue": "\\N",
                        "encodingName": null,
                        "treatEmptyAsNull": true,
                        "skipLineCount": 0,
                        "firstRowAsHeader": false
                    },
                    "fileName": {
                        "value": "[parameters('Fda_MAUDE_patient_ADL_properties_typeProperties_fileName')]",
                        "type": "Expression"
                    },
                    "folderPath": {
                        "value": "[parameters('Fda_MAUDE_patient_ADL_properties_typeProperties_folderPath')]",
                        "type": "Expression"
                    }
                }
            },
            "dependsOn": []
        },
        {
            "name": "[concat(parameters('factoryName'), '/Fda_ProductCode_ADL')]",
            "type": "Microsoft.DataFactory/factories/datasets",
            "apiVersion": "2018-06-01",
            "properties": {
                "linkedServiceName": {
                    "referenceName": "ItemMaster_ADL",
                    "type": "LinkedServiceReference"
                },
                "parameters": {
                    "Path": {
                        "type": "String"
                    },
                    "Filename": {
                        "type": "String"
                    }
                },
                "folder": {
                    "name": "New folder"
                },
                "annotations": [],
                "type": "AzureDataLakeStoreFile",
                "structure": [
                    {
                        "name": "REVIEW_PANEL",
                        "type": "String"
                    },
                    {
                        "name": "MEDICALSPECIALTY",
                        "type": "String"
                    },
                    {
                        "name": "PRODUCTCODE",
                        "type": "String"
                    },
                    {
                        "name": "DEVICENAME",
                        "type": "String"
                    },
                    {
                        "name": "DEVICECLASS",
                        "type": "String"
                    },
                    {
                        "name": "UNCLASSIFIED_REASON",
                        "type": "Int32"
                    },
                    {
                        "name": "GMPEXEMPTFLAG",
                        "type": "String"
                    },
                    {
                        "name": "THIRDPARTYFLAG",
                        "type": "String"
                    },
                    {
                        "name": "REVIEWCODE",
                        "type": "String"
                    },
                    {
                        "name": "REGULATIONNUMBER",
                        "type": "Double"
                    },
                    {
                        "name": "SUBMISSION_TYPE_ID",
                        "type": "Int32"
                    },
                    {
                        "name": "DEFINITION",
                        "type": "String"
                    },
                    {
                        "name": "PHYSICALSTATE",
                        "type": "String"
                    },
                    {
                        "name": "TECHNICALMETHOD",
                        "type": "String"
                    },
                    {
                        "name": "TARGETAREA",
                        "type": "String"
                    },
                    {
                        "name": "Implant_Flag",
                        "type": "String"
                    },
                    {
                        "name": "Life_Sustain_support_flag",
                        "type": "String"
                    },
                    {
                        "name": "SummaryMalfunctionReporting",
                        "type": "String"
                    },
                    {
                        "name": "Filename"
                    },
                    {
                        "name": "PipelineRunId"
                    }
                ],
                "typeProperties": {
                    "format": {
                        "type": "TextFormat",
                        "columnDelimiter": ",",
                        "rowDelimiter": "",
                        "quoteChar": "\"",
                        "nullValue": "\\N",
                        "encodingName": null,
                        "treatEmptyAsNull": true,
                        "skipLineCount": 0,
                        "firstRowAsHeader": false
                    },
                    "fileName": {
                        "value": "[parameters('Fda_ProductCode_ADL_properties_typeProperties_fileName')]",
                        "type": "Expression"
                    },
                    "folderPath": {
                        "value": "[parameters('Fda_ProductCode_ADL_properties_typeProperties_folderPath')]",
                        "type": "Expression"
                    }
                }
            },
            "dependsOn": []
        },
        {
            "name": "[concat(parameters('factoryName'), '/fgpnadd_NadacDetailsFile_ADLS')]",
            "type": "Microsoft.DataFactory/factories/datasets",
            "apiVersion": "2018-06-01",
            "properties": {
                "linkedServiceName": {
                    "referenceName": "ItemMaster_ADL",
                    "type": "LinkedServiceReference"
                },
                "parameters": {
                    "TargetPath": {
                        "type": "String"
                    }
                },
                "folder": {
                    "name": "New folder"
                },
                "annotations": [],
                "type": "AzureDataLakeStoreFile",
                "structure": [
                    {
                        "name": "external_drug_identifier",
                        "type": "String"
                    },
                    {
                        "name": "pharmacy_type",
                        "type": "String"
                    },
                    {
                        "name": "transaction_cd",
                        "type": "String"
                    },
                    {
                        "name": "description",
                        "type": "String"
                    },
                    {
                        "name": "otc_flag",
                        "type": "String"
                    },
                    {
                        "name": "pricing_unit",
                        "type": "String"
                    },
                    {
                        "name": "class_rate_setting",
                        "type": "String"
                    },
                    {
                        "name": "in_medispan_db_flag",
                        "type": "String"
                    },
                    {
                        "name": "medispan_ndc_inactive_dt",
                        "type": "String"
                    },
                    {
                        "name": "is_same_mddb_pkg_sum",
                        "type": "String"
                    }
                ],
                "typeProperties": {
                    "format": {
                        "type": "TextFormat",
                        "columnDelimiter": "|",
                        "rowDelimiter": "\n",
                        "treatEmptyAsNull": true,
                        "firstRowAsHeader": false
                    },
                    "fileName": "[parameters('fgpnadd_NadacDetailsFile_ADLS_properties_typeProperties_fileName')]",
                    "folderPath": {
                        "value": "[parameters('fgpnadd_NadacDetailsFile_ADLS_properties_typeProperties_folderPath')]",
                        "type": "Expression"
                    }
                }
            },
            "dependsOn": []
        },
        {
            "name": "[concat(parameters('factoryName'), '/ddadpp_DosingPatientProfile_ADLS')]",
            "type": "Microsoft.DataFactory/factories/datasets",
            "apiVersion": "2018-06-01",
            "properties": {
                "linkedServiceName": {
                    "referenceName": "ItemMaster_ADL",
                    "type": "LinkedServiceReference"
                },
                "parameters": {
                    "TargetPath": {
                        "type": "String"
                    }
                },
                "folder": {
                    "name": "New folder"
                },
                "annotations": [],
                "type": "AzureDataLakeStoreFile",
                "structure": [
                    {
                        "name": "ProfileId",
                        "type": "String"
                    },
                    {
                        "name": "TransactionCode",
                        "type": "String"
                    },
                    {
                        "name": "IndicationCode",
                        "type": "String"
                    },
                    {
                        "name": "SpecialConditionCode",
                        "type": "String"
                    },
                    {
                        "name": "AgeTypeCode",
                        "type": "String"
                    },
                    {
                        "name": "AgeDaysLow",
                        "type": "String"
                    },
                    {
                        "name": "AgeDaysHigh",
                        "type": "String"
                    },
                    {
                        "name": "AdditionalAgeTypeCode",
                        "type": "String"
                    },
                    {
                        "name": "AdditionalAgeDaysLow",
                        "type": "String"
                    },
                    {
                        "name": "AdditionalAgeDaysHigh",
                        "type": "String"
                    },
                    {
                        "name": "RenalFunctionMsmtTypeCode",
                        "type": "String"
                    },
                    {
                        "name": "RenalFunctionMsmtLow_Raw",
                        "type": "String"
                    },
                    {
                        "name": "RenalFunctionMsmtHigh_Raw",
                        "type": "String"
                    },
                    {
                        "name": "RenalFunctionMsmtUomCode",
                        "type": "String"
                    },
                    {
                        "name": "WeightCategoryLow_Raw",
                        "type": "String"
                    },
                    {
                        "name": "WeightCategoryHigh_Raw",
                        "type": "String"
                    },
                    {
                        "name": "WeightCategoryUomCode",
                        "type": "String"
                    },
                    {
                        "name": "Reserve",
                        "type": "String"
                    }
                ],
                "typeProperties": {
                    "format": {
                        "type": "TextFormat",
                        "columnDelimiter": "|",
                        "rowDelimiter": "",
                        "treatEmptyAsNull": true,
                        "firstRowAsHeader": false
                    },
                    "fileName": "[parameters('ddadpp_DosingPatientProfile_ADLS_properties_typeProperties_fileName')]",
                    "folderPath": {
                        "value": "[parameters('ddadpp_DosingPatientProfile_ADLS_properties_typeProperties_folderPath')]",
                        "type": "Expression"
                    }
                }
            },
            "dependsOn": []
        },
        {
            "name": "[concat(parameters('factoryName'), '/mf2stuom_StrengthStrengthUnitOfMeasureFile_ADLS')]",
            "type": "Microsoft.DataFactory/factories/datasets",
            "apiVersion": "2018-06-01",
            "properties": {
                "linkedServiceName": {
                    "referenceName": "ItemMaster_ADL",
                    "type": "LinkedServiceReference"
                },
                "parameters": {
                    "TargetPath": {
                        "type": "String"
                    }
                },
                "folder": {
                    "name": "New folder"
                },
                "annotations": [],
                "type": "AzureDataLakeStoreFile",
                "structure": [
                    {
                        "name": "concept_type",
                        "type": "Int32"
                    },
                    {
                        "name": "country_code",
                        "type": "Int32"
                    },
                    {
                        "name": "concept_id",
                        "type": "Int32"
                    },
                    {
                        "name": "transaction_code",
                        "type": "String"
                    },
                    {
                        "name": "strength",
                        "type": "String"
                    },
                    {
                        "name": "strength_unit_of_measure",
                        "type": "String"
                    },
                    {
                        "name": "status",
                        "type": "Int32"
                    },
                    {
                        "name": "link_value",
                        "type": "Int32"
                    },
                    {
                        "name": "link_date",
                        "type": "String"
                    },
                    {
                        "name": "reserve",
                        "type": "String"
                    }
                ],
                "typeProperties": {
                    "format": {
                        "type": "TextFormat",
                        "columnDelimiter": "|",
                        "rowDelimiter": "",
                        "quoteChar": "\"",
                        "nullValue": "",
                        "treatEmptyAsNull": true,
                        "firstRowAsHeader": false
                    },
                    "fileName": "[parameters('mf2stuom_StrengthStrengthUnitOfMeasureFile_ADLS_properties_typeProperties_fileName')]",
                    "folderPath": {
                        "value": "[parameters('mf2stuom_StrengthStrengthUnitOfMeasureFile_ADLS_properties_typeProperties_folderPath')]",
                        "type": "Expression"
                    }
                }
            },
            "dependsOn": []
        },
        {
            "name": "[concat(parameters('factoryName'), '/ddarte_RouteFile_ADLS')]",
            "type": "Microsoft.DataFactory/factories/datasets",
            "apiVersion": "2018-06-01",
            "properties": {
                "linkedServiceName": {
                    "referenceName": "ItemMaster_ADL",
                    "type": "LinkedServiceReference"
                },
                "parameters": {
                    "TargetPath": {
                        "type": "String"
                    }
                },
                "folder": {
                    "name": "New folder"
                },
                "annotations": [],
                "type": "AzureDataLakeStoreFile",
                "structure": [
                    {
                        "name": "RouteId",
                        "type": "String"
                    },
                    {
                        "name": "TransactionCode",
                        "type": "String"
                    },
                    {
                        "name": "RouteAbbreviation",
                        "type": "String"
                    },
                    {
                        "name": "RouteDescription",
                        "type": "String"
                    },
                    {
                        "name": "Reserve",
                        "type": "String"
                    }
                ],
                "typeProperties": {
                    "format": {
                        "type": "TextFormat",
                        "columnDelimiter": "|",
                        "rowDelimiter": "",
                        "nullValue": "",
                        "treatEmptyAsNull": true,
                        "firstRowAsHeader": false
                    },
                    "fileName": "[parameters('ddarte_RouteFile_ADLS_properties_typeProperties_fileName')]",
                    "folderPath": {
                        "value": "[parameters('ddarte_RouteFile_ADLS_properties_typeProperties_folderPath')]",
                        "type": "Expression"
                    }
                }
            },
            "dependsOn": []
        },
        {
            "name": "[concat(parameters('factoryName'), '/mf2ndc_FormattedNdc_ADLS')]",
            "type": "Microsoft.DataFactory/factories/datasets",
            "apiVersion": "2018-06-01",
            "properties": {
                "linkedServiceName": {
                    "referenceName": "ItemMaster_ADL",
                    "type": "LinkedServiceReference"
                },
                "parameters": {
                    "TargetPath": {
                        "type": "String"
                    }
                },
                "folder": {
                    "name": "New folder"
                },
                "annotations": [],
                "type": "AzureDataLakeStoreFile",
                "structure": [
                    {
                        "name": "Ndc",
                        "type": "String"
                    },
                    {
                        "name": "IdNumberFormatCode",
                        "type": "String"
                    },
                    {
                        "name": "Ndc11",
                        "type": "String"
                    },
                    {
                        "name": "Ndc10",
                        "type": "String"
                    }
                ],
                "typeProperties": {
                    "format": {
                        "type": "TextFormat",
                        "columnDelimiter": "\t",
                        "rowDelimiter": "",
                        "treatEmptyAsNull": true,
                        "firstRowAsHeader": true
                    },
                    "fileName": "[parameters('mf2ndc_FormattedNdc_ADLS_properties_typeProperties_fileName')]",
                    "folderPath": {
                        "value": "[parameters('mf2ndc_FormattedNdc_ADLS_properties_typeProperties_folderPath')]",
                        "type": "Expression"
                    }
                }
            },
            "dependsOn": []
        },
        {
            "name": "[concat(parameters('factoryName'), '/FDAMedicationGuides_Binary_ADL')]",
            "type": "Microsoft.DataFactory/factories/datasets",
            "apiVersion": "2018-06-01",
            "properties": {
                "linkedServiceName": {
                    "referenceName": "ItemMaster_ADL",
                    "type": "LinkedServiceReference"
                },
                "parameters": {
                    "Path": {
                        "type": "string"
                    },
                    "Filename": {
                        "type": "string"
                    }
                },
                "folder": {
                    "name": "FDA Medication Guidelines"
                },
                "annotations": [],
                "type": "Binary",
                "typeProperties": {
                    "location": {
                        "type": "AzureDataLakeStoreLocation",
                        "fileName": {
                            "value": "@dataset().Filename",
                            "type": "Expression"
                        },
                        "folderPath": {
                            "value": "@dataset().Path",
                            "type": "Expression"
                        }
                    }
                }
            },
            "dependsOn": []
        },
        {
            "name": "[concat(parameters('factoryName'), '/fda_gudid_ADLDestinationDataset')]",
            "type": "Microsoft.DataFactory/factories/datasets",
            "apiVersion": "2018-06-01",
            "properties": {
                "linkedServiceName": {
                    "referenceName": "ItemMaster_ADL",
                    "type": "LinkedServiceReference"
                },
                "parameters": {
                    "Path": {
                        "type": "String"
                    }
                },
                "folder": {
                    "name": "New folder"
                },
                "annotations": [],
                "type": "AzureDataLakeStoreFile",
                "typeProperties": {
                    "format": {
                        "type": "TextFormat",
                        "columnDelimiter": ",",
                        "rowDelimiter": "",
                        "nullValue": "\\N",
                        "treatEmptyAsNull": true,
                        "skipLineCount": 0,
                        "firstRowAsHeader": false
                    },
                    "folderPath": {
                        "value": "[parameters('fda_gudid_ADLDestinationDataset_properties_typeProperties_folderPath')]",
                        "type": "Expression"
                    }
                }
            },
            "dependsOn": []
        },
        {
            "name": "[concat(parameters('factoryName'), '/fgpdict_DataDictionaryFile_ADLS')]",
            "type": "Microsoft.DataFactory/factories/datasets",
            "apiVersion": "2018-06-01",
            "properties": {
                "linkedServiceName": {
                    "referenceName": "ItemMaster_ADL",
                    "type": "LinkedServiceReference"
                },
                "parameters": {
                    "TargetPath": {
                        "type": "String"
                    }
                },
                "folder": {
                    "name": "New folder"
                },
                "annotations": [],
                "type": "AzureDataLakeStoreFile",
                "structure": [
                    {
                        "name": "field_identifier",
                        "type": "String"
                    },
                    {
                        "name": "field_description",
                        "type": "String"
                    },
                    {
                        "name": "field_type",
                        "type": "String"
                    },
                    {
                        "name": "field_length",
                        "type": "String"
                    },
                    {
                        "name": "implied_decimal_flag",
                        "type": "String"
                    },
                    {
                        "name": "decimal_places",
                        "type": "String"
                    },
                    {
                        "name": "field_validation_flag",
                        "type": "String"
                    },
                    {
                        "name": "field_abbreviation_flag",
                        "type": "String"
                    },
                    {
                        "name": "reserve",
                        "type": "String"
                    }
                ],
                "typeProperties": {
                    "format": {
                        "type": "TextFormat",
                        "columnDelimiter": "|",
                        "rowDelimiter": "\n",
                        "treatEmptyAsNull": true,
                        "firstRowAsHeader": false
                    },
                    "fileName": "[parameters('fgpdict_DataDictionaryFile_ADLS_properties_typeProperties_fileName')]",
                    "folderPath": {
                        "value": "[parameters('fgpdict_DataDictionaryFile_ADLS_properties_typeProperties_folderPath')]",
                        "type": "Expression"
                    }
                }
            },
            "dependsOn": []
        },
        {
            "name": "[concat(parameters('factoryName'), '/fda_gudid_FTPDataset')]",
            "type": "Microsoft.DataFactory/factories/datasets",
            "apiVersion": "2018-06-01",
            "properties": {
                "linkedServiceName": {
                    "referenceName": "FdaFTPConnectionForGUDID",
                    "type": "LinkedServiceReference"
                },
                "parameters": {
                    "Path": {
                        "type": "String"
                    },
                    "FileName": {
                        "type": "String"
                    }
                },
                "folder": {
                    "name": "New folder"
                },
                "annotations": [],
                "type": "FileShare",
                "typeProperties": {
                    "fileName": {
                        "value": "[parameters('fda_gudid_FTPDataset_properties_typeProperties_fileName')]",
                        "type": "Expression"
                    },
                    "folderPath": {
                        "value": "[parameters('fda_gudid_FTPDataset_properties_typeProperties_folderPath')]",
                        "type": "Expression"
                    }
                }
            },
            "dependsOn": []
        },
        {
            "name": "[concat(parameters('factoryName'), '/pb2ncn_PayAllowLimitNotOtherwiseClassifiedNotesFile_ADLS')]",
            "type": "Microsoft.DataFactory/factories/datasets",
            "apiVersion": "2018-06-01",
            "properties": {
                "linkedServiceName": {
                    "referenceName": "ItemMaster_ADL",
                    "type": "LinkedServiceReference"
                },
                "parameters": {
                    "TargetPath": {
                        "type": "String"
                    }
                },
                "folder": {
                    "name": "New folder"
                },
                "annotations": [],
                "type": "AzureDataLakeStoreFile",
                "structure": [
                    {
                        "name": "GenericDrugName",
                        "type": "String"
                    },
                    {
                        "name": "QuarterDate",
                        "type": "String"
                    },
                    {
                        "name": "RevisionDate",
                        "type": "String"
                    },
                    {
                        "name": "TransactionCode",
                        "type": "String"
                    },
                    {
                        "name": "Notes",
                        "type": "String"
                    },
                    {
                        "name": "Reserve",
                        "type": "String"
                    }
                ],
                "typeProperties": {
                    "format": {
                        "type": "TextFormat",
                        "columnDelimiter": "|",
                        "rowDelimiter": "\n",
                        "nullValue": "N/A",
                        "treatEmptyAsNull": true,
                        "firstRowAsHeader": false
                    },
                    "fileName": "[parameters('pb2ncn_PayAllowLimitNotOtherwiseClassifiedNotesFile_ADLS_properties_typeProperties_fileName')]",
                    "folderPath": {
                        "value": "[parameters('pb2ncn_PayAllowLimitNotOtherwiseClassifiedNotesFile_ADLS_properties_typeProperties_folderPath')]",
                        "type": "Expression"
                    }
                }
            },
            "dependsOn": []
        },
        {
            "name": "[concat(parameters('factoryName'), '/Fda_MAUDE_text_ADL')]",
            "type": "Microsoft.DataFactory/factories/datasets",
            "apiVersion": "2018-06-01",
            "properties": {
                "linkedServiceName": {
                    "referenceName": "ItemMaster_ADL",
                    "type": "LinkedServiceReference"
                },
                "parameters": {
                    "Path": {
                        "type": "String"
                    },
                    "Filename": {
                        "type": "String"
                    }
                },
                "folder": {
                    "name": "New folder"
                },
                "annotations": [],
                "type": "AzureDataLakeStoreFile",
                "structure": [
                    {
                        "name": "MDR_REPORT_KEY",
                        "type": "String"
                    },
                    {
                        "name": "MDR_TEXT_KEY",
                        "type": "String"
                    },
                    {
                        "name": "TEXT_TYPE_CODE",
                        "type": "String"
                    },
                    {
                        "name": "PATIENT_SEQUENCE_NUMBER",
                        "type": "String"
                    },
                    {
                        "name": "DATE_REPORT",
                        "type": "String"
                    },
                    {
                        "name": "FOI_TEXT",
                        "type": "String"
                    },
                    {
                        "name": "PipelineRunId",
                        "type": "String"
                    }
                ],
                "typeProperties": {
                    "format": {
                        "type": "TextFormat",
                        "columnDelimiter": ",",
                        "rowDelimiter": "",
                        "quoteChar": "\"",
                        "nullValue": "\\N",
                        "encodingName": null,
                        "treatEmptyAsNull": true,
                        "skipLineCount": 0,
                        "firstRowAsHeader": false
                    },
                    "fileName": "[parameters('Fda_MAUDE_text_ADL_properties_typeProperties_fileName')]",
                    "folderPath": "[parameters('Fda_MAUDE_text_ADL_properties_typeProperties_folderPath')]"
                }
            },
            "dependsOn": []
        },
        {
            "name": "[concat(parameters('factoryName'), '/ddaval_ValidationTranslationFile_ADLS')]",
            "type": "Microsoft.DataFactory/factories/datasets",
            "apiVersion": "2018-06-01",
            "properties": {
                "linkedServiceName": {
                    "referenceName": "ItemMaster_ADL",
                    "type": "LinkedServiceReference"
                },
                "parameters": {
                    "TargetPath": {
                        "type": "String"
                    }
                },
                "folder": {
                    "name": "New folder"
                },
                "annotations": [],
                "type": "AzureDataLakeStoreFile",
                "structure": [
                    {
                        "name": "FieldId",
                        "type": "String"
                    },
                    {
                        "name": "FieldValue",
                        "type": "String"
                    },
                    {
                        "name": "LanguageCode",
                        "type": "String"
                    },
                    {
                        "name": "ValueDescription",
                        "type": "String"
                    },
                    {
                        "name": "ValueAbbreviation",
                        "type": "String"
                    },
                    {
                        "name": "Reserve",
                        "type": "String"
                    }
                ],
                "typeProperties": {
                    "format": {
                        "type": "TextFormat",
                        "columnDelimiter": "|",
                        "rowDelimiter": "",
                        "nullValue": "",
                        "treatEmptyAsNull": true,
                        "firstRowAsHeader": false
                    },
                    "fileName": "[parameters('ddaval_ValidationTranslationFile_ADLS_properties_typeProperties_fileName')]",
                    "folderPath": {
                        "value": "[parameters('ddaval_ValidationTranslationFile_ADLS_properties_typeProperties_folderPath')]",
                        "type": "Expression"
                    }
                }
            },
            "dependsOn": []
        },
        {
            "name": "[concat(parameters('factoryName'), '/ddadict_DataDictionaryFile_ADLS')]",
            "type": "Microsoft.DataFactory/factories/datasets",
            "apiVersion": "2018-06-01",
            "properties": {
                "linkedServiceName": {
                    "referenceName": "ItemMaster_ADL",
                    "type": "LinkedServiceReference"
                },
                "parameters": {
                    "TargetPath": {
                        "type": "String"
                    }
                },
                "folder": {
                    "name": "New folder"
                },
                "annotations": [],
                "type": "AzureDataLakeStoreFile",
                "structure": [
                    {
                        "name": "FieldId",
                        "type": "String"
                    },
                    {
                        "name": "FieldDescription",
                        "type": "String"
                    },
                    {
                        "name": "FieldType",
                        "type": "String"
                    },
                    {
                        "name": "FieldLength",
                        "type": "String"
                    },
                    {
                        "name": "ImpliedDecimalFlag",
                        "type": "String"
                    },
                    {
                        "name": "DecimalPlaces",
                        "type": "String"
                    },
                    {
                        "name": "FieldValidationFlag",
                        "type": "String"
                    },
                    {
                        "name": "FieldAbbreviationFlag",
                        "type": "String"
                    },
                    {
                        "name": "Reserve",
                        "type": "String"
                    }
                ],
                "typeProperties": {
                    "format": {
                        "type": "TextFormat",
                        "columnDelimiter": "|",
                        "rowDelimiter": "",
                        "nullValue": "",
                        "treatEmptyAsNull": true,
                        "firstRowAsHeader": false
                    },
                    "fileName": "[parameters('ddadict_DataDictionaryFile_ADLS_properties_typeProperties_fileName')]",
                    "folderPath": {
                        "value": "[parameters('ddadict_DataDictionaryFile_ADLS_properties_typeProperties_folderPath')]",
                        "type": "Expression"
                    }
                }
            },
            "dependsOn": []
        },
        {
            "name": "[concat(parameters('factoryName'), '/nabidsum_ExternalDrugIdentifierApplicationNumberSummaryFile_ADLS')]",
            "type": "Microsoft.DataFactory/factories/datasets",
            "apiVersion": "2018-06-01",
            "properties": {
                "linkedServiceName": {
                    "referenceName": "ItemMaster_ADL",
                    "type": "LinkedServiceReference"
                },
                "parameters": {
                    "TargetPath": {
                        "type": "String"
                    }
                },
                "folder": {
                    "name": "New folder"
                },
                "annotations": [],
                "type": "AzureDataLakeStoreFile",
                "structure": [
                    {
                        "name": "NDC_UPC_HRI",
                        "type": "String"
                    },
                    {
                        "name": "Transaction_Code",
                        "type": "String"
                    },
                    {
                        "name": "NDA_Flag",
                        "type": "String"
                    },
                    {
                        "name": "ANDA_Flag",
                        "type": "String"
                    },
                    {
                        "name": "BLA_Flag",
                        "type": "String"
                    },
                    {
                        "name": "Reference_Listed_Drug_Flag",
                        "type": "String"
                    },
                    {
                        "name": "FDAs_Therapeutic_Equivalence_Code",
                        "type": "String"
                    },
                    {
                        "name": "FDAs_Approval_Date",
                        "type": "String"
                    },
                    {
                        "name": "FDAs_Approval_Date_prior_to_1-1-1982_Flag",
                        "type": "String"
                    },
                    {
                        "name": "In_MediSpan_DB_Flag",
                        "type": "String"
                    },
                    {
                        "name": "MediSpan_Inactive_Date",
                        "type": "String"
                    },
                    {
                        "name": "Marketing_Category",
                        "type": "String"
                    },
                    {
                        "name": "Start_Marketing_Date",
                        "type": "String"
                    },
                    {
                        "name": "End_Marketing_Date",
                        "type": "String"
                    },
                    {
                        "name": "Reserve",
                        "type": "String"
                    }
                ],
                "typeProperties": {
                    "format": {
                        "type": "TextFormat",
                        "columnDelimiter": "|",
                        "rowDelimiter": "",
                        "treatEmptyAsNull": true,
                        "firstRowAsHeader": false
                    },
                    "fileName": "[parameters('nabidsum_ExternalDrugIdentifierApplicationNumberSummaryFile_ADLS_properties_typeProperties_fileName')]",
                    "folderPath": {
                        "value": "[parameters('nabidsum_ExternalDrugIdentifierApplicationNumberSummaryFile_ADLS_properties_typeProperties_folderPath')]",
                        "type": "Expression"
                    }
                }
            },
            "dependsOn": []
        }
    ]
}