{
    "$schema": "http://schema.management.azure.com/schemas/2015-01-01/deploymentTemplate.json#",
    "contentVersion": "1.0.0.0",
    "parameters": {
        "factoryName": {
            "type": "string",
            "metadata": "Data Factory name",
            "defaultValue": "adf-ItemMaster-MasterData-Receive-prod"
        },
        "ItemMaster_ADL_servicePrincipalKey": {
            "type": "secureString",
            "metadata": "Secure string for 'servicePrincipalKey' of 'ItemMaster_ADL'"
        },
        "ItemMaster_ADLA_servicePrincipalKey": {
            "type": "secureString",
            "metadata": "Secure string for 'servicePrincipalKey' of 'ItemMaster_ADLA'"
        },
        "ItemMasterStorageAcct_connectionString": {
            "type": "secureString",
            "metadata": "Secure string for 'connectionString' of 'ItemMasterStorageAcct'"
        },
        "CentralDataFactoryComponentStorageAccount_connectionString": {
            "type": "secureString",
            "metadata": "Secure string for 'connectionString' of 'CentralDataFactoryComponentStorageAccount'"
        },
        "External_Blob_accountKey": {
            "type": "secureString",
            "metadata": "Secure string for 'accountKey' of 'External_Blob'"
        },
        "Ls_External_Blob_cogrxprod_connectionString": {
            "type": "secureString",
            "metadata": "Secure string for 'connectionString' of 'Ls_External_Blob_cogrxprod'"
        },
        "CognitiveRx_keyvault_properties_typeProperties_baseUrl": {
            "type": "string",
            "defaultValue": "https://kv-CognitiveRx-prod.vault.azure.net/"
        },
        "HttpServer_FDA_Http_AccessData_properties_typeProperties_url": {
            "type": "string",
            "defaultValue": "http://www.accessdata.fda.gov"
        },
        "HttpServer_FDA_Recall_AzureFunction_properties_typeProperties_url": {
            "type": "string",
            "defaultValue": "https://itemmasterfunctions-test.azurewebsites.net/api/FDARecallScreenScrape?code=zI2meUkMSOeFKRGCpoD9AXKyYQd7ilX65cops/kqRNMvM/UkFk4v4Q=="
        },
        "ItemMaster_ADL_properties_typeProperties_dataLakeStoreUri": {
            "type": "string",
            "defaultValue": "https://stitemmasterprod.azuredatalakestore.net/webhdfs/v1"
        },
        "ItemMaster_ADL_properties_typeProperties_servicePrincipalId": {
            "type": "string",
            "defaultValue": "bbb1bd37-904d-4528-8a28-52dedf7fe9db"
        },
        "ItemMaster_ADL_properties_typeProperties_tenant": {
            "type": "string",
            "defaultValue": "b110eddf-23ae-457c-a6f3-734d592b2847"
        },
        "ItemMaster_ADL_properties_typeProperties_subscriptionId": {
            "type": "string",
            "defaultValue": "d0521c58-92af-4b80-9809-8cd793aa9393"
        },
        "ItemMaster_ADL_properties_typeProperties_resourceGroupName": {
            "type": "string",
            "defaultValue": "CognitiveRx-PROD"
        },
        "ItemMaster_ADLA_properties_typeProperties_accountName": {
            "type": "string",
            "defaultValue": "dlaitemmasterprod"
        },
        "ItemMaster_ADLA_properties_typeProperties_servicePrincipalId": {
            "type": "string",
            "defaultValue": "bbb1bd37-904d-4528-8a28-52dedf7fe9db"
        },
        "ItemMaster_ADLA_properties_typeProperties_tenant": {
            "type": "string",
            "defaultValue": "b110eddf-23ae-457c-a6f3-734d592b2847"
        },
        "ItemMaster_ADLA_properties_typeProperties_subscriptionId": {
            "type": "string",
            "defaultValue": "d0521c58-92af-4b80-9809-8cd793aa9393"
        },
        "ItemMaster_ADLA_properties_typeProperties_resourceGroupName": {
            "type": "string",
            "defaultValue": "CognitiveRx-PROD"
        },
        "FdaFTPConnectionForGUDID_properties_typeProperties_host": {
            "type": "string",
            "defaultValue": "ftp://public.nlm.nih.gov"
        },
        "HttpServer_FDA_properties_typeProperties_url": {
            "type": "string",
            "defaultValue": "https://www.fda.gov"
        },
        "HttpServer_FDA_Https_AccessData_properties_typeProperties_url": {
            "type": "string",
            "defaultValue": "https://www.accessdata.fda.gov"
        },
        "External_Blob_properties_typeProperties_url": {
            "type": "string",
            "defaultValue": "https://stcogrxexternalprod.dfs.core.windows.net"
        },
        "NationalWholesale_properties_typeProperties_connectionString_secretName": {
            "type": "string",
            "defaultValue": "Secret-ItemMaster-DB-NationalWholesaler"
        },
        "MasterDataSyncControl_properties_typeProperties_connectionString_secretName": {
            "type": "string",
            "defaultValue": "Secret-ItemMaster-DB-MasterDataSync"
        },
        "ItemMaster_properties_typeProperties_connectionString_secretName": {
            "type": "string",
            "defaultValue": "Secret-ItemMaster-DB-ItemMaster"
        },
        "CognitiveRx_properties_typeProperties_connectionString_secretName": {
            "type": "string",
            "defaultValue": "Secret-CogRX-DB-upmc"
        }
    },
    "variables": {
        "factoryId": "[concat('Microsoft.DataFactory/factories/', parameters('factoryName'))]"
    },
    "resources": [
        {
            "name": "[concat(parameters('factoryName'), '/integrationRuntimeItemMasterSync')]",
            "type": "Microsoft.DataFactory/factories/integrationRuntimes",
            "apiVersion": "2018-06-01",
            "properties": {
                "type": "Managed",
                "typeProperties": {
                    "computeProperties": {
                        "location": "AutoResolve",
                        "dataFlowProperties": {
                            "computeType": "General",
                            "coreCount": 8,
                            "timeToLive": 10
                        }
                    }
                }
            },
            "dependsOn": []
        },
        {
            "name": "[concat(parameters('factoryName'), '/integrationRuntime1')]",
            "type": "Microsoft.DataFactory/factories/integrationRuntimes",
            "apiVersion": "2018-06-01",
            "properties": {
                "type": "Managed",
                "typeProperties": {
                    "computeProperties": {
                        "location": "AutoResolve",
                        "dataFlowProperties": {
                            "computeType": "General",
                            "coreCount": 8,
                            "timeToLive": 10
                        }
                    }
                }
            },
            "dependsOn": []
        },
        {
            "name": "[concat(parameters('factoryName'), '/CognitiveRx_keyvault')]",
            "type": "Microsoft.DataFactory/factories/linkedServices",
            "apiVersion": "2018-06-01",
            "properties": {
                "annotations": [],
                "type": "AzureKeyVault",
                "typeProperties": {
                    "baseUrl": "[parameters('CognitiveRx_keyvault_properties_typeProperties_baseUrl')]"
                }
            },
            "dependsOn": []
        },
        {
            "name": "[concat(parameters('factoryName'), '/HttpServer_FDA_Http_AccessData')]",
            "type": "Microsoft.DataFactory/factories/linkedServices",
            "apiVersion": "2018-06-01",
            "properties": {
                "annotations": [],
                "type": "HttpServer",
                "typeProperties": {
                    "url": "[parameters('HttpServer_FDA_Http_AccessData_properties_typeProperties_url')]",
                    "enableServerCertificateValidation": true,
                    "authenticationType": "Anonymous"
                }
            },
            "dependsOn": []
        },
        {
            "name": "[concat(parameters('factoryName'), '/HttpServer_FDA_Recall_AzureFunction')]",
            "type": "Microsoft.DataFactory/factories/linkedServices",
            "apiVersion": "2018-06-01",
            "properties": {
                "annotations": [],
                "type": "HttpServer",
                "typeProperties": {
                    "url": "[parameters('HttpServer_FDA_Recall_AzureFunction_properties_typeProperties_url')]",
                    "enableServerCertificateValidation": false,
                    "authenticationType": "Anonymous"
                }
            },
            "dependsOn": []
        },
        {
            "name": "[concat(parameters('factoryName'), '/ItemMaster_ADL')]",
            "type": "Microsoft.DataFactory/factories/linkedServices",
            "apiVersion": "2018-06-01",
            "properties": {
                "annotations": [],
                "type": "AzureDataLakeStore",
                "typeProperties": {
                    "dataLakeStoreUri": "[parameters('ItemMaster_ADL_properties_typeProperties_dataLakeStoreUri')]",
                    "servicePrincipalId": "[parameters('ItemMaster_ADL_properties_typeProperties_servicePrincipalId')]",
                    "servicePrincipalKey": {
                        "type": "SecureString",
                        "value": "[parameters('ItemMaster_ADL_servicePrincipalKey')]"
                    },
                    "tenant": "[parameters('ItemMaster_ADL_properties_typeProperties_tenant')]",
                    "subscriptionId": "[parameters('ItemMaster_ADL_properties_typeProperties_subscriptionId')]",
                    "resourceGroupName": "[parameters('ItemMaster_ADL_properties_typeProperties_resourceGroupName')]"
                }
            },
            "dependsOn": []
        },
        {
            "name": "[concat(parameters('factoryName'), '/ItemMaster_ADLA')]",
            "type": "Microsoft.DataFactory/factories/linkedServices",
            "apiVersion": "2018-06-01",
            "properties": {
                "annotations": [],
                "type": "AzureDataLakeAnalytics",
                "typeProperties": {
                    "accountName": "[parameters('ItemMaster_ADLA_properties_typeProperties_accountName')]",
                    "servicePrincipalId": "[parameters('ItemMaster_ADLA_properties_typeProperties_servicePrincipalId')]",
                    "servicePrincipalKey": {
                        "type": "SecureString",
                        "value": "[parameters('ItemMaster_ADLA_servicePrincipalKey')]"
                    },
                    "tenant": "[parameters('ItemMaster_ADLA_properties_typeProperties_tenant')]",
                    "subscriptionId": "[parameters('ItemMaster_ADLA_properties_typeProperties_subscriptionId')]",
                    "resourceGroupName": "[parameters('ItemMaster_ADLA_properties_typeProperties_resourceGroupName')]"
                }
            },
            "dependsOn": []
        },
        {
            "name": "[concat(parameters('factoryName'), '/FdaFTPConnectionForGUDID')]",
            "type": "Microsoft.DataFactory/factories/linkedServices",
            "apiVersion": "2018-06-01",
            "properties": {
                "annotations": [],
                "type": "FtpServer",
                "typeProperties": {
                    "host": "[parameters('FdaFTPConnectionForGUDID_properties_typeProperties_host')]",
                    "port": 21,
                    "enableSsl": false,
                    "enableServerCertificateValidation": false,
                    "authenticationType": "Anonymous"
                }
            },
            "dependsOn": []
        },
        {
            "name": "[concat(parameters('factoryName'), '/HttpServer_FDA')]",
            "type": "Microsoft.DataFactory/factories/linkedServices",
            "apiVersion": "2018-06-01",
            "properties": {
                "annotations": [],
                "type": "HttpServer",
                "typeProperties": {
                    "url": "[parameters('HttpServer_FDA_properties_typeProperties_url')]",
                    "enableServerCertificateValidation": true,
                    "authenticationType": "Anonymous"
                }
            },
            "dependsOn": []
        },
        {
            "name": "[concat(parameters('factoryName'), '/HttpServer_FDA_Https_AccessData')]",
            "type": "Microsoft.DataFactory/factories/linkedServices",
            "apiVersion": "2018-06-01",
            "properties": {
                "annotations": [],
                "type": "HttpServer",
                "typeProperties": {
                    "url": "[parameters('HttpServer_FDA_Https_AccessData_properties_typeProperties_url')]",
                    "enableServerCertificateValidation": true,
                    "authenticationType": "Anonymous"
                }
            },
            "dependsOn": []
        },
        {
            "name": "[concat(parameters('factoryName'), '/ItemMasterStorageAcct')]",
            "type": "Microsoft.DataFactory/factories/linkedServices",
            "apiVersion": "2018-06-01",
            "properties": {
                "annotations": [],
                "type": "AzureBlobStorage",
                "typeProperties": {
                    "connectionString": "[parameters('ItemMasterStorageAcct_connectionString')]"
                }
            },
            "dependsOn": []
        },
        {
            "name": "[concat(parameters('factoryName'), '/CentralDataFactoryComponentStorageAccount')]",
            "type": "Microsoft.DataFactory/factories/linkedServices",
            "apiVersion": "2018-06-01",
            "properties": {
                "annotations": [],
                "type": "AzureStorage",
                "typeProperties": {
                    "connectionString": "[parameters('CentralDataFactoryComponentStorageAccount_connectionString')]"
                }
            },
            "dependsOn": []
        },
        {
            "name": "[concat(parameters('factoryName'), '/External_Blob')]",
            "type": "Microsoft.DataFactory/factories/linkedServices",
            "apiVersion": "2018-06-01",
            "properties": {
                "annotations": [],
                "type": "AzureBlobFS",
                "typeProperties": {
                    "url": "[parameters('External_Blob_properties_typeProperties_url')]",
                    "accountKey": {
                        "type": "SecureString",
                        "value": "[parameters('External_Blob_accountKey')]"
                    }
                }
            },
            "dependsOn": []
        },
        {
            "name": "[concat(parameters('factoryName'), '/Ls_External_Blob_cogrxprod')]",
            "type": "Microsoft.DataFactory/factories/linkedServices",
            "apiVersion": "2018-06-01",
            "properties": {
                "annotations": [],
                "type": "AzureBlobStorage",
                "typeProperties": {
                    "connectionString": "[parameters('Ls_External_Blob_cogrxprod_connectionString')]"
                }
            },
            "dependsOn": []
        },
        {
            "name": "[concat(parameters('factoryName'), '/adhoc fix')]",
            "type": "Microsoft.DataFactory/factories/pipelines",
            "apiVersion": "2018-06-01",
            "properties": {
                "activities": [
                    {
                        "name": "Get Subscription",
                        "type": "WebActivity",
                        "dependsOn": [],
                        "policy": {
                            "timeout": "7.00:00:00",
                            "retry": 0,
                            "retryIntervalInSeconds": 30,
                            "secureOutput": false,
                            "secureInput": false
                        },
                        "userProperties": [],
                        "typeProperties": {
                            "url": "https://management.azure.com/subscriptions?api-version=2020-01-01",
                            "method": "GET",
                            "headers": {},
                            "authentication": {
                                "type": "MSI",
                                "resource": "https://management.core.windows.net/"
                            }
                        }
                    },
                    {
                        "name": "Set Parsed Subscription",
                        "type": "SetVariable",
                        "dependsOn": [
                            {
                                "activity": "Get Subscription",
                                "dependencyConditions": [
                                    "Succeeded"
                                ]
                            }
                        ],
                        "userProperties": [],
                        "typeProperties": {
                            "variableName": "Subscription",
                            "value": {
                                "value": "@replace(activity('Get Subscription').output.value[0].id,'/subscriptions/','')",
                                "type": "Expression"
                            }
                        }
                    },
                    {
                        "name": "Stopping trigger",
                        "type": "WebActivity",
                        "dependsOn": [
                            {
                                "activity": "Set Parsed Subscription",
                                "dependencyConditions": [
                                    "Succeeded"
                                ]
                            }
                        ],
                        "policy": {
                            "timeout": "7.00:00:00",
                            "retry": 0,
                            "retryIntervalInSeconds": 30,
                            "secureOutput": false,
                            "secureInput": false
                        },
                        "userProperties": [],
                        "typeProperties": {
                            "url": {
                                "value": "https://management.azure.com/subscriptions/@{variables('Subscription')}/resourceGroups/@{pipeline().parameters.RG}/providers/Microsoft.DataFactory/factories/@{pipeline().parameters.datafactoryname}/triggers/@{pipeline().parameters.Trigger}/stop?api-version=2018-06-01",
                                "type": "Expression"
                            },
                            "method": "POST",
                            "headers": {
                                "Content-Type": "application/json"
                            },
                            "body": {},
                            "authentication": {
                                "type": "MSI",
                                "resource": "https://management.core.windows.net/"
                            }
                        }
                    },
                    {
                        "name": "Stopping trigger_copy1",
                        "type": "WebActivity",
                        "dependsOn": [
                            {
                                "activity": "Get Subscription",
                                "dependencyConditions": [
                                    "Failed"
                                ]
                            }
                        ],
                        "policy": {
                            "timeout": "7.00:00:00",
                            "retry": 0,
                            "retryIntervalInSeconds": 30,
                            "secureOutput": false,
                            "secureInput": false
                        },
                        "userProperties": [],
                        "typeProperties": {
                            "url": {
                                "value": "https://management.azure.com/subscriptions/d0521c58-92af-4b80-9809-8cd793aa9393/resourceGroups/cognitiverx-prod/providers/Microsoft.DataFactory/factories/adf-CognitiveRx-Daily-prod/triggers/t_d_ScalingUp/stop?api-version=2018-06-01",
                                "type": "Expression"
                            },
                            "method": "POST",
                            "headers": {},
                            "body": {}
                        }
                    }
                ],
                "policy": {
                    "elapsedTimeMetric": {},
                    "cancelAfter": {}
                },
                "parameters": {
                    "RG": {
                        "type": "string",
                        "defaultValue": "cognitiverx-prod"
                    },
                    "Trigger": {
                        "type": "string",
                        "defaultValue": "t_d_ScalingUp"
                    },
                    "datafactoryname": {
                        "type": "string",
                        "defaultValue": "adf-CognitiveRx-Daily-prod"
                    }
                },
                "variables": {
                    "Subscription": {
                        "type": "String"
                    }
                },
                "annotations": [],
                "lastPublishTime": "2022-01-25T06:57:37Z"
            },
            "dependsOn": []
        },
        {
            "name": "[concat(parameters('factoryName'), '/Testingparmtrigger')]",
            "type": "Microsoft.DataFactory/factories/pipelines",
            "apiVersion": "2018-06-01",
            "properties": {
                "activities": [
                    {
                        "name": "Call DF to load itemMaster to CogRx - Web",
                        "type": "WebActivity",
                        "dependsOn": [],
                        "policy": {
                            "timeout": "7.00:00:00",
                            "retry": 0,
                            "retryIntervalInSeconds": 30,
                            "secureOutput": false,
                            "secureInput": false
                        },
                        "userProperties": [],
                        "typeProperties": {
                            "url": "https://management.azure.com/subscriptions/d0521c58-92af-4b80-9809-8cd793aa9393/resourceGroups/CognitiveRx-PROD/providers/Microsoft.DataFactory/factories/adf-ItemMasterDataSync-prod/pipelines/triggertesting3/createRun?api-version=2018-06-01",
                            "method": "POST",
                            "headers": {
                                "Content-Type": "application/json"
                            },
                            "body": {
                                "receivetrigparam": "aravindantriggeredit"
                            },
                            "authentication": {
                                "type": "MSI",
                                "resource": "https://management.core.windows.net/"
                            }
                        }
                    }
                ],
                "policy": {
                    "elapsedTimeMetric": {},
                    "cancelAfter": {}
                },
                "annotations": [],
                "lastPublishTime": "2022-10-19T11:14:02Z"
            },
            "dependsOn": []
        },
        {
            "name": "[concat(parameters('factoryName'), '/NationalWholesale')]",
            "type": "Microsoft.DataFactory/factories/linkedServices",
            "apiVersion": "2018-06-01",
            "properties": {
                "annotations": [],
                "type": "AzureSqlDatabase",
                "typeProperties": {
                    "connectionString": {
                        "type": "AzureKeyVaultSecret",
                        "store": {
                            "referenceName": "CognitiveRx_keyvault",
                            "type": "LinkedServiceReference"
                        },
                        "secretName": "[parameters('NationalWholesale_properties_typeProperties_connectionString_secretName')]"
                    }
                }
            },
            "dependsOn": [
                "[concat(variables('factoryId'), '/linkedServices/CognitiveRx_keyvault')]"
            ]
        },
        {
            "name": "[concat(parameters('factoryName'), '/MasterDataSyncControl')]",
            "type": "Microsoft.DataFactory/factories/linkedServices",
            "apiVersion": "2018-06-01",
            "properties": {
                "annotations": [],
                "type": "AzureSqlDatabase",
                "typeProperties": {
                    "connectionString": {
                        "type": "AzureKeyVaultSecret",
                        "store": {
                            "referenceName": "CognitiveRx_keyvault",
                            "type": "LinkedServiceReference"
                        },
                        "secretName": "[parameters('MasterDataSyncControl_properties_typeProperties_connectionString_secretName')]"
                    }
                }
            },
            "dependsOn": [
                "[concat(variables('factoryId'), '/linkedServices/CognitiveRx_keyvault')]"
            ]
        },
        {
            "name": "[concat(parameters('factoryName'), '/ItemMaster')]",
            "type": "Microsoft.DataFactory/factories/linkedServices",
            "apiVersion": "2018-06-01",
            "properties": {
                "description": "For this process, this link should always point to prod, we always want to syncing from prod",
                "annotations": [],
                "type": "AzureSqlDatabase",
                "typeProperties": {
                    "connectionString": {
                        "type": "AzureKeyVaultSecret",
                        "store": {
                            "referenceName": "CognitiveRx_keyvault",
                            "type": "LinkedServiceReference"
                        },
                        "secretName": "[parameters('ItemMaster_properties_typeProperties_connectionString_secretName')]"
                    }
                }
            },
            "dependsOn": [
                "[concat(variables('factoryId'), '/linkedServices/CognitiveRx_keyvault')]"
            ]
        },
        {
            "name": "[concat(parameters('factoryName'), '/CognitiveRx')]",
            "type": "Microsoft.DataFactory/factories/linkedServices",
            "apiVersion": "2018-06-01",
            "properties": {
                "annotations": [],
                "type": "AzureSqlDatabase",
                "typeProperties": {
                    "connectionString": {
                        "type": "AzureKeyVaultSecret",
                        "store": {
                            "referenceName": "CognitiveRx_keyvault",
                            "type": "LinkedServiceReference"
                        },
                        "secretName": "[parameters('CognitiveRx_properties_typeProperties_connectionString_secretName')]"
                    }
                }
            },
            "dependsOn": [
                "[concat(variables('factoryId'), '/linkedServices/CognitiveRx_keyvault')]"
            ]
        }
    ]
}