{
    "$schema": "http://schema.management.azure.com/schemas/2015-01-01/deploymentTemplate.json#",
    "contentVersion": "1.0.0.0",
    "parameters": {
        "factoryName": {
            "type": "string",
            "metadata": "Data Factory name",
            "defaultValue": "adf-ItemMaster-MasterData-Receive-prod"
        },
        "nabcopy_CopyrightFile_ADLS_properties_typeProperties_fileName": {
            "type": "string",
            "defaultValue": "NABCOPY"
        },
        "nabcopy_CopyrightFile_ADLS_properties_typeProperties_folderPath": {
            "type": "string",
            "defaultValue": "@dataset().TargetPath"
        },
        "ddauom_UnitOfMeasureFile_ADLS_properties_typeProperties_fileName": {
            "type": "string",
            "defaultValue": "DDAUOM.txt"
        },
        "ddauom_UnitOfMeasureFile_ADLS_properties_typeProperties_folderPath": {
            "type": "string",
            "defaultValue": "@dataset().TargetPath"
        },
        "mf2sum_SummaryFile_ADLS_properties_typeProperties_fileName": {
            "type": "string",
            "defaultValue": "MF2SUM"
        },
        "mf2sum_SummaryFile_ADLS_properties_typeProperties_folderPath": {
            "type": "string",
            "defaultValue": "@dataset().TargetPath"
        },
        "mf2copy_CopyrightFile_ADLS_properties_typeProperties_fileName": {
            "type": "string",
            "defaultValue": "MF2COPY"
        },
        "mf2copy_CopyrightFile_ADLS_properties_typeProperties_folderPath": {
            "type": "string",
            "defaultValue": "@dataset().TargetPath"
        },
        "Fda_OrangeBook_Products_ADLS_properties_typeProperties_fileName": {
            "type": "string",
            "defaultValue": "products.txt"
        },
        "Fda_OrangeBook_Products_ADLS_properties_typeProperties_folderPath": {
            "type": "string",
            "defaultValue": "@dataset().Path"
        },
        "Fda_PatentUseCodes_Source_properties_typeProperties_fileName": {
            "type": "string",
            "defaultValue": "FDAPatent UseCodes.csv"
        },
        "Fda_PatentUseCodes_Source_properties_typeProperties_folderPath": {
            "type": "string",
            "defaultValue": "@dataset().Path"
        },
        "pb2lmn_PaymentAllowanceLimitNotesFile_ADLS_properties_typeProperties_fileName": {
            "type": "string",
            "defaultValue": "PB2LMN"
        },
        "pb2lmn_PaymentAllowanceLimitNotesFile_ADLS_properties_typeProperties_folderPath": {
            "type": "string",
            "defaultValue": "@dataset().TargetPath"
        },
        "mf2idrg_IngredientDrugFile_ADLS_properties_typeProperties_fileName": {
            "type": "string",
            "defaultValue": "MF2IDRG"
        },
        "mf2idrg_IngredientDrugFile_ADLS_properties_typeProperties_folderPath": {
            "type": "string",
            "defaultValue": "@dataset().TargetPath"
        },
        "ahfdesc_AhfsCodeDescriptionFile_ADLS_properties_typeProperties_fileName": {
            "type": "string",
            "defaultValue": "AHFDESC"
        },
        "ahfdesc_AhfsCodeDescriptionFile_ADLS_properties_typeProperties_folderPath": {
            "type": "string",
            "defaultValue": "@dataset().TargetPath"
        },
        "Fda_MAUDE_foidev_ADL_properties_typeProperties_fileName": {
            "type": "string",
            "defaultValue": "@dataset().Filename"
        },
        "Fda_MAUDE_foidev_ADL_properties_typeProperties_folderPath": {
            "type": "string",
            "defaultValue": "@dataset().Path"
        },
        "pb2dict_DataDictionaryFile_ADLS_properties_typeProperties_fileName": {
            "type": "string",
            "defaultValue": "PB2DICT"
        },
        "pb2dict_DataDictionaryFile_ADLS_properties_typeProperties_folderPath": {
            "type": "string",
            "defaultValue": "@dataset().TargetPath"
        },
        "mf2rtdrg_RoutedDrugFile_ADLS_properties_typeProperties_fileName": {
            "type": "string",
            "defaultValue": "MF2RTDRG"
        },
        "mf2rtdrg_RoutedDrugFile_ADLS_properties_typeProperties_folderPath": {
            "type": "string",
            "defaultValue": "@dataset().TargetPath"
        },
        "ddaread_ReadMeFile_ADLS_properties_typeProperties_fileName": {
            "type": "string",
            "defaultValue": "DDAREAD.txt"
        },
        "ddaread_ReadMeFile_ADLS_properties_typeProperties_folderPath": {
            "type": "string",
            "defaultValue": "@dataset().TargetPath"
        },
        "mf2str_IngredientIdToDrugStrengthFile_ADLS_properties_typeProperties_fileName": {
            "type": "string",
            "defaultValue": "MF2STR"
        },
        "mf2str_IngredientIdToDrugStrengthFile_ADLS_properties_typeProperties_folderPath": {
            "type": "string",
            "defaultValue": "@dataset().TargetPath"
        },
        "nabread_ReadMeFile_ADLS_properties_typeProperties_fileName": {
            "type": "string",
            "defaultValue": "NABREAD"
        },
        "nabread_ReadMeFile_ADLS_properties_typeProperties_folderPath": {
            "type": "string",
            "defaultValue": "@dataset().TargetPath"
        },
        "mf2rnm_ReferenceNameFile_ADLS_properties_typeProperties_fileName": {
            "type": "string",
            "defaultValue": "MF2RNM"
        },
        "mf2rnm_ReferenceNameFile_ADLS_properties_typeProperties_folderPath": {
            "type": "string",
            "defaultValue": "@dataset().TargetPath"
        },
        "fgpval_ValidationTranslationFile_ADLS_properties_typeProperties_fileName": {
            "type": "string",
            "defaultValue": "FGPVAL"
        },
        "fgpval_ValidationTranslationFile_ADLS_properties_typeProperties_folderPath": {
            "type": "string",
            "defaultValue": "@dataset().TargetPath"
        },
        "ahfdict_DataDictionaryFile_ADLS_properties_typeProperties_fileName": {
            "type": "string",
            "defaultValue": "AHFDICT"
        },
        "ahfdict_DataDictionaryFile_ADLS_properties_typeProperties_folderPath": {
            "type": "string",
            "defaultValue": "@dataset().TargetPath"
        }
    },
    "variables": {
        "factoryId": "[concat('Microsoft.DataFactory/factories/', parameters('factoryName'))]"
    },
    "resources": [
        {
            "name": "[concat(parameters('factoryName'), '/nabcopy_CopyrightFile_ADLS')]",
            "type": "Microsoft.DataFactory/factories/datasets",
            "apiVersion": "2018-06-01",
            "properties": {
                "linkedServiceName": {
                    "referenceName": "ItemMaster_ADL",
                    "type": "LinkedServiceReference"
                },
                "parameters": {
                    "TargetPath": {
                        "type": "String"
                    }
                },
                "folder": {
                    "name": "New folder"
                },
                "annotations": [],
                "type": "AzureDataLakeStoreFile",
                "structure": [
                    {
                        "name": "copyright_statement",
                        "type": "String"
                    }
                ],
                "typeProperties": {
                    "format": {
                        "type": "TextFormat",
                        "columnDelimiter": "|",
                        "rowDelimiter": "",
                        "treatEmptyAsNull": true,
                        "firstRowAsHeader": false
                    },
                    "fileName": "[parameters('nabcopy_CopyrightFile_ADLS_properties_typeProperties_fileName')]",
                    "folderPath": {
                        "value": "[parameters('nabcopy_CopyrightFile_ADLS_properties_typeProperties_folderPath')]",
                        "type": "Expression"
                    }
                }
            },
            "dependsOn": []
        },
        {
            "name": "[concat(parameters('factoryName'), '/ddauom_UnitOfMeasureFile_ADLS')]",
            "type": "Microsoft.DataFactory/factories/datasets",
            "apiVersion": "2018-06-01",
            "properties": {
                "linkedServiceName": {
                    "referenceName": "ItemMaster_ADL",
                    "type": "LinkedServiceReference"
                },
                "parameters": {
                    "TargetPath": {
                        "type": "String"
                    }
                },
                "folder": {
                    "name": "New folder"
                },
                "annotations": [],
                "type": "AzureDataLakeStoreFile",
                "structure": [
                    {
                        "name": "UnitOfMeasureId",
                        "type": "String"
                    },
                    {
                        "name": "TransactionCode",
                        "type": "String"
                    },
                    {
                        "name": "UnitOfMeasureDescription",
                        "type": "String"
                    },
                    {
                        "name": "UnitOfMeasureTypeCode",
                        "type": "String"
                    },
                    {
                        "name": "Reserve",
                        "type": "String"
                    }
                ],
                "typeProperties": {
                    "format": {
                        "type": "TextFormat",
                        "columnDelimiter": "|",
                        "rowDelimiter": "",
                        "nullValue": "",
                        "treatEmptyAsNull": true,
                        "firstRowAsHeader": false
                    },
                    "fileName": "[parameters('ddauom_UnitOfMeasureFile_ADLS_properties_typeProperties_fileName')]",
                    "folderPath": {
                        "value": "[parameters('ddauom_UnitOfMeasureFile_ADLS_properties_typeProperties_folderPath')]",
                        "type": "Expression"
                    }
                }
            },
            "dependsOn": []
        },
        {
            "name": "[concat(parameters('factoryName'), '/HttpServer_FDA_Http')]",
            "type": "Microsoft.DataFactory/factories/datasets",
            "apiVersion": "2018-06-01",
            "properties": {
                "linkedServiceName": {
                    "referenceName": "HttpServer_FDA",
                    "type": "LinkedServiceReference"
                },
                "parameters": {
                    "link": {
                        "type": "string"
                    }
                },
                "folder": {
                    "name": "FDA Medication Guidelines"
                },
                "annotations": [],
                "type": "Binary",
                "typeProperties": {
                    "location": {
                        "type": "HttpServerLocation",
                        "relativeUrl": {
                            "value": "@dataset().link",
                            "type": "Expression"
                        }
                    }
                }
            },
            "dependsOn": []
        },
        {
            "name": "[concat(parameters('factoryName'), '/mf2sum_SummaryFile_ADLS')]",
            "type": "Microsoft.DataFactory/factories/datasets",
            "apiVersion": "2018-06-01",
            "properties": {
                "linkedServiceName": {
                    "referenceName": "ItemMaster_ADL",
                    "type": "LinkedServiceReference"
                },
                "parameters": {
                    "TargetPath": {
                        "type": "String"
                    }
                },
                "folder": {
                    "name": "New folder"
                },
                "annotations": [],
                "type": "AzureDataLakeStoreFile",
                "structure": [
                    {
                        "name": "record_type",
                        "type": "String"
                    },
                    {
                        "name": "reserve_1",
                        "type": "String"
                    },
                    {
                        "name": "sequence_number",
                        "type": "String"
                    },
                    {
                        "name": "reserve_2",
                        "type": "String"
                    },
                    {
                        "name": "comment_marker",
                        "type": "String"
                    },
                    {
                        "name": "data_comment",
                        "type": "String"
                    }
                ],
                "typeProperties": {
                    "format": {
                        "type": "TextFormat",
                        "columnDelimiter": "|",
                        "rowDelimiter": "",
                        "quoteChar": "\"",
                        "treatEmptyAsNull": true,
                        "firstRowAsHeader": false
                    },
                    "fileName": "[parameters('mf2sum_SummaryFile_ADLS_properties_typeProperties_fileName')]",
                    "folderPath": {
                        "value": "[parameters('mf2sum_SummaryFile_ADLS_properties_typeProperties_folderPath')]",
                        "type": "Expression"
                    }
                }
            },
            "dependsOn": []
        },
        {
            "name": "[concat(parameters('factoryName'), '/mf2copy_CopyrightFile_ADLS')]",
            "type": "Microsoft.DataFactory/factories/datasets",
            "apiVersion": "2018-06-01",
            "properties": {
                "linkedServiceName": {
                    "referenceName": "ItemMaster_ADL",
                    "type": "LinkedServiceReference"
                },
                "parameters": {
                    "TargetPath": {
                        "type": "String"
                    }
                },
                "folder": {
                    "name": "New folder"
                },
                "annotations": [],
                "type": "AzureDataLakeStoreFile",
                "structure": [
                    {
                        "name": "copyright_statement",
                        "type": "String"
                    }
                ],
                "typeProperties": {
                    "format": {
                        "type": "TextFormat",
                        "columnDelimiter": "|",
                        "rowDelimiter": "",
                        "quoteChar": "\"",
                        "treatEmptyAsNull": true,
                        "firstRowAsHeader": false
                    },
                    "fileName": "[parameters('mf2copy_CopyrightFile_ADLS_properties_typeProperties_fileName')]",
                    "folderPath": {
                        "value": "[parameters('mf2copy_CopyrightFile_ADLS_properties_typeProperties_folderPath')]",
                        "type": "Expression"
                    }
                }
            },
            "dependsOn": []
        },
        {
            "name": "[concat(parameters('factoryName'), '/Fda_OrangeBook_Products_ADLS')]",
            "type": "Microsoft.DataFactory/factories/datasets",
            "apiVersion": "2018-06-01",
            "properties": {
                "linkedServiceName": {
                    "referenceName": "ItemMaster_ADL",
                    "type": "LinkedServiceReference"
                },
                "parameters": {
                    "Path": {
                        "type": "String"
                    }
                },
                "folder": {
                    "name": "New folder"
                },
                "annotations": [],
                "type": "AzureDataLakeStoreFile",
                "structure": [
                    {
                        "name": "Ingredient",
                        "type": "String"
                    },
                    {
                        "name": "DF;Route",
                        "type": "String"
                    },
                    {
                        "name": "Trade_Name",
                        "type": "String"
                    },
                    {
                        "name": "Applicant",
                        "type": "String"
                    },
                    {
                        "name": "Strength",
                        "type": "String"
                    },
                    {
                        "name": "Appl_Type",
                        "type": "String"
                    },
                    {
                        "name": "Appl_No",
                        "type": "String"
                    },
                    {
                        "name": "Product_No",
                        "type": "String"
                    },
                    {
                        "name": "TE_Code",
                        "type": "String"
                    },
                    {
                        "name": "Approval_Date",
                        "type": "String"
                    },
                    {
                        "name": "RLD",
                        "type": "String"
                    },
                    {
                        "name": "RS",
                        "type": "String"
                    },
                    {
                        "name": "Type",
                        "type": "String"
                    },
                    {
                        "name": "Applicant_Full_Name",
                        "type": "String"
                    }
                ],
                "typeProperties": {
                    "format": {
                        "type": "TextFormat",
                        "columnDelimiter": "~",
                        "rowDelimiter": "",
                        "treatEmptyAsNull": true,
                        "skipLineCount": 0,
                        "firstRowAsHeader": true
                    },
                    "fileName": "[parameters('Fda_OrangeBook_Products_ADLS_properties_typeProperties_fileName')]",
                    "folderPath": {
                        "value": "[parameters('Fda_OrangeBook_Products_ADLS_properties_typeProperties_folderPath')]",
                        "type": "Expression"
                    }
                }
            },
            "dependsOn": []
        },
        {
            "name": "[concat(parameters('factoryName'), '/Fda_PatentUseCodes_Source')]",
            "type": "Microsoft.DataFactory/factories/datasets",
            "apiVersion": "2018-06-01",
            "properties": {
                "linkedServiceName": {
                    "referenceName": "ItemMaster_ADL",
                    "type": "LinkedServiceReference"
                },
                "parameters": {
                    "Path": {
                        "type": "String"
                    }
                },
                "folder": {
                    "name": "New folder"
                },
                "annotations": [],
                "type": "AzureDataLakeStoreFile",
                "structure": [
                    {
                        "name": "Code",
                        "type": "String"
                    },
                    {
                        "name": "Definition",
                        "type": "String"
                    }
                ],
                "typeProperties": {
                    "format": {
                        "type": "TextFormat",
                        "columnDelimiter": "\t",
                        "rowDelimiter": "",
                        "nullValue": "\\N",
                        "treatEmptyAsNull": true,
                        "skipLineCount": 0,
                        "firstRowAsHeader": true
                    },
                    "fileName": "[parameters('Fda_PatentUseCodes_Source_properties_typeProperties_fileName')]",
                    "folderPath": {
                        "value": "[parameters('Fda_PatentUseCodes_Source_properties_typeProperties_folderPath')]",
                        "type": "Expression"
                    }
                }
            },
            "dependsOn": []
        },
        {
            "name": "[concat(parameters('factoryName'), '/pb2lmn_PaymentAllowanceLimitNotesFile_ADLS')]",
            "type": "Microsoft.DataFactory/factories/datasets",
            "apiVersion": "2018-06-01",
            "properties": {
                "linkedServiceName": {
                    "referenceName": "ItemMaster_ADL",
                    "type": "LinkedServiceReference"
                },
                "parameters": {
                    "TargetPath": {
                        "type": "String"
                    }
                },
                "folder": {
                    "name": "New folder"
                },
                "annotations": [],
                "type": "AzureDataLakeStoreFile",
                "structure": [
                    {
                        "name": "HcpcsCode",
                        "type": "String"
                    },
                    {
                        "name": "QuarterDate",
                        "type": "String"
                    },
                    {
                        "name": "RevisionDate",
                        "type": "String"
                    },
                    {
                        "name": "TransactionCode",
                        "type": "String"
                    },
                    {
                        "name": "Notes",
                        "type": "String"
                    },
                    {
                        "name": "Reserve",
                        "type": "String"
                    }
                ],
                "typeProperties": {
                    "format": {
                        "type": "TextFormat",
                        "columnDelimiter": "|",
                        "rowDelimiter": "\n",
                        "nullValue": "N/A",
                        "treatEmptyAsNull": true,
                        "firstRowAsHeader": false
                    },
                    "fileName": "[parameters('pb2lmn_PaymentAllowanceLimitNotesFile_ADLS_properties_typeProperties_fileName')]",
                    "folderPath": {
                        "value": "[parameters('pb2lmn_PaymentAllowanceLimitNotesFile_ADLS_properties_typeProperties_folderPath')]",
                        "type": "Expression"
                    }
                }
            },
            "dependsOn": []
        },
        {
            "name": "[concat(parameters('factoryName'), '/mf2idrg_IngredientDrugFile_ADLS')]",
            "type": "Microsoft.DataFactory/factories/datasets",
            "apiVersion": "2018-06-01",
            "properties": {
                "linkedServiceName": {
                    "referenceName": "ItemMaster_ADL",
                    "type": "LinkedServiceReference"
                },
                "parameters": {
                    "TargetPath": {
                        "type": "String"
                    }
                },
                "folder": {
                    "name": "New folder"
                },
                "annotations": [],
                "type": "AzureDataLakeStoreFile",
                "structure": [
                    {
                        "name": "ingredient_drug_id",
                        "type": "Int32"
                    },
                    {
                        "name": "transaction_code",
                        "type": "String"
                    },
                    {
                        "name": "cas_number",
                        "type": "String"
                    },
                    {
                        "name": "kdc",
                        "type": "Int32"
                    },
                    {
                        "name": "reserve1",
                        "type": "String"
                    },
                    {
                        "name": "ingredient_drug_name",
                        "type": "String"
                    },
                    {
                        "name": "generic_id",
                        "type": "String"
                    },
                    {
                        "name": "reserve2",
                        "type": "String"
                    }
                ],
                "typeProperties": {
                    "format": {
                        "type": "TextFormat",
                        "columnDelimiter": "|",
                        "rowDelimiter": "",
                        "quoteChar": "\"",
                        "treatEmptyAsNull": true,
                        "firstRowAsHeader": false
                    },
                    "fileName": "[parameters('mf2idrg_IngredientDrugFile_ADLS_properties_typeProperties_fileName')]",
                    "folderPath": {
                        "value": "[parameters('mf2idrg_IngredientDrugFile_ADLS_properties_typeProperties_folderPath')]",
                        "type": "Expression"
                    }
                }
            },
            "dependsOn": []
        },
        {
            "name": "[concat(parameters('factoryName'), '/ahfdesc_AhfsCodeDescriptionFile_ADLS')]",
            "type": "Microsoft.DataFactory/factories/datasets",
            "apiVersion": "2018-06-01",
            "properties": {
                "linkedServiceName": {
                    "referenceName": "ItemMaster_ADL",
                    "type": "LinkedServiceReference"
                },
                "parameters": {
                    "TargetPath": {
                        "type": "String"
                    }
                },
                "folder": {
                    "name": "New folder"
                },
                "annotations": [],
                "type": "AzureDataLakeStoreFile",
                "structure": [
                    {
                        "name": "AHFS_Code",
                        "type": "String"
                    },
                    {
                        "name": "Transaction_Code",
                        "type": "String"
                    },
                    {
                        "name": "AHFS_Level_Code",
                        "type": "String"
                    },
                    {
                        "name": "AHFS_Description",
                        "type": "String"
                    },
                    {
                        "name": "Prop_4Reserve",
                        "type": "String"
                    }
                ],
                "typeProperties": {
                    "format": {
                        "type": "TextFormat",
                        "columnDelimiter": "|",
                        "rowDelimiter": "\n",
                        "treatEmptyAsNull": true,
                        "firstRowAsHeader": false
                    },
                    "fileName": "[parameters('ahfdesc_AhfsCodeDescriptionFile_ADLS_properties_typeProperties_fileName')]",
                    "folderPath": {
                        "value": "[parameters('ahfdesc_AhfsCodeDescriptionFile_ADLS_properties_typeProperties_folderPath')]",
                        "type": "Expression"
                    }
                }
            },
            "dependsOn": []
        },
        {
            "name": "[concat(parameters('factoryName'), '/Fda_MAUDE_foidev_ADL')]",
            "type": "Microsoft.DataFactory/factories/datasets",
            "apiVersion": "2018-06-01",
            "properties": {
                "linkedServiceName": {
                    "referenceName": "ItemMaster_ADL",
                    "type": "LinkedServiceReference"
                },
                "parameters": {
                    "Path": {
                        "type": "String"
                    },
                    "Filename": {
                        "type": "String"
                    }
                },
                "folder": {
                    "name": "New folder"
                },
                "annotations": [],
                "type": "AzureDataLakeStoreFile",
                "structure": [
                    {
                        "name": "MDR_REPORT_KEY",
                        "type": "String"
                    },
                    {
                        "name": "DEVICE_EVENT_KEY",
                        "type": "String"
                    },
                    {
                        "name": "IMPLANT_FLAG",
                        "type": "String"
                    },
                    {
                        "name": "DATE_REMOVED_FLAG",
                        "type": "String"
                    },
                    {
                        "name": "DEVICE_SEQUENCE_NO",
                        "type": "String"
                    },
                    {
                        "name": "DATE_RECEIVED",
                        "type": "String"
                    },
                    {
                        "name": "BRAND_NAME",
                        "type": "String"
                    },
                    {
                        "name": "GENERIC_NAME",
                        "type": "String"
                    },
                    {
                        "name": "MANUFACTURER_D_NAME",
                        "type": "String"
                    },
                    {
                        "name": "MANUFACTURER_D_ADDRESS_1",
                        "type": "String"
                    },
                    {
                        "name": "MANUFACTURER_D_ADDRESS_2",
                        "type": "String"
                    },
                    {
                        "name": "MANUFACTURER_D_CITY",
                        "type": "String"
                    },
                    {
                        "name": "MANUFACTURER_D_STATE_CODE",
                        "type": "String"
                    },
                    {
                        "name": "MANUFACTURER_D_ZIP_CODE",
                        "type": "String"
                    },
                    {
                        "name": "MANUFACTURER_D_ZIP_CODE_EXT",
                        "type": "String"
                    },
                    {
                        "name": "MANUFACTURER_D_COUNTRY_CODE",
                        "type": "String"
                    },
                    {
                        "name": "MANUFACTURER_D_POSTAL_CODE",
                        "type": "String"
                    },
                    {
                        "name": "EXPIRATION_DATE_OF_DEVICE",
                        "type": "String"
                    },
                    {
                        "name": "MODEL_NUMBER",
                        "type": "String"
                    },
                    {
                        "name": "CATALOG_NUMBER",
                        "type": "String"
                    },
                    {
                        "name": "LOT_NUMBER",
                        "type": "String"
                    },
                    {
                        "name": "OTHER_ID_NUMBER",
                        "type": "String"
                    },
                    {
                        "name": "DEVICE_OPERATOR",
                        "type": "String"
                    },
                    {
                        "name": "DEVICE_AVAILABILITY",
                        "type": "String"
                    },
                    {
                        "name": "DATE_RETURNED_TO_MANUFACTURER",
                        "type": "String"
                    },
                    {
                        "name": "DEVICE_REPORT_PRODUCT_CODE",
                        "type": "String"
                    },
                    {
                        "name": "DEVICE_AGE_TEXT",
                        "type": "String"
                    },
                    {
                        "name": "DEVICE_EVALUATED_BY_MANUFACTUR",
                        "type": "String"
                    },
                    {
                        "name": "PipelineRunId",
                        "type": "String"
                    }
                ],
                "typeProperties": {
                    "format": {
                        "type": "TextFormat",
                        "columnDelimiter": ",",
                        "rowDelimiter": "",
                        "quoteChar": "\"",
                        "nullValue": "\\N",
                        "encodingName": null,
                        "treatEmptyAsNull": true,
                        "skipLineCount": 0,
                        "firstRowAsHeader": false
                    },
                    "fileName": {
                        "value": "[parameters('Fda_MAUDE_foidev_ADL_properties_typeProperties_fileName')]",
                        "type": "Expression"
                    },
                    "folderPath": {
                        "value": "[parameters('Fda_MAUDE_foidev_ADL_properties_typeProperties_folderPath')]",
                        "type": "Expression"
                    }
                }
            },
            "dependsOn": []
        },
        {
            "name": "[concat(parameters('factoryName'), '/pb2dict_DataDictionaryFile_ADLS')]",
            "type": "Microsoft.DataFactory/factories/datasets",
            "apiVersion": "2018-06-01",
            "properties": {
                "linkedServiceName": {
                    "referenceName": "ItemMaster_ADL",
                    "type": "LinkedServiceReference"
                },
                "parameters": {
                    "TargetPath": {
                        "type": "String"
                    }
                },
                "folder": {
                    "name": "New folder"
                },
                "annotations": [],
                "type": "AzureDataLakeStoreFile",
                "structure": [
                    {
                        "name": "FieldId",
                        "type": "String"
                    },
                    {
                        "name": "FieldDescription",
                        "type": "String"
                    },
                    {
                        "name": "FieldType",
                        "type": "String"
                    },
                    {
                        "name": "FieldLength",
                        "type": "String"
                    },
                    {
                        "name": "ImpliedDecimalFlag",
                        "type": "String"
                    },
                    {
                        "name": "DecimalPlaces",
                        "type": "String"
                    },
                    {
                        "name": "FieldValidationFlag",
                        "type": "String"
                    },
                    {
                        "name": "FieldAbbreviationFlag",
                        "type": "String"
                    },
                    {
                        "name": "Reserve",
                        "type": "String"
                    }
                ],
                "typeProperties": {
                    "format": {
                        "type": "TextFormat",
                        "columnDelimiter": "|",
                        "rowDelimiter": "\n",
                        "nullValue": "N/A",
                        "treatEmptyAsNull": true,
                        "firstRowAsHeader": false
                    },
                    "fileName": "[parameters('pb2dict_DataDictionaryFile_ADLS_properties_typeProperties_fileName')]",
                    "folderPath": {
                        "value": "[parameters('pb2dict_DataDictionaryFile_ADLS_properties_typeProperties_folderPath')]",
                        "type": "Expression"
                    }
                }
            },
            "dependsOn": []
        },
        {
            "name": "[concat(parameters('factoryName'), '/mf2rtdrg_RoutedDrugFile_ADLS')]",
            "type": "Microsoft.DataFactory/factories/datasets",
            "apiVersion": "2018-06-01",
            "properties": {
                "linkedServiceName": {
                    "referenceName": "ItemMaster_ADL",
                    "type": "LinkedServiceReference"
                },
                "parameters": {
                    "TargetPath": {
                        "type": "String"
                    }
                },
                "folder": {
                    "name": "New folder"
                },
                "annotations": [],
                "type": "AzureDataLakeStoreFile",
                "structure": [
                    {
                        "name": "concept_type",
                        "type": "Int32"
                    },
                    {
                        "name": "country_code",
                        "type": "Int32"
                    },
                    {
                        "name": "concept_id",
                        "type": "Int32"
                    },
                    {
                        "name": "transaction_code",
                        "type": "String"
                    },
                    {
                        "name": "drug_name_id",
                        "type": "Int32"
                    },
                    {
                        "name": "route_id",
                        "type": "Int32"
                    },
                    {
                        "name": "status",
                        "type": "String"
                    },
                    {
                        "name": "link_value",
                        "type": "Int32"
                    },
                    {
                        "name": "link_date",
                        "type": "String"
                    },
                    {
                        "name": "reserve",
                        "type": "String"
                    }
                ],
                "typeProperties": {
                    "format": {
                        "type": "TextFormat",
                        "columnDelimiter": "|",
                        "rowDelimiter": "",
                        "treatEmptyAsNull": true,
                        "firstRowAsHeader": false
                    },
                    "fileName": "[parameters('mf2rtdrg_RoutedDrugFile_ADLS_properties_typeProperties_fileName')]",
                    "folderPath": {
                        "value": "[parameters('mf2rtdrg_RoutedDrugFile_ADLS_properties_typeProperties_folderPath')]",
                        "type": "Expression"
                    }
                }
            },
            "dependsOn": []
        },
        {
            "name": "[concat(parameters('factoryName'), '/ddaread_ReadMeFile_ADLS')]",
            "type": "Microsoft.DataFactory/factories/datasets",
            "apiVersion": "2018-06-01",
            "properties": {
                "linkedServiceName": {
                    "referenceName": "ItemMaster_ADL",
                    "type": "LinkedServiceReference"
                },
                "parameters": {
                    "TargetPath": {
                        "type": "String"
                    }
                },
                "folder": {
                    "name": "New folder"
                },
                "annotations": [],
                "type": "AzureDataLakeStoreFile",
                "structure": [
                    {
                        "name": "ReadMeText",
                        "type": "String"
                    }
                ],
                "typeProperties": {
                    "format": {
                        "type": "TextFormat",
                        "columnDelimiter": "|",
                        "rowDelimiter": "",
                        "nullValue": "",
                        "treatEmptyAsNull": true,
                        "firstRowAsHeader": false
                    },
                    "fileName": "[parameters('ddaread_ReadMeFile_ADLS_properties_typeProperties_fileName')]",
                    "folderPath": {
                        "value": "[parameters('ddaread_ReadMeFile_ADLS_properties_typeProperties_folderPath')]",
                        "type": "Expression"
                    }
                }
            },
            "dependsOn": []
        },
        {
            "name": "[concat(parameters('factoryName'), '/mf2str_IngredientIdToDrugStrengthFile_ADLS')]",
            "type": "Microsoft.DataFactory/factories/datasets",
            "apiVersion": "2018-06-01",
            "properties": {
                "linkedServiceName": {
                    "referenceName": "ItemMaster_ADL",
                    "type": "LinkedServiceReference"
                },
                "parameters": {
                    "TargetPath": {
                        "type": "String"
                    }
                },
                "folder": {
                    "name": "New folder"
                },
                "annotations": [],
                "type": "AzureDataLakeStoreFile",
                "structure": [
                    {
                        "name": "ingredient_id",
                        "type": "Int32"
                    },
                    {
                        "name": "reserve_1",
                        "type": "String"
                    },
                    {
                        "name": "transaction_code",
                        "type": "String"
                    },
                    {
                        "name": "ingredient_drug_id",
                        "type": "Int32"
                    },
                    {
                        "name": "ingredient_strength_value_raw",
                        "type": "Int64"
                    },
                    {
                        "name": "ingredient_stength_uom_comb",
                        "type": "String"
                    },
                    {
                        "name": "ingredient_strength_uom_indv",
                        "type": "String"
                    },
                    {
                        "name": "volume_value_raw",
                        "type": "String"
                    },
                    {
                        "name": "volume_uom",
                        "type": "String"
                    },
                    {
                        "name": "reserve",
                        "type": "String"
                    }
                ],
                "typeProperties": {
                    "format": {
                        "type": "TextFormat",
                        "columnDelimiter": "|",
                        "rowDelimiter": "",
                        "quoteChar": "\"",
                        "treatEmptyAsNull": true,
                        "firstRowAsHeader": false
                    },
                    "fileName": "[parameters('mf2str_IngredientIdToDrugStrengthFile_ADLS_properties_typeProperties_fileName')]",
                    "folderPath": {
                        "value": "[parameters('mf2str_IngredientIdToDrugStrengthFile_ADLS_properties_typeProperties_folderPath')]",
                        "type": "Expression"
                    }
                }
            },
            "dependsOn": []
        },
        {
            "name": "[concat(parameters('factoryName'), '/nabread_ReadMeFile_ADLS')]",
            "type": "Microsoft.DataFactory/factories/datasets",
            "apiVersion": "2018-06-01",
            "properties": {
                "linkedServiceName": {
                    "referenceName": "ItemMaster_ADL",
                    "type": "LinkedServiceReference"
                },
                "parameters": {
                    "TargetPath": {
                        "type": "String"
                    }
                },
                "folder": {
                    "name": "New folder"
                },
                "annotations": [],
                "type": "AzureDataLakeStoreFile",
                "structure": [
                    {
                        "name": "read_me_text",
                        "type": "String"
                    }
                ],
                "typeProperties": {
                    "format": {
                        "type": "TextFormat",
                        "columnDelimiter": "|",
                        "rowDelimiter": "",
                        "treatEmptyAsNull": true,
                        "firstRowAsHeader": false
                    },
                    "fileName": "[parameters('nabread_ReadMeFile_ADLS_properties_typeProperties_fileName')]",
                    "folderPath": {
                        "value": "[parameters('nabread_ReadMeFile_ADLS_properties_typeProperties_folderPath')]",
                        "type": "Expression"
                    }
                }
            },
            "dependsOn": []
        },
        {
            "name": "[concat(parameters('factoryName'), '/mf2rnm_ReferenceNameFile_ADLS')]",
            "type": "Microsoft.DataFactory/factories/datasets",
            "apiVersion": "2018-06-01",
            "properties": {
                "linkedServiceName": {
                    "referenceName": "ItemMaster_ADL",
                    "type": "LinkedServiceReference"
                },
                "parameters": {
                    "TargetPath": {
                        "type": "String"
                    }
                },
                "folder": {
                    "name": "New folder"
                },
                "annotations": [],
                "type": "AzureDataLakeStoreFile",
                "structure": [
                    {
                        "name": "concept_type",
                        "type": "Int32"
                    },
                    {
                        "name": "country_code",
                        "type": "Int32"
                    },
                    {
                        "name": "concept_id",
                        "type": "Int32"
                    },
                    {
                        "name": "id_for_generic_named_drug",
                        "type": "Int32"
                    },
                    {
                        "name": "transaction_code",
                        "type": "String"
                    },
                    {
                        "name": "medispan_reference_flag",
                        "type": "String"
                    },
                    {
                        "name": "reserve",
                        "type": "String"
                    }
                ],
                "typeProperties": {
                    "format": {
                        "type": "TextFormat",
                        "columnDelimiter": "|",
                        "rowDelimiter": "",
                        "quoteChar": "\"",
                        "treatEmptyAsNull": true,
                        "firstRowAsHeader": false
                    },
                    "fileName": "[parameters('mf2rnm_ReferenceNameFile_ADLS_properties_typeProperties_fileName')]",
                    "folderPath": {
                        "value": "[parameters('mf2rnm_ReferenceNameFile_ADLS_properties_typeProperties_folderPath')]",
                        "type": "Expression"
                    }
                }
            },
            "dependsOn": []
        },
        {
            "name": "[concat(parameters('factoryName'), '/fgpval_ValidationTranslationFile_ADLS')]",
            "type": "Microsoft.DataFactory/factories/datasets",
            "apiVersion": "2018-06-01",
            "properties": {
                "linkedServiceName": {
                    "referenceName": "ItemMaster_ADL",
                    "type": "LinkedServiceReference"
                },
                "parameters": {
                    "TargetPath": {
                        "type": "String"
                    }
                },
                "folder": {
                    "name": "New folder"
                },
                "annotations": [],
                "type": "AzureDataLakeStoreFile",
                "structure": [
                    {
                        "name": "field_identifier",
                        "type": "String"
                    },
                    {
                        "name": "field_value",
                        "type": "String"
                    },
                    {
                        "name": "language_code",
                        "type": "String"
                    },
                    {
                        "name": "value_description",
                        "type": "String"
                    },
                    {
                        "name": "value_abbreviation",
                        "type": "String"
                    },
                    {
                        "name": "reserve",
                        "type": "String"
                    }
                ],
                "typeProperties": {
                    "format": {
                        "type": "TextFormat",
                        "columnDelimiter": "|",
                        "rowDelimiter": "\n",
                        "treatEmptyAsNull": true,
                        "firstRowAsHeader": false
                    },
                    "fileName": "[parameters('fgpval_ValidationTranslationFile_ADLS_properties_typeProperties_fileName')]",
                    "folderPath": {
                        "value": "[parameters('fgpval_ValidationTranslationFile_ADLS_properties_typeProperties_folderPath')]",
                        "type": "Expression"
                    }
                }
            },
            "dependsOn": []
        },
        {
            "name": "[concat(parameters('factoryName'), '/FDAMedicationGuides_Source')]",
            "type": "Microsoft.DataFactory/factories/datasets",
            "apiVersion": "2018-06-01",
            "properties": {
                "linkedServiceName": {
                    "referenceName": "ItemMaster_ADL",
                    "type": "LinkedServiceReference"
                },
                "parameters": {
                    "Path": {
                        "type": "string"
                    },
                    "Filename": {
                        "type": "string"
                    }
                },
                "folder": {
                    "name": "FDA Medication Guidelines"
                },
                "annotations": [],
                "type": "Binary",
                "typeProperties": {
                    "location": {
                        "type": "AzureDataLakeStoreLocation",
                        "fileName": {
                            "value": "@dataset().Filename",
                            "type": "Expression"
                        },
                        "folderPath": {
                            "value": "@dataset().Path",
                            "type": "Expression"
                        }
                    }
                }
            },
            "dependsOn": []
        },
        {
            "name": "[concat(parameters('factoryName'), '/ahfdict_DataDictionaryFile_ADLS')]",
            "type": "Microsoft.DataFactory/factories/datasets",
            "apiVersion": "2018-06-01",
            "properties": {
                "linkedServiceName": {
                    "referenceName": "ItemMaster_ADL",
                    "type": "LinkedServiceReference"
                },
                "parameters": {
                    "TargetPath": {
                        "type": "String"
                    }
                },
                "folder": {
                    "name": "New folder"
                },
                "annotations": [],
                "type": "AzureDataLakeStoreFile",
                "structure": [
                    {
                        "name": "field_identifier",
                        "type": "String"
                    },
                    {
                        "name": "field_description",
                        "type": "String"
                    },
                    {
                        "name": "field_type",
                        "type": "String"
                    },
                    {
                        "name": "field_length",
                        "type": "String"
                    },
                    {
                        "name": "implied_decimal_flag",
                        "type": "String"
                    },
                    {
                        "name": "decimal_places",
                        "type": "String"
                    },
                    {
                        "name": "field_validation_flag",
                        "type": "String"
                    },
                    {
                        "name": "field_abbreviation_flag",
                        "type": "String"
                    },
                    {
                        "name": "reserve",
                        "type": "String"
                    }
                ],
                "typeProperties": {
                    "format": {
                        "type": "TextFormat",
                        "columnDelimiter": "|",
                        "rowDelimiter": "\n",
                        "treatEmptyAsNull": true,
                        "firstRowAsHeader": false
                    },
                    "fileName": "[parameters('ahfdict_DataDictionaryFile_ADLS_properties_typeProperties_fileName')]",
                    "folderPath": {
                        "value": "[parameters('ahfdict_DataDictionaryFile_ADLS_properties_typeProperties_folderPath')]",
                        "type": "Expression"
                    }
                }
            },
            "dependsOn": []
        }
    ]
}