{
    "$schema": "http://schema.management.azure.com/schemas/2015-01-01/deploymentTemplate.json#",
    "contentVersion": "1.0.0.0",
    "parameters": {
        "factoryName": {
            "type": "string",
            "metadata": "Data Factory name",
            "defaultValue": "adf-ItemMaster-MasterData-Receive-prod"
        }
    },
    "variables": {
        "factoryId": "[concat('Microsoft.DataFactory/factories/', parameters('factoryName'))]"
    },
    "resources": [
        {
            "name": "[concat(parameters('factoryName'), '/WK_Files_ADL')]",
            "type": "Microsoft.DataFactory/factories/datasets",
            "apiVersion": "2018-06-01",
            "properties": {
                "linkedServiceName": {
                    "referenceName": "ItemMaster_ADL",
                    "type": "LinkedServiceReference"
                },
                "parameters": {
                    "target": {
                        "type": "string"
                    }
                },
                "folder": {
                    "name": "New folder"
                },
                "annotations": [],
                "type": "Binary",
                "typeProperties": {
                    "location": {
                        "type": "AzureDataLakeStoreLocation",
                        "folderPath": {
                            "value": "@dataset().target",
                            "type": "Expression"
                        }
                    }
                }
            },
            "dependsOn": []
        },
        {
            "name": "[concat(parameters('factoryName'), '/WK_Files_Blob_ZipMeta')]",
            "type": "Microsoft.DataFactory/factories/datasets",
            "apiVersion": "2018-06-01",
            "properties": {
                "linkedServiceName": {
                    "referenceName": "External_Blob",
                    "type": "LinkedServiceReference"
                },
                "parameters": {
                    "source": {
                        "type": "string"
                    },
                    "file": {
                        "type": "string"
                    }
                },
                "folder": {
                    "name": "New folder"
                },
                "annotations": [],
                "type": "Binary",
                "typeProperties": {
                    "location": {
                        "type": "AzureBlobFSLocation",
                        "fileName": {
                            "value": "@dataset().file",
                            "type": "Expression"
                        },
                        "fileSystem": {
                            "value": "@dataset().source",
                            "type": "Expression"
                        }
                    },
                    "compression": {
                        "type": "ZipDeflate",
                        "level": "Fastest"
                    }
                }
            },
            "dependsOn": []
        },
        {
            "name": "[concat(parameters('factoryName'), '/WK_Files_Blob_UnZip')]",
            "type": "Microsoft.DataFactory/factories/datasets",
            "apiVersion": "2018-06-01",
            "properties": {
                "linkedServiceName": {
                    "referenceName": "External_Blob",
                    "type": "LinkedServiceReference"
                },
                "parameters": {
                    "Path": {
                        "type": "string"
                    }
                },
                "folder": {
                    "name": "New folder"
                },
                "annotations": [],
                "type": "Binary",
                "typeProperties": {
                    "location": {
                        "type": "AzureBlobFSLocation",
                        "folderPath": {
                            "value": "@dataset().Path",
                            "type": "Expression"
                        }
                    }
                }
            },
            "dependsOn": []
        },
        {
            "name": "[concat(parameters('factoryName'), '/DelimitedText1')]",
            "type": "Microsoft.DataFactory/factories/datasets",
            "apiVersion": "2018-06-01",
            "properties": {
                "linkedServiceName": {
                    "referenceName": "Ls_External_Blob_cogrxprod",
                    "type": "LinkedServiceReference"
                },
                "folder": {
                    "name": "New folder"
                },
                "annotations": [],
                "type": "DelimitedText",
                "typeProperties": {
                    "location": {
                        "type": "AzureBlobStorageLocation",
                        "fileName": "md25gppc_converted.csv",
                        "folderPath": "MDDB  2.5 sample",
                        "container": "wkdata"
                    },
                    "columnDelimiter": ",",
                    "escapeChar": "\\",
                    "firstRowAsHeader": true,
                    "quoteChar": "\""
                },
                "schema": []
            },
            "dependsOn": []
        },
        {
            "name": "[concat(parameters('factoryName'), '/Medispan_latest_changes')]",
            "type": "Microsoft.DataFactory/factories/datasets",
            "apiVersion": "2018-06-01",
            "properties": {
                "linkedServiceName": {
                    "referenceName": "Ls_External_Blob_cogrxprod",
                    "type": "LinkedServiceReference"
                },
                "folder": {
                    "name": "New folder"
                },
                "annotations": [],
                "type": "DelimitedText",
                "typeProperties": {
                    "location": {
                        "type": "AzureBlobStorageLocation",
                        "fileName": "M25GPPC",
                        "folderPath": "MDDB  2.5 sample",
                        "container": "wkdata"
                    },
                    "columnDelimiter": ",",
                    "escapeChar": "\\",
                    "quoteChar": "\""
                },
                "schema": []
            },
            "dependsOn": []
        },
        {
            "name": "[concat(parameters('factoryName'), '/m25nmod_ndc_modifier_file_adls')]",
            "type": "Microsoft.DataFactory/factories/datasets",
            "apiVersion": "2018-06-01",
            "properties": {
                "linkedServiceName": {
                    "referenceName": "Ls_External_Blob_cogrxprod",
                    "type": "LinkedServiceReference"
                },
                "folder": {
                    "name": "MDDB/adls"
                },
                "annotations": [],
                "type": "DelimitedText",
                "typeProperties": {
                    "location": {
                        "type": "AzureBlobStorageLocation",
                        "fileName": "M25NMOD",
                        "folderPath": "MDDBFiles",
                        "container": "wkdata"
                    },
                    "columnDelimiter": ",",
                    "escapeChar": "\\",
                    "quoteChar": "\""
                },
                "schema": [
                    {
                        "type": "String"
                    }
                ]
            },
            "dependsOn": []
        },
        {
            "name": "[concat(parameters('factoryName'), '/m25gppc_product_packaging_adls')]",
            "type": "Microsoft.DataFactory/factories/datasets",
            "apiVersion": "2018-06-01",
            "properties": {
                "linkedServiceName": {
                    "referenceName": "Ls_External_Blob_cogrxprod",
                    "type": "LinkedServiceReference"
                },
                "folder": {
                    "name": "MDDB/adls"
                },
                "annotations": [],
                "type": "DelimitedText",
                "typeProperties": {
                    "location": {
                        "type": "AzureBlobStorageLocation",
                        "fileName": "M25GPPC",
                        "folderPath": "MDDBFiles",
                        "container": "wkdata"
                    },
                    "columnDelimiter": ",",
                    "escapeChar": "\\",
                    "quoteChar": "\""
                },
                "schema": [
                    {
                        "type": "String"
                    }
                ]
            },
            "dependsOn": []
        },
        {
            "name": "[concat(parameters('factoryName'), '/m25gprr_product_packaging_adls')]",
            "type": "Microsoft.DataFactory/factories/datasets",
            "apiVersion": "2018-06-01",
            "properties": {
                "linkedServiceName": {
                    "referenceName": "Ls_External_Blob_cogrxprod",
                    "type": "LinkedServiceReference"
                },
                "folder": {
                    "name": "MDDB/adls"
                },
                "annotations": [],
                "type": "DelimitedText",
                "typeProperties": {
                    "location": {
                        "type": "AzureBlobStorageLocation",
                        "fileName": "M25GPRR",
                        "folderPath": "MDDBFiles",
                        "container": "wkdata"
                    },
                    "columnDelimiter": ",",
                    "escapeChar": "\\",
                    "quoteChar": "\""
                },
                "schema": [
                    {
                        "type": "String"
                    }
                ]
            },
            "dependsOn": []
        },
        {
            "name": "[concat(parameters('factoryName'), '/m25tcrf_therapeutic_reference_adls')]",
            "type": "Microsoft.DataFactory/factories/datasets",
            "apiVersion": "2018-06-01",
            "properties": {
                "linkedServiceName": {
                    "referenceName": "Ls_External_Blob_cogrxprod",
                    "type": "LinkedServiceReference"
                },
                "folder": {
                    "name": "MDDB/adls"
                },
                "annotations": [],
                "type": "DelimitedText",
                "typeProperties": {
                    "location": {
                        "type": "AzureBlobStorageLocation",
                        "fileName": "M25TCRF",
                        "folderPath": "MDDBFiles",
                        "container": "wkdata"
                    },
                    "columnDelimiter": ",",
                    "escapeChar": "\\",
                    "quoteChar": "\""
                },
                "schema": [
                    {
                        "type": "String"
                    }
                ]
            },
            "dependsOn": []
        },
        {
            "name": "[concat(parameters('factoryName'), '/m25mod_modifierfile_adls')]",
            "type": "Microsoft.DataFactory/factories/datasets",
            "apiVersion": "2018-06-01",
            "properties": {
                "linkedServiceName": {
                    "referenceName": "Ls_External_Blob_cogrxprod",
                    "type": "LinkedServiceReference"
                },
                "folder": {
                    "name": "MDDB/adls"
                },
                "annotations": [],
                "type": "DelimitedText",
                "typeProperties": {
                    "location": {
                        "type": "AzureBlobStorageLocation",
                        "fileName": "M25MOD",
                        "folderPath": "MDDBFiles",
                        "container": "wkdata"
                    },
                    "columnDelimiter": ",",
                    "escapeChar": "\\",
                    "quoteChar": "\""
                },
                "schema": [
                    {
                        "type": "String"
                    }
                ]
            },
            "dependsOn": []
        },
        {
            "name": "[concat(parameters('factoryName'), '/m25err_errorfile_adls')]",
            "type": "Microsoft.DataFactory/factories/datasets",
            "apiVersion": "2018-06-01",
            "properties": {
                "linkedServiceName": {
                    "referenceName": "Ls_External_Blob_cogrxprod",
                    "type": "LinkedServiceReference"
                },
                "folder": {
                    "name": "MDDB/adls"
                },
                "annotations": [],
                "type": "DelimitedText",
                "typeProperties": {
                    "location": {
                        "type": "AzureBlobStorageLocation",
                        "fileName": "M25ERR",
                        "folderPath": "MDDBFiles",
                        "container": "wkdata"
                    },
                    "columnDelimiter": ",",
                    "escapeChar": "\\",
                    "quoteChar": "\""
                },
                "schema": [
                    {
                        "type": "String"
                    }
                ]
            },
            "dependsOn": []
        },
        {
            "name": "[concat(parameters('factoryName'), '/m25_database_file_adls')]",
            "type": "Microsoft.DataFactory/factories/datasets",
            "apiVersion": "2018-06-01",
            "properties": {
                "linkedServiceName": {
                    "referenceName": "Ls_External_Blob_cogrxprod",
                    "type": "LinkedServiceReference"
                },
                "folder": {
                    "name": "MDDB/adls"
                },
                "annotations": [],
                "type": "DelimitedText",
                "typeProperties": {
                    "location": {
                        "type": "AzureBlobStorageLocation",
                        "fileName": "M25",
                        "folderPath": "MDDBFiles",
                        "container": "wkdata"
                    },
                    "columnDelimiter": ",",
                    "escapeChar": "\\",
                    "quoteChar": "\""
                },
                "schema": [
                    {
                        "type": "String"
                    }
                ]
            },
            "dependsOn": []
        },
        {
            "name": "[concat(parameters('factoryName'), '/m25val_validation_file_adls')]",
            "type": "Microsoft.DataFactory/factories/datasets",
            "apiVersion": "2018-06-01",
            "properties": {
                "linkedServiceName": {
                    "referenceName": "Ls_External_Blob_cogrxprod",
                    "type": "LinkedServiceReference"
                },
                "folder": {
                    "name": "MDDB/adls"
                },
                "annotations": [],
                "type": "DelimitedText",
                "typeProperties": {
                    "location": {
                        "type": "AzureBlobStorageLocation",
                        "fileName": "M25VAL",
                        "folderPath": "MDDBFiles",
                        "container": "wkdata"
                    },
                    "columnDelimiter": ",",
                    "escapeChar": "\\",
                    "quoteChar": "\""
                },
                "schema": [
                    {
                        "type": "String"
                    }
                ]
            },
            "dependsOn": []
        },
        {
            "name": "[concat(parameters('factoryName'), '/mddb25_gppc_processing_dataflow')]",
            "type": "Microsoft.DataFactory/factories/dataflows",
            "apiVersion": "2018-06-01",
            "properties": {
                "type": "MappingDataFlow",
                "typeProperties": {
                    "sources": [
                        {
                            "dataset": {
                                "referenceName": "Medispan_latest_changes",
                                "type": "DatasetReference"
                            },
                            "name": "gppcinput"
                        }
                    ],
                    "sinks": [
                        {
                            "dataset": {
                                "referenceName": "DelimitedText1",
                                "type": "DatasetReference"
                            },
                            "name": "loadingbackascsv"
                        }
                    ],
                    "transformations": [
                        {
                            "name": "extractingdata"
                        },
                        {
                            "name": "selectingrequiredcolumns"
                        }
                    ],
                    "scriptLines": [
                        "source(output(",
                        "          {_col0_} as string",
                        "     ),",
                        "     allowSchemaDrift: true,",
                        "     validateSchema: false,",
                        "     ignoreNoFilesFound: false) ~> gppcinput",
                        "gppcinput derive(generic_product_pack_code = substring({_col0_}, 1, 8),",
                        "          package_size_raw = substring({_col0_}, 9, 8),",
                        "          package_size_uom = substring({_col0_}, 17, 2),",
                        "          package_quantity = substring({_col0_}, 19, 5),",
                        "          unit_dose_unit_use_pkg_code = substring({_col0_}, 24, 1),",
                        "          package_description_code = substring({_col0_}, 25, 2),",
                        "          generic_product_identifier = substring({_col0_}, 27, 14),",
                        "          reserve = substring({_col0_}, 50, 14),",
                        "          transaction_code = substring({_col0_}, 41, 1),",
                        "          last_change_date = substring({_col0_}, 42, 8)) ~> extractingdata",
                        "extractingdata select(mapColumn(",
                        "          generic_product_pack_code,",
                        "          package_size_raw,",
                        "          package_size_uom,",
                        "          package_quantity,",
                        "          unit_dose_unit_use_pkg_code,",
                        "          package_description_code,",
                        "          generic_product_identifier,",
                        "          reserve,",
                        "          transaction_code,",
                        "          last_change_date",
                        "     ),",
                        "     skipDuplicateMapInputs: true,",
                        "     skipDuplicateMapOutputs: true) ~> selectingrequiredcolumns",
                        "selectingrequiredcolumns sink(allowSchemaDrift: true,",
                        "     validateSchema: false,",
                        "     partitionFileNames:['processing_m25gppc.csv'],",
                        "     skipDuplicateMapInputs: true,",
                        "     skipDuplicateMapOutputs: true,",
                        "     partitionBy('hash', 1)) ~> loadingbackascsv"
                    ]
                }
            },
            "dependsOn": [
                "[concat(variables('factoryId'), '/datasets/Medispan_latest_changes')]",
                "[concat(variables('factoryId'), '/datasets/DelimitedText1')]"
            ]
        },
        {
            "name": "[concat(parameters('factoryName'), '/FdaGudidRunImportStoredProcedures')]",
            "type": "Microsoft.DataFactory/factories/pipelines",
            "apiVersion": "2018-06-01",
            "properties": {
                "activities": [
                    {
                        "name": "ImportRawGUDIDRecords",
                        "type": "SqlServerStoredProcedure",
                        "dependsOn": [],
                        "policy": {
                            "timeout": "7.00:00:00",
                            "retry": 0,
                            "retryIntervalInSeconds": 30,
                            "secureOutput": false,
                            "secureInput": false
                        },
                        "userProperties": [],
                        "typeProperties": {
                            "storedProcedureName": "[[GUDID].[MergeAllRawGUDIDIntoGUDIDDevice]",
                            "storedProcedureParameters": {
                                "pipelineRunID": {
                                    "value": {
                                        "value": "@pipeline().parameters.PipelineRunId",
                                        "type": "Expression"
                                    },
                                    "type": "String"
                                }
                            }
                        },
                        "linkedServiceName": {
                            "referenceName": "ItemMasterSqlServer",
                            "type": "LinkedServiceReference"
                        }
                    },
                    {
                        "name": "Contact",
                        "type": "SqlServerStoredProcedure",
                        "dependsOn": [
                            {
                                "activity": "ImportRawGUDIDRecords",
                                "dependencyConditions": [
                                    "Succeeded"
                                ]
                            }
                        ],
                        "policy": {
                            "timeout": "7.00:00:00",
                            "retry": 0,
                            "retryIntervalInSeconds": 30,
                            "secureOutput": false,
                            "secureInput": false
                        },
                        "userProperties": [],
                        "typeProperties": {
                            "storedProcedureName": "[[GUDID].[MergeAllRawGUDIDIntoGUDIDContact]",
                            "storedProcedureParameters": {
                                "PipelineRunId": {
                                    "value": {
                                        "value": "@pipeline().parameters.PipelineRunId",
                                        "type": "Expression"
                                    },
                                    "type": "String"
                                }
                            }
                        },
                        "linkedServiceName": {
                            "referenceName": "ItemMasterSqlServer",
                            "type": "LinkedServiceReference"
                        }
                    },
                    {
                        "name": "device size",
                        "type": "SqlServerStoredProcedure",
                        "dependsOn": [
                            {
                                "activity": "ImportRawGUDIDRecords",
                                "dependencyConditions": [
                                    "Succeeded"
                                ]
                            }
                        ],
                        "policy": {
                            "timeout": "7.00:00:00",
                            "retry": 0,
                            "retryIntervalInSeconds": 30,
                            "secureOutput": false,
                            "secureInput": false
                        },
                        "userProperties": [],
                        "typeProperties": {
                            "storedProcedureName": "[[GUDID].[MergeAllRawGUDIDIntoGUDIDDeviceSize]",
                            "storedProcedureParameters": {
                                "PipelineRunId": {
                                    "value": {
                                        "value": "@pipeline().parameters.PipelineRunId",
                                        "type": "Expression"
                                    },
                                    "type": "String"
                                }
                            }
                        },
                        "linkedServiceName": {
                            "referenceName": "ItemMasterSqlServer",
                            "type": "LinkedServiceReference"
                        }
                    },
                    {
                        "name": "environmental conditions",
                        "type": "SqlServerStoredProcedure",
                        "dependsOn": [
                            {
                                "activity": "ImportRawGUDIDRecords",
                                "dependencyConditions": [
                                    "Succeeded"
                                ]
                            }
                        ],
                        "policy": {
                            "timeout": "7.00:00:00",
                            "retry": 0,
                            "retryIntervalInSeconds": 30,
                            "secureOutput": false,
                            "secureInput": false
                        },
                        "userProperties": [],
                        "typeProperties": {
                            "storedProcedureName": "[[GUDID].[MergeAllRawGUDIDIntoGUDIDEnvironmentalCondition]",
                            "storedProcedureParameters": {
                                "PipelineRunId": {
                                    "value": {
                                        "value": "@pipeline().parameters.PipelineRunId",
                                        "type": "Expression"
                                    },
                                    "type": "String"
                                }
                            }
                        },
                        "linkedServiceName": {
                            "referenceName": "ItemMasterSqlServer",
                            "type": "LinkedServiceReference"
                        }
                    },
                    {
                        "name": "gmdn term",
                        "type": "SqlServerStoredProcedure",
                        "dependsOn": [
                            {
                                "activity": "ImportRawGUDIDRecords",
                                "dependencyConditions": [
                                    "Succeeded"
                                ]
                            }
                        ],
                        "policy": {
                            "timeout": "7.00:00:00",
                            "retry": 0,
                            "retryIntervalInSeconds": 30,
                            "secureOutput": false,
                            "secureInput": false
                        },
                        "userProperties": [],
                        "typeProperties": {
                            "storedProcedureName": "[[GUDID].[MergeAllRawGUDIDIntoGUDIDGmdnTerm]",
                            "storedProcedureParameters": {
                                "PipelineRunId": {
                                    "value": {
                                        "value": "@pipeline().parameters.PipelineRunId",
                                        "type": "Expression"
                                    },
                                    "type": "String"
                                }
                            }
                        },
                        "linkedServiceName": {
                            "referenceName": "ItemMasterSqlServer",
                            "type": "LinkedServiceReference"
                        }
                    },
                    {
                        "name": "identifier",
                        "type": "SqlServerStoredProcedure",
                        "dependsOn": [
                            {
                                "activity": "ImportRawGUDIDRecords",
                                "dependencyConditions": [
                                    "Succeeded"
                                ]
                            }
                        ],
                        "policy": {
                            "timeout": "7.00:00:00",
                            "retry": 0,
                            "retryIntervalInSeconds": 30,
                            "secureOutput": false,
                            "secureInput": false
                        },
                        "userProperties": [],
                        "typeProperties": {
                            "storedProcedureName": "[[GUDID].[MergeAllRawGUDIDIntoGUDIDIdentifier]",
                            "storedProcedureParameters": {
                                "PipelineRunId": {
                                    "value": {
                                        "value": "@pipeline().parameters.PipelineRunId",
                                        "type": "Expression"
                                    },
                                    "type": "String"
                                }
                            }
                        },
                        "linkedServiceName": {
                            "referenceName": "ItemMasterSqlServer",
                            "type": "LinkedServiceReference"
                        }
                    },
                    {
                        "name": "premarket conditions",
                        "type": "SqlServerStoredProcedure",
                        "dependsOn": [
                            {
                                "activity": "ImportRawGUDIDRecords",
                                "dependencyConditions": [
                                    "Succeeded"
                                ]
                            }
                        ],
                        "policy": {
                            "timeout": "7.00:00:00",
                            "retry": 0,
                            "retryIntervalInSeconds": 30,
                            "secureOutput": false,
                            "secureInput": false
                        },
                        "userProperties": [],
                        "typeProperties": {
                            "storedProcedureName": "[[GUDID].[MergeAllRawGUDIDIntoGUDIDPremarketSubmission]",
                            "storedProcedureParameters": {
                                "PipelineRunId": {
                                    "value": {
                                        "value": "@pipeline().parameters.PipelineRunId",
                                        "type": "Expression"
                                    },
                                    "type": "String"
                                }
                            }
                        },
                        "linkedServiceName": {
                            "referenceName": "ItemMasterSqlServer",
                            "type": "LinkedServiceReference"
                        }
                    },
                    {
                        "name": "product code",
                        "type": "SqlServerStoredProcedure",
                        "dependsOn": [
                            {
                                "activity": "ImportRawGUDIDRecords",
                                "dependencyConditions": [
                                    "Succeeded"
                                ]
                            }
                        ],
                        "policy": {
                            "timeout": "7.00:00:00",
                            "retry": 0,
                            "retryIntervalInSeconds": 30,
                            "secureOutput": false,
                            "secureInput": false
                        },
                        "userProperties": [],
                        "typeProperties": {
                            "storedProcedureName": "[[GUDID].[MergeAllRawGUDIDIntoGUDIDProductCode]",
                            "storedProcedureParameters": {
                                "PipelineRunId": {
                                    "value": {
                                        "value": "@pipeline().parameters.PipelineRunId",
                                        "type": "Expression"
                                    },
                                    "type": "String"
                                }
                            }
                        },
                        "linkedServiceName": {
                            "referenceName": "ItemMasterSqlServer",
                            "type": "LinkedServiceReference"
                        }
                    },
                    {
                        "name": "sterilization method type",
                        "type": "SqlServerStoredProcedure",
                        "dependsOn": [
                            {
                                "activity": "ImportRawGUDIDRecords",
                                "dependencyConditions": [
                                    "Succeeded"
                                ]
                            }
                        ],
                        "policy": {
                            "timeout": "7.00:00:00",
                            "retry": 0,
                            "retryIntervalInSeconds": 30,
                            "secureOutput": false,
                            "secureInput": false
                        },
                        "userProperties": [],
                        "typeProperties": {
                            "storedProcedureName": "[[GUDID].[MergeAllRawGUDIDIntoGUDIDSterilizationMethodType]",
                            "storedProcedureParameters": {
                                "PipelineRunId": {
                                    "value": {
                                        "value": "@pipeline().parameters.PipelineRunId",
                                        "type": "Expression"
                                    },
                                    "type": "String"
                                }
                            }
                        },
                        "linkedServiceName": {
                            "referenceName": "ItemMasterSqlServer",
                            "type": "LinkedServiceReference"
                        }
                    }
                ],
                "policy": {
                    "elapsedTimeMetric": {},
                    "cancelAfter": {}
                },
                "parameters": {
                    "PipelineRunId": {
                        "type": "String"
                    }
                },
                "folder": {
                    "name": "DELETE"
                },
                "annotations": [],
                "lastPublishTime": "2020-12-22T19:27:53Z"
            },
            "dependsOn": []
        },
        {
            "name": "[concat(parameters('factoryName'), '/FdaGudidRunImportRawStoredProcedures')]",
            "type": "Microsoft.DataFactory/factories/pipelines",
            "apiVersion": "2018-06-01",
            "properties": {
                "activities": [
                    {
                        "name": "ImportStagingFile",
                        "type": "SqlServerStoredProcedure",
                        "dependsOn": [],
                        "policy": {
                            "timeout": "7.00:00:00",
                            "retry": 0,
                            "retryIntervalInSeconds": 30,
                            "secureOutput": false,
                            "secureInput": false
                        },
                        "userProperties": [],
                        "typeProperties": {
                            "storedProcedureName": "[[rawGUDIDImport].[ImportStagingFile]",
                            "storedProcedureParameters": {
                                "FileName": {
                                    "value": {
                                        "value": "@pipeline().parameters.FileName",
                                        "type": "Expression"
                                    },
                                    "type": "String"
                                },
                                "PipelineId": {
                                    "value": {
                                        "value": "@pipeline().parameters.XMLStaggingPipelineId",
                                        "type": "Expression"
                                    },
                                    "type": "String"
                                }
                            }
                        },
                        "linkedServiceName": {
                            "referenceName": "ItemMasterSqlServer",
                            "type": "LinkedServiceReference"
                        }
                    },
                    {
                        "name": "contact",
                        "type": "SqlServerStoredProcedure",
                        "dependsOn": [
                            {
                                "activity": "ImportStagingFile",
                                "dependencyConditions": [
                                    "Succeeded"
                                ]
                            }
                        ],
                        "policy": {
                            "timeout": "7.00:00:00",
                            "retry": 0,
                            "retryIntervalInSeconds": 30,
                            "secureOutput": false,
                            "secureInput": false
                        },
                        "userProperties": [],
                        "typeProperties": {
                            "storedProcedureName": "[[rawGUDIDImport].[ImportContact]",
                            "storedProcedureParameters": {
                                "XMLStaggingPipelineId": {
                                    "value": {
                                        "value": "@pipeline().parameters.XMLStaggingPipelineId",
                                        "type": "Expression"
                                    },
                                    "type": "String"
                                }
                            }
                        },
                        "linkedServiceName": {
                            "referenceName": "ItemMasterSqlServer",
                            "type": "LinkedServiceReference"
                        }
                    },
                    {
                        "name": "device size",
                        "type": "SqlServerStoredProcedure",
                        "dependsOn": [
                            {
                                "activity": "ImportStagingFile",
                                "dependencyConditions": [
                                    "Succeeded"
                                ]
                            }
                        ],
                        "policy": {
                            "timeout": "7.00:00:00",
                            "retry": 0,
                            "retryIntervalInSeconds": 30,
                            "secureOutput": false,
                            "secureInput": false
                        },
                        "userProperties": [],
                        "typeProperties": {
                            "storedProcedureName": "[[rawGUDIDImport].[ImportDeviceSize]",
                            "storedProcedureParameters": {
                                "XMLStaggingPipelineId": {
                                    "value": {
                                        "value": "@pipeline().parameters.XMLStaggingPipelineId",
                                        "type": "Expression"
                                    },
                                    "type": "String"
                                }
                            }
                        },
                        "linkedServiceName": {
                            "referenceName": "ItemMasterSqlServer",
                            "type": "LinkedServiceReference"
                        }
                    },
                    {
                        "name": "device",
                        "type": "SqlServerStoredProcedure",
                        "dependsOn": [
                            {
                                "activity": "ImportStagingFile",
                                "dependencyConditions": [
                                    "Succeeded"
                                ]
                            }
                        ],
                        "policy": {
                            "timeout": "7.00:00:00",
                            "retry": 0,
                            "retryIntervalInSeconds": 30,
                            "secureOutput": false,
                            "secureInput": false
                        },
                        "userProperties": [],
                        "typeProperties": {
                            "storedProcedureName": "[[rawGUDIDImport].[ImportDevice]",
                            "storedProcedureParameters": {
                                "XMLStaggingPipelineId": {
                                    "value": {
                                        "value": "@pipeline().parameters.XMLStaggingPipelineId",
                                        "type": "Expression"
                                    },
                                    "type": "String"
                                }
                            }
                        },
                        "linkedServiceName": {
                            "referenceName": "ItemMasterSqlServer",
                            "type": "LinkedServiceReference"
                        }
                    },
                    {
                        "name": "EnvironmentalCondition",
                        "type": "SqlServerStoredProcedure",
                        "dependsOn": [
                            {
                                "activity": "ImportStagingFile",
                                "dependencyConditions": [
                                    "Succeeded"
                                ]
                            }
                        ],
                        "policy": {
                            "timeout": "7.00:00:00",
                            "retry": 0,
                            "retryIntervalInSeconds": 30,
                            "secureOutput": false,
                            "secureInput": false
                        },
                        "userProperties": [],
                        "typeProperties": {
                            "storedProcedureName": "[[rawGUDIDImport].[ImportEnvironmentalCondition]",
                            "storedProcedureParameters": {
                                "XMLStaggingPipelineId": {
                                    "value": {
                                        "value": "@pipeline().parameters.XMLStaggingPipelineId",
                                        "type": "Expression"
                                    },
                                    "type": "String"
                                }
                            }
                        },
                        "linkedServiceName": {
                            "referenceName": "ItemMasterSqlServer",
                            "type": "LinkedServiceReference"
                        }
                    },
                    {
                        "name": "gndmTerm",
                        "type": "SqlServerStoredProcedure",
                        "dependsOn": [
                            {
                                "activity": "ImportStagingFile",
                                "dependencyConditions": [
                                    "Succeeded"
                                ]
                            }
                        ],
                        "policy": {
                            "timeout": "7.00:00:00",
                            "retry": 0,
                            "retryIntervalInSeconds": 30,
                            "secureOutput": false,
                            "secureInput": false
                        },
                        "userProperties": [],
                        "typeProperties": {
                            "storedProcedureName": "[[rawGUDIDImport].[ImportGmdnTerm]",
                            "storedProcedureParameters": {
                                "XMLStaggingPipelineId": {
                                    "value": {
                                        "value": "@pipeline().parameters.XMLStaggingPipelineId",
                                        "type": "Expression"
                                    },
                                    "type": "String"
                                }
                            }
                        },
                        "linkedServiceName": {
                            "referenceName": "ItemMasterSqlServer",
                            "type": "LinkedServiceReference"
                        }
                    },
                    {
                        "name": "identifier",
                        "type": "SqlServerStoredProcedure",
                        "dependsOn": [
                            {
                                "activity": "ImportStagingFile",
                                "dependencyConditions": [
                                    "Succeeded"
                                ]
                            }
                        ],
                        "policy": {
                            "timeout": "7.00:00:00",
                            "retry": 0,
                            "retryIntervalInSeconds": 30,
                            "secureOutput": false,
                            "secureInput": false
                        },
                        "userProperties": [],
                        "typeProperties": {
                            "storedProcedureName": "[[rawGUDIDImport].[ImportIdentifier]",
                            "storedProcedureParameters": {
                                "XMLStaggingPipelineId": {
                                    "value": {
                                        "value": "@pipeline().parameters.XMLStaggingPipelineId",
                                        "type": "Expression"
                                    },
                                    "type": "String"
                                }
                            }
                        },
                        "linkedServiceName": {
                            "referenceName": "ItemMasterSqlServer",
                            "type": "LinkedServiceReference"
                        }
                    },
                    {
                        "name": "premarket",
                        "type": "SqlServerStoredProcedure",
                        "dependsOn": [
                            {
                                "activity": "ImportStagingFile",
                                "dependencyConditions": [
                                    "Succeeded"
                                ]
                            }
                        ],
                        "policy": {
                            "timeout": "7.00:00:00",
                            "retry": 0,
                            "retryIntervalInSeconds": 30,
                            "secureOutput": false,
                            "secureInput": false
                        },
                        "userProperties": [],
                        "typeProperties": {
                            "storedProcedureName": "[[rawGUDIDImport].[ImportPremarketSubmission]",
                            "storedProcedureParameters": {
                                "XMLStaggingPipelineId": {
                                    "value": {
                                        "value": "@pipeline().parameters.XMLStaggingPipelineId",
                                        "type": "Expression"
                                    },
                                    "type": "String"
                                }
                            }
                        },
                        "linkedServiceName": {
                            "referenceName": "ItemMasterSqlServer",
                            "type": "LinkedServiceReference"
                        }
                    },
                    {
                        "name": "product code",
                        "type": "SqlServerStoredProcedure",
                        "dependsOn": [
                            {
                                "activity": "ImportStagingFile",
                                "dependencyConditions": [
                                    "Succeeded"
                                ]
                            }
                        ],
                        "policy": {
                            "timeout": "7.00:00:00",
                            "retry": 0,
                            "retryIntervalInSeconds": 30,
                            "secureOutput": false,
                            "secureInput": false
                        },
                        "userProperties": [],
                        "typeProperties": {
                            "storedProcedureName": "[[rawGUDIDImport].[ImportProductCode]",
                            "storedProcedureParameters": {
                                "XMLStaggingPipelineId": {
                                    "value": {
                                        "value": "@pipeline().parameters.XMLStaggingPipelineId",
                                        "type": "Expression"
                                    },
                                    "type": "String"
                                }
                            }
                        },
                        "linkedServiceName": {
                            "referenceName": "ItemMasterSqlServer",
                            "type": "LinkedServiceReference"
                        }
                    },
                    {
                        "name": "sterilization",
                        "type": "SqlServerStoredProcedure",
                        "dependsOn": [
                            {
                                "activity": "ImportStagingFile",
                                "dependencyConditions": [
                                    "Succeeded"
                                ]
                            }
                        ],
                        "policy": {
                            "timeout": "7.00:00:00",
                            "retry": 0,
                            "retryIntervalInSeconds": 30,
                            "secureOutput": false,
                            "secureInput": false
                        },
                        "userProperties": [],
                        "typeProperties": {
                            "storedProcedureName": "[[rawGUDIDImport].[ImportSterilizationMethodType]",
                            "storedProcedureParameters": {
                                "XMLStaggingPipelineId": {
                                    "value": {
                                        "value": "@pipeline().parameters.XMLStaggingPipelineId",
                                        "type": "Expression"
                                    },
                                    "type": "String"
                                }
                            }
                        },
                        "linkedServiceName": {
                            "referenceName": "ItemMasterSqlServer",
                            "type": "LinkedServiceReference"
                        }
                    }
                ],
                "policy": {
                    "elapsedTimeMetric": {},
                    "cancelAfter": {}
                },
                "parameters": {
                    "FileName": {
                        "type": "String"
                    },
                    "XMLStaggingPipelineId": {
                        "type": "String"
                    }
                },
                "folder": {
                    "name": "DELETE"
                },
                "annotations": [],
                "lastPublishTime": "2020-12-22T19:27:55Z"
            },
            "dependsOn": []
        },
        {
            "name": "[concat(parameters('factoryName'), '/FdaMaude_Merge')]",
            "type": "Microsoft.DataFactory/factories/pipelines",
            "apiVersion": "2018-06-01",
            "properties": {
                "activities": [
                    {
                        "name": "Mdrfoi DefaultTables",
                        "type": "SqlServerStoredProcedure",
                        "dependsOn": [],
                        "policy": {
                            "timeout": "7.00:00:00",
                            "retry": 0,
                            "retryIntervalInSeconds": 30,
                            "secureOutput": false,
                            "secureInput": false
                        },
                        "userProperties": [],
                        "typeProperties": {
                            "storedProcedureName": "[[FdaMAUDE].[MergeRawMdrfoiDataDefaultTables]",
                            "storedProcedureParameters": {
                                "PipelineRunId": {
                                    "value": {
                                        "value": "@pipeline().parameters.PipelineRunId",
                                        "type": "Expression"
                                    },
                                    "type": "String"
                                }
                            }
                        },
                        "linkedServiceName": {
                            "referenceName": "ItemMasterSqlServer",
                            "type": "LinkedServiceReference"
                        }
                    },
                    {
                        "name": "MergeRawDataIntoMdrfoi",
                        "type": "SqlServerStoredProcedure",
                        "dependsOn": [
                            {
                                "activity": "Mdrfoi DefaultTables",
                                "dependencyConditions": [
                                    "Succeeded"
                                ]
                            }
                        ],
                        "policy": {
                            "timeout": "7.00:00:00",
                            "retry": 0,
                            "retryIntervalInSeconds": 30,
                            "secureOutput": false,
                            "secureInput": false
                        },
                        "userProperties": [],
                        "typeProperties": {
                            "storedProcedureName": "[[FdaMAUDE].[MergeRawDataIntoMdrfoi]",
                            "storedProcedureParameters": {
                                "PipelineRunId": {
                                    "value": {
                                        "value": "@pipeline().parameters.PipelineRunId",
                                        "type": "Expression"
                                    },
                                    "type": "String"
                                }
                            }
                        },
                        "linkedServiceName": {
                            "referenceName": "ItemMasterSqlServer",
                            "type": "LinkedServiceReference"
                        }
                    },
                    {
                        "name": "MergeRawDataIntoFoidev",
                        "type": "SqlServerStoredProcedure",
                        "dependsOn": [
                            {
                                "activity": "MergeRawDataIntoMdrfoi",
                                "dependencyConditions": [
                                    "Succeeded"
                                ]
                            }
                        ],
                        "policy": {
                            "timeout": "7.00:00:00",
                            "retry": 0,
                            "retryIntervalInSeconds": 30,
                            "secureOutput": false,
                            "secureInput": false
                        },
                        "userProperties": [],
                        "typeProperties": {
                            "storedProcedureName": "[[FdaMAUDE].[MergeRawDataIntoFoidev]",
                            "storedProcedureParameters": {
                                "PipelineRunId": {
                                    "value": {
                                        "value": "@pipeline().parameters.PipelineRunId",
                                        "type": "Expression"
                                    },
                                    "type": "String"
                                }
                            }
                        },
                        "linkedServiceName": {
                            "referenceName": "ItemMasterSqlServer",
                            "type": "LinkedServiceReference"
                        }
                    },
                    {
                        "name": "MergeRawDataIntoFoitext",
                        "type": "SqlServerStoredProcedure",
                        "dependsOn": [
                            {
                                "activity": "MergeRawDataIntoFoidev",
                                "dependencyConditions": [
                                    "Succeeded"
                                ]
                            }
                        ],
                        "policy": {
                            "timeout": "7.00:00:00",
                            "retry": 0,
                            "retryIntervalInSeconds": 30,
                            "secureOutput": false,
                            "secureInput": false
                        },
                        "userProperties": [],
                        "typeProperties": {
                            "storedProcedureName": "[[FdaMAUDE].[MergeRawDataIntoFoitext]",
                            "storedProcedureParameters": {
                                "PipelineRunId": {
                                    "value": {
                                        "value": "@pipeline().parameters.PipelineRunId",
                                        "type": "Expression"
                                    },
                                    "type": "String"
                                }
                            }
                        },
                        "linkedServiceName": {
                            "referenceName": "ItemMasterSqlServer",
                            "type": "LinkedServiceReference"
                        }
                    }
                ],
                "policy": {
                    "elapsedTimeMetric": {},
                    "cancelAfter": {}
                },
                "parameters": {
                    "PipelineRunId": {
                        "type": "String",
                        "defaultValue": "test"
                    }
                },
                "folder": {
                    "name": "DELETE"
                },
                "annotations": [],
                "lastPublishTime": "2020-12-22T19:27:55Z"
            },
            "dependsOn": []
        },
        {
            "name": "[concat(parameters('factoryName'), '/CallItemMasterIntegrations')]",
            "type": "Microsoft.DataFactory/factories/pipelines",
            "apiVersion": "2018-06-01",
            "properties": {
                "description": "call item master integrations",
                "activities": [
                    {
                        "name": "IntegrateAhfsCodes",
                        "type": "SqlServerStoredProcedure",
                        "dependsOn": [],
                        "policy": {
                            "timeout": "7.00:00:00",
                            "retry": 0,
                            "retryIntervalInSeconds": 30,
                            "secureOutput": false
                        },
                        "userProperties": [],
                        "typeProperties": {
                            "storedProcedureName": "[[Integrations].[MergeWoltersKluwerAhfs]"
                        },
                        "linkedServiceName": {
                            "referenceName": "ItemMasterSqlServer",
                            "type": "LinkedServiceReference"
                        }
                    },
                    {
                        "name": "IntegrateManufactures",
                        "type": "SqlServerStoredProcedure",
                        "dependsOn": [
                            {
                                "activity": "IntegrateAhfsCodes",
                                "dependencyConditions": [
                                    "Succeeded"
                                ]
                            }
                        ],
                        "policy": {
                            "timeout": "7.00:00:00",
                            "retry": 0,
                            "retryIntervalInSeconds": 30,
                            "secureOutput": false
                        },
                        "userProperties": [],
                        "typeProperties": {
                            "storedProcedureName": "[[Integrations].[MergeWoltersKluwerManufacturers]"
                        },
                        "linkedServiceName": {
                            "referenceName": "ItemMasterSqlServer",
                            "type": "LinkedServiceReference"
                        }
                    },
                    {
                        "name": "IntegrateItems",
                        "type": "SqlServerStoredProcedure",
                        "dependsOn": [
                            {
                                "activity": "IntegrateWkGpiDescriptions",
                                "dependencyConditions": [
                                    "Succeeded"
                                ]
                            }
                        ],
                        "policy": {
                            "timeout": "7.00:00:00",
                            "retry": 0,
                            "retryIntervalInSeconds": 30,
                            "secureOutput": false
                        },
                        "userProperties": [],
                        "typeProperties": {
                            "storedProcedureName": "[[Integrations].[MergeWoltersKluwerItem]"
                        },
                        "linkedServiceName": {
                            "referenceName": "ItemMasterSqlServer",
                            "type": "LinkedServiceReference"
                        }
                    },
                    {
                        "name": "ItegrateItemAhfs",
                        "type": "SqlServerStoredProcedure",
                        "dependsOn": [
                            {
                                "activity": "IntegrateItems",
                                "dependencyConditions": [
                                    "Succeeded"
                                ]
                            }
                        ],
                        "policy": {
                            "timeout": "7.00:00:00",
                            "retry": 0,
                            "retryIntervalInSeconds": 30,
                            "secureOutput": false
                        },
                        "userProperties": [],
                        "typeProperties": {
                            "storedProcedureName": "[[Integrations].[MergeWoltersKluwerPharmacyItemAhfs]"
                        },
                        "linkedServiceName": {
                            "referenceName": "ItemMasterSqlServer",
                            "type": "LinkedServiceReference"
                        }
                    },
                    {
                        "name": "NationalPharmacyItemPrice",
                        "type": "SqlServerStoredProcedure",
                        "dependsOn": [
                            {
                                "activity": "ItegrateItemAhfs",
                                "dependencyConditions": [
                                    "Succeeded"
                                ]
                            }
                        ],
                        "policy": {
                            "timeout": "7.00:00:00",
                            "retry": 0,
                            "retryIntervalInSeconds": 30,
                            "secureOutput": false
                        },
                        "userProperties": [],
                        "typeProperties": {
                            "storedProcedureName": "[[Integrations].[MergeWoltersKluwerNationalItemPrice]"
                        },
                        "linkedServiceName": {
                            "referenceName": "ItemMasterSqlServer",
                            "type": "LinkedServiceReference"
                        }
                    },
                    {
                        "name": "WoltersKluwerFedGovItemPrice",
                        "type": "SqlServerStoredProcedure",
                        "dependsOn": [
                            {
                                "activity": "NationalPharmacyItemPrice",
                                "dependencyConditions": [
                                    "Succeeded"
                                ]
                            }
                        ],
                        "policy": {
                            "timeout": "7.00:00:00",
                            "retry": 0,
                            "retryIntervalInSeconds": 30,
                            "secureOutput": false
                        },
                        "userProperties": [],
                        "typeProperties": {
                            "storedProcedureName": "[[Integrations].[MergeWoltersKluwerFedGovItemPrice]"
                        },
                        "linkedServiceName": {
                            "referenceName": "ItemMasterSqlServer",
                            "type": "LinkedServiceReference"
                        }
                    },
                    {
                        "name": "WoltersKluwerASPItemPrice",
                        "type": "SqlServerStoredProcedure",
                        "dependsOn": [
                            {
                                "activity": "WoltersKluwerFedGovItemPrice",
                                "dependencyConditions": [
                                    "Succeeded"
                                ]
                            }
                        ],
                        "policy": {
                            "timeout": "7.00:00:00",
                            "retry": 0,
                            "retryIntervalInSeconds": 30,
                            "secureOutput": false
                        },
                        "userProperties": [],
                        "typeProperties": {
                            "storedProcedureName": "[[Integrations].[MergeWoltersKluwerAspItemPrice]"
                        },
                        "linkedServiceName": {
                            "referenceName": "ItemMasterSqlServer",
                            "type": "LinkedServiceReference"
                        }
                    },
                    {
                        "name": "IntegrateWkGpiDescriptions",
                        "type": "SqlServerStoredProcedure",
                        "dependsOn": [
                            {
                                "activity": "IntegrateManufactures",
                                "dependencyConditions": [
                                    "Succeeded"
                                ]
                            }
                        ],
                        "policy": {
                            "timeout": "7.00:00:00",
                            "retry": 0,
                            "retryIntervalInSeconds": 30,
                            "secureOutput": false
                        },
                        "userProperties": [],
                        "typeProperties": {
                            "storedProcedureName": "[[Integrations].[WkGpiDescriptions]"
                        },
                        "linkedServiceName": {
                            "referenceName": "ItemMasterSqlServer",
                            "type": "LinkedServiceReference"
                        }
                    },
                    {
                        "name": "NdcToApplicationXref",
                        "type": "SqlServerStoredProcedure",
                        "dependsOn": [
                            {
                                "activity": "MarketingCategory",
                                "dependencyConditions": [
                                    "Succeeded"
                                ]
                            }
                        ],
                        "policy": {
                            "timeout": "7.00:00:00",
                            "retry": 0,
                            "retryIntervalInSeconds": 30,
                            "secureOutput": false
                        },
                        "userProperties": [],
                        "typeProperties": {
                            "storedProcedureName": "[[Integrations].[MergeWoltersKluwerNdcToApplicationXref]"
                        },
                        "linkedServiceName": {
                            "referenceName": "ItemMasterSqlServer",
                            "type": "LinkedServiceReference"
                        }
                    },
                    {
                        "name": "MarketingCategory",
                        "type": "SqlServerStoredProcedure",
                        "dependsOn": [
                            {
                                "activity": "WoltersKluwerASPItemPrice",
                                "dependencyConditions": [
                                    "Succeeded"
                                ]
                            }
                        ],
                        "policy": {
                            "timeout": "7.00:00:00",
                            "retry": 0,
                            "retryIntervalInSeconds": 30,
                            "secureOutput": false
                        },
                        "userProperties": [],
                        "typeProperties": {
                            "storedProcedureName": "[[Integrations].[MergeWoltersKluwerMarketingCategory]"
                        },
                        "linkedServiceName": {
                            "referenceName": "ItemMasterSqlServer",
                            "type": "LinkedServiceReference"
                        }
                    }
                ],
                "policy": {
                    "elapsedTimeMetric": {},
                    "cancelAfter": {}
                },
                "annotations": [],
                "lastPublishTime": "2020-12-22T19:27:54Z"
            },
            "dependsOn": []
        },
        {
            "name": "[concat(parameters('factoryName'), '/FdaProductCodeImportRaw')]",
            "type": "Microsoft.DataFactory/factories/pipelines",
            "apiVersion": "2018-06-01",
            "properties": {
                "activities": [
                    {
                        "name": "MergeNewDeviceClasses",
                        "type": "SqlServerStoredProcedure",
                        "dependsOn": [],
                        "policy": {
                            "timeout": "7.00:00:00",
                            "retry": 0,
                            "retryIntervalInSeconds": 30,
                            "secureOutput": false,
                            "secureInput": false
                        },
                        "userProperties": [],
                        "typeProperties": {
                            "storedProcedureName": "[[fdaProductCode].[MergeNewDeviceClasses]",
                            "storedProcedureParameters": {
                                "PipelineRunId": {
                                    "value": {
                                        "value": "@pipeline().parameters.PipelineRunId",
                                        "type": "Expression"
                                    },
                                    "type": "String"
                                }
                            }
                        },
                        "linkedServiceName": {
                            "referenceName": "ItemMasterSqlServer",
                            "type": "LinkedServiceReference"
                        }
                    },
                    {
                        "name": "MergeNewMedicalSpecialty",
                        "type": "SqlServerStoredProcedure",
                        "dependsOn": [
                            {
                                "activity": "MergeNewDeviceClasses",
                                "dependencyConditions": [
                                    "Succeeded"
                                ]
                            }
                        ],
                        "policy": {
                            "timeout": "7.00:00:00",
                            "retry": 0,
                            "retryIntervalInSeconds": 30,
                            "secureOutput": false,
                            "secureInput": false
                        },
                        "userProperties": [],
                        "typeProperties": {
                            "storedProcedureName": "[[fdaProductCode].[MergeNewMedicalSpecialty]",
                            "storedProcedureParameters": {
                                "PipelineRunId": {
                                    "value": {
                                        "value": "@pipeline().parameters.PipelineRunId",
                                        "type": "Expression"
                                    },
                                    "type": "String"
                                }
                            }
                        },
                        "linkedServiceName": {
                            "referenceName": "ItemMasterSqlServer",
                            "type": "LinkedServiceReference"
                        }
                    },
                    {
                        "name": "MergeNewSubmissionType",
                        "type": "SqlServerStoredProcedure",
                        "dependsOn": [
                            {
                                "activity": "MergeNewMedicalSpecialty",
                                "dependencyConditions": [
                                    "Succeeded"
                                ]
                            }
                        ],
                        "policy": {
                            "timeout": "7.00:00:00",
                            "retry": 0,
                            "retryIntervalInSeconds": 30,
                            "secureOutput": false,
                            "secureInput": false
                        },
                        "userProperties": [],
                        "typeProperties": {
                            "storedProcedureName": "[[fdaProductCode].[MergeNewSubmissionType]",
                            "storedProcedureParameters": {
                                "PipelineRunId": {
                                    "value": {
                                        "value": "@pipeline().parameters.PipelineRunId",
                                        "type": "Expression"
                                    },
                                    "type": "String"
                                }
                            }
                        },
                        "linkedServiceName": {
                            "referenceName": "ItemMasterSqlServer",
                            "type": "LinkedServiceReference"
                        }
                    },
                    {
                        "name": "MergeNewThirdPartyReviewCode",
                        "type": "SqlServerStoredProcedure",
                        "dependsOn": [
                            {
                                "activity": "MergeNewSubmissionType",
                                "dependencyConditions": [
                                    "Succeeded"
                                ]
                            }
                        ],
                        "policy": {
                            "timeout": "7.00:00:00",
                            "retry": 0,
                            "retryIntervalInSeconds": 30,
                            "secureOutput": false,
                            "secureInput": false
                        },
                        "userProperties": [],
                        "typeProperties": {
                            "storedProcedureName": "[[fdaProductCode].[MergeNewThirdPartyReviewCode]",
                            "storedProcedureParameters": {
                                "PipelineRunId": {
                                    "value": {
                                        "value": "@pipeline().parameters.PipelineRunId",
                                        "type": "Expression"
                                    },
                                    "type": "String"
                                }
                            }
                        },
                        "linkedServiceName": {
                            "referenceName": "ItemMasterSqlServer",
                            "type": "LinkedServiceReference"
                        }
                    },
                    {
                        "name": "MergeNewThirdPartyReviewEligible",
                        "type": "SqlServerStoredProcedure",
                        "dependsOn": [
                            {
                                "activity": "MergeNewThirdPartyReviewCode",
                                "dependencyConditions": [
                                    "Succeeded"
                                ]
                            }
                        ],
                        "policy": {
                            "timeout": "7.00:00:00",
                            "retry": 0,
                            "retryIntervalInSeconds": 30,
                            "secureOutput": false,
                            "secureInput": false
                        },
                        "userProperties": [],
                        "typeProperties": {
                            "storedProcedureName": "[[fdaProductCode].[MergeNewThirdPartyReviewEligible]",
                            "storedProcedureParameters": {
                                "PipelineRunId": {
                                    "value": {
                                        "value": "@pipeline().parameters.PipelineRunId",
                                        "type": "Expression"
                                    },
                                    "type": "String"
                                }
                            }
                        },
                        "linkedServiceName": {
                            "referenceName": "ItemMasterSqlServer",
                            "type": "LinkedServiceReference"
                        }
                    },
                    {
                        "name": "MergeNewUnclassifiedReasonCode",
                        "type": "SqlServerStoredProcedure",
                        "dependsOn": [
                            {
                                "activity": "MergeNewThirdPartyReviewEligible",
                                "dependencyConditions": [
                                    "Succeeded"
                                ]
                            }
                        ],
                        "policy": {
                            "timeout": "7.00:00:00",
                            "retry": 0,
                            "retryIntervalInSeconds": 30,
                            "secureOutput": false,
                            "secureInput": false
                        },
                        "userProperties": [],
                        "typeProperties": {
                            "storedProcedureName": "[[fdaProductCode].[MergeNewUnclassifiedReasonCode]",
                            "storedProcedureParameters": {
                                "PipelineRunId": {
                                    "value": {
                                        "value": "@pipeline().parameters.PipelineRunId",
                                        "type": "Expression"
                                    },
                                    "type": "String"
                                }
                            }
                        },
                        "linkedServiceName": {
                            "referenceName": "ItemMasterSqlServer",
                            "type": "LinkedServiceReference"
                        }
                    },
                    {
                        "name": "MergeFDARawProductCodes",
                        "type": "SqlServerStoredProcedure",
                        "dependsOn": [
                            {
                                "activity": "MergeNewUnclassifiedReasonCode",
                                "dependencyConditions": [
                                    "Succeeded"
                                ]
                            }
                        ],
                        "policy": {
                            "timeout": "7.00:00:00",
                            "retry": 0,
                            "retryIntervalInSeconds": 30,
                            "secureOutput": false,
                            "secureInput": false
                        },
                        "userProperties": [],
                        "typeProperties": {
                            "storedProcedureName": "[[fdaProductCode].[MergeFDARawProductCodes]",
                            "storedProcedureParameters": {
                                "PipelineRunId": {
                                    "value": {
                                        "value": "@pipeline().parameters.PipelineRunId",
                                        "type": "Expression"
                                    },
                                    "type": "String"
                                }
                            }
                        },
                        "linkedServiceName": {
                            "referenceName": "ItemMasterSqlServer",
                            "type": "LinkedServiceReference"
                        }
                    }
                ],
                "policy": {
                    "elapsedTimeMetric": {},
                    "cancelAfter": {}
                },
                "parameters": {
                    "PipelineRunId": {
                        "type": "String"
                    }
                },
                "folder": {
                    "name": "DELETE"
                },
                "annotations": [],
                "lastPublishTime": "2020-12-22T19:27:55Z"
            },
            "dependsOn": []
        },
        {
            "name": "[concat(parameters('factoryName'), '/FdaGudidDeleteStagingRecord')]",
            "type": "Microsoft.DataFactory/factories/pipelines",
            "apiVersion": "2018-06-01",
            "properties": {
                "activities": [
                    {
                        "name": "rawGUDIDImport_DeleteStagingFile",
                        "type": "SqlServerStoredProcedure",
                        "dependsOn": [],
                        "policy": {
                            "timeout": "7.00:00:00",
                            "retry": 0,
                            "retryIntervalInSeconds": 30,
                            "secureOutput": false,
                            "secureInput": false
                        },
                        "userProperties": [],
                        "typeProperties": {
                            "storedProcedureName": "[[rawGUDIDImport].[DeleteStagingFile]",
                            "storedProcedureParameters": {
                                "PipelineId": {
                                    "value": {
                                        "value": "@pipeline().parameters.PipelineRunId",
                                        "type": "Expression"
                                    },
                                    "type": "String"
                                }
                            }
                        },
                        "linkedServiceName": {
                            "referenceName": "ItemMasterSqlServer",
                            "type": "LinkedServiceReference"
                        }
                    }
                ],
                "policy": {
                    "elapsedTimeMetric": {},
                    "cancelAfter": {}
                },
                "parameters": {
                    "PipelineRunId": {
                        "type": "String"
                    }
                },
                "folder": {
                    "name": "DELETE"
                },
                "annotations": [],
                "lastPublishTime": "2020-12-22T19:27:55Z"
            },
            "dependsOn": []
        }
    ]
}