{
    "$schema": "https://schema.management.azure.com/schemas/2015-01-01/deploymentParameters.json#",
    "contentVersion": "1.0.0.0",
    "parameters": {
        "factoryName": {
            "value": "adf-CognitiveRx-Daily-prod"
        },
        "CentralDataFactoryComponentStorageAccount_connectionString": {
            "value": ""
        },
        "LS_Gen2_Export_accountKey": {
            "value": ""
        },
        "LS_MemberTenant_AzureSQL_connectionString": {
            "value": ""
        },
        "CognitiveRx_keyvault_properties_typeProperties_baseUrl": {
            "value": "https://kv-cognitiverx-prod.vault.azure.net/"
        },
        "CognitiveRx_properties_typeProperties_connectionString_secretName": {
            "value": "@linkedService().Secret"
        },
        "MasterDataSyncControl_properties_typeProperties_connectionString_secretName": {
            "value": "Secret-ItemMaster-DB-MasterDataSync"
        },
        "Ls_AA_properties_typeProperties_connectionString_secretName": {
            "value": "Secret-CogRX-DB-AdvocateAurora"
        },
        "linkedService1_properties_typeProperties_connectionString_secretName": {
            "value": "Secret-CogRX-DB-stluke"
        },
        "AzureSqlDatabase1_properties_typeProperties_connectionString_secretName": {
            "value": "Secret-CogRX-DB-stluke"
        },
        "AzureSqlDatabase2_properties_typeProperties_connectionString_secretName": {
            "value": "Secret-CogRX-DB-AdvocateAurora"
        },
        "LS_Gen2_Export_properties_typeProperties_url": {
            "value": "https://cogrxpremierdatastore.dfs.core.windows.net"
        },
        "LS_MemberTenant_AzureSQL_properties_typeProperties_servicePrincipalId": {
            "value": "@{linkedService().lsdbserviceprincipal}"
        },
        "LS_MemberTenant_AzureSQL_properties_typeProperties_tenant": {
            "value": "@{linkedService().lsdbtenant}"
        },
        "t_d_ScalingUp_properties_Scale Up - Loop_parameters_datasetGuid": {
            "value": [
                "UPMC",
                "StLukes",
                "Northwell",
                "Fairview",
                "CommonSpirit",
                "Demo",
                "AdvocateAurora"
            ]
        },
        "t_w_ScalingDown_properties_Scale Down - Loop_parameters_datasetGuid": {
            "value": [
                "UPMC",
                "StLukes",
                "Northwell",
                "Fairview",
                "CommonSpirit",
                "Demo",
                "AdvocateAurora"
            ]
        },
        "t_d_ScalingDown_properties_Scale Down - Loop_parameters_datasetGuid": {
            "value": [
                "UPMC",
                "StLukes",
                "Northwell",
                "Fairview",
                "CommonSpirit",
                "Demo",
                "AdvocateAurora"
            ]
        },
        "t_wholesaler_properties_typeProperties_scope": {
            "value": "/subscriptions/d0521c58-92af-4b80-9809-8cd793aa9393/resourceGroups/CognitiveRx-PROD/providers/Microsoft.Storage/storageAccounts/stcogrxexternalprod"
        }
    }
}