{
    "$schema": "http://schema.management.azure.com/schemas/2015-01-01/deploymentTemplate.json#",
    "contentVersion": "1.0.0.0",
    "parameters": {
        "factoryName": {
            "type": "string",
            "metadata": "Data Factory name",
            "defaultValue": "adf-ItemMaster-Drug-Shortage-prod"
        },
        "CentralDataFactoryComponentStorageAccount_connectionString": {
            "type": "secureString",
            "metadata": "Secure string for 'connectionString' of 'CentralDataFactoryComponentStorageAccount'"
        },
        "ItemMaster_ADL_servicePrincipalKey": {
            "type": "secureString",
            "metadata": "Secure string for 'servicePrincipalKey' of 'ItemMaster_ADL'"
        },
        "ItemMaster_ADLA_servicePrincipalKey": {
            "type": "secureString",
            "metadata": "Secure string for 'servicePrincipalKey' of 'ItemMaster_ADLA'"
        },
        "CustomComponentAzureBatchLink_accessKey": {
            "type": "secureString",
            "metadata": "Secure string for 'accessKey' of 'CustomComponentAzureBatchLink'"
        },
        "Ls_logging_errors_connectionString": {
            "type": "secureString",
            "metadata": "Secure string for 'connectionString' of 'Ls_logging_errors'"
        },
        "ASHP_properties_typeProperties_url": {
            "type": "string",
            "defaultValue": "https://ahfs.firebaseio.com"
        },
        "ItemMaster_ADL_properties_typeProperties_dataLakeStoreUri": {
            "type": "string",
            "defaultValue": "https://stitemmasterprod.azuredatalakestore.net/webhdfs/v1"
        },
        "ItemMaster_ADL_properties_typeProperties_servicePrincipalId": {
            "type": "string",
            "defaultValue": "bbb1bd37-904d-4528-8a28-52dedf7fe9db"
        },
        "ItemMaster_ADL_properties_typeProperties_tenant": {
            "type": "string",
            "defaultValue": "b110eddf-23ae-457c-a6f3-734d592b2847"
        },
        "ItemMaster_ADL_properties_typeProperties_subscriptionId": {
            "type": "string",
            "defaultValue": "d0521c58-92af-4b80-9809-8cd793aa9393"
        },
        "ItemMaster_ADL_properties_typeProperties_resourceGroupName": {
            "type": "string",
            "defaultValue": "CognitiveRx-PROD"
        },
        "CognitiveRx_keyvault_properties_typeProperties_baseUrl": {
            "type": "string",
            "defaultValue": "https://kv-cognitiverx-prod.vault.azure.net/"
        },
        "FDAShortages_properties_typeProperties_url": {
            "type": "string",
            "defaultValue": "https://www.accessdata.fda.gov/scripts/drugshortages/Drugshortages.cfm"
        },
        "ItemMaster_ADLA_properties_typeProperties_accountName": {
            "type": "string",
            "defaultValue": "dlaitemmasterprod"
        },
        "ItemMaster_ADLA_properties_typeProperties_servicePrincipalId": {
            "type": "string",
            "defaultValue": "bbb1bd37-904d-4528-8a28-52dedf7fe9db"
        },
        "ItemMaster_ADLA_properties_typeProperties_tenant": {
            "type": "string",
            "defaultValue": "b110eddf-23ae-457c-a6f3-734d592b2847"
        },
        "ItemMaster_ADLA_properties_typeProperties_subscriptionId": {
            "type": "string",
            "defaultValue": "d0521c58-92af-4b80-9809-8cd793aa9393"
        },
        "ItemMaster_ADLA_properties_typeProperties_resourceGroupName": {
            "type": "string",
            "defaultValue": "CognitiveRx-PROD"
        },
        "ItemMaster_properties_typeProperties_connectionString_secretName": {
            "type": "string",
            "defaultValue": "Secret-ItemMaster-DB-ItemMaster"
        },
        "ItemMaster_SQL_properties_typeProperties_connectionString_secretName": {
            "type": "string",
            "defaultValue": "Secret-ItemMaster-DB-ItemMaster"
        },
        "CustomComponentAzureBatchLink_properties_typeProperties_batchUri": {
            "type": "string",
            "defaultValue": "https://batcognitiverxbatchprod.eastus.batch.azure.com"
        },
        "CustomComponentAzureBatchLink_properties_typeProperties_poolName": {
            "type": "string",
            "defaultValue": "pensbatchpoolpre"
        },
        "CustomComponentAzureBatchLink_properties_typeProperties_accountName": {
            "type": "string",
            "defaultValue": "batcognitiverxbatchprod"
        },
        "t_d_ASHPShortage_properties_ASHPShortage_Pull_parameters_ADLPath": {
            "type": "string",
            "defaultValue": "/prod/Shortage/ASHP"
        },
        "t_d_ASHPShortage_properties_ASHPShortage_Pull_parameters_Filename": {
            "type": "string",
            "defaultValue": "ASHPDownload.json"
        },
        "t_d_FDAShortage_properties_FDAShortage_Pull_parameters_ADLPath": {
            "type": "string",
            "defaultValue": "/prod/Shortage/FDA"
        },
        "t_d_FDAShortage_properties_FDAShortage_Pull_parameters_Filename": {
            "type": "string",
            "defaultValue": "Drugshortages.csv"
        },
        "containerUri": {
            "type": "string",
            "metadata": "URI to storage account containing linked ARM templates"
        },
        "containerSasToken": {
            "type": "string",
            "metadata": "Sas token to storage account containing linked ARM templates"
        }
    },
    "variables": {
        "factoryId": "[concat('Microsoft.DataFactory/factories/', parameters('factoryName'))]"
    },
    "resources": [
        {
            "name": "adf-ItemMaster-Drug-Shortage-prod_ArmTemplate_0",
            "type": "Microsoft.Resources/deployments",
            "apiVersion": "2018-02-01",
            "properties": {
                "mode": "incremental",
                "templateLink": {
                    "uri": "[concat(parameters('containerUri'), '/ArmTemplate_0.json', parameters('containerSasToken'))]",
                    "contentVersion": "1.0.0.0"
                },
                "parameters": {
                    "factoryName": {
                        "value": "[parameters('factoryName')]"
                    },
                    "CentralDataFactoryComponentStorageAccount_connectionString": {
                        "value": "[parameters('CentralDataFactoryComponentStorageAccount_connectionString')]"
                    },
                    "ItemMaster_ADL_servicePrincipalKey": {
                        "value": "[parameters('ItemMaster_ADL_servicePrincipalKey')]"
                    },
                    "ItemMaster_ADLA_servicePrincipalKey": {
                        "value": "[parameters('ItemMaster_ADLA_servicePrincipalKey')]"
                    },
                    "Ls_logging_errors_connectionString": {
                        "value": "[parameters('Ls_logging_errors_connectionString')]"
                    },
                    "CustomComponentAzureBatchLink_accessKey": {
                        "value": "[parameters('CustomComponentAzureBatchLink_accessKey')]"
                    },
                    "ASHP_properties_typeProperties_url": {
                        "value": "[parameters('ASHP_properties_typeProperties_url')]"
                    },
                    "ItemMaster_ADL_properties_typeProperties_dataLakeStoreUri": {
                        "value": "[parameters('ItemMaster_ADL_properties_typeProperties_dataLakeStoreUri')]"
                    },
                    "ItemMaster_ADL_properties_typeProperties_servicePrincipalId": {
                        "value": "[parameters('ItemMaster_ADL_properties_typeProperties_servicePrincipalId')]"
                    },
                    "ItemMaster_ADL_properties_typeProperties_tenant": {
                        "value": "[parameters('ItemMaster_ADL_properties_typeProperties_tenant')]"
                    },
                    "ItemMaster_ADL_properties_typeProperties_subscriptionId": {
                        "value": "[parameters('ItemMaster_ADL_properties_typeProperties_subscriptionId')]"
                    },
                    "ItemMaster_ADL_properties_typeProperties_resourceGroupName": {
                        "value": "[parameters('ItemMaster_ADL_properties_typeProperties_resourceGroupName')]"
                    },
                    "CognitiveRx_keyvault_properties_typeProperties_baseUrl": {
                        "value": "[parameters('CognitiveRx_keyvault_properties_typeProperties_baseUrl')]"
                    },
                    "FDAShortages_properties_typeProperties_url": {
                        "value": "[parameters('FDAShortages_properties_typeProperties_url')]"
                    },
                    "ItemMaster_ADLA_properties_typeProperties_accountName": {
                        "value": "[parameters('ItemMaster_ADLA_properties_typeProperties_accountName')]"
                    },
                    "ItemMaster_ADLA_properties_typeProperties_servicePrincipalId": {
                        "value": "[parameters('ItemMaster_ADLA_properties_typeProperties_servicePrincipalId')]"
                    },
                    "ItemMaster_ADLA_properties_typeProperties_tenant": {
                        "value": "[parameters('ItemMaster_ADLA_properties_typeProperties_tenant')]"
                    },
                    "ItemMaster_ADLA_properties_typeProperties_subscriptionId": {
                        "value": "[parameters('ItemMaster_ADLA_properties_typeProperties_subscriptionId')]"
                    },
                    "ItemMaster_ADLA_properties_typeProperties_resourceGroupName": {
                        "value": "[parameters('ItemMaster_ADLA_properties_typeProperties_resourceGroupName')]"
                    },
                    "ItemMaster_properties_typeProperties_connectionString_secretName": {
                        "value": "[parameters('ItemMaster_properties_typeProperties_connectionString_secretName')]"
                    },
                    "ItemMaster_SQL_properties_typeProperties_connectionString_secretName": {
                        "value": "[parameters('ItemMaster_SQL_properties_typeProperties_connectionString_secretName')]"
                    },
                    "CustomComponentAzureBatchLink_properties_typeProperties_batchUri": {
                        "value": "[parameters('CustomComponentAzureBatchLink_properties_typeProperties_batchUri')]"
                    },
                    "CustomComponentAzureBatchLink_properties_typeProperties_poolName": {
                        "value": "[parameters('CustomComponentAzureBatchLink_properties_typeProperties_poolName')]"
                    },
                    "CustomComponentAzureBatchLink_properties_typeProperties_accountName": {
                        "value": "[parameters('CustomComponentAzureBatchLink_properties_typeProperties_accountName')]"
                    }
                }
            },
            "dependsOn": []
        },
        {
            "name": "adf-ItemMaster-Drug-Shortage-prod_ArmTemplate_1",
            "type": "Microsoft.Resources/deployments",
            "apiVersion": "2018-02-01",
            "properties": {
                "mode": "incremental",
                "templateLink": {
                    "uri": "[concat(parameters('containerUri'), '/ArmTemplate_1.json', parameters('containerSasToken'))]",
                    "contentVersion": "1.0.0.0"
                },
                "parameters": {
                    "factoryName": {
                        "value": "[parameters('factoryName')]"
                    }
                }
            },
            "dependsOn": [
                "[resourceId('Microsoft.Resources/deployments', 'adf-ItemMaster-Drug-Shortage-prod_ArmTemplate_0')]"
            ]
        },
        {
            "name": "adf-ItemMaster-Drug-Shortage-prod_ArmTemplate_2",
            "type": "Microsoft.Resources/deployments",
            "apiVersion": "2018-02-01",
            "properties": {
                "mode": "incremental",
                "templateLink": {
                    "uri": "[concat(parameters('containerUri'), '/ArmTemplate_2.json', parameters('containerSasToken'))]",
                    "contentVersion": "1.0.0.0"
                },
                "parameters": {
                    "factoryName": {
                        "value": "[parameters('factoryName')]"
                    },
                    "t_d_ASHPShortage_properties_ASHPShortage_Pull_parameters_ADLPath": {
                        "value": "[parameters('t_d_ASHPShortage_properties_ASHPShortage_Pull_parameters_ADLPath')]"
                    },
                    "t_d_ASHPShortage_properties_ASHPShortage_Pull_parameters_Filename": {
                        "value": "[parameters('t_d_ASHPShortage_properties_ASHPShortage_Pull_parameters_Filename')]"
                    },
                    "t_d_FDAShortage_properties_FDAShortage_Pull_parameters_ADLPath": {
                        "value": "[parameters('t_d_FDAShortage_properties_FDAShortage_Pull_parameters_ADLPath')]"
                    },
                    "t_d_FDAShortage_properties_FDAShortage_Pull_parameters_Filename": {
                        "value": "[parameters('t_d_FDAShortage_properties_FDAShortage_Pull_parameters_Filename')]"
                    }
                }
            },
            "dependsOn": [
                "[resourceId('Microsoft.Resources/deployments', 'adf-ItemMaster-Drug-Shortage-prod_ArmTemplate_1')]"
            ]
        }
    ]
}