{
    "$schema": "https://schema.management.azure.com/schemas/2015-01-01/deploymentParameters.json#",
    "contentVersion": "1.0.0.0",
    "parameters": {
        "factoryName": {
            "value": "adf-ItemMaster-Drug-Shortage-prod"
        },
        "CentralDataFactoryComponentStorageAccount_connectionString": {
            "value": ""
        },
        "ItemMaster_ADL_servicePrincipalKey": {
            "value": ""
        },
        "ItemMaster_ADLA_servicePrincipalKey": {
            "value": ""
        },
        "CustomComponentAzureBatchLink_accessKey": {
            "value": ""
        },
        "Ls_logging_errors_connectionString": {
            "value": ""
        },
        "ASHP_properties_typeProperties_url": {
            "value": "https://ahfs.firebaseio.com"
        },
        "ItemMaster_ADL_properties_typeProperties_dataLakeStoreUri": {
            "value": "https://stitemmasterprod.azuredatalakestore.net/webhdfs/v1"
        },
        "ItemMaster_ADL_properties_typeProperties_servicePrincipalId": {
            "value": "bbb1bd37-904d-4528-8a28-52dedf7fe9db"
        },
        "ItemMaster_ADL_properties_typeProperties_tenant": {
            "value": "b110eddf-23ae-457c-a6f3-734d592b2847"
        },
        "ItemMaster_ADL_properties_typeProperties_subscriptionId": {
            "value": "d0521c58-92af-4b80-9809-8cd793aa9393"
        },
        "ItemMaster_ADL_properties_typeProperties_resourceGroupName": {
            "value": "CognitiveRx-PROD"
        },
        "CognitiveRx_keyvault_properties_typeProperties_baseUrl": {
            "value": "https://kv-cognitiverx-prod.vault.azure.net/"
        },
        "FDAShortages_properties_typeProperties_url": {
            "value": "https://www.accessdata.fda.gov/scripts/drugshortages/Drugshortages.cfm"
        },
        "ItemMaster_ADLA_properties_typeProperties_accountName": {
            "value": "dlaitemmasterprod"
        },
        "ItemMaster_ADLA_properties_typeProperties_servicePrincipalId": {
            "value": "bbb1bd37-904d-4528-8a28-52dedf7fe9db"
        },
        "ItemMaster_ADLA_properties_typeProperties_tenant": {
            "value": "b110eddf-23ae-457c-a6f3-734d592b2847"
        },
        "ItemMaster_ADLA_properties_typeProperties_subscriptionId": {
            "value": "d0521c58-92af-4b80-9809-8cd793aa9393"
        },
        "ItemMaster_ADLA_properties_typeProperties_resourceGroupName": {
            "value": "CognitiveRx-PROD"
        },
        "ItemMaster_properties_typeProperties_connectionString_secretName": {
            "value": "Secret-ItemMaster-DB-ItemMaster"
        },
        "ItemMaster_SQL_properties_typeProperties_connectionString_secretName": {
            "value": "Secret-ItemMaster-DB-ItemMaster"
        },
        "CustomComponentAzureBatchLink_properties_typeProperties_batchUri": {
            "value": "https://batcognitiverxbatchprod.eastus.batch.azure.com"
        },
        "CustomComponentAzureBatchLink_properties_typeProperties_poolName": {
            "value": "pensbatchpoolpre"
        },
        "CustomComponentAzureBatchLink_properties_typeProperties_accountName": {
            "value": "batcognitiverxbatchprod"
        },
        "t_d_ASHPShortage_properties_ASHPShortage_Pull_parameters_ADLPath": {
            "value": "/prod/Shortage/ASHP"
        },
        "t_d_ASHPShortage_properties_ASHPShortage_Pull_parameters_Filename": {
            "value": "ASHPDownload.json"
        },
        "t_d_FDAShortage_properties_FDAShortage_Pull_parameters_ADLPath": {
            "value": "/prod/Shortage/FDA"
        },
        "t_d_FDAShortage_properties_FDAShortage_Pull_parameters_Filename": {
            "value": "Drugshortages.csv"
        },
        "containerUri": {
            "value": ""
        },
        "containerSasToken": {
            "value": ""
        }
    }
}