{
    "$schema": "http://schema.management.azure.com/schemas/2015-01-01/deploymentTemplate.json#",
    "contentVersion": "1.0.0.0",
    "parameters": {
        "factoryName": {
            "type": "string",
            "metadata": "Data Factory name",
            "defaultValue": "adf-ItemMaster-Drug-Shortage-prod"
        }
    },
    "variables": {
        "factoryId": "[concat('Microsoft.DataFactory/factories/', parameters('factoryName'))]"
    },
    "resources": [
        {
            "name": "[concat(parameters('factoryName'), '/RawASHPShortagePatientCareImplications_SQL')]",
            "type": "Microsoft.DataFactory/factories/datasets",
            "apiVersion": "2018-06-01",
            "properties": {
                "linkedServiceName": {
                    "referenceName": "ItemMaster",
                    "type": "LinkedServiceReference"
                },
                "annotations": [],
                "type": "AzureSqlTable",
                "schema": [
                    {
                        "name": "RawASHPShortagePatientCareImplicationsId",
                        "type": "int",
                        "precision": 10
                    },
                    {
                        "name": "RawASHPShortageId",
                        "type": "int",
                        "precision": 10
                    },
                    {
                        "name": "PatientCareImplications1",
                        "type": "nvarchar"
                    },
                    {
                        "name": "PatientCareImplications2",
                        "type": "nvarchar"
                    },
                    {
                        "name": "PatientCareImplications3",
                        "type": "nvarchar"
                    },
                    {
                        "name": "PatientCareImplications4",
                        "type": "nvarchar"
                    },
                    {
                        "name": "PatientCareImplications5",
                        "type": "nvarchar"
                    },
                    {
                        "name": "PatientCareImplications6",
                        "type": "nvarchar"
                    },
                    {
                        "name": "PatientCareImplications7",
                        "type": "nvarchar"
                    },
                    {
                        "name": "PatientCareImplications8",
                        "type": "nvarchar"
                    },
                    {
                        "name": "PatientCareImplications9",
                        "type": "nvarchar"
                    },
                    {
                        "name": "PatientCareImplications10",
                        "type": "nvarchar"
                    },
                    {
                        "name": "lastRevisedDate",
                        "type": "nvarchar"
                    },
                    {
                        "name": "shortageCreateDate",
                        "type": "nvarchar"
                    },
                    {
                        "name": "shortageTitle",
                        "type": "nvarchar"
                    },
                    {
                        "name": "shortageVersion",
                        "type": "nvarchar"
                    },
                    {
                        "name": "PipelineRunId",
                        "type": "varchar"
                    }
                ],
                "typeProperties": {
                    "schema": "RawASHP",
                    "table": "ASHPShortagePatientCareImplications"
                }
            },
            "dependsOn": []
        },
        {
            "name": "[concat(parameters('factoryName'), '/RawASHPShortage_SQL')]",
            "type": "Microsoft.DataFactory/factories/datasets",
            "apiVersion": "2018-06-01",
            "properties": {
                "linkedServiceName": {
                    "referenceName": "ItemMaster",
                    "type": "LinkedServiceReference"
                },
                "annotations": [],
                "type": "AzureSqlTable",
                "schema": [
                    {
                        "name": "RawASHPShortageId",
                        "type": "int",
                        "precision": 10
                    },
                    {
                        "name": "lastRevisedDate",
                        "type": "nvarchar"
                    },
                    {
                        "name": "searchString",
                        "type": "nvarchar"
                    },
                    {
                        "name": "shortageCreateDate",
                        "type": "nvarchar"
                    },
                    {
                        "name": "shortageStatus",
                        "type": "nvarchar"
                    },
                    {
                        "name": "shortageTitle",
                        "type": "nvarchar"
                    },
                    {
                        "name": "shortageVersion",
                        "type": "nvarchar"
                    },
                    {
                        "name": "updateHistory",
                        "type": "nvarchar"
                    },
                    {
                        "name": "updatedAt",
                        "type": "nvarchar"
                    },
                    {
                        "name": "PipelineRunId",
                        "type": "varchar"
                    },
                    {
                        "name": "ASHPId",
                        "type": "nvarchar"
                    }
                ],
                "typeProperties": {
                    "schema": "RawASHP",
                    "table": "ASHPShortage"
                }
            },
            "dependsOn": []
        },
        {
            "name": "[concat(parameters('factoryName'), '/Raw_FDAShortage_SQL')]",
            "type": "Microsoft.DataFactory/factories/datasets",
            "apiVersion": "2018-06-01",
            "properties": {
                "linkedServiceName": {
                    "referenceName": "ItemMaster",
                    "type": "LinkedServiceReference"
                },
                "folder": {
                    "name": "FDAShortage"
                },
                "annotations": [],
                "type": "AzureSqlTable",
                "schema": [
                    {
                        "name": "RawShortageId",
                        "type": "int",
                        "precision": 10
                    },
                    {
                        "name": "GenericName",
                        "type": "varchar"
                    },
                    {
                        "name": "CompanyName",
                        "type": "varchar"
                    },
                    {
                        "name": "ContactInfo",
                        "type": "varchar"
                    },
                    {
                        "name": "Presentation",
                        "type": "varchar"
                    },
                    {
                        "name": "TypeofUpdate",
                        "type": "varchar"
                    },
                    {
                        "name": "DateofUpdate",
                        "type": "varchar"
                    },
                    {
                        "name": "AvailabilityInformation",
                        "type": "varchar"
                    },
                    {
                        "name": "RelatedInformation",
                        "type": "varchar"
                    },
                    {
                        "name": "ResolvedNote",
                        "type": "varchar"
                    },
                    {
                        "name": "ReasonforShortage",
                        "type": "varchar"
                    },
                    {
                        "name": "TherapeuticCategory",
                        "type": "varchar"
                    },
                    {
                        "name": "Status",
                        "type": "varchar"
                    },
                    {
                        "name": "ChangeDate",
                        "type": "varchar"
                    },
                    {
                        "name": "DateDiscontinued",
                        "type": "varchar"
                    },
                    {
                        "name": "InitialPostingDate",
                        "type": "varchar"
                    },
                    {
                        "name": "GenericNameNote",
                        "type": "varchar"
                    },
                    {
                        "name": "GenericNameLink",
                        "type": "varchar"
                    },
                    {
                        "name": "CompanyInfoLink",
                        "type": "varchar"
                    },
                    {
                        "name": "AvailabilityLink",
                        "type": "varchar"
                    },
                    {
                        "name": "RelatedInfoLink",
                        "type": "varchar"
                    },
                    {
                        "name": "ResolvedNoteLink",
                        "type": "varchar"
                    },
                    {
                        "name": "DiscontinuedNoteLink",
                        "type": "varchar"
                    },
                    {
                        "name": "AddedDateTime",
                        "type": "datetime",
                        "precision": 23,
                        "scale": 3
                    },
                    {
                        "name": "PipelineRunId",
                        "type": "varchar"
                    },
                    {
                        "name": "isImported",
                        "type": "bit"
                    }
                ],
                "typeProperties": {
                    "schema": "RawFda",
                    "table": "FDAShortage"
                }
            },
            "dependsOn": []
        },
        {
            "name": "[concat(parameters('factoryName'), '/RawASHPShortageReason_SQL')]",
            "type": "Microsoft.DataFactory/factories/datasets",
            "apiVersion": "2018-06-01",
            "properties": {
                "linkedServiceName": {
                    "referenceName": "ItemMaster",
                    "type": "LinkedServiceReference"
                },
                "annotations": [],
                "type": "AzureSqlTable",
                "schema": [
                    {
                        "name": "RawASHPShortageReasonId",
                        "type": "int",
                        "precision": 10
                    },
                    {
                        "name": "RawASHPShortageId",
                        "type": "int",
                        "precision": 10
                    },
                    {
                        "name": "Reason1",
                        "type": "nvarchar"
                    },
                    {
                        "name": "Reason2",
                        "type": "nvarchar"
                    },
                    {
                        "name": "Reason3",
                        "type": "nvarchar"
                    },
                    {
                        "name": "Reason4",
                        "type": "nvarchar"
                    },
                    {
                        "name": "Reason5",
                        "type": "nvarchar"
                    },
                    {
                        "name": "Reason6",
                        "type": "nvarchar"
                    },
                    {
                        "name": "Reason7",
                        "type": "nvarchar"
                    },
                    {
                        "name": "Reason8",
                        "type": "nvarchar"
                    },
                    {
                        "name": "Reason9",
                        "type": "nvarchar"
                    },
                    {
                        "name": "Reason10",
                        "type": "nvarchar"
                    },
                    {
                        "name": "Reason11",
                        "type": "nvarchar"
                    },
                    {
                        "name": "Reason12",
                        "type": "nvarchar"
                    },
                    {
                        "name": "Reason13",
                        "type": "nvarchar"
                    },
                    {
                        "name": "Reason14",
                        "type": "nvarchar"
                    },
                    {
                        "name": "Reason15",
                        "type": "nvarchar"
                    },
                    {
                        "name": "lastRevisedDate",
                        "type": "nvarchar"
                    },
                    {
                        "name": "shortageCreateDate",
                        "type": "nvarchar"
                    },
                    {
                        "name": "shortageTitle",
                        "type": "nvarchar"
                    },
                    {
                        "name": "shortageVersion",
                        "type": "nvarchar"
                    },
                    {
                        "name": "PipelineRunId",
                        "type": "varchar"
                    }
                ],
                "typeProperties": {
                    "schema": "RawASHP",
                    "table": "ASHPShortageReason"
                }
            },
            "dependsOn": []
        },
        {
            "name": "[concat(parameters('factoryName'), '/RawASHPShortageAlternativeAgentTable_SQL')]",
            "type": "Microsoft.DataFactory/factories/datasets",
            "apiVersion": "2018-06-01",
            "properties": {
                "linkedServiceName": {
                    "referenceName": "ItemMaster",
                    "type": "LinkedServiceReference"
                },
                "annotations": [],
                "type": "AzureSqlTable",
                "schema": [
                    {
                        "name": "RawASHPShortageAlternativeAgentTableId",
                        "type": "int",
                        "precision": 10
                    },
                    {
                        "name": "RawASHPShortageId",
                        "type": "int",
                        "precision": 10
                    },
                    {
                        "name": "AlternativeAgentTable1",
                        "type": "nvarchar"
                    },
                    {
                        "name": "AlternativeAgentTable2",
                        "type": "nvarchar"
                    },
                    {
                        "name": "AlternativeAgentTable3",
                        "type": "nvarchar"
                    },
                    {
                        "name": "AlternativeAgentTable4",
                        "type": "nvarchar"
                    },
                    {
                        "name": "AlternativeAgentTable5",
                        "type": "nvarchar"
                    },
                    {
                        "name": "AlternativeAgentTable6",
                        "type": "nvarchar"
                    },
                    {
                        "name": "AlternativeAgentTable7",
                        "type": "nvarchar"
                    },
                    {
                        "name": "AlternativeAgentTable8",
                        "type": "nvarchar"
                    },
                    {
                        "name": "AlternativeAgentTable9",
                        "type": "nvarchar"
                    },
                    {
                        "name": "AlternativeAgentTable10",
                        "type": "nvarchar"
                    },
                    {
                        "name": "lastRevisedDate",
                        "type": "nvarchar"
                    },
                    {
                        "name": "shortageCreateDate",
                        "type": "nvarchar"
                    },
                    {
                        "name": "shortageTitle",
                        "type": "nvarchar"
                    },
                    {
                        "name": "shortageVersion",
                        "type": "nvarchar"
                    },
                    {
                        "name": "PipelineRunId",
                        "type": "varchar"
                    }
                ],
                "typeProperties": {
                    "schema": "RawASHP",
                    "table": "ASHPShortageAlternativeAgentTable"
                }
            },
            "dependsOn": []
        },
        {
            "name": "[concat(parameters('factoryName'), '/RawASHPShortageNoAvailableProductsNote_SQL')]",
            "type": "Microsoft.DataFactory/factories/datasets",
            "apiVersion": "2018-06-01",
            "properties": {
                "linkedServiceName": {
                    "referenceName": "ItemMaster",
                    "type": "LinkedServiceReference"
                },
                "annotations": [],
                "type": "AzureSqlTable",
                "schema": [
                    {
                        "name": "RawASHPShortageNoAvailableProductsNoteId",
                        "type": "int",
                        "precision": 10
                    },
                    {
                        "name": "RawASHPShortageId",
                        "type": "int",
                        "precision": 10
                    },
                    {
                        "name": "NoAvailableProductsNote1",
                        "type": "nvarchar"
                    },
                    {
                        "name": "NoAvailableProductsNote2",
                        "type": "nvarchar"
                    },
                    {
                        "name": "NoAvailableProductsNote3",
                        "type": "nvarchar"
                    },
                    {
                        "name": "NoAvailableProductsNote4",
                        "type": "nvarchar"
                    },
                    {
                        "name": "NoAvailableProductsNote5",
                        "type": "nvarchar"
                    },
                    {
                        "name": "NoAvailableProductsNote6",
                        "type": "nvarchar"
                    },
                    {
                        "name": "NoAvailableProductsNote7",
                        "type": "nvarchar"
                    },
                    {
                        "name": "NoAvailableProductsNote8",
                        "type": "nvarchar"
                    },
                    {
                        "name": "NoAvailableProductsNote9",
                        "type": "nvarchar"
                    },
                    {
                        "name": "NoAvailableProductsNote10",
                        "type": "nvarchar"
                    },
                    {
                        "name": "lastRevisedDate",
                        "type": "nvarchar"
                    },
                    {
                        "name": "shortageCreateDate",
                        "type": "nvarchar"
                    },
                    {
                        "name": "shortageTitle",
                        "type": "nvarchar"
                    },
                    {
                        "name": "shortageVersion",
                        "type": "nvarchar"
                    },
                    {
                        "name": "PipelineRunId",
                        "type": "varchar"
                    }
                ],
                "typeProperties": {
                    "schema": "RawASHP",
                    "table": "ASHPShortageNoAvailableProductsNote"
                }
            },
            "dependsOn": []
        },
        {
            "name": "[concat(parameters('factoryName'), '/RawASHPShortageSafetyNote_SQL')]",
            "type": "Microsoft.DataFactory/factories/datasets",
            "apiVersion": "2018-06-01",
            "properties": {
                "linkedServiceName": {
                    "referenceName": "ItemMaster",
                    "type": "LinkedServiceReference"
                },
                "annotations": [],
                "type": "AzureSqlTable",
                "schema": [
                    {
                        "name": "RawASHPShortageSafetyNoteId",
                        "type": "int",
                        "precision": 10
                    },
                    {
                        "name": "RawASHPShortageId",
                        "type": "int",
                        "precision": 10
                    },
                    {
                        "name": "SafetyNote1",
                        "type": "nvarchar"
                    },
                    {
                        "name": "SafetyNote2",
                        "type": "nvarchar"
                    },
                    {
                        "name": "SafetyNote3",
                        "type": "nvarchar"
                    },
                    {
                        "name": "SafetyNote4",
                        "type": "nvarchar"
                    },
                    {
                        "name": "SafetyNote5",
                        "type": "nvarchar"
                    },
                    {
                        "name": "SafetyNote6",
                        "type": "nvarchar"
                    },
                    {
                        "name": "SafetyNote7",
                        "type": "nvarchar"
                    },
                    {
                        "name": "SafetyNote8",
                        "type": "nvarchar"
                    },
                    {
                        "name": "SafetyNote9",
                        "type": "nvarchar"
                    },
                    {
                        "name": "SafetyNote10",
                        "type": "nvarchar"
                    },
                    {
                        "name": "lastRevisedDate",
                        "type": "nvarchar"
                    },
                    {
                        "name": "shortageCreateDate",
                        "type": "nvarchar"
                    },
                    {
                        "name": "shortageTitle",
                        "type": "nvarchar"
                    },
                    {
                        "name": "shortageVersion",
                        "type": "nvarchar"
                    },
                    {
                        "name": "PipelineRunId",
                        "type": "varchar"
                    }
                ],
                "typeProperties": {
                    "schema": "RawASHP",
                    "table": "ASHPShortageSafetyNote"
                }
            },
            "dependsOn": []
        },
        {
            "name": "[concat(parameters('factoryName'), '/RawASHPShortageReference_SQL')]",
            "type": "Microsoft.DataFactory/factories/datasets",
            "apiVersion": "2018-06-01",
            "properties": {
                "linkedServiceName": {
                    "referenceName": "ItemMaster",
                    "type": "LinkedServiceReference"
                },
                "annotations": [],
                "type": "AzureSqlTable",
                "schema": [
                    {
                        "name": "RawASHPShortageReferenceId",
                        "type": "int",
                        "precision": 10
                    },
                    {
                        "name": "RawASHPShortageId",
                        "type": "int",
                        "precision": 10
                    },
                    {
                        "name": "Reference1",
                        "type": "nvarchar"
                    },
                    {
                        "name": "Reference2",
                        "type": "nvarchar"
                    },
                    {
                        "name": "Reference3",
                        "type": "nvarchar"
                    },
                    {
                        "name": "Reference4",
                        "type": "nvarchar"
                    },
                    {
                        "name": "Reference5",
                        "type": "nvarchar"
                    },
                    {
                        "name": "Reference6",
                        "type": "nvarchar"
                    },
                    {
                        "name": "Reference7",
                        "type": "nvarchar"
                    },
                    {
                        "name": "Reference8",
                        "type": "nvarchar"
                    },
                    {
                        "name": "Reference9",
                        "type": "nvarchar"
                    },
                    {
                        "name": "Reference10",
                        "type": "nvarchar"
                    },
                    {
                        "name": "Reference11",
                        "type": "nvarchar"
                    },
                    {
                        "name": "Reference12",
                        "type": "nvarchar"
                    },
                    {
                        "name": "Reference13",
                        "type": "nvarchar"
                    },
                    {
                        "name": "Reference14",
                        "type": "nvarchar"
                    },
                    {
                        "name": "Reference15",
                        "type": "nvarchar"
                    },
                    {
                        "name": "Reference16",
                        "type": "nvarchar"
                    },
                    {
                        "name": "Reference17",
                        "type": "nvarchar"
                    },
                    {
                        "name": "Reference18",
                        "type": "nvarchar"
                    },
                    {
                        "name": "Reference19",
                        "type": "nvarchar"
                    },
                    {
                        "name": "Reference20",
                        "type": "nvarchar"
                    },
                    {
                        "name": "Reference21",
                        "type": "nvarchar"
                    },
                    {
                        "name": "Reference22",
                        "type": "nvarchar"
                    },
                    {
                        "name": "Reference23",
                        "type": "nvarchar"
                    },
                    {
                        "name": "Reference24",
                        "type": "nvarchar"
                    },
                    {
                        "name": "Reference25",
                        "type": "nvarchar"
                    },
                    {
                        "name": "Reference26",
                        "type": "nvarchar"
                    },
                    {
                        "name": "Reference27",
                        "type": "nvarchar"
                    },
                    {
                        "name": "Reference28",
                        "type": "nvarchar"
                    },
                    {
                        "name": "Reference29",
                        "type": "nvarchar"
                    },
                    {
                        "name": "Reference30",
                        "type": "nvarchar"
                    },
                    {
                        "name": "Reference31",
                        "type": "nvarchar"
                    },
                    {
                        "name": "Reference32",
                        "type": "nvarchar"
                    },
                    {
                        "name": "Reference33",
                        "type": "nvarchar"
                    },
                    {
                        "name": "Reference34",
                        "type": "nvarchar"
                    },
                    {
                        "name": "Reference35",
                        "type": "nvarchar"
                    },
                    {
                        "name": "Reference36",
                        "type": "nvarchar"
                    },
                    {
                        "name": "Reference37",
                        "type": "nvarchar"
                    },
                    {
                        "name": "Reference38",
                        "type": "nvarchar"
                    },
                    {
                        "name": "Reference39",
                        "type": "nvarchar"
                    },
                    {
                        "name": "Reference40",
                        "type": "nvarchar"
                    },
                    {
                        "name": "Reference41",
                        "type": "nvarchar"
                    },
                    {
                        "name": "Reference42",
                        "type": "nvarchar"
                    },
                    {
                        "name": "Reference43",
                        "type": "nvarchar"
                    },
                    {
                        "name": "Reference44",
                        "type": "nvarchar"
                    },
                    {
                        "name": "Reference45",
                        "type": "nvarchar"
                    },
                    {
                        "name": "Reference46",
                        "type": "nvarchar"
                    },
                    {
                        "name": "Reference47",
                        "type": "nvarchar"
                    },
                    {
                        "name": "Reference48",
                        "type": "nvarchar"
                    },
                    {
                        "name": "Reference49",
                        "type": "nvarchar"
                    },
                    {
                        "name": "Reference50",
                        "type": "nvarchar"
                    },
                    {
                        "name": "lastRevisedDate",
                        "type": "nvarchar"
                    },
                    {
                        "name": "shortageCreateDate",
                        "type": "nvarchar"
                    },
                    {
                        "name": "shortageTitle",
                        "type": "nvarchar"
                    },
                    {
                        "name": "shortageVersion",
                        "type": "nvarchar"
                    },
                    {
                        "name": "PipelineRunId",
                        "type": "varchar"
                    }
                ],
                "typeProperties": {
                    "schema": "RawASHP",
                    "table": "ASHPShortageReference"
                }
            },
            "dependsOn": []
        },
        {
            "name": "[concat(parameters('factoryName'), '/RawASHPShortageAuthor_SQL')]",
            "type": "Microsoft.DataFactory/factories/datasets",
            "apiVersion": "2018-06-01",
            "properties": {
                "linkedServiceName": {
                    "referenceName": "ItemMaster",
                    "type": "LinkedServiceReference"
                },
                "annotations": [],
                "type": "AzureSqlTable",
                "schema": [
                    {
                        "name": "RawASHPShortageAuthorId",
                        "type": "int",
                        "precision": 10
                    },
                    {
                        "name": "RawASHPShortageId",
                        "type": "int",
                        "precision": 10
                    },
                    {
                        "name": "Author1",
                        "type": "nvarchar"
                    },
                    {
                        "name": "Author2",
                        "type": "nvarchar"
                    },
                    {
                        "name": "Author3",
                        "type": "nvarchar"
                    },
                    {
                        "name": "Author4",
                        "type": "nvarchar"
                    },
                    {
                        "name": "Author5",
                        "type": "nvarchar"
                    },
                    {
                        "name": "Author6",
                        "type": "nvarchar"
                    },
                    {
                        "name": "Author7",
                        "type": "nvarchar"
                    },
                    {
                        "name": "Author8",
                        "type": "nvarchar"
                    },
                    {
                        "name": "Author9",
                        "type": "nvarchar"
                    },
                    {
                        "name": "Author10",
                        "type": "nvarchar"
                    },
                    {
                        "name": "lastRevisedDate",
                        "type": "nvarchar"
                    },
                    {
                        "name": "shortageCreateDate",
                        "type": "nvarchar"
                    },
                    {
                        "name": "shortageTitle",
                        "type": "nvarchar"
                    },
                    {
                        "name": "shortageVersion",
                        "type": "nvarchar"
                    },
                    {
                        "name": "PipelineRunId",
                        "type": "varchar"
                    }
                ],
                "typeProperties": {
                    "schema": "RawASHP",
                    "table": "ASHPShortageAuthor"
                }
            },
            "dependsOn": []
        },
        {
            "name": "[concat(parameters('factoryName'), '/RawASHPShortageAlternativeAgent_SQL')]",
            "type": "Microsoft.DataFactory/factories/datasets",
            "apiVersion": "2018-06-01",
            "properties": {
                "linkedServiceName": {
                    "referenceName": "ItemMaster",
                    "type": "LinkedServiceReference"
                },
                "annotations": [],
                "type": "AzureSqlTable",
                "schema": [
                    {
                        "name": "RawASHPShortageAlternativeAgentId",
                        "type": "int",
                        "precision": 10
                    },
                    {
                        "name": "RawASHPShortageId",
                        "type": "int",
                        "precision": 10
                    },
                    {
                        "name": "AlternativeAgent1",
                        "type": "nvarchar"
                    },
                    {
                        "name": "AlternativeAgent2",
                        "type": "nvarchar"
                    },
                    {
                        "name": "AlternativeAgent3",
                        "type": "nvarchar"
                    },
                    {
                        "name": "AlternativeAgent4",
                        "type": "nvarchar"
                    },
                    {
                        "name": "AlternativeAgent5",
                        "type": "nvarchar"
                    },
                    {
                        "name": "AlternativeAgent6",
                        "type": "nvarchar"
                    },
                    {
                        "name": "AlternativeAgent7",
                        "type": "nvarchar"
                    },
                    {
                        "name": "AlternativeAgent8",
                        "type": "nvarchar"
                    },
                    {
                        "name": "AlternativeAgent9",
                        "type": "nvarchar"
                    },
                    {
                        "name": "AlternativeAgent10",
                        "type": "nvarchar"
                    },
                    {
                        "name": "AlternativeAgent11",
                        "type": "nvarchar"
                    },
                    {
                        "name": "AlternativeAgent12",
                        "type": "nvarchar"
                    },
                    {
                        "name": "AlternativeAgent13",
                        "type": "nvarchar"
                    },
                    {
                        "name": "AlternativeAgent14",
                        "type": "nvarchar"
                    },
                    {
                        "name": "AlternativeAgent15",
                        "type": "nvarchar"
                    },
                    {
                        "name": "AlternativeAgent16",
                        "type": "nvarchar"
                    },
                    {
                        "name": "AlternativeAgent17",
                        "type": "nvarchar"
                    },
                    {
                        "name": "AlternativeAgent18",
                        "type": "nvarchar"
                    },
                    {
                        "name": "AlternativeAgent19",
                        "type": "nvarchar"
                    },
                    {
                        "name": "AlternativeAgent20",
                        "type": "nvarchar"
                    },
                    {
                        "name": "AlternativeAgent21",
                        "type": "nvarchar"
                    },
                    {
                        "name": "AlternativeAgent22",
                        "type": "nvarchar"
                    },
                    {
                        "name": "AlternativeAgent23",
                        "type": "nvarchar"
                    },
                    {
                        "name": "AlternativeAgent24",
                        "type": "nvarchar"
                    },
                    {
                        "name": "AlternativeAgent25",
                        "type": "nvarchar"
                    },
                    {
                        "name": "lastRevisedDate",
                        "type": "nvarchar"
                    },
                    {
                        "name": "shortageCreateDate",
                        "type": "nvarchar"
                    },
                    {
                        "name": "shortageTitle",
                        "type": "nvarchar"
                    },
                    {
                        "name": "shortageVersion",
                        "type": "nvarchar"
                    },
                    {
                        "name": "PipelineRunId",
                        "type": "varchar"
                    }
                ],
                "typeProperties": {
                    "schema": "RawASHP",
                    "table": "ASHPShortageAlternativeAgent"
                }
            },
            "dependsOn": []
        },
        {
            "name": "[concat(parameters('factoryName'), '/RawASHPShortageAvailableProduct_SQL')]",
            "type": "Microsoft.DataFactory/factories/datasets",
            "apiVersion": "2018-06-01",
            "properties": {
                "linkedServiceName": {
                    "referenceName": "ItemMaster",
                    "type": "LinkedServiceReference"
                },
                "annotations": [],
                "type": "AzureSqlTable",
                "schema": [
                    {
                        "name": "RawASHPShortageAvailableProductId",
                        "type": "int",
                        "precision": 10
                    },
                    {
                        "name": "RawASHPShortageId",
                        "type": "int",
                        "precision": 10
                    },
                    {
                        "name": "AvailableProductNDC",
                        "type": "nvarchar"
                    },
                    {
                        "name": "AvailableProductRXCUI",
                        "type": "nvarchar"
                    },
                    {
                        "name": "AvailableProducttextDescription",
                        "type": "nvarchar"
                    },
                    {
                        "name": "lastRevisedDate",
                        "type": "nvarchar"
                    },
                    {
                        "name": "shortageCreateDate",
                        "type": "nvarchar"
                    },
                    {
                        "name": "shortageTitle",
                        "type": "nvarchar"
                    },
                    {
                        "name": "shortageVersion",
                        "type": "nvarchar"
                    },
                    {
                        "name": "PipelineRunId",
                        "type": "varchar"
                    }
                ],
                "typeProperties": {
                    "schema": "RawASHP",
                    "table": "ASHPShortageAvailableProduct"
                }
            },
            "dependsOn": []
        },
        {
            "name": "[concat(parameters('factoryName'), '/RawASHPShortageAffectedProduct_SQL')]",
            "type": "Microsoft.DataFactory/factories/datasets",
            "apiVersion": "2018-06-01",
            "properties": {
                "linkedServiceName": {
                    "referenceName": "ItemMaster",
                    "type": "LinkedServiceReference"
                },
                "annotations": [],
                "type": "AzureSqlTable",
                "schema": [
                    {
                        "name": "RawASHPShortageAffectedProductId",
                        "type": "int",
                        "precision": 10
                    },
                    {
                        "name": "RawASHPShortageId",
                        "type": "int",
                        "precision": 10
                    },
                    {
                        "name": "affectedProductNDC",
                        "type": "nvarchar"
                    },
                    {
                        "name": "affectedProductRXCUI",
                        "type": "nvarchar"
                    },
                    {
                        "name": "affectedProductdiscontinued",
                        "type": "nvarchar"
                    },
                    {
                        "name": "affectedProducttextDescription",
                        "type": "nvarchar"
                    },
                    {
                        "name": "lastRevisedDate",
                        "type": "nvarchar"
                    },
                    {
                        "name": "shortageCreateDate",
                        "type": "nvarchar"
                    },
                    {
                        "name": "shortageTitle",
                        "type": "nvarchar"
                    },
                    {
                        "name": "shortageVersion",
                        "type": "nvarchar"
                    },
                    {
                        "name": "PipelineRunId",
                        "type": "varchar"
                    }
                ],
                "typeProperties": {
                    "schema": "RawASHP",
                    "table": "ASHPShortageAffectedProduct"
                }
            },
            "dependsOn": []
        },
        {
            "name": "[concat(parameters('factoryName'), '/RawASHPShortage_SQL_sp1')]",
            "type": "Microsoft.DataFactory/factories/datasets",
            "apiVersion": "2018-06-01",
            "properties": {
                "linkedServiceName": {
                    "referenceName": "ItemMaster",
                    "type": "LinkedServiceReference"
                },
                "folder": {
                    "name": "Corporate Tenant"
                },
                "annotations": [],
                "type": "AzureSqlTable",
                "schema": [
                    {
                        "name": "RawASHPShortageId",
                        "type": "int",
                        "precision": 10
                    },
                    {
                        "name": "lastRevisedDate",
                        "type": "nvarchar"
                    },
                    {
                        "name": "searchString",
                        "type": "nvarchar"
                    },
                    {
                        "name": "shortageCreateDate",
                        "type": "nvarchar"
                    },
                    {
                        "name": "shortageStatus",
                        "type": "nvarchar"
                    },
                    {
                        "name": "shortageTitle",
                        "type": "nvarchar"
                    },
                    {
                        "name": "shortageVersion",
                        "type": "nvarchar"
                    },
                    {
                        "name": "updateHistory",
                        "type": "nvarchar"
                    },
                    {
                        "name": "updatedAt",
                        "type": "nvarchar"
                    },
                    {
                        "name": "PipelineRunId",
                        "type": "varchar"
                    },
                    {
                        "name": "ASHPId",
                        "type": "nvarchar"
                    }
                ],
                "typeProperties": {
                    "schema": "RawASHP",
                    "table": "ASHPShortage"
                }
            },
            "dependsOn": []
        },
        {
            "name": "[concat(parameters('factoryName'), '/Raw_FDAShortage_SQL_sp1')]",
            "type": "Microsoft.DataFactory/factories/datasets",
            "apiVersion": "2018-06-01",
            "properties": {
                "linkedServiceName": {
                    "referenceName": "ItemMaster",
                    "type": "LinkedServiceReference"
                },
                "folder": {
                    "name": "Corporate Tenant"
                },
                "annotations": [],
                "type": "AzureSqlTable",
                "schema": [
                    {
                        "name": "RawShortageId",
                        "type": "int",
                        "precision": 10
                    },
                    {
                        "name": "GenericName",
                        "type": "varchar"
                    },
                    {
                        "name": "CompanyName",
                        "type": "varchar"
                    },
                    {
                        "name": "ContactInfo",
                        "type": "varchar"
                    },
                    {
                        "name": "Presentation",
                        "type": "varchar"
                    },
                    {
                        "name": "TypeofUpdate",
                        "type": "varchar"
                    },
                    {
                        "name": "DateofUpdate",
                        "type": "varchar"
                    },
                    {
                        "name": "AvailabilityInformation",
                        "type": "varchar"
                    },
                    {
                        "name": "RelatedInformation",
                        "type": "varchar"
                    },
                    {
                        "name": "ResolvedNote",
                        "type": "varchar"
                    },
                    {
                        "name": "ReasonforShortage",
                        "type": "varchar"
                    },
                    {
                        "name": "TherapeuticCategory",
                        "type": "varchar"
                    },
                    {
                        "name": "Status",
                        "type": "varchar"
                    },
                    {
                        "name": "ChangeDate",
                        "type": "varchar"
                    },
                    {
                        "name": "DateDiscontinued",
                        "type": "varchar"
                    },
                    {
                        "name": "InitialPostingDate",
                        "type": "varchar"
                    },
                    {
                        "name": "GenericNameNote",
                        "type": "varchar"
                    },
                    {
                        "name": "GenericNameLink",
                        "type": "varchar"
                    },
                    {
                        "name": "CompanyInfoLink",
                        "type": "varchar"
                    },
                    {
                        "name": "AvailabilityLink",
                        "type": "varchar"
                    },
                    {
                        "name": "RelatedInfoLink",
                        "type": "varchar"
                    },
                    {
                        "name": "ResolvedNoteLink",
                        "type": "varchar"
                    },
                    {
                        "name": "DiscontinuedNoteLink",
                        "type": "varchar"
                    },
                    {
                        "name": "AddedDateTime",
                        "type": "datetime",
                        "precision": 23,
                        "scale": 3
                    },
                    {
                        "name": "PipelineRunId",
                        "type": "varchar"
                    },
                    {
                        "name": "isImported",
                        "type": "bit"
                    }
                ],
                "typeProperties": {
                    "schema": "RawFda",
                    "table": "FDAShortage"
                }
            },
            "dependsOn": []
        },
        {
            "name": "[concat(parameters('factoryName'), '/RawASHPShortageAffectedProduct_SQL_sp1')]",
            "type": "Microsoft.DataFactory/factories/datasets",
            "apiVersion": "2018-06-01",
            "properties": {
                "linkedServiceName": {
                    "referenceName": "ItemMaster",
                    "type": "LinkedServiceReference"
                },
                "folder": {
                    "name": "Corporate Tenant"
                },
                "annotations": [],
                "type": "AzureSqlTable",
                "schema": [
                    {
                        "name": "RawASHPShortageAffectedProductId",
                        "type": "int",
                        "precision": 10
                    },
                    {
                        "name": "RawASHPShortageId",
                        "type": "int",
                        "precision": 10
                    },
                    {
                        "name": "affectedProductNDC",
                        "type": "nvarchar"
                    },
                    {
                        "name": "affectedProductRXCUI",
                        "type": "nvarchar"
                    },
                    {
                        "name": "affectedProductdiscontinued",
                        "type": "nvarchar"
                    },
                    {
                        "name": "affectedProducttextDescription",
                        "type": "nvarchar"
                    },
                    {
                        "name": "lastRevisedDate",
                        "type": "nvarchar"
                    },
                    {
                        "name": "shortageCreateDate",
                        "type": "nvarchar"
                    },
                    {
                        "name": "shortageTitle",
                        "type": "nvarchar"
                    },
                    {
                        "name": "shortageVersion",
                        "type": "nvarchar"
                    },
                    {
                        "name": "PipelineRunId",
                        "type": "varchar"
                    }
                ],
                "typeProperties": {
                    "schema": "RawASHP",
                    "table": "ASHPShortageAffectedProduct"
                }
            },
            "dependsOn": []
        },
        {
            "name": "[concat(parameters('factoryName'), '/RawASHPShortageResupplyEstimateNote_SQL_sp1')]",
            "type": "Microsoft.DataFactory/factories/datasets",
            "apiVersion": "2018-06-01",
            "properties": {
                "linkedServiceName": {
                    "referenceName": "ItemMaster",
                    "type": "LinkedServiceReference"
                },
                "folder": {
                    "name": "Corporate Tenant"
                },
                "annotations": [],
                "type": "AzureSqlTable",
                "schema": [
                    {
                        "name": "RawASHPShortageResupplyEstimateNoteId",
                        "type": "int",
                        "precision": 10
                    },
                    {
                        "name": "RawASHPShortageId",
                        "type": "int",
                        "precision": 10
                    },
                    {
                        "name": "ResupplyEstimateNote1",
                        "type": "nvarchar"
                    },
                    {
                        "name": "ResupplyEstimateNote2",
                        "type": "nvarchar"
                    },
                    {
                        "name": "ResupplyEstimateNote3",
                        "type": "nvarchar"
                    },
                    {
                        "name": "ResupplyEstimateNote4",
                        "type": "nvarchar"
                    },
                    {
                        "name": "ResupplyEstimateNote5",
                        "type": "nvarchar"
                    },
                    {
                        "name": "ResupplyEstimateNote6",
                        "type": "nvarchar"
                    },
                    {
                        "name": "ResupplyEstimateNote7",
                        "type": "nvarchar"
                    },
                    {
                        "name": "ResupplyEstimateNote8",
                        "type": "nvarchar"
                    },
                    {
                        "name": "ResupplyEstimateNote9",
                        "type": "nvarchar"
                    },
                    {
                        "name": "ResupplyEstimateNote10",
                        "type": "nvarchar"
                    },
                    {
                        "name": "lastRevisedDate",
                        "type": "nvarchar"
                    },
                    {
                        "name": "shortageCreateDate",
                        "type": "nvarchar"
                    },
                    {
                        "name": "shortageTitle",
                        "type": "nvarchar"
                    },
                    {
                        "name": "shortageVersion",
                        "type": "nvarchar"
                    },
                    {
                        "name": "PipelineRunId",
                        "type": "varchar"
                    }
                ],
                "typeProperties": {
                    "schema": "RawASHP",
                    "table": "ASHPShortageResupplyEstimateNote"
                }
            },
            "dependsOn": []
        },
        {
            "name": "[concat(parameters('factoryName'), '/RawASHPShortageAuthor_SQL_sp1')]",
            "type": "Microsoft.DataFactory/factories/datasets",
            "apiVersion": "2018-06-01",
            "properties": {
                "linkedServiceName": {
                    "referenceName": "ItemMaster",
                    "type": "LinkedServiceReference"
                },
                "folder": {
                    "name": "Corporate Tenant"
                },
                "annotations": [],
                "type": "AzureSqlTable",
                "schema": [
                    {
                        "name": "RawASHPShortageAuthorId",
                        "type": "int",
                        "precision": 10
                    },
                    {
                        "name": "RawASHPShortageId",
                        "type": "int",
                        "precision": 10
                    },
                    {
                        "name": "Author1",
                        "type": "nvarchar"
                    },
                    {
                        "name": "Author2",
                        "type": "nvarchar"
                    },
                    {
                        "name": "Author3",
                        "type": "nvarchar"
                    },
                    {
                        "name": "Author4",
                        "type": "nvarchar"
                    },
                    {
                        "name": "Author5",
                        "type": "nvarchar"
                    },
                    {
                        "name": "Author6",
                        "type": "nvarchar"
                    },
                    {
                        "name": "Author7",
                        "type": "nvarchar"
                    },
                    {
                        "name": "Author8",
                        "type": "nvarchar"
                    },
                    {
                        "name": "Author9",
                        "type": "nvarchar"
                    },
                    {
                        "name": "Author10",
                        "type": "nvarchar"
                    },
                    {
                        "name": "lastRevisedDate",
                        "type": "nvarchar"
                    },
                    {
                        "name": "shortageCreateDate",
                        "type": "nvarchar"
                    },
                    {
                        "name": "shortageTitle",
                        "type": "nvarchar"
                    },
                    {
                        "name": "shortageVersion",
                        "type": "nvarchar"
                    },
                    {
                        "name": "PipelineRunId",
                        "type": "varchar"
                    }
                ],
                "typeProperties": {
                    "schema": "RawASHP",
                    "table": "ASHPShortageAuthor"
                }
            },
            "dependsOn": []
        },
        {
            "name": "[concat(parameters('factoryName'), '/RawASHPShortageAvailableProduct_SQL_sp1')]",
            "type": "Microsoft.DataFactory/factories/datasets",
            "apiVersion": "2018-06-01",
            "properties": {
                "linkedServiceName": {
                    "referenceName": "ItemMaster",
                    "type": "LinkedServiceReference"
                },
                "folder": {
                    "name": "Corporate Tenant"
                },
                "annotations": [],
                "type": "AzureSqlTable",
                "schema": [
                    {
                        "name": "RawASHPShortageAvailableProductId",
                        "type": "int",
                        "precision": 10
                    },
                    {
                        "name": "RawASHPShortageId",
                        "type": "int",
                        "precision": 10
                    },
                    {
                        "name": "AvailableProductNDC",
                        "type": "nvarchar"
                    },
                    {
                        "name": "AvailableProductRXCUI",
                        "type": "nvarchar"
                    },
                    {
                        "name": "AvailableProducttextDescription",
                        "type": "nvarchar"
                    },
                    {
                        "name": "lastRevisedDate",
                        "type": "nvarchar"
                    },
                    {
                        "name": "shortageCreateDate",
                        "type": "nvarchar"
                    },
                    {
                        "name": "shortageTitle",
                        "type": "nvarchar"
                    },
                    {
                        "name": "shortageVersion",
                        "type": "nvarchar"
                    },
                    {
                        "name": "PipelineRunId",
                        "type": "varchar"
                    }
                ],
                "typeProperties": {
                    "schema": "RawASHP",
                    "table": "ASHPShortageAvailableProduct"
                }
            },
            "dependsOn": []
        },
        {
            "name": "[concat(parameters('factoryName'), '/RawASHPShortageAlternativeAgent_SQL_sp1')]",
            "type": "Microsoft.DataFactory/factories/datasets",
            "apiVersion": "2018-06-01",
            "properties": {
                "linkedServiceName": {
                    "referenceName": "ItemMaster",
                    "type": "LinkedServiceReference"
                },
                "folder": {
                    "name": "Corporate Tenant"
                },
                "annotations": [],
                "type": "AzureSqlTable",
                "schema": [
                    {
                        "name": "RawASHPShortageAlternativeAgentId",
                        "type": "int",
                        "precision": 10
                    },
                    {
                        "name": "RawASHPShortageId",
                        "type": "int",
                        "precision": 10
                    },
                    {
                        "name": "AlternativeAgent1",
                        "type": "nvarchar"
                    },
                    {
                        "name": "AlternativeAgent2",
                        "type": "nvarchar"
                    },
                    {
                        "name": "AlternativeAgent3",
                        "type": "nvarchar"
                    },
                    {
                        "name": "AlternativeAgent4",
                        "type": "nvarchar"
                    },
                    {
                        "name": "AlternativeAgent5",
                        "type": "nvarchar"
                    },
                    {
                        "name": "AlternativeAgent6",
                        "type": "nvarchar"
                    },
                    {
                        "name": "AlternativeAgent7",
                        "type": "nvarchar"
                    },
                    {
                        "name": "AlternativeAgent8",
                        "type": "nvarchar"
                    },
                    {
                        "name": "AlternativeAgent9",
                        "type": "nvarchar"
                    },
                    {
                        "name": "AlternativeAgent10",
                        "type": "nvarchar"
                    },
                    {
                        "name": "AlternativeAgent11",
                        "type": "nvarchar"
                    },
                    {
                        "name": "AlternativeAgent12",
                        "type": "nvarchar"
                    },
                    {
                        "name": "AlternativeAgent13",
                        "type": "nvarchar"
                    },
                    {
                        "name": "AlternativeAgent14",
                        "type": "nvarchar"
                    },
                    {
                        "name": "AlternativeAgent15",
                        "type": "nvarchar"
                    },
                    {
                        "name": "AlternativeAgent16",
                        "type": "nvarchar"
                    },
                    {
                        "name": "AlternativeAgent17",
                        "type": "nvarchar"
                    },
                    {
                        "name": "AlternativeAgent18",
                        "type": "nvarchar"
                    },
                    {
                        "name": "AlternativeAgent19",
                        "type": "nvarchar"
                    },
                    {
                        "name": "AlternativeAgent20",
                        "type": "nvarchar"
                    },
                    {
                        "name": "AlternativeAgent21",
                        "type": "nvarchar"
                    },
                    {
                        "name": "AlternativeAgent22",
                        "type": "nvarchar"
                    },
                    {
                        "name": "AlternativeAgent23",
                        "type": "nvarchar"
                    },
                    {
                        "name": "AlternativeAgent24",
                        "type": "nvarchar"
                    },
                    {
                        "name": "AlternativeAgent25",
                        "type": "nvarchar"
                    },
                    {
                        "name": "lastRevisedDate",
                        "type": "nvarchar"
                    },
                    {
                        "name": "shortageCreateDate",
                        "type": "nvarchar"
                    },
                    {
                        "name": "shortageTitle",
                        "type": "nvarchar"
                    },
                    {
                        "name": "shortageVersion",
                        "type": "nvarchar"
                    },
                    {
                        "name": "PipelineRunId",
                        "type": "varchar"
                    }
                ],
                "typeProperties": {
                    "schema": "RawASHP",
                    "table": "ASHPShortageAlternativeAgent"
                }
            },
            "dependsOn": []
        },
        {
            "name": "[concat(parameters('factoryName'), '/RawASHPShortageReason_SQL_sp1')]",
            "type": "Microsoft.DataFactory/factories/datasets",
            "apiVersion": "2018-06-01",
            "properties": {
                "linkedServiceName": {
                    "referenceName": "ItemMaster",
                    "type": "LinkedServiceReference"
                },
                "folder": {
                    "name": "Corporate Tenant"
                },
                "annotations": [],
                "type": "AzureSqlTable",
                "schema": [
                    {
                        "name": "RawASHPShortageReasonId",
                        "type": "int",
                        "precision": 10
                    },
                    {
                        "name": "RawASHPShortageId",
                        "type": "int",
                        "precision": 10
                    },
                    {
                        "name": "Reason1",
                        "type": "nvarchar"
                    },
                    {
                        "name": "Reason2",
                        "type": "nvarchar"
                    },
                    {
                        "name": "Reason3",
                        "type": "nvarchar"
                    },
                    {
                        "name": "Reason4",
                        "type": "nvarchar"
                    },
                    {
                        "name": "Reason5",
                        "type": "nvarchar"
                    },
                    {
                        "name": "Reason6",
                        "type": "nvarchar"
                    },
                    {
                        "name": "Reason7",
                        "type": "nvarchar"
                    },
                    {
                        "name": "Reason8",
                        "type": "nvarchar"
                    },
                    {
                        "name": "Reason9",
                        "type": "nvarchar"
                    },
                    {
                        "name": "Reason10",
                        "type": "nvarchar"
                    },
                    {
                        "name": "Reason11",
                        "type": "nvarchar"
                    },
                    {
                        "name": "Reason12",
                        "type": "nvarchar"
                    },
                    {
                        "name": "Reason13",
                        "type": "nvarchar"
                    },
                    {
                        "name": "Reason14",
                        "type": "nvarchar"
                    },
                    {
                        "name": "Reason15",
                        "type": "nvarchar"
                    },
                    {
                        "name": "lastRevisedDate",
                        "type": "nvarchar"
                    },
                    {
                        "name": "shortageCreateDate",
                        "type": "nvarchar"
                    },
                    {
                        "name": "shortageTitle",
                        "type": "nvarchar"
                    },
                    {
                        "name": "shortageVersion",
                        "type": "nvarchar"
                    },
                    {
                        "name": "PipelineRunId",
                        "type": "varchar"
                    }
                ],
                "typeProperties": {
                    "schema": "RawASHP",
                    "table": "ASHPShortageReason"
                }
            },
            "dependsOn": []
        }
    ]
}