{
    "$schema": "http://schema.management.azure.com/schemas/2015-01-01/deploymentTemplate.json#",
    "contentVersion": "1.0.0.0",
    "parameters": {
        "factoryName": {
            "type": "string",
            "metadata": "Data Factory name",
            "defaultValue": "adf-ItemMaster-Drug-Shortage-prod"
        },
        "CentralDataFactoryComponentStorageAccount_connectionString": {
            "type": "secureString",
            "metadata": "Secure string for 'connectionString' of 'CentralDataFactoryComponentStorageAccount'"
        },
        "ItemMaster_ADL_servicePrincipalKey": {
            "type": "secureString",
            "metadata": "Secure string for 'servicePrincipalKey' of 'ItemMaster_ADL'"
        },
        "ItemMaster_ADLA_servicePrincipalKey": {
            "type": "secureString",
            "metadata": "Secure string for 'servicePrincipalKey' of 'ItemMaster_ADLA'"
        },
        "Ls_logging_errors_connectionString": {
            "type": "secureString",
            "metadata": "Secure string for 'connectionString' of 'Ls_logging_errors'"
        },
        "CustomComponentAzureBatchLink_accessKey": {
            "type": "secureString",
            "metadata": "Secure string for 'accessKey' of 'CustomComponentAzureBatchLink'"
        },
        "ASHP_properties_typeProperties_url": {
            "type": "string",
            "defaultValue": "https://ahfs.firebaseio.com"
        },
        "ItemMaster_ADL_properties_typeProperties_dataLakeStoreUri": {
            "type": "string",
            "defaultValue": "https://stitemmasterprod.azuredatalakestore.net/webhdfs/v1"
        },
        "ItemMaster_ADL_properties_typeProperties_servicePrincipalId": {
            "type": "string",
            "defaultValue": "bbb1bd37-904d-4528-8a28-52dedf7fe9db"
        },
        "ItemMaster_ADL_properties_typeProperties_tenant": {
            "type": "string",
            "defaultValue": "b110eddf-23ae-457c-a6f3-734d592b2847"
        },
        "ItemMaster_ADL_properties_typeProperties_subscriptionId": {
            "type": "string",
            "defaultValue": "d0521c58-92af-4b80-9809-8cd793aa9393"
        },
        "ItemMaster_ADL_properties_typeProperties_resourceGroupName": {
            "type": "string",
            "defaultValue": "CognitiveRx-PROD"
        },
        "CognitiveRx_keyvault_properties_typeProperties_baseUrl": {
            "type": "string",
            "defaultValue": "https://kv-cognitiverx-prod.vault.azure.net/"
        },
        "FDAShortages_properties_typeProperties_url": {
            "type": "string",
            "defaultValue": "https://www.accessdata.fda.gov/scripts/drugshortages/Drugshortages.cfm"
        },
        "ItemMaster_ADLA_properties_typeProperties_accountName": {
            "type": "string",
            "defaultValue": "dlaitemmasterprod"
        },
        "ItemMaster_ADLA_properties_typeProperties_servicePrincipalId": {
            "type": "string",
            "defaultValue": "bbb1bd37-904d-4528-8a28-52dedf7fe9db"
        },
        "ItemMaster_ADLA_properties_typeProperties_tenant": {
            "type": "string",
            "defaultValue": "b110eddf-23ae-457c-a6f3-734d592b2847"
        },
        "ItemMaster_ADLA_properties_typeProperties_subscriptionId": {
            "type": "string",
            "defaultValue": "d0521c58-92af-4b80-9809-8cd793aa9393"
        },
        "ItemMaster_ADLA_properties_typeProperties_resourceGroupName": {
            "type": "string",
            "defaultValue": "CognitiveRx-PROD"
        },
        "ItemMaster_properties_typeProperties_connectionString_secretName": {
            "type": "string",
            "defaultValue": "Secret-ItemMaster-DB-ItemMaster"
        },
        "ItemMaster_SQL_properties_typeProperties_connectionString_secretName": {
            "type": "string",
            "defaultValue": "Secret-ItemMaster-DB-ItemMaster"
        },
        "CustomComponentAzureBatchLink_properties_typeProperties_batchUri": {
            "type": "string",
            "defaultValue": "https://batcognitiverxbatchprod.eastus.batch.azure.com"
        },
        "CustomComponentAzureBatchLink_properties_typeProperties_poolName": {
            "type": "string",
            "defaultValue": "pensbatchpoolpre"
        },
        "CustomComponentAzureBatchLink_properties_typeProperties_accountName": {
            "type": "string",
            "defaultValue": "batcognitiverxbatchprod"
        }
    },
    "variables": {
        "factoryId": "[concat('Microsoft.DataFactory/factories/', parameters('factoryName'))]"
    },
    "resources": [
        {
            "name": "[concat(parameters('factoryName'), '/ASHP')]",
            "type": "Microsoft.DataFactory/factories/linkedServices",
            "apiVersion": "2018-06-01",
            "properties": {
                "annotations": [],
                "type": "HttpServer",
                "typeProperties": {
                    "url": "[parameters('ASHP_properties_typeProperties_url')]",
                    "enableServerCertificateValidation": true,
                    "authenticationType": "Anonymous"
                }
            },
            "dependsOn": []
        },
        {
            "name": "[concat(parameters('factoryName'), '/CentralDataFactoryComponentStorageAccount')]",
            "type": "Microsoft.DataFactory/factories/linkedServices",
            "apiVersion": "2018-06-01",
            "properties": {
                "annotations": [],
                "type": "AzureBlobStorage",
                "typeProperties": {
                    "connectionString": "[parameters('CentralDataFactoryComponentStorageAccount_connectionString')]"
                }
            },
            "dependsOn": []
        },
        {
            "name": "[concat(parameters('factoryName'), '/ItemMaster_ADL')]",
            "type": "Microsoft.DataFactory/factories/linkedServices",
            "apiVersion": "2018-06-01",
            "properties": {
                "annotations": [],
                "type": "AzureDataLakeStore",
                "typeProperties": {
                    "dataLakeStoreUri": "[parameters('ItemMaster_ADL_properties_typeProperties_dataLakeStoreUri')]",
                    "servicePrincipalId": "[parameters('ItemMaster_ADL_properties_typeProperties_servicePrincipalId')]",
                    "servicePrincipalKey": {
                        "type": "SecureString",
                        "value": "[parameters('ItemMaster_ADL_servicePrincipalKey')]"
                    },
                    "tenant": "[parameters('ItemMaster_ADL_properties_typeProperties_tenant')]",
                    "subscriptionId": "[parameters('ItemMaster_ADL_properties_typeProperties_subscriptionId')]",
                    "resourceGroupName": "[parameters('ItemMaster_ADL_properties_typeProperties_resourceGroupName')]"
                }
            },
            "dependsOn": []
        },
        {
            "name": "[concat(parameters('factoryName'), '/CognitiveRx_keyvault')]",
            "type": "Microsoft.DataFactory/factories/linkedServices",
            "apiVersion": "2018-06-01",
            "properties": {
                "annotations": [],
                "type": "AzureKeyVault",
                "typeProperties": {
                    "baseUrl": "[parameters('CognitiveRx_keyvault_properties_typeProperties_baseUrl')]"
                }
            },
            "dependsOn": []
        },
        {
            "name": "[concat(parameters('factoryName'), '/FDAShortages')]",
            "type": "Microsoft.DataFactory/factories/linkedServices",
            "apiVersion": "2018-06-01",
            "properties": {
                "annotations": [],
                "type": "HttpServer",
                "typeProperties": {
                    "url": "[parameters('FDAShortages_properties_typeProperties_url')]",
                    "enableServerCertificateValidation": true,
                    "authenticationType": "Anonymous"
                }
            },
            "dependsOn": []
        },
        {
            "name": "[concat(parameters('factoryName'), '/ItemMaster_ADLA')]",
            "type": "Microsoft.DataFactory/factories/linkedServices",
            "apiVersion": "2018-06-01",
            "properties": {
                "annotations": [],
                "type": "AzureDataLakeAnalytics",
                "typeProperties": {
                    "accountName": "[parameters('ItemMaster_ADLA_properties_typeProperties_accountName')]",
                    "servicePrincipalId": "[parameters('ItemMaster_ADLA_properties_typeProperties_servicePrincipalId')]",
                    "servicePrincipalKey": {
                        "type": "SecureString",
                        "value": "[parameters('ItemMaster_ADLA_servicePrincipalKey')]"
                    },
                    "tenant": "[parameters('ItemMaster_ADLA_properties_typeProperties_tenant')]",
                    "subscriptionId": "[parameters('ItemMaster_ADLA_properties_typeProperties_subscriptionId')]",
                    "resourceGroupName": "[parameters('ItemMaster_ADLA_properties_typeProperties_resourceGroupName')]"
                }
            },
            "dependsOn": []
        },
        {
            "name": "[concat(parameters('factoryName'), '/Ls_logging_errors')]",
            "type": "Microsoft.DataFactory/factories/linkedServices",
            "apiVersion": "2018-06-01",
            "properties": {
                "annotations": [],
                "type": "AzureBlobStorage",
                "typeProperties": {
                    "connectionString": "[parameters('Ls_logging_errors_connectionString')]"
                }
            },
            "dependsOn": []
        },
        {
            "name": "[concat(parameters('factoryName'), '/FDAShortage_DailyTrigger')]",
            "type": "Microsoft.DataFactory/factories/triggers",
            "apiVersion": "2018-06-01",
            "properties": {
                "annotations": [],
                "runtimeState": "Stopped",
                "pipelines": [],
                "type": "ScheduleTrigger",
                "typeProperties": {
                    "recurrence": {
                        "frequency": "Day",
                        "interval": 1,
                        "startTime": "2020-02-01T15:17:00Z",
                        "timeZone": "UTC",
                        "schedule": {
                            "minutes": [
                                0
                            ],
                            "hours": [
                                7
                            ]
                        }
                    }
                }
            },
            "dependsOn": []
        },
        {
            "name": "[concat(parameters('factoryName'), '/ASHPShortage_DailyTrigger')]",
            "type": "Microsoft.DataFactory/factories/triggers",
            "apiVersion": "2018-06-01",
            "properties": {
                "annotations": [],
                "runtimeState": "Stopped",
                "pipelines": [],
                "type": "ScheduleTrigger",
                "typeProperties": {
                    "recurrence": {
                        "frequency": "Day",
                        "interval": 1,
                        "startTime": "2020-02-01T15:19:00Z",
                        "timeZone": "UTC",
                        "schedule": {
                            "minutes": [
                                0
                            ],
                            "hours": [
                                8
                            ]
                        }
                    }
                }
            },
            "dependsOn": []
        },
        {
            "name": "[concat(parameters('factoryName'), '/ShortageDownLoad_ASHP')]",
            "type": "Microsoft.DataFactory/factories/datasets",
            "apiVersion": "2018-06-01",
            "properties": {
                "linkedServiceName": {
                    "referenceName": "ASHP",
                    "type": "LinkedServiceReference"
                },
                "folder": {
                    "name": "ASHPShortage"
                },
                "annotations": [],
                "type": "Binary",
                "typeProperties": {
                    "location": {
                        "type": "HttpServerLocation",
                        "relativeUrl": "/drugShortages.json?print=pretty&auth=DH3QE0iadND9hwPN8XsmP6vK16n0fQPWN7njBxQA"
                    }
                }
            },
            "dependsOn": [
                "[concat(variables('factoryId'), '/linkedServices/ASHP')]"
            ]
        },
        {
            "name": "[concat(parameters('factoryName'), '/FDAShortageFile_ADL')]",
            "type": "Microsoft.DataFactory/factories/datasets",
            "apiVersion": "2018-06-01",
            "properties": {
                "linkedServiceName": {
                    "referenceName": "ItemMaster_ADL",
                    "type": "LinkedServiceReference"
                },
                "parameters": {
                    "Path": {
                        "type": "string"
                    },
                    "Filename": {
                        "type": "string"
                    }
                },
                "folder": {
                    "name": "FDAShortage"
                },
                "annotations": [],
                "type": "Binary",
                "typeProperties": {
                    "location": {
                        "type": "AzureDataLakeStoreLocation",
                        "fileName": {
                            "value": "@dataset().Filename",
                            "type": "Expression"
                        },
                        "folderPath": {
                            "value": "@dataset().Path",
                            "type": "Expression"
                        }
                    }
                }
            },
            "dependsOn": [
                "[concat(variables('factoryId'), '/linkedServices/ItemMaster_ADL')]"
            ]
        },
        {
            "name": "[concat(parameters('factoryName'), '/Binaryfortesting')]",
            "type": "Microsoft.DataFactory/factories/datasets",
            "apiVersion": "2018-06-01",
            "properties": {
                "linkedServiceName": {
                    "referenceName": "ItemMaster_ADL",
                    "type": "LinkedServiceReference"
                },
                "annotations": [],
                "type": "Binary",
                "typeProperties": {
                    "location": {
                        "type": "AzureDataLakeStoreLocation",
                        "fileName": "*",
                        "folderPath": "dev"
                    }
                }
            },
            "dependsOn": [
                "[concat(variables('factoryId'), '/linkedServices/ItemMaster_ADL')]"
            ]
        },
        {
            "name": "[concat(parameters('factoryName'), '/ASHP_JSON_File_ADL')]",
            "type": "Microsoft.DataFactory/factories/datasets",
            "apiVersion": "2018-06-01",
            "properties": {
                "linkedServiceName": {
                    "referenceName": "ItemMaster_ADL",
                    "type": "LinkedServiceReference"
                },
                "parameters": {
                    "ADLPath": {
                        "type": "string"
                    },
                    "Filename": {
                        "type": "string"
                    }
                },
                "annotations": [],
                "type": "Json",
                "typeProperties": {
                    "location": {
                        "type": "AzureDataLakeStoreLocation",
                        "fileName": {
                            "value": "@dataset().Filename",
                            "type": "Expression"
                        },
                        "folderPath": {
                            "value": "@dataset().ADLPath",
                            "type": "Expression"
                        }
                    }
                },
                "schema": {
                    "type": "object",
                    "properties": {
                        "latest": {
                            "type": "object",
                            "properties": {
                                "affectedProduct": {
                                    "type": "array",
                                    "items": {
                                        "type": "object",
                                        "properties": {
                                            "NDC": {
                                                "type": "string"
                                            },
                                            "RXCUI": {
                                                "type": "string"
                                            },
                                            "discontinued": {
                                                "type": "string"
                                            },
                                            "textDescription": {
                                                "type": "string"
                                            }
                                        }
                                    }
                                },
                                "availableProduct": {
                                    "type": "array",
                                    "items": {
                                        "type": "object",
                                        "properties": {
                                            "NDC": {
                                                "type": "string"
                                            },
                                            "RXCUI": {
                                                "type": "string"
                                            },
                                            "textDescription": {
                                                "type": "string"
                                            }
                                        }
                                    }
                                },
                                "lastRevisedDate": {
                                    "type": "string"
                                },
                                "resupplyEstimateNote": {
                                    "type": "array",
                                    "items": {
                                        "type": "string"
                                    }
                                },
                                "searchString": {
                                    "type": "string"
                                },
                                "shortageAuthor": {
                                    "type": "array",
                                    "items": {
                                        "type": "string"
                                    }
                                },
                                "shortageCreateDate": {
                                    "type": "string"
                                },
                                "shortageReason": {
                                    "type": "array",
                                    "items": {
                                        "type": "string"
                                    }
                                },
                                "shortageStatus": {
                                    "type": "string"
                                },
                                "shortageTitle": {
                                    "type": "string"
                                },
                                "shortageVersion": {
                                    "type": "string"
                                },
                                "updateHistory": {
                                    "type": "string"
                                },
                                "updatedAt": {
                                    "type": "integer"
                                },
                                "ASHPId": {
                                    "type": "integer"
                                },
                                "alternativeAgent": {
                                    "type": "array",
                                    "items": {
                                        "type": "string"
                                    }
                                },
                                "patientCareImplications": {
                                    "type": "array",
                                    "items": {
                                        "type": "string"
                                    }
                                },
                                "reference": {
                                    "type": "array",
                                    "items": {
                                        "type": "null"
                                    }
                                },
                                "safetyNote": {
                                    "type": "array",
                                    "items": {
                                        "type": "string"
                                    }
                                },
                                "alternativeAgentTable": {
                                    "type": "array",
                                    "items": {
                                        "type": "string"
                                    }
                                },
                                "noAvailableProductsNote": {
                                    "type": "array",
                                    "items": {
                                        "type": "string"
                                    }
                                }
                            }
                        }
                    }
                }
            },
            "dependsOn": [
                "[concat(variables('factoryId'), '/linkedServices/ItemMaster_ADL')]"
            ]
        },
        {
            "name": "[concat(parameters('factoryName'), '/ShortageDownload_File_ASHP_ADL')]",
            "type": "Microsoft.DataFactory/factories/datasets",
            "apiVersion": "2018-06-01",
            "properties": {
                "linkedServiceName": {
                    "referenceName": "ItemMaster_ADL",
                    "type": "LinkedServiceReference"
                },
                "parameters": {
                    "Path": {
                        "type": "string"
                    },
                    "FileName": {
                        "type": "string"
                    }
                },
                "folder": {
                    "name": "ASHPShortage"
                },
                "annotations": [],
                "type": "Binary",
                "typeProperties": {
                    "location": {
                        "type": "AzureDataLakeStoreLocation",
                        "fileName": {
                            "value": "@dataset().FileName",
                            "type": "Expression"
                        },
                        "folderPath": {
                            "value": "@dataset().Path",
                            "type": "Expression"
                        }
                    }
                }
            },
            "dependsOn": [
                "[concat(variables('factoryId'), '/linkedServices/ItemMaster_ADL')]"
            ]
        },
        {
            "name": "[concat(parameters('factoryName'), '/FDAShortageFile_CSV_ADL')]",
            "type": "Microsoft.DataFactory/factories/datasets",
            "apiVersion": "2018-06-01",
            "properties": {
                "linkedServiceName": {
                    "referenceName": "ItemMaster_ADL",
                    "type": "LinkedServiceReference"
                },
                "parameters": {
                    "ADLPath": {
                        "type": "string"
                    },
                    "FileName": {
                        "type": "string"
                    }
                },
                "folder": {
                    "name": "FDAShortage"
                },
                "annotations": [],
                "type": "DelimitedText",
                "typeProperties": {
                    "location": {
                        "type": "AzureDataLakeStoreLocation",
                        "fileName": {
                            "value": "@dataset().FileName",
                            "type": "Expression"
                        },
                        "folderPath": {
                            "value": "@dataset().ADLPath",
                            "type": "Expression"
                        }
                    },
                    "columnDelimiter": ",",
                    "escapeChar": "\\",
                    "firstRowAsHeader": true,
                    "quoteChar": "\""
                },
                "schema": [
                    {
                        "name": "Generic Name",
                        "type": "String"
                    },
                    {
                        "name": "Company Name",
                        "type": "String"
                    },
                    {
                        "name": " Contact Info",
                        "type": "String"
                    },
                    {
                        "name": " Presentation",
                        "type": "String"
                    },
                    {
                        "name": " Type of Update",
                        "type": "String"
                    },
                    {
                        "name": "Date of Update",
                        "type": "String"
                    },
                    {
                        "name": " Availability Information",
                        "type": "String"
                    },
                    {
                        "name": " Related Information",
                        "type": "String"
                    },
                    {
                        "name": " Resolved Note",
                        "type": "String"
                    },
                    {
                        "name": " Reason for Shortage",
                        "type": "String"
                    },
                    {
                        "name": " Therapeutic Category",
                        "type": "String"
                    },
                    {
                        "name": " Status",
                        "type": "String"
                    },
                    {
                        "name": " Change Date",
                        "type": "String"
                    },
                    {
                        "name": " Date Discontinued",
                        "type": "String"
                    },
                    {
                        "name": " Initial Posting Date",
                        "type": "String"
                    },
                    {
                        "name": " Generic Name Note",
                        "type": "String"
                    },
                    {
                        "name": " Generic Name Link ",
                        "type": "String"
                    },
                    {
                        "name": " Company Info Link",
                        "type": "String"
                    },
                    {
                        "name": " Availability Link",
                        "type": "String"
                    },
                    {
                        "name": " Related Info Link",
                        "type": "String"
                    },
                    {
                        "name": "   Resolved Note Link",
                        "type": "String"
                    },
                    {
                        "name": " Discontinued Note Link",
                        "type": "String"
                    }
                ]
            },
            "dependsOn": [
                "[concat(variables('factoryId'), '/linkedServices/ItemMaster_ADL')]"
            ]
        },
        {
            "name": "[concat(parameters('factoryName'), '/FDAShortageFile')]",
            "type": "Microsoft.DataFactory/factories/datasets",
            "apiVersion": "2018-06-01",
            "properties": {
                "linkedServiceName": {
                    "referenceName": "FDAShortages",
                    "type": "LinkedServiceReference"
                },
                "folder": {
                    "name": "FDAShortage"
                },
                "annotations": [],
                "type": "Binary",
                "typeProperties": {
                    "location": {
                        "type": "HttpServerLocation"
                    }
                }
            },
            "dependsOn": [
                "[concat(variables('factoryId'), '/linkedServices/FDAShortages')]"
            ]
        },
        {
            "name": "[concat(parameters('factoryName'), '/ItemMaster')]",
            "type": "Microsoft.DataFactory/factories/linkedServices",
            "apiVersion": "2018-06-01",
            "properties": {
                "annotations": [],
                "type": "AzureSqlDatabase",
                "typeProperties": {
                    "connectionString": {
                        "type": "AzureKeyVaultSecret",
                        "store": {
                            "referenceName": "CognitiveRx_keyvault",
                            "type": "LinkedServiceReference"
                        },
                        "secretName": "[parameters('ItemMaster_properties_typeProperties_connectionString_secretName')]"
                    }
                }
            },
            "dependsOn": [
                "[concat(variables('factoryId'), '/linkedServices/CognitiveRx_keyvault')]"
            ]
        },
        {
            "name": "[concat(parameters('factoryName'), '/ItemMaster_SQL')]",
            "type": "Microsoft.DataFactory/factories/linkedServices",
            "apiVersion": "2018-06-01",
            "properties": {
                "annotations": [],
                "type": "AzureSqlDatabase",
                "typeProperties": {
                    "connectionString": {
                        "type": "AzureKeyVaultSecret",
                        "store": {
                            "referenceName": "CognitiveRx_keyvault",
                            "type": "LinkedServiceReference"
                        },
                        "secretName": "[parameters('ItemMaster_SQL_properties_typeProperties_connectionString_secretName')]"
                    }
                }
            },
            "dependsOn": [
                "[concat(variables('factoryId'), '/linkedServices/CognitiveRx_keyvault')]"
            ]
        },
        {
            "name": "[concat(parameters('factoryName'), '/CustomComponentAzureBatchLink')]",
            "type": "Microsoft.DataFactory/factories/linkedServices",
            "apiVersion": "2018-06-01",
            "properties": {
                "annotations": [],
                "type": "AzureBatch",
                "typeProperties": {
                    "batchUri": "[parameters('CustomComponentAzureBatchLink_properties_typeProperties_batchUri')]",
                    "poolName": "[parameters('CustomComponentAzureBatchLink_properties_typeProperties_poolName')]",
                    "accountName": "[parameters('CustomComponentAzureBatchLink_properties_typeProperties_accountName')]",
                    "linkedServiceName": {
                        "referenceName": "CentralDataFactoryComponentStorageAccount",
                        "type": "LinkedServiceReference"
                    },
                    "accessKey": {
                        "type": "SecureString",
                        "value": "[parameters('CustomComponentAzureBatchLink_accessKey')]"
                    }
                }
            },
            "dependsOn": [
                "[concat(variables('factoryId'), '/linkedServices/CentralDataFactoryComponentStorageAccount')]"
            ]
        },
        {
            "name": "[concat(parameters('factoryName'), '/RawASHPShortageResupplyEstimateNote_SQL')]",
            "type": "Microsoft.DataFactory/factories/datasets",
            "apiVersion": "2018-06-01",
            "properties": {
                "linkedServiceName": {
                    "referenceName": "ItemMaster",
                    "type": "LinkedServiceReference"
                },
                "annotations": [],
                "type": "AzureSqlTable",
                "schema": [
                    {
                        "name": "RawASHPShortageResupplyEstimateNoteId",
                        "type": "int",
                        "precision": 10
                    },
                    {
                        "name": "RawASHPShortageId",
                        "type": "int",
                        "precision": 10
                    },
                    {
                        "name": "ResupplyEstimateNote1",
                        "type": "nvarchar"
                    },
                    {
                        "name": "ResupplyEstimateNote2",
                        "type": "nvarchar"
                    },
                    {
                        "name": "ResupplyEstimateNote3",
                        "type": "nvarchar"
                    },
                    {
                        "name": "ResupplyEstimateNote4",
                        "type": "nvarchar"
                    },
                    {
                        "name": "ResupplyEstimateNote5",
                        "type": "nvarchar"
                    },
                    {
                        "name": "ResupplyEstimateNote6",
                        "type": "nvarchar"
                    },
                    {
                        "name": "ResupplyEstimateNote7",
                        "type": "nvarchar"
                    },
                    {
                        "name": "ResupplyEstimateNote8",
                        "type": "nvarchar"
                    },
                    {
                        "name": "ResupplyEstimateNote9",
                        "type": "nvarchar"
                    },
                    {
                        "name": "ResupplyEstimateNote10",
                        "type": "nvarchar"
                    },
                    {
                        "name": "lastRevisedDate",
                        "type": "nvarchar"
                    },
                    {
                        "name": "shortageCreateDate",
                        "type": "nvarchar"
                    },
                    {
                        "name": "shortageTitle",
                        "type": "nvarchar"
                    },
                    {
                        "name": "shortageVersion",
                        "type": "nvarchar"
                    },
                    {
                        "name": "PipelineRunId",
                        "type": "varchar"
                    }
                ],
                "typeProperties": {
                    "schema": "RawASHP",
                    "table": "ASHPShortageResupplyEstimateNote"
                }
            },
            "dependsOn": [
                "[concat(variables('factoryId'), '/linkedServices/ItemMaster')]"
            ]
        }
    ]
}