{
    "$schema": "https://schema.management.azure.com/schemas/2015-01-01/deploymentParameters.json#",
    "contentVersion": "1.0.0.0",
    "parameters": {
        "factoryName": {
            "value": "adf-ItemMasterDataSync-prod"
        },
        "Ls_MemberTenant_AzureSQL_connectionString": {
            "value": ""
        },
        "Ls_MemberTenant_NonParm_connectionString": {
            "value": ""
        },
        "Cogrx_external_blob_connectionString": {
            "value": ""
        },
        "CognitiveRx_keyvault_properties_typeProperties_baseUrl": {
            "value": "https://kv-cognitiverx-prod.vault.azure.net/"
        },
        "NationalWholesale_properties_typeProperties_connectionString_secretName": {
            "value": "Secret-ItemMaster-DB-NationalWholesaler"
        },
        "ItemMaster_properties_typeProperties_connectionString_secretName": {
            "value": "Secret-ItemMaster-DB-ItemMaster"
        },
        "MasterDataSyncControl_properties_typeProperties_connectionString_secretName": {
            "value": "Secret-ItemMaster-DB-MasterDataSync"
        },
        "CognitiveRx_Configurable_properties_typeProperties_connectionString_secretName": {
            "value": "@linkedService().KeyVaultSecret"
        },
        "CognitiveRx_properties_typeProperties_connectionString_secretName": {
            "value": "Secret-CogRX-DB-upmc"
        },
        "Ls_MemberTenant_AzureSQL_properties_typeProperties_servicePrincipalId": {
            "value": "@{linkedService().lsdbserviceprincipal}"
        },
        "Ls_MemberTenant_AzureSQL_properties_typeProperties_tenant": {
            "value": "@{linkedService().lsdbtenant}"
        },
        "Ls_MemberTenant_NonParm_properties_typeProperties_servicePrincipalId": {
            "value": "9816452e-bb13-4210-9348-e11a321be7f0"
        },
        "Ls_MemberTenant_NonParm_properties_typeProperties_tenant": {
            "value": "08a55b34-bb83-493c-912d-6cf771262b6a"
        },
        "t_d_itemmastersync_memtenant_properties_1_SyncItemMasterCognativeRx_Mem_Tenant_parameters_FullLoad": {
            "value": "false"
        }
    }
}