{
    "$schema": "http://schema.management.azure.com/schemas/2015-01-01/deploymentTemplate.json#",
    "contentVersion": "1.0.0.0",
    "parameters": {
        "factoryName": {
            "type": "string",
            "metadata": "Data Factory name",
            "defaultValue": "adf-ItemMasterDataSync-prod"
        }
    },
    "variables": {
        "factoryId": "[concat('Microsoft.DataFactory/factories/', parameters('factoryName'))]"
    },
    "resources": [
        {
            "name": "[concat(parameters('factoryName'), '/BrandNameTypes_Target_Configurable_copy1')]",
            "type": "Microsoft.DataFactory/factories/datasets",
            "apiVersion": "2018-06-01",
            "properties": {
                "linkedServiceName": {
                    "referenceName": "Ls_MemberTenant_AzureSQL",
                    "type": "LinkedServiceReference",
                    "parameters": {
                        "lsdburl": "@dataset().dsdburl",
                        "lsdbname": "@dataset().dsdbname",
                        "lsdbtenant": "@dataset().dsdbtenant",
                        "lsdbserviceprincipal": "@dataset().dsdbserviceprincipal",
                        "lsdbsecret": "@dataset().dsdbsecret"
                    }
                },
                "parameters": {
                    "dsdburl": {
                        "type": "string",
                        "defaultValue": "@pipeline().parameters.pldburl"
                    },
                    "dsdbname": {
                        "type": "string",
                        "defaultValue": "@pipeline().parameters.pldbname"
                    },
                    "dsdbtenant": {
                        "type": "string",
                        "defaultValue": "@pipeline().parameters.pldbtenant"
                    },
                    "dsdbserviceprincipal": {
                        "type": "string",
                        "defaultValue": "@pipeline().parameters.pldbserviceprincipal"
                    },
                    "dsdbsecret": {
                        "type": "string",
                        "defaultValue": "@pipeline().parameters.pldbsecret"
                    }
                },
                "folder": {
                    "name": "BrandNameTypes"
                },
                "annotations": [],
                "type": "AzureSqlTable",
                "schema": [
                    {
                        "name": "BrandNameTypeId",
                        "type": "int",
                        "precision": 10
                    },
                    {
                        "name": "BrandNameTypeCode",
                        "type": "char"
                    },
                    {
                        "name": "BrandNameTypesDescription",
                        "type": "varchar"
                    }
                ],
                "typeProperties": {
                    "schema": "ItemMaster",
                    "table": "BrandNameTypes"
                }
            },
            "dependsOn": []
        },
        {
            "name": "[concat(parameters('factoryName'), '/DeaClassCode_Target_Configurable_copy1')]",
            "type": "Microsoft.DataFactory/factories/datasets",
            "apiVersion": "2018-06-01",
            "properties": {
                "linkedServiceName": {
                    "referenceName": "Ls_MemberTenant_AzureSQL",
                    "type": "LinkedServiceReference",
                    "parameters": {
                        "lsdburl": "@dataset().dsdburl",
                        "lsdbname": "@dataset().dsdbname",
                        "lsdbtenant": "@dataset().dsdbtenant",
                        "lsdbserviceprincipal": "@dataset().dsdbserviceprincipal",
                        "lsdbsecret": "@dataset().dsdbsecret"
                    }
                },
                "parameters": {
                    "dsdburl": {
                        "type": "string",
                        "defaultValue": "@pipeline().parameters.pldburl"
                    },
                    "dsdbname": {
                        "type": "string",
                        "defaultValue": "@pipeline().parameters.pldbname"
                    },
                    "dsdbtenant": {
                        "type": "string",
                        "defaultValue": "@pipeline().parameters.pldbtenant"
                    },
                    "dsdbserviceprincipal": {
                        "type": "string",
                        "defaultValue": "@pipeline().parameters.pldbserviceprincipal"
                    },
                    "dsdbsecret": {
                        "type": "string",
                        "defaultValue": "@pipeline().parameters.pldbsecret"
                    }
                },
                "folder": {
                    "name": "DeaClassCode"
                },
                "annotations": [],
                "type": "AzureSqlTable",
                "schema": [
                    {
                        "name": "DeaClassId",
                        "type": "int",
                        "precision": 10
                    },
                    {
                        "name": "DeaClassDescription",
                        "type": "varchar"
                    },
                    {
                        "name": "DeaClassDefinition",
                        "type": "varchar"
                    },
                    {
                        "name": "DeaClassAbbreviation",
                        "type": "varchar"
                    }
                ],
                "typeProperties": {
                    "schema": "ItemMaster",
                    "table": "DeaClassCode"
                }
            },
            "dependsOn": []
        },
        {
            "name": "[concat(parameters('factoryName'), '/DosageForm_Target_Configurable_copy1')]",
            "type": "Microsoft.DataFactory/factories/datasets",
            "apiVersion": "2018-06-01",
            "properties": {
                "linkedServiceName": {
                    "referenceName": "Ls_MemberTenant_AzureSQL",
                    "type": "LinkedServiceReference",
                    "parameters": {
                        "lsdburl": "@dataset().dsdburl",
                        "lsdbname": "@dataset().dsdbname",
                        "lsdbtenant": "@dataset().dsdbtenant",
                        "lsdbserviceprincipal": "@dataset().dsdbserviceprincipal",
                        "lsdbsecret": "@dataset().dsdbsecret"
                    }
                },
                "parameters": {
                    "dsdburl": {
                        "type": "string",
                        "defaultValue": "@pipeline().parameters.pldburl"
                    },
                    "dsdbname": {
                        "type": "string",
                        "defaultValue": "@pipeline().parameters.pldbname"
                    },
                    "dsdbtenant": {
                        "type": "string",
                        "defaultValue": "@pipeline().parameters.pldbtenant"
                    },
                    "dsdbserviceprincipal": {
                        "type": "string",
                        "defaultValue": "@pipeline().parameters.pldbserviceprincipal"
                    },
                    "dsdbsecret": {
                        "type": "string",
                        "defaultValue": "@pipeline().parameters.pldbsecret"
                    }
                },
                "folder": {
                    "name": "DosageForm"
                },
                "annotations": [],
                "type": "AzureSqlTable",
                "schema": [
                    {
                        "name": "DosageFormId",
                        "type": "int",
                        "precision": 10
                    },
                    {
                        "name": "DosageFormCode",
                        "type": "char"
                    },
                    {
                        "name": "DosageFormDescription",
                        "type": "varchar"
                    },
                    {
                        "name": "DosageFormAbbreviation",
                        "type": "varchar"
                    },
                    {
                        "name": "Comment",
                        "type": "varchar"
                    }
                ],
                "typeProperties": {
                    "schema": "ItemMaster",
                    "table": "DosageForm"
                }
            },
            "dependsOn": []
        },
        {
            "name": "[concat(parameters('factoryName'), '/BioEquivalenceCode_Target_Configurable_copy2')]",
            "type": "Microsoft.DataFactory/factories/datasets",
            "apiVersion": "2018-06-01",
            "properties": {
                "linkedServiceName": {
                    "referenceName": "Ls_MemberTenant_AzureSQL",
                    "type": "LinkedServiceReference",
                    "parameters": {
                        "lsdburl": "@dataset().dsdburl",
                        "lsdbname": "@dataset().dsdbname",
                        "lsdbtenant": "@dataset().dsdbtenant",
                        "lsdbserviceprincipal": "@dataset().dsdbserviceprincipal",
                        "lsdbsecret": "@dataset().dsdbsecret"
                    }
                },
                "parameters": {
                    "dsdburl": {
                        "type": "string",
                        "defaultValue": "@pipeline().parameters.pldburl"
                    },
                    "dsdbname": {
                        "type": "string",
                        "defaultValue": "@pipeline().parameters.pldbname"
                    },
                    "dsdbtenant": {
                        "type": "string",
                        "defaultValue": "@pipeline().parameters.pldbtenant"
                    },
                    "dsdbserviceprincipal": {
                        "type": "string",
                        "defaultValue": "@pipeline().parameters.pldbserviceprincipal"
                    },
                    "dsdbsecret": {
                        "type": "string",
                        "defaultValue": "@pipeline().parameters.pldbsecret"
                    }
                },
                "annotations": [],
                "type": "AzureSqlTable",
                "schema": [
                    {
                        "name": "BioEquivalenceId",
                        "type": "int",
                        "precision": 10
                    },
                    {
                        "name": "BioEquivalenceCode",
                        "type": "char"
                    },
                    {
                        "name": "BioEquivalenceDescription",
                        "type": "varchar"
                    }
                ],
                "typeProperties": {
                    "schema": "ItemMaster",
                    "table": "BioEquivalenceCode"
                }
            },
            "dependsOn": []
        },
        {
            "name": "[concat(parameters('factoryName'), '/NdcFormatCodes_Target_Configurable_copy1')]",
            "type": "Microsoft.DataFactory/factories/datasets",
            "apiVersion": "2018-06-01",
            "properties": {
                "linkedServiceName": {
                    "referenceName": "Ls_MemberTenant_AzureSQL",
                    "type": "LinkedServiceReference",
                    "parameters": {
                        "lsdburl": "@dataset().dsdburl",
                        "lsdbname": "@dataset().dsdbname",
                        "lsdbtenant": "@dataset().dsdbtenant",
                        "lsdbserviceprincipal": "@dataset().dsdbserviceprincipal",
                        "lsdbsecret": "@dataset().dsdbsecret"
                    }
                },
                "parameters": {
                    "dsdburl": {
                        "type": "string",
                        "defaultValue": "@pipeline().parameters.pldburl"
                    },
                    "dsdbname": {
                        "type": "string",
                        "defaultValue": "@pipeline().parameters.pldbname"
                    },
                    "dsdbtenant": {
                        "type": "string",
                        "defaultValue": "@pipeline().parameters.pldbtenant"
                    },
                    "dsdbserviceprincipal": {
                        "type": "string",
                        "defaultValue": "@pipeline().parameters.pldbserviceprincipal"
                    },
                    "dsdbsecret": {
                        "type": "string",
                        "defaultValue": "@pipeline().parameters.pldbsecret"
                    }
                },
                "folder": {
                    "name": "NdcFormatCodes"
                },
                "annotations": [],
                "type": "AzureSqlTable",
                "schema": [
                    {
                        "name": "IdNumberFormatId",
                        "type": "int",
                        "precision": 10
                    },
                    {
                        "name": "RepresentsFormat",
                        "type": "varchar"
                    },
                    {
                        "name": "IdType",
                        "type": "varchar"
                    },
                    {
                        "name": "NdcFormat",
                        "type": "varchar"
                    },
                    {
                        "name": "ToNdcStandard11",
                        "type": "varchar"
                    },
                    {
                        "name": "ToNdc11",
                        "type": "varchar"
                    }
                ],
                "typeProperties": {
                    "schema": "ItemMaster",
                    "table": "NdcFormatCodes"
                }
            },
            "dependsOn": []
        },
        {
            "name": "[concat(parameters('factoryName'), '/LabelerTypes_Target_Configurable_copy1')]",
            "type": "Microsoft.DataFactory/factories/datasets",
            "apiVersion": "2018-06-01",
            "properties": {
                "linkedServiceName": {
                    "referenceName": "Ls_MemberTenant_AzureSQL",
                    "type": "LinkedServiceReference",
                    "parameters": {
                        "lsdburl": "@dataset().dsdburl",
                        "lsdbname": "@dataset().dsdbname",
                        "lsdbtenant": "@dataset().dsdbtenant",
                        "lsdbserviceprincipal": "@dataset().dsdbserviceprincipal",
                        "lsdbsecret": "@dataset().dsdbsecret"
                    }
                },
                "parameters": {
                    "dsdburl": {
                        "type": "string",
                        "defaultValue": "@pipeline().parameters.pldburl"
                    },
                    "dsdbname": {
                        "type": "string",
                        "defaultValue": "@pipeline().parameters.pldbname"
                    },
                    "dsdbtenant": {
                        "type": "string",
                        "defaultValue": "@pipeline().parameters.pldbtenant"
                    },
                    "dsdbserviceprincipal": {
                        "type": "string",
                        "defaultValue": "@pipeline().parameters.pldbserviceprincipal"
                    },
                    "dsdbsecret": {
                        "type": "string",
                        "defaultValue": "@pipeline().parameters.pldbsecret"
                    }
                },
                "folder": {
                    "name": "LabelerTypes"
                },
                "annotations": [],
                "type": "AzureSqlTable",
                "schema": [
                    {
                        "name": "LabelerTypeId",
                        "type": "int",
                        "precision": 10
                    },
                    {
                        "name": "LabelerTypeCode",
                        "type": "char"
                    },
                    {
                        "name": "LabelerTypeDescription",
                        "type": "varchar"
                    },
                    {
                        "name": "LabelerTypeDefinition",
                        "type": "varchar"
                    }
                ],
                "typeProperties": {
                    "schema": "ItemMaster",
                    "table": "LabelerTypes"
                }
            },
            "dependsOn": []
        },
        {
            "name": "[concat(parameters('factoryName'), '/RecallV2EventTarget_copy1')]",
            "type": "Microsoft.DataFactory/factories/datasets",
            "apiVersion": "2018-06-01",
            "properties": {
                "linkedServiceName": {
                    "referenceName": "Ls_MemberTenant_AzureSQL",
                    "type": "LinkedServiceReference",
                    "parameters": {
                        "lsdburl": "@dataset().dsdburl",
                        "lsdbname": "@dataset().dsdbname",
                        "lsdbtenant": "@dataset().dsdbtenant",
                        "lsdbserviceprincipal": "@dataset().dsdbserviceprincipal",
                        "lsdbsecret": "@dataset().dsdbsecret"
                    }
                },
                "parameters": {
                    "dsdburl": {
                        "type": "string",
                        "defaultValue": "@pipeline().parameters.pldburl"
                    },
                    "dsdbname": {
                        "type": "string",
                        "defaultValue": "@pipeline().parameters.pldbname"
                    },
                    "dsdbtenant": {
                        "type": "string",
                        "defaultValue": "@pipeline().parameters.pldbtenant"
                    },
                    "dsdbserviceprincipal": {
                        "type": "string",
                        "defaultValue": "@pipeline().parameters.pldbserviceprincipal"
                    },
                    "dsdbsecret": {
                        "type": "string",
                        "defaultValue": "@pipeline().parameters.pldbsecret"
                    }
                },
                "folder": {
                    "name": "FdaRecallV2"
                },
                "annotations": [],
                "type": "AzureSqlTable",
                "schema": [
                    {
                        "name": "RecallEventId",
                        "type": "int",
                        "precision": 10
                    },
                    {
                        "name": "FdaEventId",
                        "type": "varchar"
                    },
                    {
                        "name": "ReportDate",
                        "type": "datetime",
                        "precision": 23,
                        "scale": 3
                    },
                    {
                        "name": "RecallInitiationDate",
                        "type": "datetime",
                        "precision": 23,
                        "scale": 3
                    },
                    {
                        "name": "CenterClassificationDate",
                        "type": "datetime",
                        "precision": 23,
                        "scale": 3
                    },
                    {
                        "name": "TerminationDate",
                        "type": "datetime",
                        "precision": 23,
                        "scale": 3
                    },
                    {
                        "name": "Status",
                        "type": "varchar"
                    },
                    {
                        "name": "ProductType",
                        "type": "varchar"
                    },
                    {
                        "name": "VoluntaryMandated",
                        "type": "varchar"
                    },
                    {
                        "name": "RecallingFirm",
                        "type": "varchar"
                    },
                    {
                        "name": "InitialFirmNotification",
                        "type": "varchar"
                    },
                    {
                        "name": "Address1",
                        "type": "varchar"
                    },
                    {
                        "name": "Address2",
                        "type": "varchar"
                    },
                    {
                        "name": "City",
                        "type": "varchar"
                    },
                    {
                        "name": "State",
                        "type": "varchar"
                    },
                    {
                        "name": "PostalCode",
                        "type": "varchar"
                    },
                    {
                        "name": "Country",
                        "type": "varchar"
                    },
                    {
                        "name": "DistributionPattern",
                        "type": "varchar"
                    },
                    {
                        "name": "RecallEventUid",
                        "type": "uniqueidentifier"
                    },
                    {
                        "name": "DateAdded",
                        "type": "datetime",
                        "precision": 23,
                        "scale": 3
                    },
                    {
                        "name": "DateChanged",
                        "type": "datetime",
                        "precision": 23,
                        "scale": 3
                    },
                    {
                        "name": "PipelineRunId",
                        "type": "varchar"
                    },
                    {
                        "name": "ImportedDate",
                        "type": "datetime",
                        "precision": 23,
                        "scale": 3
                    }
                ],
                "typeProperties": {
                    "schema": "Fda",
                    "table": "RecallV2Event"
                }
            },
            "dependsOn": []
        },
        {
            "name": "[concat(parameters('factoryName'), '/RecallV2Target_copy1')]",
            "type": "Microsoft.DataFactory/factories/datasets",
            "apiVersion": "2018-06-01",
            "properties": {
                "linkedServiceName": {
                    "referenceName": "Ls_MemberTenant_AzureSQL",
                    "type": "LinkedServiceReference",
                    "parameters": {
                        "lsdburl": "@dataset().dsdburl",
                        "lsdbname": "@dataset().dsdbname",
                        "lsdbtenant": "@dataset().dsdbtenant",
                        "lsdbserviceprincipal": "@dataset().dsdbserviceprincipal",
                        "lsdbsecret": "@dataset().dsdbsecret"
                    }
                },
                "parameters": {
                    "dsdburl": {
                        "type": "string",
                        "defaultValue": "@pipeline().parameters.pldburl"
                    },
                    "dsdbname": {
                        "type": "string",
                        "defaultValue": "@pipeline().parameters.pldbname"
                    },
                    "dsdbtenant": {
                        "type": "string",
                        "defaultValue": "@pipeline().parameters.pldbtenant"
                    },
                    "dsdbserviceprincipal": {
                        "type": "string",
                        "defaultValue": "@pipeline().parameters.pldbserviceprincipal"
                    },
                    "dsdbsecret": {
                        "type": "string",
                        "defaultValue": "@pipeline().parameters.pldbsecret"
                    }
                },
                "folder": {
                    "name": "FdaRecallV2"
                },
                "annotations": [],
                "type": "AzureSqlTable",
                "schema": [
                    {
                        "name": "RecallId",
                        "type": "int",
                        "precision": 10
                    },
                    {
                        "name": "RecallNumber",
                        "type": "varchar"
                    },
                    {
                        "name": "FdaEventId",
                        "type": "varchar"
                    },
                    {
                        "name": "RecallEventId",
                        "type": "int",
                        "precision": 10
                    },
                    {
                        "name": "ReportDate",
                        "type": "datetime",
                        "precision": 23,
                        "scale": 3
                    },
                    {
                        "name": "RecallInitiationDate",
                        "type": "datetime",
                        "precision": 23,
                        "scale": 3
                    },
                    {
                        "name": "CenterClassificationDate",
                        "type": "datetime",
                        "precision": 23,
                        "scale": 3
                    },
                    {
                        "name": "TerminationDate",
                        "type": "datetime",
                        "precision": 23,
                        "scale": 3
                    },
                    {
                        "name": "Status",
                        "type": "varchar"
                    },
                    {
                        "name": "Classification",
                        "type": "varchar"
                    },
                    {
                        "name": "ProductCode",
                        "type": "varchar"
                    },
                    {
                        "name": "ProductDescription",
                        "type": "varchar"
                    },
                    {
                        "name": "ReasonForRecall",
                        "type": "varchar"
                    },
                    {
                        "name": "ProductQuantity",
                        "type": "varchar"
                    },
                    {
                        "name": "CodeInfo",
                        "type": "varchar"
                    },
                    {
                        "name": "MoreCodeInfo",
                        "type": "varchar"
                    },
                    {
                        "name": "Array_ProductNdc",
                        "type": "varchar"
                    },
                    {
                        "name": "Array_PackageNdc",
                        "type": "varchar"
                    },
                    {
                        "name": "Array_GenericName",
                        "type": "varchar"
                    },
                    {
                        "name": "Array_SplSetId",
                        "type": "varchar"
                    },
                    {
                        "name": "Array_IsOriginalPackager",
                        "type": "varchar"
                    },
                    {
                        "name": "Array_BrandName",
                        "type": "varchar"
                    },
                    {
                        "name": "Array_PharmClassCs",
                        "type": "varchar"
                    },
                    {
                        "name": "Array_PharmClassEpc",
                        "type": "varchar"
                    },
                    {
                        "name": "Array_PharmClassPe",
                        "type": "varchar"
                    },
                    {
                        "name": "Array_PharmClassMoa",
                        "type": "varchar"
                    },
                    {
                        "name": "Array_Nui",
                        "type": "varchar"
                    },
                    {
                        "name": "Array_OriginalPackagerProductNdc",
                        "type": "varchar"
                    },
                    {
                        "name": "Array_ManufacturerName",
                        "type": "varchar"
                    },
                    {
                        "name": "Array_Rxcui",
                        "type": "varchar"
                    },
                    {
                        "name": "Array_Unii",
                        "type": "varchar"
                    },
                    {
                        "name": "Array_SplId",
                        "type": "varchar"
                    },
                    {
                        "name": "Array_Upc",
                        "type": "varchar"
                    },
                    {
                        "name": "Array_SubstanceName",
                        "type": "varchar"
                    },
                    {
                        "name": "Array_ProductType",
                        "type": "varchar"
                    },
                    {
                        "name": "Array_Route",
                        "type": "varchar"
                    },
                    {
                        "name": "Array_ApplicationNumber",
                        "type": "varchar"
                    },
                    {
                        "name": "DateAdded",
                        "type": "datetime",
                        "precision": 23,
                        "scale": 3
                    },
                    {
                        "name": "DateChanged",
                        "type": "datetime",
                        "precision": 23,
                        "scale": 3
                    },
                    {
                        "name": "PipelineRunId",
                        "type": "varchar"
                    },
                    {
                        "name": "ImportedDate",
                        "type": "datetime",
                        "precision": 23,
                        "scale": 3
                    },
                    {
                        "name": "SyncDate",
                        "type": "datetime",
                        "precision": 23,
                        "scale": 3
                    }
                ],
                "typeProperties": {
                    "schema": "Fda",
                    "table": "RecallV2"
                }
            },
            "dependsOn": []
        },
        {
            "name": "[concat(parameters('factoryName'), '/RecallV2ApplicationNumberTarget_copy1')]",
            "type": "Microsoft.DataFactory/factories/datasets",
            "apiVersion": "2018-06-01",
            "properties": {
                "linkedServiceName": {
                    "referenceName": "Ls_MemberTenant_AzureSQL",
                    "type": "LinkedServiceReference",
                    "parameters": {
                        "lsdburl": "@dataset().dsdburl",
                        "lsdbname": "@dataset().dsdbname",
                        "lsdbtenant": "@dataset().dsdbtenant",
                        "lsdbserviceprincipal": "@dataset().dsdbserviceprincipal",
                        "lsdbsecret": "@dataset().dsdbsecret"
                    }
                },
                "parameters": {
                    "dsdburl": {
                        "type": "string",
                        "defaultValue": "@pipeline().parameters.pldburl"
                    },
                    "dsdbname": {
                        "type": "string",
                        "defaultValue": "@pipeline().parameters.pldbname"
                    },
                    "dsdbtenant": {
                        "type": "string",
                        "defaultValue": "@pipeline().parameters.pldbtenant"
                    },
                    "dsdbserviceprincipal": {
                        "type": "string",
                        "defaultValue": "@pipeline().parameters.pldbserviceprincipal"
                    },
                    "dsdbsecret": {
                        "type": "string",
                        "defaultValue": "@pipeline().parameters.pldbsecret"
                    }
                },
                "folder": {
                    "name": "FdaRecallV2"
                },
                "annotations": [],
                "type": "AzureSqlTable",
                "schema": [
                    {
                        "name": "RecallApplicationNumberId",
                        "type": "int",
                        "precision": 10
                    },
                    {
                        "name": "RecallId",
                        "type": "int",
                        "precision": 10
                    },
                    {
                        "name": "RecallNumber",
                        "type": "varchar"
                    },
                    {
                        "name": "FdaEventId",
                        "type": "varchar"
                    },
                    {
                        "name": "ApplicationNumber",
                        "type": "varchar"
                    },
                    {
                        "name": "DateAdded",
                        "type": "datetime",
                        "precision": 23,
                        "scale": 3
                    },
                    {
                        "name": "DateChanged",
                        "type": "datetime",
                        "precision": 23,
                        "scale": 3
                    },
                    {
                        "name": "PipelineRunId",
                        "type": "varchar"
                    },
                    {
                        "name": "ImportedDate",
                        "type": "datetime",
                        "precision": 23,
                        "scale": 3
                    },
                    {
                        "name": "Status",
                        "type": "char"
                    }
                ],
                "typeProperties": {
                    "schema": "Fda",
                    "table": "RecallV2ApplicationNumber"
                }
            },
            "dependsOn": []
        },
        {
            "name": "[concat(parameters('factoryName'), '/RecallV2BrandNameTarget_copy1')]",
            "type": "Microsoft.DataFactory/factories/datasets",
            "apiVersion": "2018-06-01",
            "properties": {
                "linkedServiceName": {
                    "referenceName": "Ls_MemberTenant_AzureSQL",
                    "type": "LinkedServiceReference",
                    "parameters": {
                        "lsdburl": "@dataset().dsdburl",
                        "lsdbname": "@dataset().dsdbname",
                        "lsdbtenant": "@dataset().dsdbtenant",
                        "lsdbserviceprincipal": "@dataset().dsdbserviceprincipal",
                        "lsdbsecret": "@dataset().dsdbsecret"
                    }
                },
                "parameters": {
                    "dsdburl": {
                        "type": "string",
                        "defaultValue": "@pipeline().parameters.pldburl"
                    },
                    "dsdbname": {
                        "type": "string",
                        "defaultValue": "@pipeline().parameters.pldbname"
                    },
                    "dsdbtenant": {
                        "type": "string",
                        "defaultValue": "@pipeline().parameters.pldbtenant"
                    },
                    "dsdbserviceprincipal": {
                        "type": "string",
                        "defaultValue": "@pipeline().parameters.pldbserviceprincipal"
                    },
                    "dsdbsecret": {
                        "type": "string",
                        "defaultValue": "@pipeline().parameters.pldbsecret"
                    }
                },
                "folder": {
                    "name": "FdaRecallV2"
                },
                "annotations": [],
                "type": "AzureSqlTable",
                "schema": [
                    {
                        "name": "RecallBrandNameId",
                        "type": "int",
                        "precision": 10
                    },
                    {
                        "name": "RecallId",
                        "type": "int",
                        "precision": 10
                    },
                    {
                        "name": "RecallNumber",
                        "type": "varchar"
                    },
                    {
                        "name": "FdaEventId",
                        "type": "varchar"
                    },
                    {
                        "name": "BrandName",
                        "type": "varchar"
                    },
                    {
                        "name": "DateAdded",
                        "type": "datetime",
                        "precision": 23,
                        "scale": 3
                    },
                    {
                        "name": "DateChanged",
                        "type": "datetime",
                        "precision": 23,
                        "scale": 3
                    },
                    {
                        "name": "PipelineRunId",
                        "type": "varchar"
                    },
                    {
                        "name": "ImportedDate",
                        "type": "datetime",
                        "precision": 23,
                        "scale": 3
                    },
                    {
                        "name": "Status",
                        "type": "char"
                    }
                ],
                "typeProperties": {
                    "schema": "Fda",
                    "table": "RecallV2BrandName"
                }
            },
            "dependsOn": []
        },
        {
            "name": "[concat(parameters('factoryName'), '/RecallV2GenericNameTarget_copy1')]",
            "type": "Microsoft.DataFactory/factories/datasets",
            "apiVersion": "2018-06-01",
            "properties": {
                "linkedServiceName": {
                    "referenceName": "Ls_MemberTenant_AzureSQL",
                    "type": "LinkedServiceReference",
                    "parameters": {
                        "lsdburl": "@dataset().dsdburl",
                        "lsdbname": "@dataset().dsdbname",
                        "lsdbtenant": "@dataset().dsdbtenant",
                        "lsdbserviceprincipal": "@dataset().dsdbserviceprincipal",
                        "lsdbsecret": "@dataset().dsdbsecret"
                    }
                },
                "parameters": {
                    "dsdburl": {
                        "type": "string",
                        "defaultValue": "@pipeline().parameters.pldburl"
                    },
                    "dsdbname": {
                        "type": "string",
                        "defaultValue": "@pipeline().parameters.pldbname"
                    },
                    "dsdbtenant": {
                        "type": "string",
                        "defaultValue": "@pipeline().parameters.pldbtenant"
                    },
                    "dsdbserviceprincipal": {
                        "type": "string",
                        "defaultValue": "@pipeline().parameters.pldbserviceprincipal"
                    },
                    "dsdbsecret": {
                        "type": "string",
                        "defaultValue": "@pipeline().parameters.pldbsecret"
                    }
                },
                "folder": {
                    "name": "FdaRecallV2"
                },
                "annotations": [],
                "type": "AzureSqlTable",
                "schema": [
                    {
                        "name": "RecallGenericNameId",
                        "type": "int",
                        "precision": 10
                    },
                    {
                        "name": "RecallId",
                        "type": "int",
                        "precision": 10
                    },
                    {
                        "name": "RecallNumber",
                        "type": "varchar"
                    },
                    {
                        "name": "FdaEventId",
                        "type": "varchar"
                    },
                    {
                        "name": "GenericName",
                        "type": "varchar"
                    },
                    {
                        "name": "DateAdded",
                        "type": "datetime",
                        "precision": 23,
                        "scale": 3
                    },
                    {
                        "name": "DateChanged",
                        "type": "datetime",
                        "precision": 23,
                        "scale": 3
                    },
                    {
                        "name": "PipelineRunId",
                        "type": "varchar"
                    },
                    {
                        "name": "ImportedDate",
                        "type": "datetime",
                        "precision": 23,
                        "scale": 3
                    },
                    {
                        "name": "Status",
                        "type": "char"
                    }
                ],
                "typeProperties": {
                    "schema": "Fda",
                    "table": "RecallV2GenericName"
                }
            },
            "dependsOn": []
        },
        {
            "name": "[concat(parameters('factoryName'), '/RecallV2IsOriginalPackagerTarget_copy1')]",
            "type": "Microsoft.DataFactory/factories/datasets",
            "apiVersion": "2018-06-01",
            "properties": {
                "linkedServiceName": {
                    "referenceName": "Ls_MemberTenant_AzureSQL",
                    "type": "LinkedServiceReference",
                    "parameters": {
                        "lsdburl": "@dataset().dsdburl",
                        "lsdbname": "@dataset().dsdbname",
                        "lsdbtenant": "@dataset().dsdbtenant",
                        "lsdbserviceprincipal": "@dataset().dsdbserviceprincipal",
                        "lsdbsecret": "@dataset().dsdbsecret"
                    }
                },
                "parameters": {
                    "dsdburl": {
                        "type": "string",
                        "defaultValue": "@pipeline().parameters.pldburl"
                    },
                    "dsdbname": {
                        "type": "string",
                        "defaultValue": "@pipeline().parameters.pldbname"
                    },
                    "dsdbtenant": {
                        "type": "string",
                        "defaultValue": "@pipeline().parameters.pldbtenant"
                    },
                    "dsdbserviceprincipal": {
                        "type": "string",
                        "defaultValue": "@pipeline().parameters.pldbserviceprincipal"
                    },
                    "dsdbsecret": {
                        "type": "string",
                        "defaultValue": "@pipeline().parameters.pldbsecret"
                    }
                },
                "folder": {
                    "name": "FdaRecallV2"
                },
                "annotations": [],
                "type": "AzureSqlTable",
                "schema": [
                    {
                        "name": "RecallIsOriginalPackagerId",
                        "type": "int",
                        "precision": 10
                    },
                    {
                        "name": "RecallId",
                        "type": "int",
                        "precision": 10
                    },
                    {
                        "name": "RecallNumber",
                        "type": "varchar"
                    },
                    {
                        "name": "FdaEventId",
                        "type": "varchar"
                    },
                    {
                        "name": "IsOriginalPackager",
                        "type": "varchar"
                    },
                    {
                        "name": "DateAdded",
                        "type": "datetime",
                        "precision": 23,
                        "scale": 3
                    },
                    {
                        "name": "DateChanged",
                        "type": "datetime",
                        "precision": 23,
                        "scale": 3
                    },
                    {
                        "name": "PipelineRunId",
                        "type": "varchar"
                    },
                    {
                        "name": "ImportedDate",
                        "type": "datetime",
                        "precision": 23,
                        "scale": 3
                    },
                    {
                        "name": "Status",
                        "type": "char"
                    }
                ],
                "typeProperties": {
                    "schema": "Fda",
                    "table": "RecallV2IsOriginalPackager"
                }
            },
            "dependsOn": []
        },
        {
            "name": "[concat(parameters('factoryName'), '/RecallV2ManufacturerNameTarget_copy1')]",
            "type": "Microsoft.DataFactory/factories/datasets",
            "apiVersion": "2018-06-01",
            "properties": {
                "linkedServiceName": {
                    "referenceName": "Ls_MemberTenant_AzureSQL",
                    "type": "LinkedServiceReference",
                    "parameters": {
                        "lsdburl": "@dataset().dsdburl",
                        "lsdbname": "@dataset().dsdbname",
                        "lsdbtenant": "@dataset().dsdbtenant",
                        "lsdbserviceprincipal": "@dataset().dsdbserviceprincipal",
                        "lsdbsecret": "@dataset().dsdbsecret"
                    }
                },
                "parameters": {
                    "dsdburl": {
                        "type": "string",
                        "defaultValue": "@pipeline().parameters.pldburl"
                    },
                    "dsdbname": {
                        "type": "string",
                        "defaultValue": "@pipeline().parameters.pldbname"
                    },
                    "dsdbtenant": {
                        "type": "string",
                        "defaultValue": "@pipeline().parameters.pldbtenant"
                    },
                    "dsdbserviceprincipal": {
                        "type": "string",
                        "defaultValue": "@pipeline().parameters.pldbserviceprincipal"
                    },
                    "dsdbsecret": {
                        "type": "string",
                        "defaultValue": "@pipeline().parameters.pldbsecret"
                    }
                },
                "folder": {
                    "name": "FdaRecallV2"
                },
                "annotations": [],
                "type": "AzureSqlTable",
                "schema": [
                    {
                        "name": "RecallManufacturerNameId",
                        "type": "int",
                        "precision": 10
                    },
                    {
                        "name": "RecallId",
                        "type": "int",
                        "precision": 10
                    },
                    {
                        "name": "RecallNumber",
                        "type": "varchar"
                    },
                    {
                        "name": "FdaEventId",
                        "type": "varchar"
                    },
                    {
                        "name": "ManufacturerName",
                        "type": "varchar"
                    },
                    {
                        "name": "DateAdded",
                        "type": "datetime",
                        "precision": 23,
                        "scale": 3
                    },
                    {
                        "name": "DateChanged",
                        "type": "datetime",
                        "precision": 23,
                        "scale": 3
                    },
                    {
                        "name": "PipelineRunId",
                        "type": "varchar"
                    },
                    {
                        "name": "ImportedDate",
                        "type": "datetime",
                        "precision": 23,
                        "scale": 3
                    },
                    {
                        "name": "Status",
                        "type": "char"
                    }
                ],
                "typeProperties": {
                    "schema": "Fda",
                    "table": "RecallV2ManufacturerName"
                }
            },
            "dependsOn": []
        },
        {
            "name": "[concat(parameters('factoryName'), '/RecallV2NdcTarget_copy1')]",
            "type": "Microsoft.DataFactory/factories/datasets",
            "apiVersion": "2018-06-01",
            "properties": {
                "linkedServiceName": {
                    "referenceName": "Ls_MemberTenant_AzureSQL",
                    "type": "LinkedServiceReference",
                    "parameters": {
                        "lsdburl": "@dataset().dsdburl",
                        "lsdbname": "@dataset().dsdbname",
                        "lsdbtenant": "@dataset().dsdbtenant",
                        "lsdbserviceprincipal": "@dataset().dsdbserviceprincipal",
                        "lsdbsecret": "@dataset().dsdbsecret"
                    }
                },
                "parameters": {
                    "dsdburl": {
                        "type": "string",
                        "defaultValue": "@pipeline().parameters.pldburl"
                    },
                    "dsdbname": {
                        "type": "string",
                        "defaultValue": "@pipeline().parameters.pldbname"
                    },
                    "dsdbtenant": {
                        "type": "string",
                        "defaultValue": "@pipeline().parameters.pldbtenant"
                    },
                    "dsdbserviceprincipal": {
                        "type": "string",
                        "defaultValue": "@pipeline().parameters.pldbserviceprincipal"
                    },
                    "dsdbsecret": {
                        "type": "string",
                        "defaultValue": "@pipeline().parameters.pldbsecret"
                    }
                },
                "folder": {
                    "name": "FdaRecallV2"
                },
                "annotations": [],
                "type": "AzureSqlTable",
                "schema": [
                    {
                        "name": "RecallNdcId",
                        "type": "int",
                        "precision": 10
                    },
                    {
                        "name": "RecallId",
                        "type": "int",
                        "precision": 10
                    },
                    {
                        "name": "RecallNumber",
                        "type": "varchar"
                    },
                    {
                        "name": "FdaEventId",
                        "type": "varchar"
                    },
                    {
                        "name": "NDC",
                        "type": "varchar"
                    },
                    {
                        "name": "ItemId",
                        "type": "int",
                        "precision": 10
                    },
                    {
                        "name": "DateAdded",
                        "type": "datetime",
                        "precision": 23,
                        "scale": 3
                    },
                    {
                        "name": "DateChanged",
                        "type": "datetime",
                        "precision": 23,
                        "scale": 3
                    },
                    {
                        "name": "PipelineRunId",
                        "type": "varchar"
                    },
                    {
                        "name": "ImportedDate",
                        "type": "datetime",
                        "precision": 23,
                        "scale": 3
                    },
                    {
                        "name": "Status",
                        "type": "char"
                    }
                ],
                "typeProperties": {
                    "schema": "Fda",
                    "table": "RecallV2Ndc"
                }
            },
            "dependsOn": []
        },
        {
            "name": "[concat(parameters('factoryName'), '/RecallV2OriginalPackagerProductNdcTarget_copy1')]",
            "type": "Microsoft.DataFactory/factories/datasets",
            "apiVersion": "2018-06-01",
            "properties": {
                "linkedServiceName": {
                    "referenceName": "Ls_MemberTenant_AzureSQL",
                    "type": "LinkedServiceReference",
                    "parameters": {
                        "lsdburl": "@dataset().dsdburl",
                        "lsdbname": "@dataset().dsdbname",
                        "lsdbtenant": "@dataset().dsdbtenant",
                        "lsdbserviceprincipal": "@dataset().dsdbserviceprincipal",
                        "lsdbsecret": "@dataset().dsdbsecret"
                    }
                },
                "parameters": {
                    "dsdburl": {
                        "type": "string",
                        "defaultValue": "@pipeline().parameters.pldburl"
                    },
                    "dsdbname": {
                        "type": "string",
                        "defaultValue": "@pipeline().parameters.pldbname"
                    },
                    "dsdbtenant": {
                        "type": "string",
                        "defaultValue": "@pipeline().parameters.pldbtenant"
                    },
                    "dsdbserviceprincipal": {
                        "type": "string",
                        "defaultValue": "@pipeline().parameters.pldbserviceprincipal"
                    },
                    "dsdbsecret": {
                        "type": "string",
                        "defaultValue": "@pipeline().parameters.pldbsecret"
                    }
                },
                "folder": {
                    "name": "FdaRecallV2"
                },
                "annotations": [],
                "type": "AzureSqlTable",
                "schema": [
                    {
                        "name": "RecallOriginalPackagerProductNdcId",
                        "type": "int",
                        "precision": 10
                    },
                    {
                        "name": "RecallId",
                        "type": "int",
                        "precision": 10
                    },
                    {
                        "name": "RecallNumber",
                        "type": "varchar"
                    },
                    {
                        "name": "FdaEventId",
                        "type": "varchar"
                    },
                    {
                        "name": "OriginalPackagerProductNdc",
                        "type": "varchar"
                    },
                    {
                        "name": "DateAdded",
                        "type": "datetime",
                        "precision": 23,
                        "scale": 3
                    },
                    {
                        "name": "DateChanged",
                        "type": "datetime",
                        "precision": 23,
                        "scale": 3
                    },
                    {
                        "name": "PipelineRunId",
                        "type": "varchar"
                    },
                    {
                        "name": "ImportedDate",
                        "type": "datetime",
                        "precision": 23,
                        "scale": 3
                    },
                    {
                        "name": "Status",
                        "type": "char"
                    }
                ],
                "typeProperties": {
                    "schema": "Fda",
                    "table": "RecallV2OriginalPackagerProductNdc"
                }
            },
            "dependsOn": []
        },
        {
            "name": "[concat(parameters('factoryName'), '/RecallV2ProductNdcTarget_copy1')]",
            "type": "Microsoft.DataFactory/factories/datasets",
            "apiVersion": "2018-06-01",
            "properties": {
                "linkedServiceName": {
                    "referenceName": "Ls_MemberTenant_AzureSQL",
                    "type": "LinkedServiceReference",
                    "parameters": {
                        "lsdburl": "@dataset().dsdburl",
                        "lsdbname": "@dataset().dsdbname",
                        "lsdbtenant": "@dataset().dsdbtenant",
                        "lsdbserviceprincipal": "@dataset().dsdbserviceprincipal",
                        "lsdbsecret": "@dataset().dsdbsecret"
                    }
                },
                "parameters": {
                    "dsdburl": {
                        "type": "string",
                        "defaultValue": "@pipeline().parameters.pldburl"
                    },
                    "dsdbname": {
                        "type": "string",
                        "defaultValue": "@pipeline().parameters.pldbname"
                    },
                    "dsdbtenant": {
                        "type": "string",
                        "defaultValue": "@pipeline().parameters.pldbtenant"
                    },
                    "dsdbserviceprincipal": {
                        "type": "string",
                        "defaultValue": "@pipeline().parameters.pldbserviceprincipal"
                    },
                    "dsdbsecret": {
                        "type": "string",
                        "defaultValue": "@pipeline().parameters.pldbsecret"
                    }
                },
                "folder": {
                    "name": "FdaRecallV2"
                },
                "annotations": [],
                "type": "AzureSqlTable",
                "schema": [
                    {
                        "name": "RecallProductNdcId",
                        "type": "int",
                        "precision": 10
                    },
                    {
                        "name": "RecallId",
                        "type": "int",
                        "precision": 10
                    },
                    {
                        "name": "RecallNumber",
                        "type": "varchar"
                    },
                    {
                        "name": "FdaEventId",
                        "type": "varchar"
                    },
                    {
                        "name": "ProductNdc",
                        "type": "varchar"
                    },
                    {
                        "name": "DateAdded",
                        "type": "datetime",
                        "precision": 23,
                        "scale": 3
                    },
                    {
                        "name": "DateChanged",
                        "type": "datetime",
                        "precision": 23,
                        "scale": 3
                    },
                    {
                        "name": "PipelineRunId",
                        "type": "varchar"
                    },
                    {
                        "name": "ImportedDate",
                        "type": "datetime",
                        "precision": 23,
                        "scale": 3
                    },
                    {
                        "name": "Status",
                        "type": "char"
                    }
                ],
                "typeProperties": {
                    "schema": "Fda",
                    "table": "RecallV2ProductNdc"
                }
            },
            "dependsOn": []
        },
        {
            "name": "[concat(parameters('factoryName'), '/RecallV2SubstanceNameTarget_copy1')]",
            "type": "Microsoft.DataFactory/factories/datasets",
            "apiVersion": "2018-06-01",
            "properties": {
                "linkedServiceName": {
                    "referenceName": "Ls_MemberTenant_AzureSQL",
                    "type": "LinkedServiceReference",
                    "parameters": {
                        "lsdburl": "@dataset().dsdburl",
                        "lsdbname": "@dataset().dsdbname",
                        "lsdbtenant": "@dataset().dsdbtenant",
                        "lsdbserviceprincipal": "@dataset().dsdbserviceprincipal",
                        "lsdbsecret": "@dataset().dsdbsecret"
                    }
                },
                "parameters": {
                    "dsdburl": {
                        "type": "string",
                        "defaultValue": "@pipeline().parameters.pldburl"
                    },
                    "dsdbname": {
                        "type": "string",
                        "defaultValue": "@pipeline().parameters.pldbname"
                    },
                    "dsdbtenant": {
                        "type": "string",
                        "defaultValue": "@pipeline().parameters.pldbtenant"
                    },
                    "dsdbserviceprincipal": {
                        "type": "string",
                        "defaultValue": "@pipeline().parameters.pldbserviceprincipal"
                    },
                    "dsdbsecret": {
                        "type": "string",
                        "defaultValue": "@pipeline().parameters.pldbsecret"
                    }
                },
                "folder": {
                    "name": "FdaRecallV2"
                },
                "annotations": [],
                "type": "AzureSqlTable",
                "schema": [
                    {
                        "name": "RecallSubstanceNameId",
                        "type": "int",
                        "precision": 10
                    },
                    {
                        "name": "RecallId",
                        "type": "int",
                        "precision": 10
                    },
                    {
                        "name": "RecallNumber",
                        "type": "varchar"
                    },
                    {
                        "name": "FdaEventId",
                        "type": "varchar"
                    },
                    {
                        "name": "SubstanceName",
                        "type": "varchar"
                    },
                    {
                        "name": "DateAdded",
                        "type": "datetime",
                        "precision": 23,
                        "scale": 3
                    },
                    {
                        "name": "DateChanged",
                        "type": "datetime",
                        "precision": 23,
                        "scale": 3
                    },
                    {
                        "name": "PipelineRunId",
                        "type": "varchar"
                    },
                    {
                        "name": "ImportedDate",
                        "type": "datetime",
                        "precision": 23,
                        "scale": 3
                    },
                    {
                        "name": "Status",
                        "type": "char"
                    }
                ],
                "typeProperties": {
                    "schema": "Fda",
                    "table": "RecallV2SubstanceName"
                }
            },
            "dependsOn": []
        },
        {
            "name": "[concat(parameters('factoryName'), '/RecallV2ProductTypeTarget_copy1')]",
            "type": "Microsoft.DataFactory/factories/datasets",
            "apiVersion": "2018-06-01",
            "properties": {
                "linkedServiceName": {
                    "referenceName": "Ls_MemberTenant_AzureSQL",
                    "type": "LinkedServiceReference",
                    "parameters": {
                        "lsdburl": "@dataset().dsdburl",
                        "lsdbname": "@dataset().dsdbname",
                        "lsdbtenant": "@dataset().dsdbtenant",
                        "lsdbserviceprincipal": "@dataset().dsdbserviceprincipal",
                        "lsdbsecret": "@dataset().dsdbsecret"
                    }
                },
                "parameters": {
                    "dsdburl": {
                        "type": "string",
                        "defaultValue": "@pipeline().parameters.pldburl"
                    },
                    "dsdbname": {
                        "type": "string",
                        "defaultValue": "@pipeline().parameters.pldbname"
                    },
                    "dsdbtenant": {
                        "type": "string",
                        "defaultValue": "@pipeline().parameters.pldbtenant"
                    },
                    "dsdbserviceprincipal": {
                        "type": "string",
                        "defaultValue": "@pipeline().parameters.pldbserviceprincipal"
                    },
                    "dsdbsecret": {
                        "type": "string",
                        "defaultValue": "@pipeline().parameters.pldbsecret"
                    }
                },
                "folder": {
                    "name": "FdaRecallV2"
                },
                "annotations": [],
                "type": "AzureSqlTable",
                "schema": [
                    {
                        "name": "RecallProductTypeId",
                        "type": "int",
                        "precision": 10
                    },
                    {
                        "name": "RecallId",
                        "type": "int",
                        "precision": 10
                    },
                    {
                        "name": "RecallNumber",
                        "type": "varchar"
                    },
                    {
                        "name": "FdaEventId",
                        "type": "varchar"
                    },
                    {
                        "name": "ProductType",
                        "type": "varchar"
                    },
                    {
                        "name": "DateAdded",
                        "type": "datetime",
                        "precision": 23,
                        "scale": 3
                    },
                    {
                        "name": "DateChanged",
                        "type": "datetime",
                        "precision": 23,
                        "scale": 3
                    },
                    {
                        "name": "PipelineRunId",
                        "type": "varchar"
                    },
                    {
                        "name": "ImportedDate",
                        "type": "datetime",
                        "precision": 23,
                        "scale": 3
                    },
                    {
                        "name": "Status",
                        "type": "char"
                    }
                ],
                "typeProperties": {
                    "schema": "Fda",
                    "table": "RecallV2ProductType"
                }
            },
            "dependsOn": []
        },
        {
            "name": "[concat(parameters('factoryName'), '/RecallV2UPCTarget_copy1')]",
            "type": "Microsoft.DataFactory/factories/datasets",
            "apiVersion": "2018-06-01",
            "properties": {
                "linkedServiceName": {
                    "referenceName": "Ls_MemberTenant_AzureSQL",
                    "type": "LinkedServiceReference",
                    "parameters": {
                        "lsdburl": "@dataset().dsdburl",
                        "lsdbname": "@dataset().dsdbname",
                        "lsdbtenant": "@dataset().dsdbtenant",
                        "lsdbserviceprincipal": "@dataset().dsdbserviceprincipal",
                        "lsdbsecret": "@dataset().dsdbsecret"
                    }
                },
                "parameters": {
                    "dsdburl": {
                        "type": "string",
                        "defaultValue": "@pipeline().parameters.pldburl"
                    },
                    "dsdbname": {
                        "type": "string",
                        "defaultValue": "@pipeline().parameters.pldbname"
                    },
                    "dsdbtenant": {
                        "type": "string",
                        "defaultValue": "@pipeline().parameters.pldbtenant"
                    },
                    "dsdbserviceprincipal": {
                        "type": "string",
                        "defaultValue": "@pipeline().parameters.pldbserviceprincipal"
                    },
                    "dsdbsecret": {
                        "type": "string",
                        "defaultValue": "@pipeline().parameters.pldbsecret"
                    }
                },
                "folder": {
                    "name": "FdaRecallV2"
                },
                "annotations": [],
                "type": "AzureSqlTable",
                "schema": [
                    {
                        "name": "RecallUpcId",
                        "type": "int",
                        "precision": 10
                    },
                    {
                        "name": "RecallId",
                        "type": "int",
                        "precision": 10
                    },
                    {
                        "name": "RecallNumber",
                        "type": "varchar"
                    },
                    {
                        "name": "FdaEventId",
                        "type": "varchar"
                    },
                    {
                        "name": "UPC",
                        "type": "varchar"
                    },
                    {
                        "name": "DateAdded",
                        "type": "datetime",
                        "precision": 23,
                        "scale": 3
                    },
                    {
                        "name": "DateChanged",
                        "type": "datetime",
                        "precision": 23,
                        "scale": 3
                    },
                    {
                        "name": "PipelineRunId",
                        "type": "varchar"
                    },
                    {
                        "name": "ImportedDate",
                        "type": "datetime",
                        "precision": 23,
                        "scale": 3
                    },
                    {
                        "name": "Status",
                        "type": "char"
                    }
                ],
                "typeProperties": {
                    "schema": "Fda",
                    "table": "RecallV2UPC"
                }
            },
            "dependsOn": []
        },
        {
            "name": "[concat(parameters('factoryName'), '/RecallV2RouteTarget_copy1')]",
            "type": "Microsoft.DataFactory/factories/datasets",
            "apiVersion": "2018-06-01",
            "properties": {
                "linkedServiceName": {
                    "referenceName": "Ls_MemberTenant_AzureSQL",
                    "type": "LinkedServiceReference",
                    "parameters": {
                        "lsdburl": "@dataset().dsdburl",
                        "lsdbname": "@dataset().dsdbname",
                        "lsdbtenant": "@dataset().dsdbtenant",
                        "lsdbserviceprincipal": "@dataset().dsdbserviceprincipal",
                        "lsdbsecret": "@dataset().dsdbsecret"
                    }
                },
                "parameters": {
                    "dsdburl": {
                        "type": "string",
                        "defaultValue": "@pipeline().parameters.pldburl"
                    },
                    "dsdbname": {
                        "type": "string",
                        "defaultValue": "@pipeline().parameters.pldbname"
                    },
                    "dsdbtenant": {
                        "type": "string",
                        "defaultValue": "@pipeline().parameters.pldbtenant"
                    },
                    "dsdbserviceprincipal": {
                        "type": "string",
                        "defaultValue": "@pipeline().parameters.pldbserviceprincipal"
                    },
                    "dsdbsecret": {
                        "type": "string",
                        "defaultValue": "@pipeline().parameters.pldbsecret"
                    }
                },
                "folder": {
                    "name": "FdaRecallV2"
                },
                "annotations": [],
                "type": "AzureSqlTable",
                "schema": [
                    {
                        "name": "RecallRouteId",
                        "type": "int",
                        "precision": 10
                    },
                    {
                        "name": "RecallId",
                        "type": "int",
                        "precision": 10
                    },
                    {
                        "name": "RecallNumber",
                        "type": "varchar"
                    },
                    {
                        "name": "FdaEventId",
                        "type": "varchar"
                    },
                    {
                        "name": "Route",
                        "type": "varchar"
                    },
                    {
                        "name": "DateAdded",
                        "type": "datetime",
                        "precision": 23,
                        "scale": 3
                    },
                    {
                        "name": "DateChanged",
                        "type": "datetime",
                        "precision": 23,
                        "scale": 3
                    },
                    {
                        "name": "PipelineRunId",
                        "type": "varchar"
                    },
                    {
                        "name": "ImportedDate",
                        "type": "datetime",
                        "precision": 23,
                        "scale": 3
                    },
                    {
                        "name": "Status",
                        "type": "char"
                    }
                ],
                "typeProperties": {
                    "schema": "Fda",
                    "table": "RecallV2Route"
                }
            },
            "dependsOn": []
        }
    ]
}