{
    "$schema": "http://schema.management.azure.com/schemas/2015-01-01/deploymentTemplate.json#",
    "contentVersion": "1.0.0.0",
    "parameters": {
        "factoryName": {
            "type": "string",
            "metadata": "Data Factory name",
            "defaultValue": "adf-ItemMasterDataSync-prod"
        }
    },
    "variables": {
        "factoryId": "[concat('Microsoft.DataFactory/factories/', parameters('factoryName'))]"
    },
    "resources": [
        {
            "name": "[concat(parameters('factoryName'), '/RecallV2ApplicationNumberSource')]",
            "type": "Microsoft.DataFactory/factories/datasets",
            "apiVersion": "2018-06-01",
            "properties": {
                "linkedServiceName": {
                    "referenceName": "ItemMaster",
                    "type": "LinkedServiceReference"
                },
                "folder": {
                    "name": "FdaRecallV2"
                },
                "annotations": [],
                "type": "AzureSqlTable",
                "schema": [
                    {
                        "name": "RecallApplicationNumberId",
                        "type": "int",
                        "precision": 10
                    },
                    {
                        "name": "RecallId",
                        "type": "int",
                        "precision": 10
                    },
                    {
                        "name": "RecallNumber",
                        "type": "varchar"
                    },
                    {
                        "name": "FdaEventId",
                        "type": "varchar"
                    },
                    {
                        "name": "ApplicationNumber",
                        "type": "varchar"
                    },
                    {
                        "name": "DateAdded",
                        "type": "datetime",
                        "precision": 23,
                        "scale": 3
                    },
                    {
                        "name": "DateChanged",
                        "type": "datetime",
                        "precision": 23,
                        "scale": 3
                    },
                    {
                        "name": "PipelineRunId",
                        "type": "varchar"
                    },
                    {
                        "name": "ImportedDate",
                        "type": "datetime",
                        "precision": 23,
                        "scale": 3
                    },
                    {
                        "name": "Status",
                        "type": "char"
                    }
                ],
                "typeProperties": {
                    "schema": "Fda",
                    "table": "RecallV2ApplicationNumber"
                }
            },
            "dependsOn": []
        },
        {
            "name": "[concat(parameters('factoryName'), '/NationalPricePrediction_sink')]",
            "type": "Microsoft.DataFactory/factories/datasets",
            "apiVersion": "2018-06-01",
            "properties": {
                "linkedServiceName": {
                    "referenceName": "CognitiveRx_Configurable",
                    "type": "LinkedServiceReference",
                    "parameters": {
                        "KeyVaultSecret": "@dataset().SecretName"
                    }
                },
                "parameters": {
                    "SecretName": {
                        "type": "string"
                    }
                },
                "annotations": [],
                "type": "AzureSqlTable",
                "schema": [],
                "typeProperties": {
                    "schema": "Predictive",
                    "table": "NationalPricePrediction"
                }
            },
            "dependsOn": []
        },
        {
            "name": "[concat(parameters('factoryName'), '/NationalPricePrediction_source')]",
            "type": "Microsoft.DataFactory/factories/datasets",
            "apiVersion": "2018-06-01",
            "properties": {
                "linkedServiceName": {
                    "referenceName": "ItemMaster",
                    "type": "LinkedServiceReference"
                },
                "annotations": [],
                "type": "AzureSqlTable",
                "schema": [
                    {
                        "name": "NationalPricePredictionId",
                        "type": "int",
                        "precision": 10
                    },
                    {
                        "name": "NationalPricePredictionGuid",
                        "type": "uniqueidentifier"
                    },
                    {
                        "name": "RecordSyncDate",
                        "type": "smalldatetime",
                        "precision": 16,
                        "scale": 0
                    },
                    {
                        "name": "IsActive",
                        "type": "bit"
                    },
                    {
                        "name": "Ndc",
                        "type": "nvarchar"
                    },
                    {
                        "name": "PriceDate",
                        "type": "date"
                    },
                    {
                        "name": "RunDate",
                        "type": "date"
                    },
                    {
                        "name": "TrainDate",
                        "type": "date"
                    },
                    {
                        "name": "WacUnitPrice",
                        "type": "decimal",
                        "precision": 13,
                        "scale": 6
                    },
                    {
                        "name": "PeriodFirstIdentified",
                        "type": "date"
                    },
                    {
                        "name": "Month0ProbabilityOfIncrease",
                        "type": "decimal",
                        "precision": 4,
                        "scale": 3
                    },
                    {
                        "name": "Month0PredictedWacUnitPrice",
                        "type": "decimal",
                        "precision": 13,
                        "scale": 6
                    },
                    {
                        "name": "Month1ProbabilityOfIncrease",
                        "type": "decimal",
                        "precision": 4,
                        "scale": 3
                    },
                    {
                        "name": "Month1PredictedWacUnitPrice",
                        "type": "decimal",
                        "precision": 13,
                        "scale": 6
                    },
                    {
                        "name": "Month1PercentIncrease",
                        "type": "decimal",
                        "precision": 7,
                        "scale": 4
                    },
                    {
                        "name": "Month1Period",
                        "type": "date"
                    },
                    {
                        "name": "Month2ProbabilityOfIncrease",
                        "type": "decimal",
                        "precision": 4,
                        "scale": 3
                    },
                    {
                        "name": "Month2PredictedWacUnitPrice",
                        "type": "decimal",
                        "precision": 13,
                        "scale": 6
                    },
                    {
                        "name": "Month2PercentIncrease",
                        "type": "decimal",
                        "precision": 7,
                        "scale": 4
                    },
                    {
                        "name": "Month2Period",
                        "type": "date"
                    },
                    {
                        "name": "Month3ProbabilityOfIncrease",
                        "type": "decimal",
                        "precision": 4,
                        "scale": 3
                    },
                    {
                        "name": "Month3PredictedWacUnitPrice",
                        "type": "decimal",
                        "precision": 13,
                        "scale": 6
                    },
                    {
                        "name": "Month3PercentIncrease",
                        "type": "decimal",
                        "precision": 7,
                        "scale": 4
                    },
                    {
                        "name": "Month3Period",
                        "type": "date"
                    }
                ],
                "typeProperties": {
                    "schema": "Predictive",
                    "table": "NationalPricePrediction"
                }
            },
            "dependsOn": []
        },
        {
            "name": "[concat(parameters('factoryName'), '/Predictive_NationalPricePrediction')]",
            "type": "Microsoft.DataFactory/factories/datasets",
            "apiVersion": "2018-06-01",
            "properties": {
                "description": "Table containing enriched National Price Predictions created by our rad model",
                "linkedServiceName": {
                    "referenceName": "ItemMaster",
                    "type": "LinkedServiceReference"
                },
                "folder": {
                    "name": "Predictive"
                },
                "annotations": [],
                "type": "AzureSqlTable",
                "schema": [
                    {
                        "name": "NationalPricePredictionId",
                        "type": "int",
                        "precision": 10
                    },
                    {
                        "name": "NationalPricePredictionGuid",
                        "type": "uniqueidentifier"
                    },
                    {
                        "name": "RecordSyncDate",
                        "type": "smalldatetime",
                        "precision": 16,
                        "scale": 0
                    },
                    {
                        "name": "IsActive",
                        "type": "bit"
                    },
                    {
                        "name": "Ndc",
                        "type": "nvarchar"
                    },
                    {
                        "name": "PriceDate",
                        "type": "date"
                    },
                    {
                        "name": "RunDate",
                        "type": "date"
                    },
                    {
                        "name": "TrainDate",
                        "type": "date"
                    },
                    {
                        "name": "WacUnitPrice",
                        "type": "decimal",
                        "precision": 13,
                        "scale": 6
                    },
                    {
                        "name": "PeriodFirstIdentified",
                        "type": "date"
                    },
                    {
                        "name": "Month0ProbabilityOfIncrease",
                        "type": "decimal",
                        "precision": 4,
                        "scale": 3
                    },
                    {
                        "name": "Month0PredictedWacUnitPrice",
                        "type": "decimal",
                        "precision": 13,
                        "scale": 6
                    },
                    {
                        "name": "Month1ProbabilityOfIncrease",
                        "type": "decimal",
                        "precision": 4,
                        "scale": 3
                    },
                    {
                        "name": "Month1PredictedWacUnitPrice",
                        "type": "decimal",
                        "precision": 13,
                        "scale": 6
                    },
                    {
                        "name": "Month1PercentIncrease",
                        "type": "decimal",
                        "precision": 7,
                        "scale": 4
                    },
                    {
                        "name": "Month1Period",
                        "type": "date"
                    },
                    {
                        "name": "Month2ProbabilityOfIncrease",
                        "type": "decimal",
                        "precision": 4,
                        "scale": 3
                    },
                    {
                        "name": "Month2PredictedWacUnitPrice",
                        "type": "decimal",
                        "precision": 13,
                        "scale": 6
                    },
                    {
                        "name": "Month2PercentIncrease",
                        "type": "decimal",
                        "precision": 7,
                        "scale": 4
                    },
                    {
                        "name": "Month2Period",
                        "type": "date"
                    },
                    {
                        "name": "Month3ProbabilityOfIncrease",
                        "type": "decimal",
                        "precision": 4,
                        "scale": 3
                    },
                    {
                        "name": "Month3PredictedWacUnitPrice",
                        "type": "decimal",
                        "precision": 13,
                        "scale": 6
                    },
                    {
                        "name": "Month3PercentIncrease",
                        "type": "decimal",
                        "precision": 7,
                        "scale": 4
                    },
                    {
                        "name": "Month3Period",
                        "type": "date"
                    }
                ],
                "typeProperties": {
                    "schema": "Predictive",
                    "table": "NationalPricePrediction"
                }
            },
            "dependsOn": []
        },
        {
            "name": "[concat(parameters('factoryName'), '/PharmacyItem_Target_Configurable_copy1')]",
            "type": "Microsoft.DataFactory/factories/datasets",
            "apiVersion": "2018-06-01",
            "properties": {
                "linkedServiceName": {
                    "referenceName": "Ls_MemberTenant_AzureSQL",
                    "type": "LinkedServiceReference",
                    "parameters": {
                        "lsdburl": "@dataset().dsdburl",
                        "lsdbname": "@dataset().dsdbname",
                        "lsdbtenant": "@dataset().dsdbtenant",
                        "lsdbserviceprincipal": "@dataset().dsdbserviceprincipal",
                        "lsdbsecret": "@dataset().dsdbsecret"
                    }
                },
                "parameters": {
                    "dsdburl": {
                        "type": "string",
                        "defaultValue": "@pipeline().parameters.pldburl"
                    },
                    "dsdbname": {
                        "type": "string",
                        "defaultValue": "@pipeline().parameters.pldbname"
                    },
                    "dsdbtenant": {
                        "type": "string",
                        "defaultValue": "@pipeline().parameters.pldbtenant"
                    },
                    "dsdbserviceprincipal": {
                        "type": "string",
                        "defaultValue": "@pipeline().parameters.pldbserviceprincipal"
                    },
                    "dsdbsecret": {
                        "type": "string",
                        "defaultValue": "@pipeline().parameters.pldbsecret"
                    }
                },
                "folder": {
                    "name": "Member Tenant Dataset"
                },
                "annotations": [],
                "type": "AzureSqlTable",
                "schema": [
                    {
                        "name": "ItemId",
                        "type": "int",
                        "precision": 10
                    },
                    {
                        "name": "ItemDescription",
                        "type": "varchar"
                    },
                    {
                        "name": "ItemShortDescription",
                        "type": "varchar"
                    },
                    {
                        "name": "Gtin",
                        "type": "bigint",
                        "precision": 19
                    },
                    {
                        "name": "Ndc",
                        "type": "varchar"
                    },
                    {
                        "name": "Ndc10",
                        "type": "varchar"
                    },
                    {
                        "name": "Ndc11",
                        "type": "varchar"
                    },
                    {
                        "name": "Ndc9",
                        "type": "char"
                    },
                    {
                        "name": "NdcFormatCode",
                        "type": "int",
                        "precision": 10
                    },
                    {
                        "name": "PreviousNdc",
                        "type": "varchar"
                    },
                    {
                        "name": "ReplacedByNdc",
                        "type": "varchar"
                    },
                    {
                        "name": "CasePack",
                        "type": "char"
                    },
                    {
                        "name": "PackageSize",
                        "type": "decimal",
                        "precision": 8,
                        "scale": 3
                    },
                    {
                        "name": "PackageDescription",
                        "type": "varchar"
                    },
                    {
                        "name": "DrugStrength",
                        "type": "varchar"
                    },
                    {
                        "name": "DrugStrengthUom",
                        "type": "varchar"
                    },
                    {
                        "name": "IsGenericDrug",
                        "type": "bit"
                    },
                    {
                        "name": "DrugName",
                        "type": "varchar"
                    },
                    {
                        "name": "Ingredients",
                        "type": "varchar"
                    },
                    {
                        "name": "BrandNameTypeId",
                        "type": "int",
                        "precision": 10
                    },
                    {
                        "name": "UnitDoseId",
                        "type": "int",
                        "precision": 10
                    },
                    {
                        "name": "DosageFormId",
                        "type": "int",
                        "precision": 10
                    },
                    {
                        "name": "IsItemMultiSourced",
                        "type": "bit"
                    },
                    {
                        "name": "StorageConditionId",
                        "type": "int",
                        "precision": 10
                    },
                    {
                        "name": "RxNormNumber",
                        "type": "varchar"
                    },
                    {
                        "name": "IsItemRepackaged",
                        "type": "bit"
                    },
                    {
                        "name": "IsItemHazardouMaterial",
                        "type": "bit"
                    },
                    {
                        "name": "LabelerId",
                        "type": "int",
                        "precision": 10
                    },
                    {
                        "name": "MfrId",
                        "type": "int",
                        "precision": 10
                    },
                    {
                        "name": "DeaClassId",
                        "type": "int",
                        "precision": 10
                    },
                    {
                        "name": "OrangeBookId",
                        "type": "int",
                        "precision": 10
                    },
                    {
                        "name": "PackageSizeUomId",
                        "type": "int",
                        "precision": 10
                    },
                    {
                        "name": "UnitOfMeasureId",
                        "type": "int",
                        "precision": 10
                    },
                    {
                        "name": "PurpleBookId",
                        "type": "int",
                        "precision": 10
                    },
                    {
                        "name": "GPI",
                        "type": "varchar"
                    },
                    {
                        "name": "TypeOfBrandDesciption",
                        "type": "varchar"
                    },
                    {
                        "name": "ItemMasterItemId",
                        "type": "int",
                        "precision": 10
                    },
                    {
                        "name": "DrugDescriptorId",
                        "type": "int",
                        "precision": 10
                    },
                    {
                        "name": "BioEquivalenceId",
                        "type": "int",
                        "precision": 10
                    },
                    {
                        "name": "DateAdded",
                        "type": "datetime",
                        "precision": 23,
                        "scale": 3
                    },
                    {
                        "name": "DateChanged",
                        "type": "datetime",
                        "precision": 23,
                        "scale": 3
                    },
                    {
                        "name": "DataSourceId",
                        "type": "int",
                        "precision": 10
                    },
                    {
                        "name": "Manufacturer",
                        "type": "varchar"
                    },
                    {
                        "name": "EqKey",
                        "type": "varchar"
                    },
                    {
                        "name": "PricingKey",
                        "type": "varchar"
                    },
                    {
                        "name": "PharmaceuticalEqKey",
                        "type": "varchar"
                    },
                    {
                        "name": "BioEqKey",
                        "type": "varchar"
                    },
                    {
                        "name": "TherapeuticEqKey",
                        "type": "varchar"
                    },
                    {
                        "name": "DirectEqKey",
                        "type": "varchar"
                    },
                    {
                        "name": "isDiscontinued",
                        "type": "bit"
                    },
                    {
                        "name": "ItemUId",
                        "type": "uniqueidentifier"
                    },
                    {
                        "name": "GPIDrugNameCode",
                        "type": "varchar"
                    },
                    {
                        "name": "GpiDrugName",
                        "type": "varchar"
                    }
                ],
                "typeProperties": {
                    "schema": "dbo",
                    "table": "PharmacyItem"
                }
            },
            "dependsOn": []
        },
        {
            "name": "[concat(parameters('factoryName'), '/CognitiveRx_SQL_RecallNDC_Configurable_copy1')]",
            "type": "Microsoft.DataFactory/factories/datasets",
            "apiVersion": "2018-06-01",
            "properties": {
                "linkedServiceName": {
                    "referenceName": "Ls_MemberTenant_AzureSQL",
                    "type": "LinkedServiceReference",
                    "parameters": {
                        "lsdburl": "@dataset().dsdburl",
                        "lsdbname": "@dataset().dsdbname",
                        "lsdbtenant": "@dataset().dsdbtenant",
                        "lsdbserviceprincipal": "@dataset().dsdbserviceprincipal",
                        "lsdbsecret": "@dataset().dsdbsecret"
                    }
                },
                "parameters": {
                    "dsdburl": {
                        "type": "string",
                        "defaultValue": "@pipeline().parameters.pldburl"
                    },
                    "dsdbname": {
                        "type": "string",
                        "defaultValue": "@pipeline().parameters.pldbname"
                    },
                    "dsdbtenant": {
                        "type": "string",
                        "defaultValue": "@pipeline().parameters.pldbtenant"
                    },
                    "dsdbserviceprincipal": {
                        "type": "string",
                        "defaultValue": "@pipeline().parameters.pldbserviceprincipal"
                    },
                    "dsdbsecret": {
                        "type": "string",
                        "defaultValue": "@pipeline().parameters.pldbsecret"
                    }
                },
                "folder": {
                    "name": "Member Tenant Dataset"
                },
                "annotations": [],
                "type": "AzureSqlTable",
                "schema": [
                    {
                        "name": "RecallNDCId",
                        "type": "int",
                        "precision": 10
                    },
                    {
                        "name": "RecallId",
                        "type": "int",
                        "precision": 10
                    },
                    {
                        "name": "NDC",
                        "type": "varchar"
                    },
                    {
                        "name": "NDC11",
                        "type": "varchar"
                    },
                    {
                        "name": "NDC10",
                        "type": "varchar"
                    },
                    {
                        "name": "AddedDateTime",
                        "type": "datetime",
                        "precision": 23,
                        "scale": 3
                    },
                    {
                        "name": "UpdatedDateTime",
                        "type": "datetime",
                        "precision": 23,
                        "scale": 3
                    },
                    {
                        "name": "RecallNDCUId",
                        "type": "uniqueidentifier"
                    },
                    {
                        "name": "RecallUId",
                        "type": "uniqueidentifier"
                    }
                ],
                "typeProperties": {
                    "schema": "FDARecall",
                    "table": "RecallNDC"
                }
            },
            "dependsOn": []
        },
        {
            "name": "[concat(parameters('factoryName'), '/DataFeedLog_Target_Configurable_copy1')]",
            "type": "Microsoft.DataFactory/factories/datasets",
            "apiVersion": "2018-06-01",
            "properties": {
                "linkedServiceName": {
                    "referenceName": "Ls_MemberTenant_AzureSQL",
                    "type": "LinkedServiceReference",
                    "parameters": {
                        "lsdburl": "@dataset().dsdburl",
                        "lsdbname": "@dataset().dsdbname",
                        "lsdbtenant": "@dataset().dsdbtenant",
                        "lsdbserviceprincipal": "@dataset().dsdbserviceprincipal",
                        "lsdbsecret": "@dataset().dsdbsecret"
                    }
                },
                "parameters": {
                    "dsdburl": {
                        "type": "string",
                        "defaultValue": "@pipeline().parameters.pldburl"
                    },
                    "dsdbname": {
                        "type": "string",
                        "defaultValue": "@pipeline().parameters.pldbname"
                    },
                    "dsdbtenant": {
                        "type": "string",
                        "defaultValue": "@pipeline().parameters.pldbtenant"
                    },
                    "dsdbserviceprincipal": {
                        "type": "string",
                        "defaultValue": "@pipeline().parameters.pldbserviceprincipal"
                    },
                    "dsdbsecret": {
                        "type": "string",
                        "defaultValue": "@pipeline().parameters.pldbsecret"
                    }
                },
                "folder": {
                    "name": "Member Tenant Dataset"
                },
                "annotations": [],
                "type": "AzureSqlTable",
                "schema": [
                    {
                        "name": "DataFeedID",
                        "type": "int",
                        "precision": 10
                    },
                    {
                        "name": "DataFeedTypeId",
                        "type": "int",
                        "precision": 10
                    },
                    {
                        "name": "ImportFileMapId",
                        "type": "int",
                        "precision": 10
                    },
                    {
                        "name": "ImportedDate",
                        "type": "datetime",
                        "precision": 23,
                        "scale": 3
                    },
                    {
                        "name": "BeginDate",
                        "type": "datetime",
                        "precision": 23,
                        "scale": 3
                    },
                    {
                        "name": "EndDate",
                        "type": "datetime",
                        "precision": 23,
                        "scale": 3
                    },
                    {
                        "name": "DataFeedUId",
                        "type": "uniqueidentifier"
                    }
                ],
                "typeProperties": {
                    "schema": "dbo",
                    "table": "DataFeedLog"
                }
            },
            "dependsOn": []
        },
        {
            "name": "[concat(parameters('factoryName'), '/NdcIngredients_Target_Configuration_copy1')]",
            "type": "Microsoft.DataFactory/factories/datasets",
            "apiVersion": "2018-06-01",
            "properties": {
                "linkedServiceName": {
                    "referenceName": "Ls_MemberTenant_AzureSQL",
                    "type": "LinkedServiceReference",
                    "parameters": {
                        "lsdburl": "@dataset().dsdburl",
                        "lsdbname": "@dataset().dsdbname",
                        "lsdbtenant": "@dataset().dsdbtenant",
                        "lsdbserviceprincipal": "@dataset().dsdbserviceprincipal",
                        "lsdbsecret": "@dataset().dsdbsecret"
                    }
                },
                "parameters": {
                    "dsdburl": {
                        "type": "string",
                        "defaultValue": "@pipeline().parameters.pldburl"
                    },
                    "dsdbname": {
                        "type": "string",
                        "defaultValue": "@pipeline().parameters.pldbname"
                    },
                    "dsdbtenant": {
                        "type": "string",
                        "defaultValue": "@pipeline().parameters.pldbtenant"
                    },
                    "dsdbserviceprincipal": {
                        "type": "string",
                        "defaultValue": "@pipeline().parameters.pldbserviceprincipal"
                    },
                    "dsdbsecret": {
                        "type": "string",
                        "defaultValue": "@pipeline().parameters.pldbsecret"
                    }
                },
                "folder": {
                    "name": "Member Tenant Dataset"
                },
                "annotations": [],
                "type": "AzureSqlTable",
                "schema": [
                    {
                        "name": "ItemId",
                        "type": "int",
                        "precision": 10
                    },
                    {
                        "name": "Ndc",
                        "type": "varchar"
                    },
                    {
                        "name": "IngredientDrugName",
                        "type": "varchar"
                    },
                    {
                        "name": "IngredientStrengthValue",
                        "type": "decimal",
                        "precision": 13,
                        "scale": 5
                    },
                    {
                        "name": "IngredientStengthUom",
                        "type": "varchar"
                    },
                    {
                        "name": "ItemUId",
                        "type": "uniqueidentifier"
                    }
                ],
                "typeProperties": {
                    "schema": "ItemMaster",
                    "table": "NdcIngredients"
                }
            },
            "dependsOn": []
        },
        {
            "name": "[concat(parameters('factoryName'), '/BioEquivalenceCode_Target_Configurable_copy1')]",
            "type": "Microsoft.DataFactory/factories/datasets",
            "apiVersion": "2018-06-01",
            "properties": {
                "linkedServiceName": {
                    "referenceName": "CognitiveRx_Configurable",
                    "type": "LinkedServiceReference",
                    "parameters": {
                        "KeyVaultSecret": "@dataset().SecretName"
                    }
                },
                "parameters": {
                    "SecretName": {
                        "type": "string"
                    }
                },
                "folder": {
                    "name": "Member Tenant Dataset"
                },
                "annotations": [],
                "type": "AzureSqlTable",
                "schema": [
                    {
                        "name": "BioEquivalenceId",
                        "type": "int",
                        "precision": 10
                    },
                    {
                        "name": "BioEquivalenceCode",
                        "type": "char"
                    },
                    {
                        "name": "BioEquivalenceDescription",
                        "type": "varchar"
                    }
                ],
                "typeProperties": {
                    "schema": "ItemMaster",
                    "table": "BioEquivalenceCode"
                }
            },
            "dependsOn": []
        },
        {
            "name": "[concat(parameters('factoryName'), '/ImportFileFrequencyType_Target_Configurable_copy1')]",
            "type": "Microsoft.DataFactory/factories/datasets",
            "apiVersion": "2018-06-01",
            "properties": {
                "linkedServiceName": {
                    "referenceName": "Ls_MemberTenant_AzureSQL",
                    "type": "LinkedServiceReference",
                    "parameters": {
                        "lsdburl": "@dataset().dsdburl",
                        "lsdbname": "@dataset().dsdbname",
                        "lsdbtenant": "@dataset().dsdbtenant",
                        "lsdbserviceprincipal": "@dataset().dsdbserviceprincipal",
                        "lsdbsecret": "@dataset().dsdbsecret"
                    }
                },
                "parameters": {
                    "dsdburl": {
                        "type": "string",
                        "defaultValue": "@pipeline().parameters.pldburl"
                    },
                    "dsdbname": {
                        "type": "string",
                        "defaultValue": "@pipeline().parameters.pldbname"
                    },
                    "dsdbtenant": {
                        "type": "string",
                        "defaultValue": "@pipeline().parameters.pldbtenant"
                    },
                    "dsdbserviceprincipal": {
                        "type": "string",
                        "defaultValue": "@pipeline().parameters.pldbserviceprincipal"
                    },
                    "dsdbsecret": {
                        "type": "string",
                        "defaultValue": "@pipeline().parameters.pldbsecret"
                    }
                },
                "folder": {
                    "name": "Member Tenant Dataset"
                },
                "annotations": [],
                "type": "AzureSqlTable",
                "schema": [
                    {
                        "name": "ImportFileFrequencyTypeId",
                        "type": "int",
                        "precision": 10
                    },
                    {
                        "name": "Description",
                        "type": "varchar"
                    },
                    {
                        "name": "WarningDayThreshold",
                        "type": "int",
                        "precision": 10
                    },
                    {
                        "name": "ImportFileFrequencyTypeUId",
                        "type": "uniqueidentifier"
                    }
                ],
                "typeProperties": {
                    "schema": "dbo",
                    "table": "ImportFileFrequencyType"
                }
            },
            "dependsOn": []
        },
        {
            "name": "[concat(parameters('factoryName'), '/PharmacyItemAHFS_Target_Configurable_copy1')]",
            "type": "Microsoft.DataFactory/factories/datasets",
            "apiVersion": "2018-06-01",
            "properties": {
                "linkedServiceName": {
                    "referenceName": "Ls_MemberTenant_AzureSQL",
                    "type": "LinkedServiceReference",
                    "parameters": {
                        "lsdburl": "@dataset().dsdburl",
                        "lsdbname": "@dataset().dsdbname",
                        "lsdbtenant": "@dataset().dsdbtenant",
                        "lsdbserviceprincipal": "@dataset().dsdbserviceprincipal",
                        "lsdbsecret": "@dataset().dsdbsecret"
                    }
                },
                "parameters": {
                    "dsdburl": {
                        "type": "string",
                        "defaultValue": "@pipeline().parameters.pldburl"
                    },
                    "dsdbname": {
                        "type": "string",
                        "defaultValue": "@pipeline().parameters.pldbname"
                    },
                    "dsdbtenant": {
                        "type": "string",
                        "defaultValue": "@pipeline().parameters.pldbtenant"
                    },
                    "dsdbserviceprincipal": {
                        "type": "string",
                        "defaultValue": "@pipeline().parameters.pldbserviceprincipal"
                    },
                    "dsdbsecret": {
                        "type": "string",
                        "defaultValue": "@pipeline().parameters.pldbsecret"
                    }
                },
                "folder": {
                    "name": "Member Tenant Dataset"
                },
                "annotations": [],
                "type": "AzureSqlTable",
                "schema": [
                    {
                        "name": "ItemId",
                        "type": "int",
                        "precision": 10
                    },
                    {
                        "name": "AhfsId",
                        "type": "int",
                        "precision": 10
                    },
                    {
                        "name": "Ndc",
                        "type": "varchar"
                    },
                    {
                        "name": "AhfsCode",
                        "type": "int",
                        "precision": 10
                    },
                    {
                        "name": "Status",
                        "type": "char"
                    },
                    {
                        "name": "ItemMasterItemId",
                        "type": "int",
                        "precision": 10
                    },
                    {
                        "name": "DateAdded",
                        "type": "datetime",
                        "precision": 23,
                        "scale": 3
                    },
                    {
                        "name": "DateChanged",
                        "type": "datetime",
                        "precision": 23,
                        "scale": 3
                    },
                    {
                        "name": "DataSourceId",
                        "type": "int",
                        "precision": 10
                    },
                    {
                        "name": "ItemUId",
                        "type": "uniqueidentifier"
                    }
                ],
                "typeProperties": {
                    "schema": "dbo",
                    "table": "PharmacyItemAhfs"
                }
            },
            "dependsOn": []
        },
        {
            "name": "[concat(parameters('factoryName'), '/FdaProductExclusivity_Target_Configurable_copy1')]",
            "type": "Microsoft.DataFactory/factories/datasets",
            "apiVersion": "2018-06-01",
            "properties": {
                "linkedServiceName": {
                    "referenceName": "Ls_MemberTenant_AzureSQL",
                    "type": "LinkedServiceReference",
                    "parameters": {
                        "lsdburl": "@dataset().dsdburl",
                        "lsdbname": "@dataset().dsdbname",
                        "lsdbtenant": "@dataset().dsdbtenant",
                        "lsdbserviceprincipal": "@dataset().dsdbserviceprincipal",
                        "lsdbsecret": "@dataset().dsdbsecret"
                    }
                },
                "parameters": {
                    "dsdburl": {
                        "type": "string",
                        "defaultValue": "@pipeline().parameters.pldburl"
                    },
                    "dsdbname": {
                        "type": "string",
                        "defaultValue": "@pipeline().parameters.pldbname"
                    },
                    "dsdbtenant": {
                        "type": "string",
                        "defaultValue": "@pipeline().parameters.pldbtenant"
                    },
                    "dsdbserviceprincipal": {
                        "type": "string",
                        "defaultValue": "@pipeline().parameters.pldbserviceprincipal"
                    },
                    "dsdbsecret": {
                        "type": "string",
                        "defaultValue": "@pipeline().parameters.pldbsecret"
                    }
                },
                "folder": {
                    "name": "Member Tenant Dataset"
                },
                "annotations": [],
                "type": "AzureSqlTable",
                "schema": [
                    {
                        "name": "FdaProductExclusivityId",
                        "type": "int",
                        "precision": 10
                    },
                    {
                        "name": "FdaProductExclusivityUId",
                        "type": "uniqueidentifier"
                    },
                    {
                        "name": "NDC",
                        "type": "char"
                    },
                    {
                        "name": "ItemId",
                        "type": "int",
                        "precision": 10
                    },
                    {
                        "name": "ApplicationNumber",
                        "type": "varchar"
                    },
                    {
                        "name": "ProductNumber",
                        "type": "varchar"
                    },
                    {
                        "name": "ExclusivityId",
                        "type": "int",
                        "precision": 10
                    },
                    {
                        "name": "ExclusivityDate",
                        "type": "date"
                    },
                    {
                        "name": "DateAdded",
                        "type": "datetime",
                        "precision": 23,
                        "scale": 3
                    },
                    {
                        "name": "DateChanged",
                        "type": "datetime",
                        "precision": 23,
                        "scale": 3
                    },
                    {
                        "name": "Status",
                        "type": "char"
                    },
                    {
                        "name": "ItemUId",
                        "type": "uniqueidentifier"
                    },
                    {
                        "name": "DataSourceId",
                        "type": "int",
                        "precision": 10
                    }
                ],
                "typeProperties": {
                    "schema": "ItemMaster",
                    "table": "FdaProductExclusivity"
                }
            },
            "dependsOn": []
        },
        {
            "name": "[concat(parameters('factoryName'), '/PriceTypeXref_Target_Configurable_copy1')]",
            "type": "Microsoft.DataFactory/factories/datasets",
            "apiVersion": "2018-06-01",
            "properties": {
                "linkedServiceName": {
                    "referenceName": "Ls_MemberTenant_AzureSQL",
                    "type": "LinkedServiceReference",
                    "parameters": {
                        "lsdburl": "@dataset().dsdburl",
                        "lsdbname": "@dataset().dsdbname",
                        "lsdbtenant": "@dataset().dsdbtenant",
                        "lsdbserviceprincipal": "@dataset().dsdbserviceprincipal",
                        "lsdbsecret": "@dataset().dsdbsecret"
                    }
                },
                "parameters": {
                    "dsdburl": {
                        "type": "string",
                        "defaultValue": "@pipeline().parameters.pldburl"
                    },
                    "dsdbname": {
                        "type": "string",
                        "defaultValue": "@pipeline().parameters.pldbname"
                    },
                    "dsdbtenant": {
                        "type": "string",
                        "defaultValue": "@pipeline().parameters.pldbtenant"
                    },
                    "dsdbserviceprincipal": {
                        "type": "string",
                        "defaultValue": "@pipeline().parameters.pldbserviceprincipal"
                    },
                    "dsdbsecret": {
                        "type": "string",
                        "defaultValue": "@pipeline().parameters.pldbsecret"
                    }
                },
                "folder": {
                    "name": "Member Tenant Dataset"
                },
                "annotations": [],
                "type": "AzureSqlTable",
                "schema": [
                    {
                        "name": "WkPriceCodeId",
                        "type": "int",
                        "precision": 10
                    },
                    {
                        "name": "WkPriceCode",
                        "type": "char"
                    },
                    {
                        "name": "WkPriceDescription",
                        "type": "varchar"
                    },
                    {
                        "name": "PriceListTypeId",
                        "type": "int",
                        "precision": 10
                    },
                    {
                        "name": "WkSourceComment",
                        "type": "varchar"
                    }
                ],
                "typeProperties": {
                    "schema": "ItemMaster",
                    "table": "PriceTypeXref"
                }
            },
            "dependsOn": []
        },
        {
            "name": "[concat(parameters('factoryName'), '/AwpIndicator_Target_Configurable_copy1')]",
            "type": "Microsoft.DataFactory/factories/datasets",
            "apiVersion": "2018-06-01",
            "properties": {
                "linkedServiceName": {
                    "referenceName": "Ls_MemberTenant_AzureSQL",
                    "type": "LinkedServiceReference",
                    "parameters": {
                        "lsdburl": "@dataset().dsdburl",
                        "lsdbname": "@dataset().dsdbname",
                        "lsdbtenant": "@dataset().dsdbtenant",
                        "lsdbserviceprincipal": "@dataset().dsdbserviceprincipal",
                        "lsdbsecret": "@dataset().dsdbsecret"
                    }
                },
                "parameters": {
                    "dsdburl": {
                        "type": "string",
                        "defaultValue": "@pipeline().parameters.pldburl"
                    },
                    "dsdbname": {
                        "type": "string",
                        "defaultValue": "@pipeline().parameters.pldbname"
                    },
                    "dsdbtenant": {
                        "type": "string",
                        "defaultValue": "@pipeline().parameters.pldbtenant"
                    },
                    "dsdbserviceprincipal": {
                        "type": "string",
                        "defaultValue": "@pipeline().parameters.pldbserviceprincipal"
                    },
                    "dsdbsecret": {
                        "type": "string",
                        "defaultValue": "@pipeline().parameters.pldbsecret"
                    }
                },
                "folder": {
                    "name": "Member Tenant Dataset"
                },
                "annotations": [],
                "type": "AzureSqlTable",
                "schema": [
                    {
                        "name": "AwpIndicatorId",
                        "type": "int",
                        "precision": 10
                    },
                    {
                        "name": "AwpIndicatorCode",
                        "type": "char"
                    },
                    {
                        "name": "AwpIndicatorDescription",
                        "type": "varchar"
                    }
                ],
                "typeProperties": {
                    "schema": "ItemMaster",
                    "table": "AwpIndicator"
                }
            },
            "dependsOn": []
        },
        {
            "name": "[concat(parameters('factoryName'), '/PackageSizeUom_Target_Configurable_copy1')]",
            "type": "Microsoft.DataFactory/factories/datasets",
            "apiVersion": "2018-06-01",
            "properties": {
                "linkedServiceName": {
                    "referenceName": "Ls_MemberTenant_AzureSQL",
                    "type": "LinkedServiceReference",
                    "parameters": {
                        "lsdburl": "@dataset().dsdburl",
                        "lsdbname": "@dataset().dsdbname",
                        "lsdbtenant": "@dataset().dsdbtenant",
                        "lsdbserviceprincipal": "@dataset().dsdbserviceprincipal",
                        "lsdbsecret": "@dataset().dsdbsecret"
                    }
                },
                "parameters": {
                    "dsdburl": {
                        "type": "string",
                        "defaultValue": "@pipeline().parameters.pldburl"
                    },
                    "dsdbname": {
                        "type": "string",
                        "defaultValue": "@pipeline().parameters.pldbname"
                    },
                    "dsdbtenant": {
                        "type": "string",
                        "defaultValue": "@pipeline().parameters.pldbtenant"
                    },
                    "dsdbserviceprincipal": {
                        "type": "string",
                        "defaultValue": "@pipeline().parameters.pldbserviceprincipal"
                    },
                    "dsdbsecret": {
                        "type": "string",
                        "defaultValue": "@pipeline().parameters.pldbsecret"
                    }
                },
                "folder": {
                    "name": "Member Tenant Dataset"
                },
                "annotations": [],
                "type": "AzureSqlTable",
                "schema": [
                    {
                        "name": "PackageSizeUomId",
                        "type": "int",
                        "precision": 10
                    },
                    {
                        "name": "PackageSizeUomCode",
                        "type": "char"
                    },
                    {
                        "name": "PackageSizeUomDescription",
                        "type": "varchar"
                    }
                ],
                "typeProperties": {
                    "schema": "ItemMaster",
                    "table": "PackageSizeUom"
                }
            },
            "dependsOn": []
        },
        {
            "name": "[concat(parameters('factoryName'), '/GPIRecordTypeCode_Target_Configurable_copy1')]",
            "type": "Microsoft.DataFactory/factories/datasets",
            "apiVersion": "2018-06-01",
            "properties": {
                "linkedServiceName": {
                    "referenceName": "Ls_MemberTenant_AzureSQL",
                    "type": "LinkedServiceReference",
                    "parameters": {
                        "lsdburl": "@dataset().dsdburl",
                        "lsdbname": "@dataset().dsdbname",
                        "lsdbtenant": "@dataset().dsdbtenant",
                        "lsdbserviceprincipal": "@dataset().dsdbserviceprincipal",
                        "lsdbsecret": "@dataset().dsdbsecret"
                    }
                },
                "parameters": {
                    "dsdburl": {
                        "type": "string",
                        "defaultValue": "@pipeline().parameters.pldburl"
                    },
                    "dsdbname": {
                        "type": "string",
                        "defaultValue": "@pipeline().parameters.pldbname"
                    },
                    "dsdbtenant": {
                        "type": "string",
                        "defaultValue": "@pipeline().parameters.pldbtenant"
                    },
                    "dsdbserviceprincipal": {
                        "type": "string",
                        "defaultValue": "@pipeline().parameters.pldbserviceprincipal"
                    },
                    "dsdbsecret": {
                        "type": "string",
                        "defaultValue": "@pipeline().parameters.pldbsecret"
                    }
                },
                "folder": {
                    "name": "Member Tenant Dataset"
                },
                "annotations": [],
                "type": "AzureSqlTable",
                "schema": [
                    {
                        "name": "GPIRecordTypeId",
                        "type": "int",
                        "precision": 10
                    },
                    {
                        "name": "GPIRecordTypeDescription",
                        "type": "varchar"
                    },
                    {
                        "name": "GPIRecordTypeLevelCode",
                        "type": "char"
                    },
                    {
                        "name": "GPIRecordTypeLevelKey",
                        "type": "varchar"
                    }
                ],
                "typeProperties": {
                    "schema": "ItemMaster",
                    "table": "GPIRecordTypeCode"
                }
            },
            "dependsOn": []
        },
        {
            "name": "[concat(parameters('factoryName'), '/PackageDescription_Target_Configurable_copy1')]",
            "type": "Microsoft.DataFactory/factories/datasets",
            "apiVersion": "2018-06-01",
            "properties": {
                "linkedServiceName": {
                    "referenceName": "Ls_MemberTenant_AzureSQL",
                    "type": "LinkedServiceReference",
                    "parameters": {
                        "lsdburl": "@dataset().dsdburl",
                        "lsdbname": "@dataset().dsdbname",
                        "lsdbtenant": "@dataset().dsdbtenant",
                        "lsdbserviceprincipal": "@dataset().dsdbserviceprincipal",
                        "lsdbsecret": "@dataset().dsdbsecret"
                    }
                },
                "parameters": {
                    "dsdburl": {
                        "type": "string",
                        "defaultValue": "@pipeline().parameters.pldburl"
                    },
                    "dsdbname": {
                        "type": "string",
                        "defaultValue": "@pipeline().parameters.pldbname"
                    },
                    "dsdbtenant": {
                        "type": "string",
                        "defaultValue": "@pipeline().parameters.pldbtenant"
                    },
                    "dsdbserviceprincipal": {
                        "type": "string",
                        "defaultValue": "@pipeline().parameters.pldbserviceprincipal"
                    },
                    "dsdbsecret": {
                        "type": "string",
                        "defaultValue": "@pipeline().parameters.pldbsecret"
                    }
                },
                "folder": {
                    "name": "Member Tenant Dataset"
                },
                "annotations": [],
                "type": "AzureSqlTable",
                "schema": [
                    {
                        "name": "PackageDesciptionId",
                        "type": "int",
                        "precision": 10
                    },
                    {
                        "name": "PackageDescriptionCode",
                        "type": "char"
                    },
                    {
                        "name": "PackageDescription",
                        "type": "varchar"
                    }
                ],
                "typeProperties": {
                    "schema": "ItemMaster",
                    "table": "PackageDescription"
                }
            },
            "dependsOn": []
        },
        {
            "name": "[concat(parameters('factoryName'), '/FdaProductApplications_Target_Configurable_copy1')]",
            "type": "Microsoft.DataFactory/factories/datasets",
            "apiVersion": "2018-06-01",
            "properties": {
                "linkedServiceName": {
                    "referenceName": "Ls_MemberTenant_AzureSQL",
                    "type": "LinkedServiceReference",
                    "parameters": {
                        "lsdburl": "@dataset().dsdburl",
                        "lsdbname": "@dataset().dsdbname",
                        "lsdbtenant": "@dataset().dsdbtenant",
                        "lsdbserviceprincipal": "@dataset().dsdbserviceprincipal",
                        "lsdbsecret": "@dataset().dsdbsecret"
                    }
                },
                "parameters": {
                    "dsdburl": {
                        "type": "string",
                        "defaultValue": "@pipeline().parameters.pldburl"
                    },
                    "dsdbname": {
                        "type": "string",
                        "defaultValue": "@pipeline().parameters.pldbname"
                    },
                    "dsdbtenant": {
                        "type": "string",
                        "defaultValue": "@pipeline().parameters.pldbtenant"
                    },
                    "dsdbserviceprincipal": {
                        "type": "string",
                        "defaultValue": "@pipeline().parameters.pldbserviceprincipal"
                    },
                    "dsdbsecret": {
                        "type": "string",
                        "defaultValue": "@pipeline().parameters.pldbsecret"
                    }
                },
                "folder": {
                    "name": "Member Tenant Dataset"
                },
                "annotations": [],
                "type": "AzureSqlTable",
                "schema": [
                    {
                        "name": "FdaProductApplicationsId",
                        "type": "int",
                        "precision": 10
                    },
                    {
                        "name": "FdaProductApplicationsUId",
                        "type": "uniqueidentifier"
                    },
                    {
                        "name": "NDC",
                        "type": "char"
                    },
                    {
                        "name": "ItemId",
                        "type": "int",
                        "precision": 10
                    },
                    {
                        "name": "ApplicationNumber",
                        "type": "varchar"
                    },
                    {
                        "name": "ProductNumber",
                        "type": "varchar"
                    },
                    {
                        "name": "Ingredient",
                        "type": "varchar"
                    },
                    {
                        "name": "PropietaryName",
                        "type": "varchar"
                    },
                    {
                        "name": "DosageFormRouteofAdmin",
                        "type": "varchar"
                    },
                    {
                        "name": "Strength",
                        "type": "varchar"
                    },
                    {
                        "name": "ReferenceListedDrug",
                        "type": "bit"
                    },
                    {
                        "name": "ReferenceStandard",
                        "type": "bit"
                    },
                    {
                        "name": "ApprovalDate",
                        "type": "date"
                    },
                    {
                        "name": "ApplicantHolder",
                        "type": "varchar"
                    },
                    {
                        "name": "MarketingStatus",
                        "type": "varchar"
                    },
                    {
                        "name": "DateAdded",
                        "type": "datetime",
                        "precision": 23,
                        "scale": 3
                    },
                    {
                        "name": "DateChanged",
                        "type": "datetime",
                        "precision": 23,
                        "scale": 3
                    },
                    {
                        "name": "Status",
                        "type": "char"
                    },
                    {
                        "name": "ItemUId",
                        "type": "uniqueidentifier"
                    },
                    {
                        "name": "DataSourceId",
                        "type": "int",
                        "precision": 10
                    }
                ],
                "typeProperties": {
                    "schema": "ItemMaster",
                    "table": "FdaProductApplications"
                }
            },
            "dependsOn": []
        },
        {
            "name": "[concat(parameters('factoryName'), '/FdaProductPatent_Target_Configurable_copy1')]",
            "type": "Microsoft.DataFactory/factories/datasets",
            "apiVersion": "2018-06-01",
            "properties": {
                "linkedServiceName": {
                    "referenceName": "Ls_MemberTenant_AzureSQL",
                    "type": "LinkedServiceReference",
                    "parameters": {
                        "lsdburl": "@dataset().dsdburl",
                        "lsdbname": "@dataset().dsdbname",
                        "lsdbtenant": "@dataset().dsdbtenant",
                        "lsdbserviceprincipal": "@dataset().dsdbserviceprincipal",
                        "lsdbsecret": "@dataset().dsdbsecret"
                    }
                },
                "parameters": {
                    "dsdburl": {
                        "type": "string",
                        "defaultValue": "@pipeline().parameters.pldburl"
                    },
                    "dsdbname": {
                        "type": "string",
                        "defaultValue": "@pipeline().parameters.pldbname"
                    },
                    "dsdbtenant": {
                        "type": "string",
                        "defaultValue": "@pipeline().parameters.pldbtenant"
                    },
                    "dsdbserviceprincipal": {
                        "type": "string",
                        "defaultValue": "@pipeline().parameters.pldbserviceprincipal"
                    },
                    "dsdbsecret": {
                        "type": "string",
                        "defaultValue": "@pipeline().parameters.pldbsecret"
                    }
                },
                "folder": {
                    "name": "Member Tenant Dataset"
                },
                "annotations": [],
                "type": "AzureSqlTable",
                "schema": [
                    {
                        "name": "FdaProductPatentId",
                        "type": "int",
                        "precision": 10
                    },
                    {
                        "name": "FdaProductPatentUId",
                        "type": "uniqueidentifier"
                    },
                    {
                        "name": "NDC",
                        "type": "char"
                    },
                    {
                        "name": "ItemId",
                        "type": "int",
                        "precision": 10
                    },
                    {
                        "name": "ApplicationNumber",
                        "type": "varchar"
                    },
                    {
                        "name": "ProductNumber",
                        "type": "varchar"
                    },
                    {
                        "name": "PatentNo",
                        "type": "varchar"
                    },
                    {
                        "name": "PatentExpireDate",
                        "type": "date"
                    },
                    {
                        "name": "DrugSubstanceFlag",
                        "type": "bit"
                    },
                    {
                        "name": "DrugProductFlag",
                        "type": "bit"
                    },
                    {
                        "name": "DelistFlag",
                        "type": "bit"
                    },
                    {
                        "name": "SubmissionDate",
                        "type": "date"
                    },
                    {
                        "name": "PatentUseId",
                        "type": "int",
                        "precision": 10
                    },
                    {
                        "name": "DateAdded",
                        "type": "datetime",
                        "precision": 23,
                        "scale": 3
                    },
                    {
                        "name": "DateChanged",
                        "type": "datetime",
                        "precision": 23,
                        "scale": 3
                    },
                    {
                        "name": "Status",
                        "type": "char"
                    },
                    {
                        "name": "ItemUId",
                        "type": "uniqueidentifier"
                    },
                    {
                        "name": "DataSourceId",
                        "type": "int",
                        "precision": 10
                    }
                ],
                "typeProperties": {
                    "schema": "ItemMaster",
                    "table": "FdaProductPatent"
                }
            },
            "dependsOn": []
        },
        {
            "name": "[concat(parameters('factoryName'), '/NationalNdcPricePrediction_Target_Configurable_copy1')]",
            "type": "Microsoft.DataFactory/factories/datasets",
            "apiVersion": "2018-06-01",
            "properties": {
                "linkedServiceName": {
                    "referenceName": "CognitiveRx_Configurable",
                    "type": "LinkedServiceReference",
                    "parameters": {
                        "KeyVaultSecret": "@dataset().SecretName"
                    }
                },
                "parameters": {
                    "SecretName": {
                        "type": "string"
                    }
                },
                "folder": {
                    "name": "Member Tenant Dataset"
                },
                "annotations": [],
                "type": "AzureSqlTable",
                "schema": [
                    {
                        "name": "NationalNdcPricePredictionID",
                        "type": "int",
                        "precision": 10
                    },
                    {
                        "name": "PredictionUId",
                        "type": "uniqueidentifier"
                    },
                    {
                        "name": "NDC",
                        "type": "char"
                    },
                    {
                        "name": "ItemId",
                        "type": "int",
                        "precision": 10
                    },
                    {
                        "name": "PredictedPriceDate",
                        "type": "date"
                    },
                    {
                        "name": "RaiseAlert",
                        "type": "char"
                    },
                    {
                        "name": "AlertProbability",
                        "type": "float",
                        "precision": 15
                    },
                    {
                        "name": "Month1AlertProbability",
                        "type": "float",
                        "precision": 15
                    },
                    {
                        "name": "Month2AlertProbability",
                        "type": "float",
                        "precision": 15
                    },
                    {
                        "name": "Month3AlertProbability",
                        "type": "float",
                        "precision": 15
                    },
                    {
                        "name": "Month4AlertProbability",
                        "type": "float",
                        "precision": 15
                    },
                    {
                        "name": "DateOfPrediction",
                        "type": "date"
                    },
                    {
                        "name": "CurrentWAC",
                        "type": "float",
                        "precision": 15
                    },
                    {
                        "name": "PredictedWAC",
                        "type": "float",
                        "precision": 15
                    },
                    {
                        "name": "PredictedPercentIncrease",
                        "type": "float",
                        "precision": 15
                    },
                    {
                        "name": "meanPerc",
                        "type": "decimal",
                        "precision": 22,
                        "scale": 22
                    },
                    {
                        "name": "highPerc",
                        "type": "decimal",
                        "precision": 18,
                        "scale": 18
                    },
                    {
                        "name": "lowPerc",
                        "type": "decimal",
                        "precision": 18,
                        "scale": 18
                    },
                    {
                        "name": "num_changes",
                        "type": "bigint",
                        "precision": 19
                    },
                    {
                        "name": "DateLoaded",
                        "type": "datetime",
                        "precision": 23,
                        "scale": 3
                    }
                ],
                "typeProperties": {
                    "schema": "Predictive",
                    "table": "NationalNdcPricePrediction"
                }
            },
            "dependsOn": []
        }
    ]
}