{
    "$schema": "http://schema.management.azure.com/schemas/2015-01-01/deploymentTemplate.json#",
    "contentVersion": "1.0.0.0",
    "parameters": {
        "factoryName": {
            "type": "string",
            "metadata": "Data Factory name",
            "defaultValue": "adf-ItemMasterDataSync-prod"
        }
    },
    "variables": {
        "factoryId": "[concat('Microsoft.DataFactory/factories/', parameters('factoryName'))]"
    },
    "resources": [
        {
            "name": "[concat(parameters('factoryName'), '/ImportFileIDMapping_Source_New1')]",
            "type": "Microsoft.DataFactory/factories/datasets",
            "apiVersion": "2018-06-01",
            "properties": {
                "linkedServiceName": {
                    "referenceName": "ItemMaster",
                    "type": "LinkedServiceReference"
                },
                "annotations": [],
                "type": "AzureSqlTable",
                "schema": [
                    {
                        "name": "ImportFileMapId",
                        "type": "int",
                        "precision": 10
                    },
                    {
                        "name": "ClientImportCode",
                        "type": "varchar"
                    },
                    {
                        "name": "DataSourceId",
                        "type": "int",
                        "precision": 10
                    },
                    {
                        "name": "ImportFileFrequencyTypeId",
                        "type": "int",
                        "precision": 10
                    },
                    {
                        "name": "ImportFileMapUId",
                        "type": "uniqueidentifier"
                    }
                ],
                "typeProperties": {
                    "tableName": "[[dbo].[ImportFileIDMapping]"
                }
            },
            "dependsOn": []
        },
        {
            "name": "[concat(parameters('factoryName'), '/DeaClassCode_Source_New1')]",
            "type": "Microsoft.DataFactory/factories/datasets",
            "apiVersion": "2018-06-01",
            "properties": {
                "linkedServiceName": {
                    "referenceName": "ItemMaster",
                    "type": "LinkedServiceReference"
                },
                "folder": {
                    "name": "DeaClassCode"
                },
                "annotations": [],
                "type": "AzureSqlTable",
                "schema": [
                    {
                        "name": "DeaClassId",
                        "type": "int",
                        "precision": 10
                    },
                    {
                        "name": "DeaClassDescription",
                        "type": "varchar"
                    },
                    {
                        "name": "DeaClassDefinition",
                        "type": "varchar"
                    },
                    {
                        "name": "DeaClassAbbreviation",
                        "type": "varchar"
                    }
                ],
                "typeProperties": {
                    "tableName": "[[WoltersKluwer].[DeaClassCode]"
                }
            },
            "dependsOn": []
        },
        {
            "name": "[concat(parameters('factoryName'), '/BioEquivalenceCode_Source_New1')]",
            "type": "Microsoft.DataFactory/factories/datasets",
            "apiVersion": "2018-06-01",
            "properties": {
                "linkedServiceName": {
                    "referenceName": "ItemMaster",
                    "type": "LinkedServiceReference"
                },
                "annotations": [],
                "type": "AzureSqlTable",
                "schema": [
                    {
                        "name": "BioEquivalenceId",
                        "type": "int",
                        "precision": 10
                    },
                    {
                        "name": "BioEquivalenceCode",
                        "type": "char"
                    },
                    {
                        "name": "BioEquivalenceDescription",
                        "type": "varchar"
                    }
                ],
                "typeProperties": {
                    "tableName": "[[WoltersKluwer].[BioEquivalenceCode]"
                }
            },
            "dependsOn": []
        },
        {
            "name": "[concat(parameters('factoryName'), '/ItemType_Source_New1')]",
            "type": "Microsoft.DataFactory/factories/datasets",
            "apiVersion": "2018-06-01",
            "properties": {
                "linkedServiceName": {
                    "referenceName": "ItemMaster",
                    "type": "LinkedServiceReference"
                },
                "folder": {
                    "name": "ItemType"
                },
                "annotations": [],
                "type": "AzureSqlTable",
                "schema": [
                    {
                        "name": "ItemTypeId",
                        "type": "int",
                        "precision": 10
                    },
                    {
                        "name": "ItemTypeDesciption",
                        "type": "varchar"
                    }
                ],
                "typeProperties": {
                    "tableName": "[[dbo].[ItemType]"
                }
            },
            "dependsOn": []
        },
        {
            "name": "[concat(parameters('factoryName'), '/RecallV2RouteSource')]",
            "type": "Microsoft.DataFactory/factories/datasets",
            "apiVersion": "2018-06-01",
            "properties": {
                "linkedServiceName": {
                    "referenceName": "ItemMaster",
                    "type": "LinkedServiceReference"
                },
                "folder": {
                    "name": "FdaRecallV2"
                },
                "annotations": [],
                "type": "AzureSqlTable",
                "schema": [
                    {
                        "name": "RecallRouteId",
                        "type": "int",
                        "precision": 10
                    },
                    {
                        "name": "RecallId",
                        "type": "int",
                        "precision": 10
                    },
                    {
                        "name": "RecallNumber",
                        "type": "varchar"
                    },
                    {
                        "name": "FdaEventId",
                        "type": "varchar"
                    },
                    {
                        "name": "Route",
                        "type": "varchar"
                    },
                    {
                        "name": "DateAdded",
                        "type": "datetime",
                        "precision": 23,
                        "scale": 3
                    },
                    {
                        "name": "DateChanged",
                        "type": "datetime",
                        "precision": 23,
                        "scale": 3
                    },
                    {
                        "name": "PipelineRunId",
                        "type": "varchar"
                    },
                    {
                        "name": "ImportedDate",
                        "type": "datetime",
                        "precision": 23,
                        "scale": 3
                    },
                    {
                        "name": "Status",
                        "type": "char"
                    }
                ],
                "typeProperties": {
                    "schema": "Fda",
                    "table": "RecallV2Route"
                }
            },
            "dependsOn": []
        },
        {
            "name": "[concat(parameters('factoryName'), '/UnspscMaster_Source_New1')]",
            "type": "Microsoft.DataFactory/factories/datasets",
            "apiVersion": "2018-06-01",
            "properties": {
                "linkedServiceName": {
                    "referenceName": "ItemMaster",
                    "type": "LinkedServiceReference"
                },
                "annotations": [],
                "type": "AzureSqlTable",
                "schema": [
                    {
                        "name": "UnspscId",
                        "type": "int",
                        "precision": 10
                    },
                    {
                        "name": "Code",
                        "type": "char"
                    },
                    {
                        "name": "Description",
                        "type": "nvarchar"
                    },
                    {
                        "name": "UnspscType",
                        "type": "char"
                    },
                    {
                        "name": "UnspscTypeId",
                        "type": "int",
                        "precision": 10
                    },
                    {
                        "name": "Version",
                        "type": "varchar"
                    },
                    {
                        "name": "DataSourceId",
                        "type": "int",
                        "precision": 10
                    },
                    {
                        "name": "PipelineRunId",
                        "type": "varchar"
                    },
                    {
                        "name": "DateAdded",
                        "type": "datetime",
                        "precision": 23,
                        "scale": 3
                    },
                    {
                        "name": "DateChanged",
                        "type": "datetime",
                        "precision": 23,
                        "scale": 3
                    }
                ],
                "typeProperties": {
                    "tableName": "[[dbo].[UnspscMaster]"
                }
            },
            "dependsOn": []
        },
        {
            "name": "[concat(parameters('factoryName'), '/ImportFileFrequencyType_Target_Configurable')]",
            "type": "Microsoft.DataFactory/factories/datasets",
            "apiVersion": "2018-06-01",
            "properties": {
                "linkedServiceName": {
                    "referenceName": "CognitiveRx_Configurable",
                    "type": "LinkedServiceReference",
                    "parameters": {
                        "KeyVaultSecret": "@dataset().SecretName"
                    }
                },
                "parameters": {
                    "SecretName": {
                        "type": "string"
                    }
                },
                "annotations": [],
                "type": "AzureSqlTable",
                "schema": [
                    {
                        "name": "ImportFileFrequencyTypeId",
                        "type": "int",
                        "precision": 10
                    },
                    {
                        "name": "Description",
                        "type": "varchar"
                    },
                    {
                        "name": "WarningDayThreshold",
                        "type": "int",
                        "precision": 10
                    },
                    {
                        "name": "ImportFileFrequencyTypeUId",
                        "type": "uniqueidentifier"
                    }
                ],
                "typeProperties": {
                    "schema": "dbo",
                    "table": "ImportFileFrequencyType"
                }
            },
            "dependsOn": []
        },
        {
            "name": "[concat(parameters('factoryName'), '/OrangeBookEquivalenceType_Target_Configurable')]",
            "type": "Microsoft.DataFactory/factories/datasets",
            "apiVersion": "2018-06-01",
            "properties": {
                "linkedServiceName": {
                    "referenceName": "CognitiveRx_Configurable",
                    "type": "LinkedServiceReference",
                    "parameters": {
                        "KeyVaultSecret": "@dataset().SecretName"
                    }
                },
                "parameters": {
                    "SecretName": {
                        "type": "string"
                    }
                },
                "folder": {
                    "name": "OrangeBookEquivalenceType"
                },
                "annotations": [],
                "type": "AzureSqlTable",
                "schema": [
                    {
                        "name": "OrangeBookEquivalenceTypeId",
                        "type": "int",
                        "precision": 10
                    },
                    {
                        "name": "OrangeBookEquivalenceTypeDescription",
                        "type": "varchar"
                    }
                ],
                "typeProperties": {
                    "schema": "ItemMaster",
                    "table": "OrangeBookEquivalenceType"
                }
            },
            "dependsOn": []
        },
        {
            "name": "[concat(parameters('factoryName'), '/UnspscType_Target_Configurable')]",
            "type": "Microsoft.DataFactory/factories/datasets",
            "apiVersion": "2018-06-01",
            "properties": {
                "linkedServiceName": {
                    "referenceName": "CognitiveRx_Configurable",
                    "type": "LinkedServiceReference",
                    "parameters": {
                        "KeyVaultSecret": "@dataset().SecretName"
                    }
                },
                "parameters": {
                    "SecretName": {
                        "type": "string"
                    }
                },
                "annotations": [],
                "type": "AzureSqlTable",
                "schema": [
                    {
                        "name": "UnspscTypeId",
                        "type": "int",
                        "precision": 10
                    },
                    {
                        "name": "UnspscType",
                        "type": "char"
                    },
                    {
                        "name": "UnspscTypeDescription",
                        "type": "varchar"
                    },
                    {
                        "name": "UnspscLevel",
                        "type": "int",
                        "precision": 10
                    }
                ],
                "typeProperties": {
                    "schema": "ItemMaster",
                    "table": "UnspscType"
                }
            },
            "dependsOn": []
        },
        {
            "name": "[concat(parameters('factoryName'), '/RecallV2EventSource')]",
            "type": "Microsoft.DataFactory/factories/datasets",
            "apiVersion": "2018-06-01",
            "properties": {
                "linkedServiceName": {
                    "referenceName": "ItemMaster",
                    "type": "LinkedServiceReference"
                },
                "folder": {
                    "name": "FdaRecallV2"
                },
                "annotations": [],
                "type": "AzureSqlTable",
                "schema": [
                    {
                        "name": "RecallEventId",
                        "type": "int",
                        "precision": 10
                    },
                    {
                        "name": "FdaEventId",
                        "type": "varchar"
                    },
                    {
                        "name": "ReportDate",
                        "type": "datetime",
                        "precision": 23,
                        "scale": 3
                    },
                    {
                        "name": "RecallInitiationDate",
                        "type": "datetime",
                        "precision": 23,
                        "scale": 3
                    },
                    {
                        "name": "CenterClassificationDate",
                        "type": "datetime",
                        "precision": 23,
                        "scale": 3
                    },
                    {
                        "name": "TerminationDate",
                        "type": "datetime",
                        "precision": 23,
                        "scale": 3
                    },
                    {
                        "name": "Status",
                        "type": "varchar"
                    },
                    {
                        "name": "ProductType",
                        "type": "varchar"
                    },
                    {
                        "name": "VoluntaryMandated",
                        "type": "varchar"
                    },
                    {
                        "name": "RecallingFirm",
                        "type": "varchar"
                    },
                    {
                        "name": "InitialFirmNotification",
                        "type": "varchar"
                    },
                    {
                        "name": "Address1",
                        "type": "varchar"
                    },
                    {
                        "name": "Address2",
                        "type": "varchar"
                    },
                    {
                        "name": "City",
                        "type": "varchar"
                    },
                    {
                        "name": "State",
                        "type": "varchar"
                    },
                    {
                        "name": "PostalCode",
                        "type": "varchar"
                    },
                    {
                        "name": "Country",
                        "type": "varchar"
                    },
                    {
                        "name": "DistributionPattern",
                        "type": "varchar"
                    },
                    {
                        "name": "RecallEventUid",
                        "type": "uniqueidentifier"
                    },
                    {
                        "name": "DateAdded",
                        "type": "datetime",
                        "precision": 23,
                        "scale": 3
                    },
                    {
                        "name": "DateChanged",
                        "type": "datetime",
                        "precision": 23,
                        "scale": 3
                    },
                    {
                        "name": "PipelineRunId",
                        "type": "varchar"
                    },
                    {
                        "name": "ImportedDate",
                        "type": "datetime",
                        "precision": 23,
                        "scale": 3
                    }
                ],
                "typeProperties": {
                    "schema": "Fda",
                    "table": "RecallV2Event"
                }
            },
            "dependsOn": []
        },
        {
            "name": "[concat(parameters('factoryName'), '/RecallV2BrandNameSource')]",
            "type": "Microsoft.DataFactory/factories/datasets",
            "apiVersion": "2018-06-01",
            "properties": {
                "linkedServiceName": {
                    "referenceName": "ItemMaster",
                    "type": "LinkedServiceReference"
                },
                "folder": {
                    "name": "FdaRecallV2"
                },
                "annotations": [],
                "type": "AzureSqlTable",
                "schema": [
                    {
                        "name": "RecallBrandNameId",
                        "type": "int",
                        "precision": 10
                    },
                    {
                        "name": "RecallId",
                        "type": "int",
                        "precision": 10
                    },
                    {
                        "name": "RecallNumber",
                        "type": "varchar"
                    },
                    {
                        "name": "FdaEventId",
                        "type": "varchar"
                    },
                    {
                        "name": "BrandName",
                        "type": "varchar"
                    },
                    {
                        "name": "DateAdded",
                        "type": "datetime",
                        "precision": 23,
                        "scale": 3
                    },
                    {
                        "name": "DateChanged",
                        "type": "datetime",
                        "precision": 23,
                        "scale": 3
                    },
                    {
                        "name": "PipelineRunId",
                        "type": "varchar"
                    },
                    {
                        "name": "ImportedDate",
                        "type": "datetime",
                        "precision": 23,
                        "scale": 3
                    },
                    {
                        "name": "Status",
                        "type": "char"
                    }
                ],
                "typeProperties": {
                    "schema": "Fda",
                    "table": "RecallV2BrandName"
                }
            },
            "dependsOn": []
        },
        {
            "name": "[concat(parameters('factoryName'), '/ItemMaster_SQL_RecallNDC')]",
            "type": "Microsoft.DataFactory/factories/datasets",
            "apiVersion": "2018-06-01",
            "properties": {
                "linkedServiceName": {
                    "referenceName": "ItemMaster",
                    "type": "LinkedServiceReference"
                },
                "annotations": [],
                "type": "AzureSqlTable",
                "schema": [
                    {
                        "name": "RecallNDCId",
                        "type": "int",
                        "precision": 10
                    },
                    {
                        "name": "RecallId",
                        "type": "int",
                        "precision": 10
                    },
                    {
                        "name": "NDC",
                        "type": "varchar"
                    },
                    {
                        "name": "NDC11",
                        "type": "varchar"
                    },
                    {
                        "name": "NDC10",
                        "type": "varchar"
                    },
                    {
                        "name": "AddedDateTime",
                        "type": "datetime",
                        "precision": 23,
                        "scale": 3
                    },
                    {
                        "name": "UpdatedDateTime",
                        "type": "datetime",
                        "precision": 23,
                        "scale": 3
                    },
                    {
                        "name": "RecallNDCUId",
                        "type": "uniqueidentifier"
                    },
                    {
                        "name": "RecallUId",
                        "type": "uniqueidentifier"
                    }
                ],
                "typeProperties": {
                    "tableName": "[[Fda].[RecallNDC]"
                }
            },
            "dependsOn": []
        },
        {
            "name": "[concat(parameters('factoryName'), '/FdaProductPatent_Target_Configurable')]",
            "type": "Microsoft.DataFactory/factories/datasets",
            "apiVersion": "2018-06-01",
            "properties": {
                "linkedServiceName": {
                    "referenceName": "CognitiveRx_Configurable",
                    "type": "LinkedServiceReference",
                    "parameters": {
                        "KeyVaultSecret": "@dataset().SecretName"
                    }
                },
                "parameters": {
                    "SecretName": {
                        "type": "string"
                    }
                },
                "annotations": [],
                "type": "AzureSqlTable",
                "schema": [
                    {
                        "name": "FdaProductPatentId",
                        "type": "int",
                        "precision": 10
                    },
                    {
                        "name": "FdaProductPatentUId",
                        "type": "uniqueidentifier"
                    },
                    {
                        "name": "NDC",
                        "type": "char"
                    },
                    {
                        "name": "ItemId",
                        "type": "int",
                        "precision": 10
                    },
                    {
                        "name": "ApplicationNumber",
                        "type": "varchar"
                    },
                    {
                        "name": "ProductNumber",
                        "type": "varchar"
                    },
                    {
                        "name": "PatentNo",
                        "type": "varchar"
                    },
                    {
                        "name": "PatentExpireDate",
                        "type": "date"
                    },
                    {
                        "name": "DrugSubstanceFlag",
                        "type": "bit"
                    },
                    {
                        "name": "DrugProductFlag",
                        "type": "bit"
                    },
                    {
                        "name": "DelistFlag",
                        "type": "bit"
                    },
                    {
                        "name": "SubmissionDate",
                        "type": "date"
                    },
                    {
                        "name": "PatentUseId",
                        "type": "int",
                        "precision": 10
                    },
                    {
                        "name": "DateAdded",
                        "type": "datetime",
                        "precision": 23,
                        "scale": 3
                    },
                    {
                        "name": "DateChanged",
                        "type": "datetime",
                        "precision": 23,
                        "scale": 3
                    },
                    {
                        "name": "Status",
                        "type": "char"
                    },
                    {
                        "name": "ItemUId",
                        "type": "uniqueidentifier"
                    },
                    {
                        "name": "DataSourceId",
                        "type": "int",
                        "precision": 10
                    }
                ],
                "typeProperties": {
                    "schema": "ItemMaster",
                    "table": "FdaProductPatent"
                }
            },
            "dependsOn": []
        },
        {
            "name": "[concat(parameters('factoryName'), '/ItemType_Target_Configurable')]",
            "type": "Microsoft.DataFactory/factories/datasets",
            "apiVersion": "2018-06-01",
            "properties": {
                "linkedServiceName": {
                    "referenceName": "CognitiveRx_Configurable",
                    "type": "LinkedServiceReference",
                    "parameters": {
                        "KeyVaultSecret": "@dataset().SecretName"
                    }
                },
                "parameters": {
                    "SecretName": {
                        "type": "string"
                    }
                },
                "folder": {
                    "name": "ItemType"
                },
                "annotations": [],
                "type": "AzureSqlTable",
                "schema": [
                    {
                        "name": "ItemTypeId",
                        "type": "int",
                        "precision": 10
                    },
                    {
                        "name": "ItemTypeDesciption",
                        "type": "varchar"
                    }
                ],
                "typeProperties": {
                    "schema": "ItemMaster",
                    "table": "ItemType"
                }
            },
            "dependsOn": []
        },
        {
            "name": "[concat(parameters('factoryName'), '/RecallV2NdcTarget')]",
            "type": "Microsoft.DataFactory/factories/datasets",
            "apiVersion": "2018-06-01",
            "properties": {
                "linkedServiceName": {
                    "referenceName": "CognitiveRx_Configurable",
                    "type": "LinkedServiceReference",
                    "parameters": {
                        "KeyVaultSecret": "@dataset().Secret"
                    }
                },
                "parameters": {
                    "Secret": {
                        "type": "string"
                    }
                },
                "folder": {
                    "name": "FdaRecallV2"
                },
                "annotations": [],
                "type": "AzureSqlTable",
                "schema": [
                    {
                        "name": "RecallNdcId",
                        "type": "int",
                        "precision": 10
                    },
                    {
                        "name": "RecallId",
                        "type": "int",
                        "precision": 10
                    },
                    {
                        "name": "RecallNumber",
                        "type": "varchar"
                    },
                    {
                        "name": "FdaEventId",
                        "type": "varchar"
                    },
                    {
                        "name": "NDC",
                        "type": "varchar"
                    },
                    {
                        "name": "ItemId",
                        "type": "int",
                        "precision": 10
                    },
                    {
                        "name": "DateAdded",
                        "type": "datetime",
                        "precision": 23,
                        "scale": 3
                    },
                    {
                        "name": "DateChanged",
                        "type": "datetime",
                        "precision": 23,
                        "scale": 3
                    },
                    {
                        "name": "PipelineRunId",
                        "type": "varchar"
                    },
                    {
                        "name": "ImportedDate",
                        "type": "datetime",
                        "precision": 23,
                        "scale": 3
                    },
                    {
                        "name": "Status",
                        "type": "char"
                    }
                ],
                "typeProperties": {
                    "schema": "Fda",
                    "table": "RecallV2Ndc"
                }
            },
            "dependsOn": []
        },
        {
            "name": "[concat(parameters('factoryName'), '/PharmacyItem_Target_Configurable')]",
            "type": "Microsoft.DataFactory/factories/datasets",
            "apiVersion": "2018-06-01",
            "properties": {
                "linkedServiceName": {
                    "referenceName": "CognitiveRx_Configurable",
                    "type": "LinkedServiceReference",
                    "parameters": {
                        "KeyVaultSecret": "@dataset().SecretName"
                    }
                },
                "parameters": {
                    "SecretName": {
                        "type": "string"
                    }
                },
                "annotations": [],
                "type": "AzureSqlTable",
                "schema": [
                    {
                        "name": "ItemId",
                        "type": "int",
                        "precision": 10
                    },
                    {
                        "name": "ItemDescription",
                        "type": "varchar"
                    },
                    {
                        "name": "ItemShortDescription",
                        "type": "varchar"
                    },
                    {
                        "name": "Gtin",
                        "type": "bigint",
                        "precision": 19
                    },
                    {
                        "name": "Ndc",
                        "type": "varchar"
                    },
                    {
                        "name": "Ndc10",
                        "type": "varchar"
                    },
                    {
                        "name": "Ndc11",
                        "type": "varchar"
                    },
                    {
                        "name": "Ndc9",
                        "type": "char"
                    },
                    {
                        "name": "NdcFormatCode",
                        "type": "int",
                        "precision": 10
                    },
                    {
                        "name": "PreviousNdc",
                        "type": "varchar"
                    },
                    {
                        "name": "ReplacedByNdc",
                        "type": "varchar"
                    },
                    {
                        "name": "CasePack",
                        "type": "char"
                    },
                    {
                        "name": "PackageSize",
                        "type": "decimal",
                        "precision": 8,
                        "scale": 3
                    },
                    {
                        "name": "PackageDescription",
                        "type": "varchar"
                    },
                    {
                        "name": "DrugStrength",
                        "type": "varchar"
                    },
                    {
                        "name": "DrugStrengthUom",
                        "type": "varchar"
                    },
                    {
                        "name": "IsGenericDrug",
                        "type": "bit"
                    },
                    {
                        "name": "DrugName",
                        "type": "varchar"
                    },
                    {
                        "name": "Ingredients",
                        "type": "varchar"
                    },
                    {
                        "name": "BrandNameTypeId",
                        "type": "int",
                        "precision": 10
                    },
                    {
                        "name": "UnitDoseId",
                        "type": "int",
                        "precision": 10
                    },
                    {
                        "name": "DosageFormId",
                        "type": "int",
                        "precision": 10
                    },
                    {
                        "name": "IsItemMultiSourced",
                        "type": "bit"
                    },
                    {
                        "name": "StorageConditionId",
                        "type": "int",
                        "precision": 10
                    },
                    {
                        "name": "RxNormNumber",
                        "type": "varchar"
                    },
                    {
                        "name": "IsItemRepackaged",
                        "type": "bit"
                    },
                    {
                        "name": "IsItemHazardouMaterial",
                        "type": "bit"
                    },
                    {
                        "name": "LabelerId",
                        "type": "int",
                        "precision": 10
                    },
                    {
                        "name": "MfrId",
                        "type": "int",
                        "precision": 10
                    },
                    {
                        "name": "DeaClassId",
                        "type": "int",
                        "precision": 10
                    },
                    {
                        "name": "OrangeBookId",
                        "type": "int",
                        "precision": 10
                    },
                    {
                        "name": "PackageSizeUomId",
                        "type": "int",
                        "precision": 10
                    },
                    {
                        "name": "UnitOfMeasureId",
                        "type": "int",
                        "precision": 10
                    },
                    {
                        "name": "PurpleBookId",
                        "type": "int",
                        "precision": 10
                    },
                    {
                        "name": "GPI",
                        "type": "varchar"
                    },
                    {
                        "name": "TypeOfBrandDesciption",
                        "type": "varchar"
                    },
                    {
                        "name": "ItemMasterItemId",
                        "type": "int",
                        "precision": 10
                    },
                    {
                        "name": "DrugDescriptorId",
                        "type": "int",
                        "precision": 10
                    },
                    {
                        "name": "BioEquivalenceId",
                        "type": "int",
                        "precision": 10
                    },
                    {
                        "name": "DateAdded",
                        "type": "datetime",
                        "precision": 23,
                        "scale": 3
                    },
                    {
                        "name": "DateChanged",
                        "type": "datetime",
                        "precision": 23,
                        "scale": 3
                    },
                    {
                        "name": "DataSourceId",
                        "type": "int",
                        "precision": 10
                    },
                    {
                        "name": "Manufacturer",
                        "type": "varchar"
                    },
                    {
                        "name": "EqKey",
                        "type": "varchar"
                    },
                    {
                        "name": "PricingKey",
                        "type": "varchar"
                    },
                    {
                        "name": "PharmaceuticalEqKey",
                        "type": "varchar"
                    },
                    {
                        "name": "BioEqKey",
                        "type": "varchar"
                    },
                    {
                        "name": "TherapeuticEqKey",
                        "type": "varchar"
                    },
                    {
                        "name": "DirectEqKey",
                        "type": "varchar"
                    },
                    {
                        "name": "isDiscontinued",
                        "type": "bit"
                    },
                    {
                        "name": "ItemUId",
                        "type": "uniqueidentifier"
                    },
                    {
                        "name": "GPIDrugNameCode",
                        "type": "varchar"
                    },
                    {
                        "name": "GpiDrugName",
                        "type": "varchar"
                    }
                ],
                "typeProperties": {
                    "schema": "dbo",
                    "table": "PharmacyItem"
                }
            },
            "dependsOn": []
        },
        {
            "name": "[concat(parameters('factoryName'), '/DosageForm_Target_Configurable')]",
            "type": "Microsoft.DataFactory/factories/datasets",
            "apiVersion": "2018-06-01",
            "properties": {
                "linkedServiceName": {
                    "referenceName": "CognitiveRx_Configurable",
                    "type": "LinkedServiceReference",
                    "parameters": {
                        "KeyVaultSecret": "@dataset().SecretName"
                    }
                },
                "parameters": {
                    "SecretName": {
                        "type": "string"
                    }
                },
                "folder": {
                    "name": "DosageForm"
                },
                "annotations": [],
                "type": "AzureSqlTable",
                "schema": [
                    {
                        "name": "DosageFormId",
                        "type": "int",
                        "precision": 10
                    },
                    {
                        "name": "DosageFormCode",
                        "type": "char"
                    },
                    {
                        "name": "DosageFormDescription",
                        "type": "varchar"
                    },
                    {
                        "name": "DosageFormAbbreviation",
                        "type": "varchar"
                    },
                    {
                        "name": "Comment",
                        "type": "varchar"
                    }
                ],
                "typeProperties": {
                    "schema": "ItemMaster",
                    "table": "DosageForm"
                }
            },
            "dependsOn": []
        },
        {
            "name": "[concat(parameters('factoryName'), '/CognitiveRx_Shortages')]",
            "type": "Microsoft.DataFactory/factories/datasets",
            "apiVersion": "2018-06-01",
            "properties": {
                "linkedServiceName": {
                    "referenceName": "CognitiveRx",
                    "type": "LinkedServiceReference"
                },
                "folder": {
                    "name": "Shortages"
                },
                "annotations": [],
                "type": "AzureSqlTable",
                "schema": [
                    {
                        "name": "Id",
                        "type": "int",
                        "precision": 10
                    },
                    {
                        "name": "Ndc",
                        "type": "varchar"
                    },
                    {
                        "name": "ItemId",
                        "type": "int",
                        "precision": 10
                    },
                    {
                        "name": "ExternalId",
                        "type": "varchar"
                    },
                    {
                        "name": "Source",
                        "type": "varchar"
                    },
                    {
                        "name": "UpdatedDate",
                        "type": "datetime",
                        "precision": 23,
                        "scale": 3
                    },
                    {
                        "name": "ExternalLink",
                        "type": "varchar"
                    },
                    {
                        "name": "Status",
                        "type": "char"
                    },
                    {
                        "name": "AvailableNdcs",
                        "type": "varchar"
                    },
                    {
                        "name": "Reasons",
                        "type": "varchar"
                    },
                    {
                        "name": "EstimatedResupply",
                        "type": "varchar"
                    },
                    {
                        "name": "SysStartTime",
                        "type": "datetime2",
                        "scale": 0
                    },
                    {
                        "name": "SysEndTime",
                        "type": "datetime2",
                        "scale": 0
                    },
                    {
                        "name": "RawShortageNDCId",
                        "type": "int",
                        "precision": 10
                    },
                    {
                        "name": "isToBeDiscontinued",
                        "type": "bit"
                    },
                    {
                        "name": "isDiscontinued",
                        "type": "bit"
                    },
                    {
                        "name": "AddedDateTime",
                        "type": "datetime",
                        "precision": 23,
                        "scale": 3
                    },
                    {
                        "name": "UpdatedDateTime",
                        "type": "datetime",
                        "precision": 23,
                        "scale": 3
                    },
                    {
                        "name": "isActive",
                        "type": "bit"
                    },
                    {
                        "name": "RawASHPShortageId",
                        "type": "int",
                        "precision": 10
                    },
                    {
                        "name": "InitialPostingDate",
                        "type": "datetime",
                        "precision": 23,
                        "scale": 3
                    },
                    {
                        "name": "ASHPShortageUID",
                        "type": "uniqueidentifier"
                    },
                    {
                        "name": "ItemUId",
                        "type": "uniqueidentifier"
                    },
                    {
                        "name": "ItemMaster_FDAShortageUID",
                        "type": "uniqueidentifier"
                    },
                    {
                        "name": "PharmacyItemShortageUID",
                        "type": "uniqueidentifier"
                    }
                ],
                "typeProperties": {
                    "schema": "dbo",
                    "table": "PharmacyItemShortage"
                }
            },
            "dependsOn": []
        },
        {
            "name": "[concat(parameters('factoryName'), '/Fda_MedicationGuide_Target_Configurable')]",
            "type": "Microsoft.DataFactory/factories/datasets",
            "apiVersion": "2018-06-01",
            "properties": {
                "linkedServiceName": {
                    "referenceName": "CognitiveRx_Configurable",
                    "type": "LinkedServiceReference",
                    "parameters": {
                        "KeyVaultSecret": "@dataset().SecretName"
                    }
                },
                "parameters": {
                    "SecretName": {
                        "type": "string"
                    }
                },
                "annotations": [],
                "type": "AzureSqlTable",
                "schema": [
                    {
                        "name": "MedicationGuideId",
                        "type": "int",
                        "precision": 10
                    },
                    {
                        "name": "NdcToApplicationId",
                        "type": "int",
                        "precision": 10
                    },
                    {
                        "name": "NDC",
                        "type": "varchar"
                    },
                    {
                        "name": "DrugName",
                        "type": "varchar"
                    },
                    {
                        "name": "ActiveIngredient",
                        "type": "varchar"
                    },
                    {
                        "name": "FormRoute",
                        "type": "varchar"
                    },
                    {
                        "name": "ApplicationNumber",
                        "type": "varchar"
                    },
                    {
                        "name": "Company",
                        "type": "varchar"
                    },
                    {
                        "name": "Date",
                        "type": "varchar"
                    },
                    {
                        "name": "Link",
                        "type": "varchar"
                    },
                    {
                        "name": "AddedDateTime",
                        "type": "datetime",
                        "precision": 23,
                        "scale": 3
                    },
                    {
                        "name": "UpdatedDateTime",
                        "type": "datetime",
                        "precision": 23,
                        "scale": 3
                    },
                    {
                        "name": "MedicationGuideUId",
                        "type": "uniqueidentifier"
                    },
                    {
                        "name": "ItemId",
                        "type": "int",
                        "precision": 10
                    },
                    {
                        "name": "ProductNumber",
                        "type": "varchar"
                    },
                    {
                        "name": "ApplicationTypeId",
                        "type": "int",
                        "precision": 10
                    },
                    {
                        "name": "FdaApprovalDate",
                        "type": "date"
                    },
                    {
                        "name": "MarketingCategoryId",
                        "type": "int",
                        "precision": 10
                    },
                    {
                        "name": "StartMarketingDate",
                        "type": "date"
                    },
                    {
                        "name": "EndMarketingDate",
                        "type": "date"
                    },
                    {
                        "name": "ItemUId",
                        "type": "uniqueidentifier"
                    },
                    {
                        "name": "SyncDateTime",
                        "type": "datetime",
                        "precision": 23,
                        "scale": 3
                    }
                ],
                "typeProperties": {
                    "schema": "Fda",
                    "table": "MedicationGuide"
                }
            },
            "dependsOn": []
        },
        {
            "name": "[concat(parameters('factoryName'), '/OrangeBook_Target_Configurable')]",
            "type": "Microsoft.DataFactory/factories/datasets",
            "apiVersion": "2018-06-01",
            "properties": {
                "linkedServiceName": {
                    "referenceName": "CognitiveRx_Configurable",
                    "type": "LinkedServiceReference",
                    "parameters": {
                        "KeyVaultSecret": "@dataset().SecretName"
                    }
                },
                "parameters": {
                    "SecretName": {
                        "type": "string"
                    }
                },
                "folder": {
                    "name": "OrangeBookMaster"
                },
                "annotations": [],
                "type": "AzureSqlTable",
                "schema": [
                    {
                        "name": "OrangeBookId",
                        "type": "int",
                        "precision": 10
                    },
                    {
                        "name": "OrangeBookCode",
                        "type": "char"
                    },
                    {
                        "name": "OrangeBookDescription",
                        "type": "varchar"
                    },
                    {
                        "name": "OrangeBookEquivalenceTypeId",
                        "type": "int",
                        "precision": 10
                    }
                ],
                "typeProperties": {
                    "schema": "ItemMaster",
                    "table": "OrangeBook"
                }
            },
            "dependsOn": []
        }
    ]
}