{
    "$schema": "http://schema.management.azure.com/schemas/2015-01-01/deploymentTemplate.json#",
    "contentVersion": "1.0.0.0",
    "parameters": {
        "factoryName": {
            "type": "string",
            "metadata": "Data Factory name",
            "defaultValue": "adf-ItemMasterDataSync-prod"
        }
    },
    "variables": {
        "factoryId": "[concat('Microsoft.DataFactory/factories/', parameters('factoryName'))]"
    },
    "resources": [
        {
            "name": "[concat(parameters('factoryName'), '/OrangeBookEquivalenceType_SingleSink_DF')]",
            "type": "Microsoft.DataFactory/factories/dataflows",
            "apiVersion": "2018-06-01",
            "properties": {
                "folder": {
                    "name": "OrangeBook"
                },
                "type": "MappingDataFlow",
                "typeProperties": {
                    "sources": [
                        {
                            "dataset": {
                                "referenceName": "OrangeBookEquivalenceType_Source_New1",
                                "type": "DatasetReference"
                            },
                            "name": "OrangeBookEquivalenceTypeSource"
                        }
                    ],
                    "sinks": [
                        {
                            "dataset": {
                                "referenceName": "OrangeBookEquivalenceType_Target_Configurable",
                                "type": "DatasetReference"
                            },
                            "name": "OrangeBookEquivalenceTypeSink"
                        }
                    ],
                    "transformations": [
                        {
                            "name": "AlterRow1"
                        }
                    ],
                    "script": "source(output(\n\t\tOrangeBookEquivalenceTypeId as integer,\n\t\tOrangeBookEquivalenceTypeDescription as string\n\t),\n\tallowSchemaDrift: true,\n\tvalidateSchema: false,\n\tisolationLevel: 'READ_UNCOMMITTED',\n\tformat: 'table') ~> OrangeBookEquivalenceTypeSource\nOrangeBookEquivalenceTypeSource alterRow(upsertIf(true())) ~> AlterRow1\nAlterRow1 sink(allowSchemaDrift: true,\n\tvalidateSchema: false,\n\tinput(\n\t\tOrangeBookEquivalenceTypeId as integer,\n\t\tOrangeBookEquivalenceTypeDescription as string\n\t),\n\tdeletable:false,\n\tinsertable:false,\n\tupdateable:false,\n\tupsertable:true,\n\tkeys:['OrangeBookEquivalenceTypeId'],\n\tformat: 'table',\n\tskipDuplicateMapInputs: true,\n\tskipDuplicateMapOutputs: true,\n\terrorHandlingOption: 'stopOnFirstError',\n\tmapColumn(\n\t\tOrangeBookEquivalenceTypeId,\n\t\tOrangeBookEquivalenceTypeDescription\n\t)) ~> OrangeBookEquivalenceTypeSink"
                }
            },
            "dependsOn": []
        },
        {
            "name": "[concat(parameters('factoryName'), '/RecallV2Event')]",
            "type": "Microsoft.DataFactory/factories/dataflows",
            "apiVersion": "2018-06-01",
            "properties": {
                "folder": {
                    "name": "FdaRecallV2"
                },
                "type": "MappingDataFlow",
                "typeProperties": {
                    "sources": [
                        {
                            "dataset": {
                                "referenceName": "RecallV2EventSource",
                                "type": "DatasetReference"
                            },
                            "name": "RecallV2EventSource"
                        }
                    ],
                    "sinks": [
                        {
                            "dataset": {
                                "referenceName": "RecallV2EventTarget",
                                "type": "DatasetReference"
                            },
                            "name": "RecallV2EventTarget"
                        }
                    ],
                    "transformations": [
                        {
                            "name": "AlterRow1"
                        }
                    ],
                    "script": "source(output(\n\t\tRecallEventId as integer,\n\t\tFdaEventId as string,\n\t\tReportDate as timestamp,\n\t\tRecallInitiationDate as timestamp,\n\t\tCenterClassificationDate as timestamp,\n\t\tTerminationDate as timestamp,\n\t\tStatus as string,\n\t\tProductType as string,\n\t\tVoluntaryMandated as string,\n\t\tRecallingFirm as string,\n\t\tInitialFirmNotification as string,\n\t\tAddress1 as string,\n\t\tAddress2 as string,\n\t\tCity as string,\n\t\tState as string,\n\t\tPostalCode as string,\n\t\tCountry as string,\n\t\tDistributionPattern as string,\n\t\tRecallEventUid as string,\n\t\tDateAdded as timestamp,\n\t\tDateChanged as timestamp,\n\t\tPipelineRunId as string,\n\t\tImportedDate as timestamp\n\t),\n\tallowSchemaDrift: true,\n\tvalidateSchema: false,\n\tisolationLevel: 'READ_UNCOMMITTED',\n\tformat: 'table') ~> RecallV2EventSource\nRecallV2EventSource alterRow(upsertIf(true())) ~> AlterRow1\nAlterRow1 sink(allowSchemaDrift: true,\n\tvalidateSchema: false,\n\tinput(\n\t\tRecallEventId as integer,\n\t\tFdaEventId as string,\n\t\tReportDate as timestamp,\n\t\tRecallInitiationDate as timestamp,\n\t\tCenterClassificationDate as timestamp,\n\t\tTerminationDate as timestamp,\n\t\tStatus as string,\n\t\tProductType as string,\n\t\tVoluntaryMandated as string,\n\t\tRecallingFirm as string,\n\t\tInitialFirmNotification as string,\n\t\tAddress1 as string,\n\t\tAddress2 as string,\n\t\tCity as string,\n\t\tState as string,\n\t\tPostalCode as string,\n\t\tCountry as string,\n\t\tDistributionPattern as string,\n\t\tRecallEventUid as string,\n\t\tDateAdded as timestamp,\n\t\tDateChanged as timestamp,\n\t\tPipelineRunId as string,\n\t\tImportedDate as timestamp\n\t),\n\tdeletable:false,\n\tinsertable:false,\n\tupdateable:false,\n\tupsertable:true,\n\tkeys:['RecallEventId'],\n\tformat: 'table',\n\tpreSQLs:['SET IDENTITY_INSERT  [Fda].[RecallV2Event] ON'],\n\tskipDuplicateMapInputs: true,\n\tskipDuplicateMapOutputs: true,\n\terrorHandlingOption: 'stopOnFirstError') ~> RecallV2EventTarget"
                }
            },
            "dependsOn": []
        },
        {
            "name": "[concat(parameters('factoryName'), '/RecallV2Route')]",
            "type": "Microsoft.DataFactory/factories/dataflows",
            "apiVersion": "2018-06-01",
            "properties": {
                "folder": {
                    "name": "FdaRecallV2"
                },
                "type": "MappingDataFlow",
                "typeProperties": {
                    "sources": [
                        {
                            "dataset": {
                                "referenceName": "RecallV2RouteSource",
                                "type": "DatasetReference"
                            },
                            "name": "RecallV2RouteSource"
                        }
                    ],
                    "sinks": [
                        {
                            "dataset": {
                                "referenceName": "RecallV2RouteTarget",
                                "type": "DatasetReference"
                            },
                            "name": "RecallV2RouteTarget"
                        }
                    ],
                    "transformations": [
                        {
                            "name": "AlterRow1"
                        }
                    ],
                    "script": "source(output(\n\t\tRecallRouteId as integer,\n\t\tRecallId as integer,\n\t\tRecallNumber as string,\n\t\tFdaEventId as string,\n\t\tRoute as string,\n\t\tDateAdded as timestamp,\n\t\tDateChanged as timestamp,\n\t\tPipelineRunId as string,\n\t\tImportedDate as timestamp,\n\t\tStatus as string\n\t),\n\tallowSchemaDrift: true,\n\tvalidateSchema: false,\n\tisolationLevel: 'READ_UNCOMMITTED',\n\tformat: 'table') ~> RecallV2RouteSource\nRecallV2RouteSource alterRow(upsertIf(true())) ~> AlterRow1\nAlterRow1 sink(allowSchemaDrift: true,\n\tvalidateSchema: false,\n\tinput(\n\t\tRecallRouteId as integer,\n\t\tRecallId as integer,\n\t\tRecallNumber as string,\n\t\tFdaEventId as string,\n\t\tRoute as string,\n\t\tDateAdded as timestamp,\n\t\tDateChanged as timestamp,\n\t\tPipelineRunId as string,\n\t\tImportedDate as timestamp,\n\t\tStatus as string\n\t),\n\tdeletable:false,\n\tinsertable:false,\n\tupdateable:false,\n\tupsertable:true,\n\tkeys:['RecallRouteId'],\n\tformat: 'table',\n\tpreSQLs:['SET IDENTITY_INSERT  [Fda].[RecallV2Route] ON'],\n\tskipDuplicateMapInputs: true,\n\tskipDuplicateMapOutputs: true,\n\terrorHandlingOption: 'stopOnFirstError') ~> RecallV2RouteTarget"
                }
            },
            "dependsOn": []
        },
        {
            "name": "[concat(parameters('factoryName'), '/ItemType_SingleSink_DF')]",
            "type": "Microsoft.DataFactory/factories/dataflows",
            "apiVersion": "2018-06-01",
            "properties": {
                "folder": {
                    "name": "DBO"
                },
                "type": "MappingDataFlow",
                "typeProperties": {
                    "sources": [
                        {
                            "dataset": {
                                "referenceName": "ItemType_Source_New1",
                                "type": "DatasetReference"
                            },
                            "name": "ItemTypeSource"
                        }
                    ],
                    "sinks": [
                        {
                            "dataset": {
                                "referenceName": "ItemType_Target_Configurable",
                                "type": "DatasetReference"
                            },
                            "name": "ItemTypeSink"
                        }
                    ],
                    "transformations": [
                        {
                            "name": "AlterRow1"
                        }
                    ],
                    "script": "source(output(\n\t\tItemTypeId as integer,\n\t\tItemTypeDesciption as string\n\t),\n\tallowSchemaDrift: true,\n\tvalidateSchema: false,\n\tisolationLevel: 'READ_UNCOMMITTED',\n\tformat: 'table') ~> ItemTypeSource\nItemTypeSource alterRow(upsertIf(true())) ~> AlterRow1\nAlterRow1 sink(allowSchemaDrift: true,\n\tvalidateSchema: false,\n\tinput(\n\t\tItemTypeId as integer,\n\t\tItemTypeDesciption as string\n\t),\n\tdeletable:false,\n\tinsertable:false,\n\tupdateable:false,\n\tupsertable:true,\n\tkeys:['ItemTypeId'],\n\tformat: 'table',\n\tskipDuplicateMapInputs: true,\n\tskipDuplicateMapOutputs: true,\n\terrorHandlingOption: 'stopOnFirstError',\n\tmapColumn(\n\t\tItemTypeId,\n\t\tItemTypeDesciption\n\t)) ~> ItemTypeSink"
                }
            },
            "dependsOn": []
        },
        {
            "name": "[concat(parameters('factoryName'), '/DataFlow_FDA_RecallNDC_Sync_SingleSink_DF')]",
            "type": "Microsoft.DataFactory/factories/dataflows",
            "apiVersion": "2018-06-01",
            "properties": {
                "folder": {
                    "name": "Recall"
                },
                "type": "MappingDataFlow",
                "typeProperties": {
                    "sources": [
                        {
                            "dataset": {
                                "referenceName": "ItemMaster_SQL_RecallNDC",
                                "type": "DatasetReference"
                            },
                            "name": "RecallNDCSource"
                        }
                    ],
                    "sinks": [
                        {
                            "dataset": {
                                "referenceName": "CognitiveRx_SQL_RecallNDC_Configurable",
                                "type": "DatasetReference"
                            },
                            "name": "RecallNDCSink"
                        }
                    ],
                    "transformations": [
                        {
                            "name": "AlterRow1"
                        }
                    ],
                    "script": "source(output(\n\t\tRecallNDCId as integer,\n\t\tRecallId as integer,\n\t\tNDC as string,\n\t\tNDC11 as string,\n\t\tNDC10 as string,\n\t\tAddedDateTime as timestamp,\n\t\tUpdatedDateTime as timestamp,\n\t\tRecallNDCUId as string,\n\t\tRecallUId as string\n\t),\n\tallowSchemaDrift: true,\n\tvalidateSchema: false,\n\tisolationLevel: 'READ_UNCOMMITTED',\n\tformat: 'table') ~> RecallNDCSource\nRecallNDCSource alterRow(upsertIf(true())) ~> AlterRow1\nAlterRow1 sink(allowSchemaDrift: true,\n\tvalidateSchema: false,\n\tinput(\n\t\tRecallNDCId as integer,\n\t\tRecallId as integer,\n\t\tNDC as string,\n\t\tNDC11 as string,\n\t\tNDC10 as string,\n\t\tAddedDateTime as timestamp,\n\t\tUpdatedDateTime as timestamp,\n\t\tRecallNDCUId as string,\n\t\tRecallUId as string\n\t),\n\tdeletable:false,\n\tinsertable:false,\n\tupdateable:false,\n\tupsertable:true,\n\tkeys:['RecallNDCUId'],\n\tformat: 'table',\n\terrorHandlingOption: 'stopOnFirstError',\n\tmapColumn(\n\t\tNDC,\n\t\tNDC11,\n\t\tNDC10,\n\t\tAddedDateTime,\n\t\tRecallNDCUId,\n\t\tRecallUId,\n\t\tUpdatedDateTime\n\t)) ~> RecallNDCSink"
                }
            },
            "dependsOn": []
        },
        {
            "name": "[concat(parameters('factoryName'), '/DosageForm_SingleSink_DF')]",
            "type": "Microsoft.DataFactory/factories/dataflows",
            "apiVersion": "2018-06-01",
            "properties": {
                "folder": {
                    "name": "WoltersKluwers"
                },
                "type": "MappingDataFlow",
                "typeProperties": {
                    "sources": [
                        {
                            "dataset": {
                                "referenceName": "DosageForm_Source_New1",
                                "type": "DatasetReference"
                            },
                            "name": "DosageFormSource"
                        }
                    ],
                    "sinks": [
                        {
                            "dataset": {
                                "referenceName": "DosageForm_Target_Configurable",
                                "type": "DatasetReference"
                            },
                            "name": "DosageFormSinkTestDB"
                        }
                    ],
                    "transformations": [
                        {
                            "name": "AlterRow1"
                        }
                    ],
                    "script": "parameters{\n\tIsProd as boolean (false())\n}\nsource(output(\n\t\tDosageFormId as integer,\n\t\tDosageFormCode as string,\n\t\tDosageFormDescription as string,\n\t\tDosageFormAbbreviation as string,\n\t\tComment as string\n\t),\n\tallowSchemaDrift: true,\n\tvalidateSchema: false,\n\tisolationLevel: 'READ_UNCOMMITTED',\n\tformat: 'table') ~> DosageFormSource\nDosageFormSource alterRow(upsertIf(true())) ~> AlterRow1\nAlterRow1 sink(allowSchemaDrift: true,\n\tvalidateSchema: false,\n\tinput(\n\t\tDosageFormId as integer,\n\t\tDosageFormCode as string,\n\t\tDosageFormDescription as string,\n\t\tDosageFormAbbreviation as string,\n\t\tComment as string\n\t),\n\tdeletable:false,\n\tinsertable:false,\n\tupdateable:false,\n\tupsertable:true,\n\tkeys:['DosageFormId'],\n\tformat: 'table',\n\tskipDuplicateMapInputs: true,\n\tskipDuplicateMapOutputs: true,\n\terrorHandlingOption: 'stopOnFirstError',\n\tmapColumn(\n\t\tDosageFormId,\n\t\tDosageFormCode,\n\t\tDosageFormDescription,\n\t\tDosageFormAbbreviation,\n\t\tComment\n\t)) ~> DosageFormSinkTestDB"
                }
            },
            "dependsOn": []
        },
        {
            "name": "[concat(parameters('factoryName'), '/OrangeBook_SingleSink_DF')]",
            "type": "Microsoft.DataFactory/factories/dataflows",
            "apiVersion": "2018-06-01",
            "properties": {
                "folder": {
                    "name": "OrangeBook"
                },
                "type": "MappingDataFlow",
                "typeProperties": {
                    "sources": [
                        {
                            "dataset": {
                                "referenceName": "OrangeBook_Source_New1",
                                "type": "DatasetReference"
                            },
                            "name": "OrangeBookSource"
                        }
                    ],
                    "sinks": [
                        {
                            "dataset": {
                                "referenceName": "OrangeBook_Target_Configurable",
                                "type": "DatasetReference"
                            },
                            "name": "OrangeBookSink"
                        }
                    ],
                    "transformations": [
                        {
                            "name": "AlterRow1"
                        }
                    ],
                    "script": "source(output(\n\t\tOrangeBookId as integer,\n\t\tOrangeBookCode as string,\n\t\tOrangeBookShortDescription as string,\n\t\tOrangeBookDescription as string,\n\t\tOrangeBookEquivalenceTypeId as integer\n\t),\n\tallowSchemaDrift: true,\n\tvalidateSchema: false,\n\tisolationLevel: 'READ_UNCOMMITTED',\n\tformat: 'table') ~> OrangeBookSource\nOrangeBookSource alterRow(upsertIf(true())) ~> AlterRow1\nAlterRow1 sink(allowSchemaDrift: true,\n\tvalidateSchema: false,\n\tinput(\n\t\tOrangeBookId as integer,\n\t\tOrangeBookCode as string,\n\t\tOrangeBookDescription as string,\n\t\tOrangeBookEquivalenceTypeId as integer\n\t),\n\tdeletable:false,\n\tinsertable:false,\n\tupdateable:false,\n\tupsertable:true,\n\tkeys:['OrangeBookId'],\n\tformat: 'table',\n\tskipDuplicateMapInputs: true,\n\tskipDuplicateMapOutputs: true,\n\terrorHandlingOption: 'stopOnFirstError',\n\tmapColumn(\n\t\tOrangeBookId,\n\t\tOrangeBookCode,\n\t\tOrangeBookDescription,\n\t\tOrangeBookEquivalenceTypeId\n\t)) ~> OrangeBookSink"
                }
            },
            "dependsOn": []
        },
        {
            "name": "[concat(parameters('factoryName'), '/NdcFormatCodes_SingleSink_DF')]",
            "type": "Microsoft.DataFactory/factories/dataflows",
            "apiVersion": "2018-06-01",
            "properties": {
                "folder": {
                    "name": "WoltersKluwers"
                },
                "type": "MappingDataFlow",
                "typeProperties": {
                    "sources": [
                        {
                            "dataset": {
                                "referenceName": "NdcFormatCodes_Source_New1",
                                "type": "DatasetReference"
                            },
                            "name": "NdcFormatCodesSource"
                        }
                    ],
                    "sinks": [
                        {
                            "dataset": {
                                "referenceName": "NdcFormatCodes_Target_Configurable",
                                "type": "DatasetReference"
                            },
                            "name": "NdcFormatCodesSink"
                        }
                    ],
                    "transformations": [
                        {
                            "name": "AlterRow1"
                        }
                    ],
                    "script": "parameters{\n\tIsProd as boolean (false())\n}\nsource(output(\n\t\tIdNumberFormatId as integer,\n\t\tRepresentsFormat as string,\n\t\tIdType as string,\n\t\tNdcFormat as string,\n\t\tToNdcStandard11 as string,\n\t\tToNdc11 as string\n\t),\n\tallowSchemaDrift: true,\n\tvalidateSchema: false,\n\tisolationLevel: 'READ_UNCOMMITTED',\n\tformat: 'table') ~> NdcFormatCodesSource\nNdcFormatCodesSource alterRow(upsertIf(true())) ~> AlterRow1\nAlterRow1 sink(allowSchemaDrift: true,\n\tvalidateSchema: false,\n\tinput(\n\t\tIdNumberFormatId as integer,\n\t\tRepresentsFormat as string,\n\t\tIdType as string,\n\t\tNdcFormat as string,\n\t\tToNdcStandard11 as string,\n\t\tToNdc11 as string\n\t),\n\tdeletable:false,\n\tinsertable:false,\n\tupdateable:false,\n\tupsertable:true,\n\tkeys:['IdNumberFormatId'],\n\tformat: 'table',\n\tskipDuplicateMapInputs: true,\n\tskipDuplicateMapOutputs: true,\n\terrorHandlingOption: 'stopOnFirstError',\n\tmapColumn(\n\t\tIdNumberFormatId,\n\t\tRepresentsFormat,\n\t\tIdType,\n\t\tNdcFormat,\n\t\tToNdcStandard11,\n\t\tToNdc11\n\t)) ~> NdcFormatCodesSink"
                }
            },
            "dependsOn": []
        },
        {
            "name": "[concat(parameters('factoryName'), '/AhfsMaster_SingleSink_DF')]",
            "type": "Microsoft.DataFactory/factories/dataflows",
            "apiVersion": "2018-06-01",
            "properties": {
                "folder": {
                    "name": "DBO"
                },
                "type": "MappingDataFlow",
                "typeProperties": {
                    "sources": [
                        {
                            "dataset": {
                                "referenceName": "AhfsMaster_Source_New1",
                                "type": "DatasetReference"
                            },
                            "name": "AhfsMasterSource"
                        }
                    ],
                    "sinks": [
                        {
                            "dataset": {
                                "referenceName": "AhfsMaster_Target_Configurable",
                                "type": "DatasetReference"
                            },
                            "name": "AhfsMasterSinkTestDB"
                        }
                    ],
                    "transformations": [
                        {
                            "name": "AlterRow1"
                        }
                    ],
                    "script": "source(output(\n\t\tAhfsId as integer,\n\t\tAhfsCode as double,\n\t\tTherapeuticClassDescription as string,\n\t\tFdbAhfs8 as double,\n\t\tStatus as string,\n\t\tDateAdded as timestamp,\n\t\tDateChanged as timestamp,\n\t\tDataSourceId as integer\n\t),\n\tallowSchemaDrift: true,\n\tvalidateSchema: false,\n\tisolationLevel: 'READ_UNCOMMITTED',\n\tformat: 'table') ~> AhfsMasterSource\nAhfsMasterSource alterRow(upsertIf(true())) ~> AlterRow1\nAlterRow1 sink(allowSchemaDrift: true,\n\tvalidateSchema: false,\n\tdeletable:false,\n\tinsertable:false,\n\tupdateable:false,\n\tupsertable:true,\n\tkeys:['AhfsId'],\n\tformat: 'table',\n\tskipDuplicateMapInputs: true,\n\tskipDuplicateMapOutputs: true,\n\terrorHandlingOption: 'stopOnFirstError',\n\tmapColumn(\n\t\tAhfsId,\n\t\tAhfsCode,\n\t\tTherapeuticClassDescription,\n\t\tFdbAhfs8,\n\t\tStatus,\n\t\tDateAdded,\n\t\tDateChanged,\n\t\tDataSourceId\n\t)) ~> AhfsMasterSinkTestDB"
                }
            },
            "dependsOn": []
        },
        {
            "name": "[concat(parameters('factoryName'), '/AwpIndicator_SingleSink_DF')]",
            "type": "Microsoft.DataFactory/factories/dataflows",
            "apiVersion": "2018-06-01",
            "properties": {
                "folder": {
                    "name": "WoltersKluwers"
                },
                "type": "MappingDataFlow",
                "typeProperties": {
                    "sources": [
                        {
                            "dataset": {
                                "referenceName": "AwpIndicator_Source_New1",
                                "type": "DatasetReference"
                            },
                            "name": "source1"
                        }
                    ],
                    "sinks": [
                        {
                            "dataset": {
                                "referenceName": "AwpIndicator_Target_Configurable",
                                "type": "DatasetReference"
                            },
                            "name": "sink1"
                        }
                    ],
                    "transformations": [
                        {
                            "name": "AlterRow1"
                        }
                    ],
                    "script": "source(output(\n\t\tAwpIndicatorId as integer,\n\t\tAwpIndicatorCode as string,\n\t\tAwpIndicatorDescription as string\n\t),\n\tallowSchemaDrift: true,\n\tvalidateSchema: false,\n\tisolationLevel: 'READ_UNCOMMITTED',\n\tformat: 'table') ~> source1\nsource1 alterRow(upsertIf(true())) ~> AlterRow1\nAlterRow1 sink(allowSchemaDrift: true,\n\tvalidateSchema: false,\n\tinput(\n\t\tAwpIndicatorId as integer,\n\t\tAwpIndicatorCode as string,\n\t\tAwpIndicatorDescription as string\n\t),\n\tdeletable:false,\n\tinsertable:false,\n\tupdateable:false,\n\tupsertable:true,\n\tkeys:['AwpIndicatorId'],\n\tformat: 'table',\n\tskipDuplicateMapInputs: true,\n\tskipDuplicateMapOutputs: true,\n\terrorHandlingOption: 'stopOnFirstError',\n\tmapColumn(\n\t\tAwpIndicatorId,\n\t\tAwpIndicatorCode,\n\t\tAwpIndicatorDescription\n\t)) ~> sink1"
                }
            },
            "dependsOn": []
        },
        {
            "name": "[concat(parameters('factoryName'), '/NationalNdcPricePrediction_SingleSink_DF')]",
            "type": "Microsoft.DataFactory/factories/dataflows",
            "apiVersion": "2018-06-01",
            "properties": {
                "type": "MappingDataFlow",
                "typeProperties": {
                    "sources": [
                        {
                            "dataset": {
                                "referenceName": "NationalNdcPricePrediction_Source",
                                "type": "DatasetReference"
                            },
                            "name": "source1"
                        }
                    ],
                    "sinks": [
                        {
                            "dataset": {
                                "referenceName": "NationalNdcPricePrediction_Target_Configurable",
                                "type": "DatasetReference"
                            },
                            "name": "sink1"
                        }
                    ],
                    "transformations": [],
                    "script": "source(output(\n\t\tNationalNdcPricePredictionID as integer,\n\t\tPredictionUId as string,\n\t\tNDC as string,\n\t\tItemId as integer,\n\t\tPredictedPriceDate as date,\n\t\tRaiseAlert as string,\n\t\tAlertProbability as double,\n\t\tMonth1AlertProbability as double,\n\t\tMonth2AlertProbability as double,\n\t\tMonth3AlertProbability as double,\n\t\tMonth4AlertProbability as double,\n\t\tDateOfPrediction as date,\n\t\tCurrentWAC as double,\n\t\tPredictedWAC as double,\n\t\tPredictedPercentIncrease as double,\n\t\tmeanPerc as decimal(22,22),\n\t\thighPerc as decimal(18,18),\n\t\tlowPerc as decimal(18,18),\n\t\tnum_changes as long,\n\t\tDateLoaded as timestamp\n\t),\n\tallowSchemaDrift: true,\n\tvalidateSchema: false,\n\tisolationLevel: 'READ_UNCOMMITTED',\n\tformat: 'table') ~> source1\nsource1 sink(allowSchemaDrift: true,\n\tvalidateSchema: false,\n\tinput(\n\t\tNationalNdcPricePredictionID as integer,\n\t\tPredictionUId as string,\n\t\tNDC as string,\n\t\tItemId as integer,\n\t\tPredictedPriceDate as date,\n\t\tRaiseAlert as string,\n\t\tAlertProbability as double,\n\t\tMonth1AlertProbability as double,\n\t\tMonth2AlertProbability as double,\n\t\tMonth3AlertProbability as double,\n\t\tMonth4AlertProbability as double,\n\t\tDateOfPrediction as date,\n\t\tCurrentWAC as double,\n\t\tPredictedWAC as double,\n\t\tPredictedPercentIncrease as double,\n\t\tmeanPerc as decimal(22,22),\n\t\thighPerc as decimal(18,18),\n\t\tlowPerc as decimal(18,18),\n\t\tnum_changes as long,\n\t\tDateLoaded as timestamp\n\t),\n\tdeletable:false,\n\tinsertable:true,\n\tupdateable:false,\n\tupsertable:false,\n\ttruncate:true,\n\tformat: 'table',\n\tskipDuplicateMapInputs: true,\n\tskipDuplicateMapOutputs: true,\n\terrorHandlingOption: 'stopOnFirstError',\n\tmapColumn(\n\t\tNationalNdcPricePredictionID,\n\t\tPredictionUId,\n\t\tNDC,\n\t\tItemId,\n\t\tPredictedPriceDate,\n\t\tRaiseAlert,\n\t\tAlertProbability,\n\t\tMonth1AlertProbability,\n\t\tMonth2AlertProbability,\n\t\tMonth3AlertProbability,\n\t\tMonth4AlertProbability,\n\t\tDateOfPrediction,\n\t\tCurrentWAC,\n\t\tPredictedWAC,\n\t\tPredictedPercentIncrease,\n\t\tmeanPerc,\n\t\thighPerc,\n\t\tlowPerc,\n\t\tnum_changes,\n\t\tDateLoaded\n\t)) ~> sink1"
                }
            },
            "dependsOn": []
        },
        {
            "name": "[concat(parameters('factoryName'), '/DataFeedType_SingleSink_DF')]",
            "type": "Microsoft.DataFactory/factories/dataflows",
            "apiVersion": "2018-06-01",
            "properties": {
                "folder": {
                    "name": "RxLog"
                },
                "type": "MappingDataFlow",
                "typeProperties": {
                    "sources": [
                        {
                            "dataset": {
                                "referenceName": "DataFeedType_Source_New1",
                                "type": "DatasetReference"
                            },
                            "name": "source1"
                        }
                    ],
                    "sinks": [
                        {
                            "dataset": {
                                "referenceName": "DataFeedType_Target_Configurable",
                                "type": "DatasetReference"
                            },
                            "name": "sink1"
                        }
                    ],
                    "transformations": [
                        {
                            "name": "AlterRow1"
                        }
                    ],
                    "script": "source(output(\n\t\tDataFeedTypeId as integer,\n\t\tDataFeedTypeCode as string,\n\t\tName as string,\n\t\tDataFeedTypeUId as string\n\t),\n\tallowSchemaDrift: true,\n\tvalidateSchema: false,\n\tisolationLevel: 'READ_UNCOMMITTED',\n\tformat: 'table') ~> source1\nsource1 alterRow(upsertIf(true())) ~> AlterRow1\nAlterRow1 sink(allowSchemaDrift: true,\n\tvalidateSchema: false,\n\tinput(\n\t\tDataFeedTypeId as integer,\n\t\tDataFeedTypeCode as string,\n\t\tName as string,\n\t\tDataFeedTypeUId as string\n\t),\n\tdeletable:false,\n\tinsertable:false,\n\tupdateable:false,\n\tupsertable:true,\n\tkeys:['DataFeedTypeUId'],\n\tformat: 'table',\n\tskipDuplicateMapInputs: true,\n\tskipDuplicateMapOutputs: true,\n\terrorHandlingOption: 'stopOnFirstError',\n\tmapColumn(\n\t\tDataFeedTypeCode,\n\t\tName,\n\t\tDataFeedTypeUId\n\t)) ~> sink1"
                }
            },
            "dependsOn": []
        },
        {
            "name": "[concat(parameters('factoryName'), '/GPIRecordTypeCode_SingleSink_DF')]",
            "type": "Microsoft.DataFactory/factories/dataflows",
            "apiVersion": "2018-06-01",
            "properties": {
                "folder": {
                    "name": "WoltersKluwers"
                },
                "type": "MappingDataFlow",
                "typeProperties": {
                    "sources": [
                        {
                            "dataset": {
                                "referenceName": "GPIRecordTypeCode_Source_New1",
                                "type": "DatasetReference"
                            },
                            "name": "source1"
                        }
                    ],
                    "sinks": [
                        {
                            "dataset": {
                                "referenceName": "GPIRecordTypeCode_Target_Configurable",
                                "type": "DatasetReference"
                            },
                            "name": "sink1"
                        }
                    ],
                    "transformations": [
                        {
                            "name": "AlterRow1"
                        }
                    ],
                    "script": "source(output(\n\t\tGPIRecordTypeId as integer,\n\t\tGPIRecordTypeDescription as string,\n\t\tGPIRecordTypeLevelCode as string,\n\t\tGPIRecordTypeLevelKey as string\n\t),\n\tallowSchemaDrift: true,\n\tvalidateSchema: false,\n\tisolationLevel: 'READ_UNCOMMITTED',\n\tformat: 'table') ~> source1\nsource1 alterRow(upsertIf(true())) ~> AlterRow1\nAlterRow1 sink(allowSchemaDrift: true,\n\tvalidateSchema: false,\n\tinput(\n\t\tGPIRecordTypeId as integer,\n\t\tGPIRecordTypeDescription as string,\n\t\tGPIRecordTypeLevelCode as string,\n\t\tGPIRecordTypeLevelKey as string\n\t),\n\tdeletable:false,\n\tinsertable:false,\n\tupdateable:false,\n\tupsertable:true,\n\tkeys:['GPIRecordTypeId'],\n\tformat: 'table',\n\tskipDuplicateMapInputs: true,\n\tskipDuplicateMapOutputs: true,\n\terrorHandlingOption: 'stopOnFirstError') ~> sink1"
                }
            },
            "dependsOn": []
        },
        {
            "name": "[concat(parameters('factoryName'), '/ImportFileFrequencyType_SingleSink_DF')]",
            "type": "Microsoft.DataFactory/factories/dataflows",
            "apiVersion": "2018-06-01",
            "properties": {
                "folder": {
                    "name": "RxLog"
                },
                "type": "MappingDataFlow",
                "typeProperties": {
                    "sources": [
                        {
                            "dataset": {
                                "referenceName": "ImportFileFrequencyType_Source_New1",
                                "type": "DatasetReference"
                            },
                            "name": "source1"
                        }
                    ],
                    "sinks": [
                        {
                            "dataset": {
                                "referenceName": "ImportFileFrequencyType_Target_Configurable",
                                "type": "DatasetReference"
                            },
                            "name": "sink1"
                        }
                    ],
                    "transformations": [
                        {
                            "name": "AlterRow1"
                        }
                    ],
                    "script": "source(output(\n\t\tImportFileFrequencyTypeId as integer,\n\t\tDescription as string,\n\t\tImportFileFrequencyTypeUId as string\n\t),\n\tallowSchemaDrift: true,\n\tvalidateSchema: false,\n\tisolationLevel: 'READ_UNCOMMITTED',\n\tformat: 'table') ~> source1\nsource1 alterRow(upsertIf(true())) ~> AlterRow1\nAlterRow1 sink(allowSchemaDrift: true,\n\tvalidateSchema: false,\n\tinput(\n\t\tImportFileFrequencyTypeId as integer,\n\t\tDescription as string,\n\t\tWarningDayThreshold as integer,\n\t\tImportFileFrequencyTypeUId as string\n\t),\n\tdeletable:false,\n\tinsertable:false,\n\tupdateable:false,\n\tupsertable:true,\n\tkeys:['ImportFileFrequencyTypeUId'],\n\tformat: 'table',\n\tskipDuplicateMapInputs: true,\n\tskipDuplicateMapOutputs: true,\n\terrorHandlingOption: 'stopOnFirstError',\n\tmapColumn(\n\t\tDescription,\n\t\tImportFileFrequencyTypeUId\n\t)) ~> sink1"
                }
            },
            "dependsOn": []
        },
        {
            "name": "[concat(parameters('factoryName'), '/RecallV2BrandName')]",
            "type": "Microsoft.DataFactory/factories/dataflows",
            "apiVersion": "2018-06-01",
            "properties": {
                "folder": {
                    "name": "FdaRecallV2"
                },
                "type": "MappingDataFlow",
                "typeProperties": {
                    "sources": [
                        {
                            "dataset": {
                                "referenceName": "RecallV2BrandNameSource",
                                "type": "DatasetReference"
                            },
                            "name": "RecallV2BrandName"
                        }
                    ],
                    "sinks": [
                        {
                            "dataset": {
                                "referenceName": "RecallV2BrandNameTarget",
                                "type": "DatasetReference"
                            },
                            "name": "RecallV2BrandNameTarget"
                        }
                    ],
                    "transformations": [
                        {
                            "name": "AlterRow1"
                        }
                    ],
                    "script": "source(output(\n\t\tRecallBrandNameId as integer,\n\t\tRecallId as integer,\n\t\tRecallNumber as string,\n\t\tFdaEventId as string,\n\t\tBrandName as string,\n\t\tDateAdded as timestamp,\n\t\tDateChanged as timestamp,\n\t\tPipelineRunId as string,\n\t\tImportedDate as timestamp,\n\t\tStatus as string\n\t),\n\tallowSchemaDrift: true,\n\tvalidateSchema: false,\n\tisolationLevel: 'READ_UNCOMMITTED',\n\tformat: 'table') ~> RecallV2BrandName\nRecallV2BrandName alterRow(upsertIf(true())) ~> AlterRow1\nAlterRow1 sink(allowSchemaDrift: true,\n\tvalidateSchema: false,\n\tinput(\n\t\tRecallBrandNameId as integer,\n\t\tRecallId as integer,\n\t\tRecallNumber as string,\n\t\tFdaEventId as string,\n\t\tBrandName as string,\n\t\tDateAdded as timestamp,\n\t\tDateChanged as timestamp,\n\t\tPipelineRunId as string,\n\t\tImportedDate as timestamp,\n\t\tStatus as string\n\t),\n\tdeletable:false,\n\tinsertable:false,\n\tupdateable:false,\n\tupsertable:true,\n\tkeys:['RecallBrandNameId'],\n\tformat: 'table',\n\tpreSQLs:['SET IDENTITY_INSERT  [Fda].[RecallV2BrandName] ON'],\n\tskipDuplicateMapInputs: true,\n\tskipDuplicateMapOutputs: true,\n\terrorHandlingOption: 'stopOnFirstError') ~> RecallV2BrandNameTarget"
                }
            },
            "dependsOn": []
        },
        {
            "name": "[concat(parameters('factoryName'), '/LabelerTypes_SingleSink_DF')]",
            "type": "Microsoft.DataFactory/factories/dataflows",
            "apiVersion": "2018-06-01",
            "properties": {
                "folder": {
                    "name": "WoltersKluwers"
                },
                "type": "MappingDataFlow",
                "typeProperties": {
                    "sources": [
                        {
                            "dataset": {
                                "referenceName": "LabelerTypes_Source_New1",
                                "type": "DatasetReference"
                            },
                            "name": "LabelerTypesSource"
                        }
                    ],
                    "sinks": [
                        {
                            "dataset": {
                                "referenceName": "LabelerTypes_Target_Configurable",
                                "type": "DatasetReference"
                            },
                            "name": "LabelerTypesSink"
                        }
                    ],
                    "transformations": [
                        {
                            "name": "AlterRow1"
                        }
                    ],
                    "script": "parameters{\n\tIsProd as boolean (false())\n}\nsource(output(\n\t\tLabelerTypeId as integer,\n\t\tLabelerTypeCode as string,\n\t\tLabelerTypeDescription as string,\n\t\tLabelerTypeDefinition as string\n\t),\n\tallowSchemaDrift: true,\n\tvalidateSchema: false,\n\tisolationLevel: 'READ_UNCOMMITTED',\n\tformat: 'table') ~> LabelerTypesSource\nLabelerTypesSource alterRow(upsertIf(true())) ~> AlterRow1\nAlterRow1 sink(allowSchemaDrift: true,\n\tvalidateSchema: false,\n\tinput(\n\t\tLabelerTypeId as integer,\n\t\tLabelerTypeCode as string,\n\t\tLabelerTypeDescription as string,\n\t\tLabelerTypeDefinition as string\n\t),\n\tdeletable:false,\n\tinsertable:false,\n\tupdateable:false,\n\tupsertable:true,\n\tkeys:['LabelerTypeId'],\n\tformat: 'table',\n\tskipDuplicateMapInputs: true,\n\tskipDuplicateMapOutputs: true,\n\terrorHandlingOption: 'stopOnFirstError') ~> LabelerTypesSink"
                }
            },
            "dependsOn": []
        },
        {
            "name": "[concat(parameters('factoryName'), '/NationalNdcPricePrediction_SingleSink_DF_copy1')]",
            "type": "Microsoft.DataFactory/factories/dataflows",
            "apiVersion": "2018-06-01",
            "properties": {
                "type": "MappingDataFlow",
                "typeProperties": {
                    "sources": [
                        {
                            "dataset": {
                                "referenceName": "NationalNdcPricePrediction_Source",
                                "type": "DatasetReference"
                            },
                            "name": "source1"
                        }
                    ],
                    "sinks": [
                        {
                            "dataset": {
                                "referenceName": "NationalNdcPricePrediction_Target_Configurable",
                                "type": "DatasetReference"
                            },
                            "name": "sink1"
                        }
                    ],
                    "transformations": [],
                    "script": "source(output(\n\t\tNationalNdcPricePredictionID as integer,\n\t\tPredictionUId as string,\n\t\tNDC as string,\n\t\tItemId as integer,\n\t\tPredictedPriceDate as date,\n\t\tRaiseAlert as string,\n\t\tAlertProbability as double,\n\t\tMonth1AlertProbability as double,\n\t\tMonth2AlertProbability as double,\n\t\tMonth3AlertProbability as double,\n\t\tMonth4AlertProbability as double,\n\t\tDateOfPrediction as date,\n\t\tCurrentWAC as double,\n\t\tPredictedWAC as double,\n\t\tPredictedPercentIncrease as double,\n\t\tmeanPerc as decimal(22,22),\n\t\thighPerc as decimal(18,18),\n\t\tlowPerc as decimal(18,18),\n\t\tnum_changes as long,\n\t\tDateLoaded as timestamp\n\t),\n\tallowSchemaDrift: true,\n\tvalidateSchema: false,\n\tisolationLevel: 'READ_UNCOMMITTED',\n\tformat: 'table') ~> source1\nsource1 sink(allowSchemaDrift: true,\n\tvalidateSchema: false,\n\tinput(\n\t\tNationalNdcPricePredictionID as integer,\n\t\tPredictionUId as string,\n\t\tNDC as string,\n\t\tItemId as integer,\n\t\tPredictedPriceDate as date,\n\t\tRaiseAlert as string,\n\t\tAlertProbability as double,\n\t\tMonth1AlertProbability as double,\n\t\tMonth2AlertProbability as double,\n\t\tMonth3AlertProbability as double,\n\t\tMonth4AlertProbability as double,\n\t\tDateOfPrediction as date,\n\t\tCurrentWAC as double,\n\t\tPredictedWAC as double,\n\t\tPredictedPercentIncrease as double,\n\t\tmeanPerc as decimal(22,22),\n\t\thighPerc as decimal(18,18),\n\t\tlowPerc as decimal(18,18),\n\t\tnum_changes as long,\n\t\tDateLoaded as timestamp\n\t),\n\tdeletable:false,\n\tinsertable:true,\n\tupdateable:false,\n\tupsertable:false,\n\ttruncate:true,\n\tformat: 'table',\n\tskipDuplicateMapInputs: true,\n\tskipDuplicateMapOutputs: true,\n\terrorHandlingOption: 'stopOnFirstError',\n\tmapColumn(\n\t\tNationalNdcPricePredictionID,\n\t\tPredictionUId,\n\t\tNDC,\n\t\tItemId,\n\t\tPredictedPriceDate,\n\t\tRaiseAlert,\n\t\tAlertProbability,\n\t\tMonth1AlertProbability,\n\t\tMonth2AlertProbability,\n\t\tMonth3AlertProbability,\n\t\tMonth4AlertProbability,\n\t\tDateOfPrediction,\n\t\tCurrentWAC,\n\t\tPredictedWAC,\n\t\tPredictedPercentIncrease,\n\t\tmeanPerc,\n\t\thighPerc,\n\t\tlowPerc,\n\t\tnum_changes,\n\t\tDateLoaded\n\t)) ~> sink1"
                }
            },
            "dependsOn": []
        },
        {
            "name": "[concat(parameters('factoryName'), '/ItemMaster_Master_SingleSource_DF')]",
            "type": "Microsoft.DataFactory/factories/dataflows",
            "apiVersion": "2018-06-01",
            "properties": {
                "folder": {
                    "name": "ItemTables"
                },
                "type": "MappingDataFlow",
                "typeProperties": {
                    "sources": [
                        {
                            "dataset": {
                                "referenceName": "ItemMaster_Source_New1",
                                "type": "DatasetReference"
                            },
                            "name": "ItemMasterSource"
                        },
                        {
                            "dataset": {
                                "referenceName": "ItemMaster_Join_Manufacturer_Configurable",
                                "type": "DatasetReference"
                            },
                            "name": "ManufacturerSource"
                        }
                    ],
                    "sinks": [
                        {
                            "dataset": {
                                "referenceName": "ItemMaster_Target_Configurable",
                                "type": "DatasetReference"
                            },
                            "name": "sink1"
                        }
                    ],
                    "transformations": [
                        {
                            "name": "Join1"
                        },
                        {
                            "name": "AlterRow1"
                        }
                    ],
                    "script": "parameters{\n\tFullLoad as string ('false')\n}\nsource(output(\n\t\tItemId as integer,\n\t\tItemTypeId as integer,\n\t\tItemCode as string,\n\t\tItemDescription as string,\n\t\tMfrId as integer,\n\t\tGtin as long,\n\t\tDateAdded as timestamp,\n\t\tDateChanged as timestamp,\n\t\tItemUId as string,\n\t\tDataSourceId as integer\n\t),\n\tallowSchemaDrift: true,\n\tvalidateSchema: false,\n\tisolationLevel: 'READ_UNCOMMITTED',\n\tquery: (iif(lower($FullLoad)  == 'true','select * from [Sync].[vw_ItemMaster]','select * from [Sync].[vw_ItemMaster] WHERE (DateChanged > DATEADD(d, - 10, GETDATE()))')),\n\tformat: 'query') ~> ItemMasterSource\nsource(output(\n\t\tMfrId as integer,\n\t\tMfrName as string,\n\t\tMfrShortName as string,\n\t\tDateAdded as timestamp,\n\t\tDateChanged as timestamp,\n\t\tItemMasterMfrId as integer,\n\t\tDataSourceId as integer\n\t),\n\tallowSchemaDrift: true,\n\tvalidateSchema: false,\n\tisolationLevel: 'READ_UNCOMMITTED',\n\tformat: 'table') ~> ManufacturerSource\nItemMasterSource, ManufacturerSource join(ItemMasterSource@MfrId == ItemMasterMfrId,\n\tjoinType:'left',\n\tmatchType:'exact',\n\tignoreSpaces: false,\n\tbroadcast: 'auto')~> Join1\nJoin1 alterRow(upsertIf(true())) ~> AlterRow1\nAlterRow1 sink(allowSchemaDrift: true,\n\tvalidateSchema: false,\n\tinput(\n\t\tItemId as integer,\n\t\tItemTypeId as integer,\n\t\tItemCode as string,\n\t\tItemDescription as string,\n\t\tMfrId as integer,\n\t\tGtin as long,\n\t\tItemMasterItemId as integer,\n\t\tDateAdded as timestamp,\n\t\tDateChanged as timestamp,\n\t\tItemUId as string,\n\t\tDataSourceId as integer\n\t),\n\tdeletable:false,\n\tinsertable:false,\n\tupdateable:false,\n\tupsertable:true,\n\tkeys:['ItemUId'],\n\tformat: 'table',\n\tskipDuplicateMapInputs: true,\n\tskipDuplicateMapOutputs: true,\n\terrorHandlingOption: 'stopOnFirstError',\n\tmapColumn(\n\t\tItemTypeId,\n\t\tItemCode,\n\t\tItemDescription,\n\t\tMfrId = ManufacturerSource@MfrId,\n\t\tGtin,\n\t\tItemMasterItemId = ItemId,\n\t\tDateAdded = ItemMasterSource@DateAdded,\n\t\tDateChanged = ItemMasterSource@DateChanged,\n\t\tItemUId,\n\t\tDataSourceId = ItemMasterSource@DataSourceId\n\t)) ~> sink1"
                }
            },
            "dependsOn": []
        },
        {
            "name": "[concat(parameters('factoryName'), '/RecallV2ProductType')]",
            "type": "Microsoft.DataFactory/factories/dataflows",
            "apiVersion": "2018-06-01",
            "properties": {
                "folder": {
                    "name": "FdaRecallV2"
                },
                "type": "MappingDataFlow",
                "typeProperties": {
                    "sources": [
                        {
                            "dataset": {
                                "referenceName": "RecallV2ProductTypeSource",
                                "type": "DatasetReference"
                            },
                            "name": "RecallV2ProductTypeSource"
                        }
                    ],
                    "sinks": [
                        {
                            "dataset": {
                                "referenceName": "RecallV2ProductTypeTarget",
                                "type": "DatasetReference"
                            },
                            "name": "RecallV2ProductType"
                        }
                    ],
                    "transformations": [
                        {
                            "name": "AlterRow1"
                        }
                    ],
                    "script": "source(output(\n\t\tRecallProductTypeId as integer,\n\t\tRecallId as integer,\n\t\tRecallNumber as string,\n\t\tFdaEventId as string,\n\t\tProductType as string,\n\t\tDateAdded as timestamp,\n\t\tDateChanged as timestamp,\n\t\tPipelineRunId as string,\n\t\tImportedDate as timestamp,\n\t\tStatus as string\n\t),\n\tallowSchemaDrift: true,\n\tvalidateSchema: false,\n\tisolationLevel: 'READ_UNCOMMITTED',\n\tformat: 'table') ~> RecallV2ProductTypeSource\nRecallV2ProductTypeSource alterRow(upsertIf(true())) ~> AlterRow1\nAlterRow1 sink(allowSchemaDrift: true,\n\tvalidateSchema: false,\n\tinput(\n\t\tRecallProductTypeId as integer,\n\t\tRecallId as integer,\n\t\tRecallNumber as string,\n\t\tFdaEventId as string,\n\t\tProductType as string,\n\t\tDateAdded as timestamp,\n\t\tDateChanged as timestamp,\n\t\tPipelineRunId as string,\n\t\tImportedDate as timestamp,\n\t\tStatus as string\n\t),\n\tdeletable:false,\n\tinsertable:false,\n\tupdateable:false,\n\tupsertable:true,\n\tkeys:['RecallProductTypeId'],\n\tformat: 'table',\n\tpreSQLs:['SET IDENTITY_INSERT  [Fda].[RecallV2ProductType] ON'],\n\tskipDuplicateMapInputs: true,\n\tskipDuplicateMapOutputs: true,\n\terrorHandlingOption: 'stopOnFirstError') ~> RecallV2ProductType"
                }
            },
            "dependsOn": []
        },
        {
            "name": "[concat(parameters('factoryName'), '/RecallV2IsOriginalPackager')]",
            "type": "Microsoft.DataFactory/factories/dataflows",
            "apiVersion": "2018-06-01",
            "properties": {
                "folder": {
                    "name": "FdaRecallV2"
                },
                "type": "MappingDataFlow",
                "typeProperties": {
                    "sources": [
                        {
                            "dataset": {
                                "referenceName": "RecallV2IsOriginalPackagerSource",
                                "type": "DatasetReference"
                            },
                            "name": "RecallV2IsOriginalPackagerSource"
                        }
                    ],
                    "sinks": [
                        {
                            "dataset": {
                                "referenceName": "RecallV2IsOriginalPackagerTarget",
                                "type": "DatasetReference"
                            },
                            "name": "RecallV2IsOriginalPackagerTarget"
                        }
                    ],
                    "transformations": [
                        {
                            "name": "AlterRow1"
                        }
                    ],
                    "script": "source(output(\n\t\tRecallIsOriginalPackagerId as integer,\n\t\tRecallId as integer,\n\t\tRecallNumber as string,\n\t\tFdaEventId as string,\n\t\tIsOriginalPackager as string,\n\t\tDateAdded as timestamp,\n\t\tDateChanged as timestamp,\n\t\tPipelineRunId as string,\n\t\tImportedDate as timestamp,\n\t\tStatus as string\n\t),\n\tallowSchemaDrift: true,\n\tvalidateSchema: false,\n\tisolationLevel: 'READ_UNCOMMITTED',\n\tformat: 'table') ~> RecallV2IsOriginalPackagerSource\nRecallV2IsOriginalPackagerSource alterRow(upsertIf(true())) ~> AlterRow1\nAlterRow1 sink(allowSchemaDrift: true,\n\tvalidateSchema: false,\n\tinput(\n\t\tRecallIsOriginalPackagerId as integer,\n\t\tRecallId as integer,\n\t\tRecallNumber as string,\n\t\tFdaEventId as string,\n\t\tIsOriginalPackager as string,\n\t\tDateAdded as timestamp,\n\t\tDateChanged as timestamp,\n\t\tPipelineRunId as string,\n\t\tImportedDate as timestamp,\n\t\tStatus as string\n\t),\n\tdeletable:false,\n\tinsertable:false,\n\tupdateable:false,\n\tupsertable:true,\n\tkeys:['RecallIsOriginalPackagerId'],\n\tformat: 'table',\n\tpreSQLs:['SET IDENTITY_INSERT  [Fda].[RecallV2IsOriginalPackager] ON'],\n\tskipDuplicateMapInputs: true,\n\tskipDuplicateMapOutputs: true,\n\terrorHandlingOption: 'stopOnFirstError') ~> RecallV2IsOriginalPackagerTarget"
                }
            },
            "dependsOn": []
        }
    ]
}