{
    "$schema": "http://schema.management.azure.com/schemas/2015-01-01/deploymentTemplate.json#",
    "contentVersion": "1.0.0.0",
    "parameters": {
        "factoryName": {
            "type": "string",
            "metadata": "Data Factory name",
            "defaultValue": "adf-ItemMasterDataSync-prod"
        }
    },
    "variables": {
        "factoryId": "[concat('Microsoft.DataFactory/factories/', parameters('factoryName'))]"
    },
    "resources": [
        {
            "name": "[concat(parameters('factoryName'), '/PackageDescription_SingleSink_DF')]",
            "type": "Microsoft.DataFactory/factories/dataflows",
            "apiVersion": "2018-06-01",
            "properties": {
                "folder": {
                    "name": "WoltersKluwers"
                },
                "type": "MappingDataFlow",
                "typeProperties": {
                    "sources": [
                        {
                            "dataset": {
                                "referenceName": "PackageDescription_Source_New1",
                                "type": "DatasetReference"
                            },
                            "name": "PackageDescriptionSource"
                        }
                    ],
                    "sinks": [
                        {
                            "dataset": {
                                "referenceName": "PackageDescription_Target_Configurable",
                                "type": "DatasetReference"
                            },
                            "name": "PackageDescriptionSink"
                        }
                    ],
                    "transformations": [
                        {
                            "name": "AlterRow1"
                        }
                    ],
                    "script": "source(output(\n\t\tPackageDesciptionId as integer,\n\t\tPackageDescriptionCode as string,\n\t\tPackageDescription as string\n\t),\n\tallowSchemaDrift: true,\n\tvalidateSchema: false,\n\tisolationLevel: 'READ_UNCOMMITTED',\n\tformat: 'table') ~> PackageDescriptionSource\nPackageDescriptionSource alterRow(upsertIf(true())) ~> AlterRow1\nAlterRow1 sink(allowSchemaDrift: true,\n\tvalidateSchema: false,\n\tinput(\n\t\tPackageDesciptionId as integer,\n\t\tPackageDescriptionCode as string,\n\t\tPackageDescription as string\n\t),\n\tdeletable:false,\n\tinsertable:false,\n\tupdateable:false,\n\tupsertable:true,\n\tkeys:['PackageDesciptionId'],\n\tformat: 'table',\n\tskipDuplicateMapInputs: true,\n\tskipDuplicateMapOutputs: true,\n\terrorHandlingOption: 'stopOnFirstError',\n\tmapColumn(\n\t\tPackageDesciptionId,\n\t\tPackageDescriptionCode,\n\t\tPackageDescription\n\t)) ~> PackageDescriptionSink"
                }
            },
            "dependsOn": []
        },
        {
            "name": "[concat(parameters('factoryName'), '/PackageSizeUom_SingleSink_DF')]",
            "type": "Microsoft.DataFactory/factories/dataflows",
            "apiVersion": "2018-06-01",
            "properties": {
                "folder": {
                    "name": "WoltersKluwers"
                },
                "type": "MappingDataFlow",
                "typeProperties": {
                    "sources": [
                        {
                            "dataset": {
                                "referenceName": "PackageSizeUom_Source_New1",
                                "type": "DatasetReference"
                            },
                            "name": "source1"
                        }
                    ],
                    "sinks": [
                        {
                            "dataset": {
                                "referenceName": "PackageSizeUom_Target_Configurable",
                                "type": "DatasetReference"
                            },
                            "name": "sink1"
                        }
                    ],
                    "transformations": [
                        {
                            "name": "AlterRow1"
                        }
                    ],
                    "script": "source(output(\n\t\tPackageSizeUomId as integer,\n\t\tPackageSizeUomCode as string,\n\t\tPackageSizeUomDescription as string\n\t),\n\tallowSchemaDrift: true,\n\tvalidateSchema: false,\n\tisolationLevel: 'READ_UNCOMMITTED',\n\tformat: 'table') ~> source1\nsource1 alterRow(upsertIf(true())) ~> AlterRow1\nAlterRow1 sink(allowSchemaDrift: true,\n\tvalidateSchema: false,\n\tinput(\n\t\tPackageSizeUomId as integer,\n\t\tPackageSizeUomCode as string,\n\t\tPackageSizeUomDescription as string\n\t),\n\tdeletable:false,\n\tinsertable:false,\n\tupdateable:false,\n\tupsertable:true,\n\tkeys:['PackageSizeUomId'],\n\tformat: 'table',\n\tskipDuplicateMapInputs: true,\n\tskipDuplicateMapOutputs: true,\n\terrorHandlingOption: 'stopOnFirstError',\n\tmapColumn(\n\t\tPackageSizeUomId,\n\t\tPackageSizeUomCode,\n\t\tPackageSizeUomDescription\n\t)) ~> sink1"
                }
            },
            "dependsOn": []
        },
        {
            "name": "[concat(parameters('factoryName'), '/RecallV2ProductNdc')]",
            "type": "Microsoft.DataFactory/factories/dataflows",
            "apiVersion": "2018-06-01",
            "properties": {
                "folder": {
                    "name": "FdaRecallV2"
                },
                "type": "MappingDataFlow",
                "typeProperties": {
                    "sources": [
                        {
                            "dataset": {
                                "referenceName": "RecallV2ProductNdcSource",
                                "type": "DatasetReference"
                            },
                            "name": "RecallV2ProductNdcSource"
                        }
                    ],
                    "sinks": [
                        {
                            "dataset": {
                                "referenceName": "RecallV2ProductNdcTarget",
                                "type": "DatasetReference"
                            },
                            "name": "RecallV2ProductNdcTarget"
                        }
                    ],
                    "transformations": [
                        {
                            "name": "AlterRow1"
                        }
                    ],
                    "script": "source(output(\n\t\tRecallProductNdcId as integer,\n\t\tRecallId as integer,\n\t\tRecallNumber as string,\n\t\tFdaEventId as string,\n\t\tProductNdc as string,\n\t\tDateAdded as timestamp,\n\t\tDateChanged as timestamp,\n\t\tPipelineRunId as string,\n\t\tImportedDate as timestamp,\n\t\tStatus as string\n\t),\n\tallowSchemaDrift: true,\n\tvalidateSchema: false,\n\tisolationLevel: 'READ_UNCOMMITTED',\n\tformat: 'table') ~> RecallV2ProductNdcSource\nRecallV2ProductNdcSource alterRow(upsertIf(true())) ~> AlterRow1\nAlterRow1 sink(allowSchemaDrift: true,\n\tvalidateSchema: false,\n\tinput(\n\t\tRecallProductNdcId as integer,\n\t\tRecallId as integer,\n\t\tRecallNumber as string,\n\t\tFdaEventId as string,\n\t\tProductNdc as string,\n\t\tDateAdded as timestamp,\n\t\tDateChanged as timestamp,\n\t\tPipelineRunId as string,\n\t\tImportedDate as timestamp,\n\t\tStatus as string\n\t),\n\tdeletable:false,\n\tinsertable:false,\n\tupdateable:false,\n\tupsertable:true,\n\tkeys:['RecallProductNdcId'],\n\tformat: 'table',\n\tpreSQLs:['SET IDENTITY_INSERT  [Fda].[RecallV2ProductNdc] ON'],\n\tskipDuplicateMapInputs: true,\n\tskipDuplicateMapOutputs: true,\n\terrorHandlingOption: 'stopOnFirstError') ~> RecallV2ProductNdcTarget"
                }
            },
            "dependsOn": []
        },
        {
            "name": "[concat(parameters('factoryName'), '/NdcIngredients_SingleSink_DF')]",
            "type": "Microsoft.DataFactory/factories/dataflows",
            "apiVersion": "2018-06-01",
            "properties": {
                "folder": {
                    "name": "ItemTables"
                },
                "type": "MappingDataFlow",
                "typeProperties": {
                    "sources": [
                        {
                            "dataset": {
                                "referenceName": "NdcIngredients_Source_New1",
                                "type": "DatasetReference"
                            },
                            "name": "NdcIngredientsSource"
                        },
                        {
                            "dataset": {
                                "referenceName": "ItemMaster_Join_Configurable",
                                "type": "DatasetReference"
                            },
                            "name": "ItemMasterSource"
                        }
                    ],
                    "sinks": [
                        {
                            "dataset": {
                                "referenceName": "NdcIngredients_Target_Configuration",
                                "type": "DatasetReference"
                            },
                            "name": "sink1"
                        }
                    ],
                    "transformations": [
                        {
                            "name": "Join1"
                        }
                    ],
                    "script": "source(output(\n\t\tNdc as string,\n\t\tIngredientDrugName as string,\n\t\tIngredientStrengthValue as decimal(13,5),\n\t\tIngredientStengthUom as string,\n\t\tItemUId as string\n\t),\n\tallowSchemaDrift: true,\n\tvalidateSchema: false,\n\tisolationLevel: 'READ_UNCOMMITTED',\n\tformat: 'table') ~> NdcIngredientsSource\nsource(output(\n\t\tItemId as integer,\n\t\tItemTypeId as integer,\n\t\tItemCode as string,\n\t\tItemDescription as string,\n\t\tMfrId as integer,\n\t\tGtin as long,\n\t\tItemMasterItemId as integer,\n\t\tDateAdded as timestamp,\n\t\tDateChanged as timestamp,\n\t\tItemUId as string,\n\t\tDataSourceId as integer\n\t),\n\tallowSchemaDrift: true,\n\tvalidateSchema: false,\n\tisolationLevel: 'READ_UNCOMMITTED',\n\tformat: 'table') ~> ItemMasterSource\nNdcIngredientsSource, ItemMasterSource join(NdcIngredientsSource@ItemUId == ItemMasterSource@ItemUId,\n\tjoinType:'left',\n\tmatchType:'exact',\n\tignoreSpaces: false,\n\tbroadcast: 'auto')~> Join1\nJoin1 sink(allowSchemaDrift: true,\n\tvalidateSchema: false,\n\tinput(\n\t\tItemId as integer,\n\t\tNdc as string,\n\t\tIngredientDrugName as string,\n\t\tIngredientStrengthValue as decimal(13,5),\n\t\tIngredientStengthUom as string,\n\t\tItemUId as string\n\t),\n\tdeletable:false,\n\tinsertable:true,\n\tupdateable:false,\n\tupsertable:false,\n\tformat: 'table',\n\tpreSQLs:['delete [ItemMaster].[NdcIngredients]'],\n\tskipDuplicateMapInputs: true,\n\tskipDuplicateMapOutputs: true,\n\terrorHandlingOption: 'stopOnFirstError',\n\tmapColumn(\n\t\tItemUId = NdcIngredientsSource@ItemUId,\n\t\tItemId,\n\t\tNdc,\n\t\tIngredientDrugName,\n\t\tIngredientStrengthValue,\n\t\tIngredientStengthUom\n\t)) ~> sink1"
                }
            },
            "dependsOn": []
        },
        {
            "name": "[concat(parameters('factoryName'), '/RecallV2Ndc')]",
            "type": "Microsoft.DataFactory/factories/dataflows",
            "apiVersion": "2018-06-01",
            "properties": {
                "folder": {
                    "name": "FdaRecallV2"
                },
                "type": "MappingDataFlow",
                "typeProperties": {
                    "sources": [
                        {
                            "dataset": {
                                "referenceName": "RecallV2NdcSource",
                                "type": "DatasetReference"
                            },
                            "name": "RecallV2NdcSource"
                        },
                        {
                            "dataset": {
                                "referenceName": "CognitiveRx_PharmacyItem_SQL_Configurable",
                                "type": "DatasetReference"
                            },
                            "name": "CogRxItems"
                        }
                    ],
                    "sinks": [
                        {
                            "dataset": {
                                "referenceName": "RecallV2NdcTarget",
                                "type": "DatasetReference"
                            },
                            "name": "RecallV2NdcTarget"
                        }
                    ],
                    "transformations": [
                        {
                            "name": "Join1"
                        },
                        {
                            "name": "AlterRow1"
                        }
                    ],
                    "script": "source(output(\n\t\tRecallNdcId as integer,\n\t\tRecallId as integer,\n\t\tRecallNumber as string,\n\t\tFdaEventId as string,\n\t\tNDC as string,\n\t\tItemId as integer,\n\t\tDateAdded as timestamp,\n\t\tDateChanged as timestamp,\n\t\tPipelineRunId as string,\n\t\tImportedDate as timestamp,\n\t\tStatus as string\n\t),\n\tallowSchemaDrift: true,\n\tvalidateSchema: false,\n\tisolationLevel: 'READ_UNCOMMITTED',\n\tformat: 'table') ~> RecallV2NdcSource\nsource(output(\n\t\tItemId as integer,\n\t\tItemDescription as string,\n\t\tItemShortDescription as string,\n\t\tGtin as long,\n\t\tNdc as string,\n\t\tNdc10 as string,\n\t\tNdc11 as string,\n\t\tNdcFormatCode as integer,\n\t\tPreviousNdc as string,\n\t\tReplacedByNdc as string,\n\t\tCasePack as string,\n\t\tPackageSize as decimal(8,3),\n\t\tPackageDescription as string,\n\t\tDrugStrength as string,\n\t\tDrugStrengthUom as string,\n\t\tIsGenericDrug as boolean,\n\t\tDrugName as string,\n\t\tIngredients as string,\n\t\tBrandNameTypeId as integer,\n\t\tUnitDoseId as integer,\n\t\tDosageFormId as integer,\n\t\tIsItemMultiSourced as boolean,\n\t\tStorageConditionId as integer,\n\t\tRxNormNumber as string,\n\t\tIsItemRepackaged as boolean,\n\t\tIsItemHazardouMaterial as boolean,\n\t\tLabelerId as integer,\n\t\tMfrId as integer,\n\t\tDeaClassId as integer,\n\t\tOrangeBookId as integer,\n\t\tPackageSizeUomId as integer,\n\t\tUnitOfMeasureId as integer,\n\t\tPurpleBookId as integer,\n\t\tGPI as string,\n\t\tTypeOfBrandDesciption as string,\n\t\tItemMasterItemId as integer,\n\t\tDrugDescriptorId as integer,\n\t\tBioEquivalenceId as integer,\n\t\tDateAdded as timestamp,\n\t\tDateChanged as timestamp,\n\t\tDataSourceId as integer,\n\t\tManufacturer as string,\n\t\tEqKey as string,\n\t\tPricingKey as string,\n\t\tPharmaceuticalEqKey as string,\n\t\tBioEqKey as string,\n\t\tTherapeuticEqKey as string,\n\t\tDirectEqKey as string,\n\t\tItemUId as string\n\t),\n\tallowSchemaDrift: true,\n\tvalidateSchema: false,\n\tisolationLevel: 'READ_UNCOMMITTED',\n\tformat: 'table') ~> CogRxItems\nRecallV2NdcSource, CogRxItems join(RecallV2NdcSource@NDC == CogRxItems@Ndc,\n\tjoinType:'left',\n\tmatchType:'exact',\n\tignoreSpaces: false,\n\tbroadcast: 'auto')~> Join1\nJoin1 alterRow(upsertIf(true())) ~> AlterRow1\nAlterRow1 sink(allowSchemaDrift: true,\n\tvalidateSchema: false,\n\tinput(\n\t\tRecallNdcId as integer,\n\t\tRecallId as integer,\n\t\tRecallNumber as string,\n\t\tFdaEventId as string,\n\t\tNDC as string,\n\t\tItemId as integer,\n\t\tDateAdded as timestamp,\n\t\tDateChanged as timestamp,\n\t\tPipelineRunId as string,\n\t\tImportedDate as timestamp,\n\t\tStatus as string\n\t),\n\tdeletable:false,\n\tinsertable:false,\n\tupdateable:false,\n\tupsertable:true,\n\tkeys:['RecallNdcId'],\n\tformat: 'table',\n\tpreSQLs:['SET IDENTITY_INSERT  [Fda].[RecallV2Ndc] ON'],\n\tskipDuplicateMapInputs: true,\n\tskipDuplicateMapOutputs: true,\n\terrorHandlingOption: 'stopOnFirstError',\n\tmapColumn(\n\t\tRecallNdcId,\n\t\tRecallId,\n\t\tRecallNumber,\n\t\tFdaEventId,\n\t\tNDC = RecallV2NdcSource@NDC,\n\t\tItemId = CogRxItems@ItemId,\n\t\tDateAdded = RecallV2NdcSource@DateAdded,\n\t\tDateChanged = RecallV2NdcSource@DateChanged,\n\t\tPipelineRunId,\n\t\tImportedDate,\n\t\tStatus\n\t)) ~> RecallV2NdcTarget"
                }
            },
            "dependsOn": []
        },
        {
            "name": "[concat(parameters('factoryName'), '/AspPriceAndLimits_SingleSink_DF')]",
            "type": "Microsoft.DataFactory/factories/dataflows",
            "apiVersion": "2018-06-01",
            "properties": {
                "folder": {
                    "name": "ItemTables"
                },
                "type": "MappingDataFlow",
                "typeProperties": {
                    "sources": [
                        {
                            "dataset": {
                                "referenceName": "AspPriceAndLimits_Source_New1",
                                "type": "DatasetReference"
                            },
                            "name": "AspPriceAndLimitsSource"
                        },
                        {
                            "dataset": {
                                "referenceName": "ItemMaster_Join_Configurable",
                                "type": "DatasetReference"
                            },
                            "name": "ItemMasterSource"
                        }
                    ],
                    "sinks": [
                        {
                            "dataset": {
                                "referenceName": "AspPriceAndLimits_Target_Configurable",
                                "type": "DatasetReference"
                            },
                            "name": "sink1"
                        }
                    ],
                    "transformations": [
                        {
                            "name": "Join1"
                        },
                        {
                            "name": "AlterRow1"
                        }
                    ],
                    "script": "parameters{\n\tFullLoad as string ('false')\n}\nsource(output(\n\t\tItemUId as string,\n\t\tAspPriceId as integer,\n\t\tNdc as string,\n\t\titemId as integer,\n\t\tQuarterDate as string,\n\t\tRevisionDate as string,\n\t\tHcpcsCode as string,\n\t\tHCPCSDescription as string,\n\t\tHcpcsCodeDosage as string,\n\t\tAspUnitPrice as decimal(13,6),\n\t\tPaymentLimit as decimal(13,5),\n\t\tIndependentEsrdLimit as decimal(13,5),\n\t\tVaccineLimit as decimal(13,5),\n\t\tDMEInfusionLimit as decimal(13,5),\n\t\tBloodLimit as decimal(13,5),\n\t\tPackageSize as decimal(15,5),\n\t\tPackageQuantity as decimal(15,5),\n\t\tBillableUnitsPerPackage as decimal(15,5),\n\t\tBillableUnitsPer11DigitNDC as decimal(15,5),\n\t\tIsCurrentRecords as boolean,\n\t\tDateAdded as timestamp,\n\t\tDateChanged as timestamp,\n\t\tDataSourceId as integer\n\t),\n\tallowSchemaDrift: true,\n\tvalidateSchema: false,\n\tisolationLevel: 'READ_UNCOMMITTED',\n\tquery: (iif(lower($FullLoad) == 'true','select * from [Sync].[vw_AspPriceAndLimits]','select * from [Sync].[vw_AspPriceAndLimits] WHERE (DateChanged > DATEADD(d, - 10, GETDATE()))')),\n\tformat: 'query') ~> AspPriceAndLimitsSource\nsource(output(\n\t\tItemId as integer,\n\t\tItemTypeId as integer,\n\t\tItemCode as string,\n\t\tItemDescription as string,\n\t\tMfrId as integer,\n\t\tGtin as long,\n\t\tItemMasterItemId as integer,\n\t\tDateAdded as timestamp,\n\t\tDateChanged as timestamp,\n\t\tItemUId as string,\n\t\tDataSourceId as integer\n\t),\n\tallowSchemaDrift: true,\n\tvalidateSchema: false,\n\tisolationLevel: 'READ_UNCOMMITTED',\n\tformat: 'table') ~> ItemMasterSource\nAspPriceAndLimitsSource, ItemMasterSource join(AspPriceAndLimitsSource@ItemUId == ItemMasterSource@ItemUId,\n\tjoinType:'inner',\n\tmatchType:'exact',\n\tignoreSpaces: false,\n\tbroadcast: 'auto')~> Join1\nJoin1 alterRow(upsertIf(true())) ~> AlterRow1\nAlterRow1 sink(allowSchemaDrift: true,\n\tvalidateSchema: false,\n\tinput(\n\t\tAspPriceId as integer,\n\t\tNdc as string,\n\t\titemId as integer,\n\t\tQuarterDate as string,\n\t\tRevisionDate as string,\n\t\tHcpcsCode as string,\n\t\tHCPCSDescription as string,\n\t\tHcpcsCodeDosage as string,\n\t\tAspUnitPrice as decimal(13,6),\n\t\tPaymentLimit as decimal(13,5),\n\t\tIndependentEsrdLimit as decimal(13,5),\n\t\tVaccineLimit as decimal(13,5),\n\t\tDMEInfusionLimit as decimal(13,5),\n\t\tBloodLimit as decimal(13,5),\n\t\tPackageSize as decimal(15,5),\n\t\tPackageQuantity as decimal(15,5),\n\t\tBillableUnitsPerPackage as decimal(15,5),\n\t\tBillableUnitsPer11DigitNDC as decimal(15,5),\n\t\tIsCurrentRecords as boolean,\n\t\tItemMasterItemId as integer,\n\t\tDateAdded as timestamp,\n\t\tDateChanged as timestamp,\n\t\tItemUId as string,\n\t\tDataSourceId as integer\n\t),\n\tdeletable:false,\n\tinsertable:false,\n\tupdateable:false,\n\tupsertable:true,\n\tkeys:['AspPriceId'],\n\tformat: 'table',\n\tskipDuplicateMapInputs: true,\n\tskipDuplicateMapOutputs: true,\n\terrorHandlingOption: 'stopOnFirstError',\n\tmapColumn(\n\t\tAspPriceId,\n\t\tItemUId = AspPriceAndLimitsSource@ItemUId,\n\t\tNdc,\n\t\titemId = ItemMasterSource@ItemId,\n\t\tQuarterDate,\n\t\tRevisionDate,\n\t\tHcpcsCode,\n\t\tHCPCSDescription,\n\t\tHcpcsCodeDosage,\n\t\tAspUnitPrice,\n\t\tPaymentLimit,\n\t\tIndependentEsrdLimit,\n\t\tVaccineLimit,\n\t\tDMEInfusionLimit,\n\t\tBloodLimit,\n\t\tPackageSize,\n\t\tPackageQuantity,\n\t\tBillableUnitsPerPackage,\n\t\tBillableUnitsPer11DigitNDC,\n\t\tIsCurrentRecords,\n\t\tDateAdded = AspPriceAndLimitsSource@DateAdded,\n\t\tDateChanged = AspPriceAndLimitsSource@DateChanged,\n\t\tDataSourceId = AspPriceAndLimitsSource@DataSourceId,\n\t\tItemMasterItemId = AspPriceAndLimitsSource@itemId\n\t)) ~> sink1"
                }
            },
            "dependsOn": []
        },
        {
            "name": "[concat(parameters('factoryName'), '/FdaProductPatent_SingleSink_DF')]",
            "type": "Microsoft.DataFactory/factories/dataflows",
            "apiVersion": "2018-06-01",
            "properties": {
                "folder": {
                    "name": "FDA"
                },
                "type": "MappingDataFlow",
                "typeProperties": {
                    "sources": [
                        {
                            "dataset": {
                                "referenceName": "FdaProductPatent_Source_New1",
                                "type": "DatasetReference"
                            },
                            "name": "FdaProductPatentSource"
                        },
                        {
                            "dataset": {
                                "referenceName": "ItemMaster_Join_Configurable",
                                "type": "DatasetReference"
                            },
                            "name": "ItemMasterSource"
                        }
                    ],
                    "sinks": [
                        {
                            "dataset": {
                                "referenceName": "FdaProductPatent_Target_Configurable",
                                "type": "DatasetReference"
                            },
                            "name": "sink1"
                        }
                    ],
                    "transformations": [
                        {
                            "name": "AlterRow1"
                        },
                        {
                            "name": "Join1"
                        }
                    ],
                    "script": "parameters{\n\tFullLoad as string ('false')\n}\nsource(output(\n\t\tFdaProductPatentUId as string,\n\t\tNDC as string,\n\t\tItemUId as string,\n\t\tApplicationNumber as string,\n\t\tProductNumber as string,\n\t\tPatentNo as string,\n\t\tPatentExpireDate as date,\n\t\tDrugSubstanceFlag as boolean,\n\t\tDrugProductFlag as boolean,\n\t\tDelistFlag as boolean,\n\t\tSubmissionDate as date,\n\t\tPatentUseId as integer,\n\t\tDateAdded as timestamp,\n\t\tDateChanged as timestamp,\n\t\tStatus as string,\n\t\tDataSourceId as integer\n\t),\n\tallowSchemaDrift: true,\n\tvalidateSchema: false,\n\tisolationLevel: 'READ_UNCOMMITTED',\n\tquery: (iif(lower($FullLoad) == 'true','select * from [Sync].[vw_FdaProductPatent]','select * from [Sync].[vw_FdaProductPatent] WHERE (DateChanged > DATEADD(d, - 10, GETDATE()))')\r),\n\tformat: 'query') ~> FdaProductPatentSource\nsource(output(\n\t\tItemId as integer,\n\t\tItemTypeId as integer,\n\t\tItemCode as string,\n\t\tItemDescription as string,\n\t\tMfrId as integer,\n\t\tGtin as long,\n\t\tItemMasterItemId as integer,\n\t\tDateAdded as timestamp,\n\t\tDateChanged as timestamp,\n\t\tItemUId as string,\n\t\tDataSourceId as integer\n\t),\n\tallowSchemaDrift: true,\n\tvalidateSchema: false,\n\tisolationLevel: 'READ_UNCOMMITTED',\n\tformat: 'table') ~> ItemMasterSource\nJoin1 alterRow(upsertIf(true())) ~> AlterRow1\nFdaProductPatentSource, ItemMasterSource join(FdaProductPatentSource@ItemUId == ItemMasterSource@ItemUId,\n\tjoinType:'inner',\n\tmatchType:'exact',\n\tignoreSpaces: false,\n\tbroadcast: 'auto')~> Join1\nAlterRow1 sink(allowSchemaDrift: true,\n\tvalidateSchema: false,\n\tinput(\n\t\tFdaProductPatentId as integer,\n\t\tFdaProductPatentUId as string,\n\t\tNDC as string,\n\t\tItemId as integer,\n\t\tApplicationNumber as string,\n\t\tProductNumber as string,\n\t\tPatentNo as string,\n\t\tPatentExpireDate as date,\n\t\tDrugSubstanceFlag as boolean,\n\t\tDrugProductFlag as boolean,\n\t\tDelistFlag as boolean,\n\t\tSubmissionDate as date,\n\t\tPatentUseId as integer,\n\t\tDateAdded as timestamp,\n\t\tDateChanged as timestamp,\n\t\tStatus as string,\n\t\tItemUId as string,\n\t\tDataSourceId as integer\n\t),\n\tdeletable:false,\n\tinsertable:false,\n\tupdateable:false,\n\tupsertable:true,\n\tkeys:['FdaProductPatentUId'],\n\tformat: 'table',\n\tskipDuplicateMapInputs: true,\n\tskipDuplicateMapOutputs: true,\n\terrorHandlingOption: 'stopOnFirstError',\n\tmapColumn(\n\t\tFdaProductPatentUId,\n\t\tNDC,\n\t\tItemId,\n\t\tItemUId = FdaProductPatentSource@ItemUId,\n\t\tApplicationNumber,\n\t\tProductNumber,\n\t\tPatentNo,\n\t\tPatentExpireDate,\n\t\tDrugSubstanceFlag,\n\t\tDrugProductFlag,\n\t\tDelistFlag,\n\t\tSubmissionDate,\n\t\tPatentUseId,\n\t\tDateAdded = FdaProductPatentSource@DateAdded,\n\t\tDateChanged = FdaProductPatentSource@DateChanged,\n\t\tStatus,\n\t\tDataSourceId = FdaProductPatentSource@DataSourceId\n\t)) ~> sink1"
                }
            },
            "dependsOn": []
        },
        {
            "name": "[concat(parameters('factoryName'), '/PharmacyItem_Master_SingleSink_DF')]",
            "type": "Microsoft.DataFactory/factories/dataflows",
            "apiVersion": "2018-06-01",
            "properties": {
                "folder": {
                    "name": "ItemTables"
                },
                "type": "MappingDataFlow",
                "typeProperties": {
                    "sources": [
                        {
                            "dataset": {
                                "referenceName": "PharmacyItem_Source_New1",
                                "type": "DatasetReference"
                            },
                            "name": "PharmacyItemSource"
                        },
                        {
                            "dataset": {
                                "referenceName": "ItemMaster_Join_Manufacturer_Configurable",
                                "type": "DatasetReference"
                            },
                            "name": "ManufacturerSource"
                        },
                        {
                            "dataset": {
                                "referenceName": "ItemMaster_Join_Configurable",
                                "type": "DatasetReference"
                            },
                            "name": "ItemMasterSource"
                        }
                    ],
                    "sinks": [
                        {
                            "dataset": {
                                "referenceName": "PharmacyItem_Target_Configurable",
                                "type": "DatasetReference"
                            },
                            "name": "sink1"
                        }
                    ],
                    "transformations": [
                        {
                            "name": "Join1"
                        },
                        {
                            "name": "Join2"
                        },
                        {
                            "name": "AlterRow1"
                        }
                    ],
                    "script": "parameters{\n\tFullLoad as string ('false')\n}\nsource(output(\n\t\tItemUId as string,\n\t\tItemId as integer,\n\t\tItemDescription as string,\n\t\tItemShortDescription as string,\n\t\tGtin as long,\n\t\tNdc as string,\n\t\tNdc10 as string,\n\t\tNdc11 as string,\n\t\tNdc9 as string,\n\t\tNdcFormatCode as integer,\n\t\tPreviousNdc as string,\n\t\tReplacedByNdc as string,\n\t\tCasePack as string,\n\t\tPackageSize as decimal(8,3),\n\t\tPackageDescription as string,\n\t\tDrugStrength as string,\n\t\tDrugStrengthUom as string,\n\t\tIsGenericDrug as boolean,\n\t\tDrugName as string,\n\t\tIngredients as string,\n\t\tBrandNameTypeId as integer,\n\t\tUnitDoseId as integer,\n\t\tDosageFormId as integer,\n\t\tIsItemMultiSourced as boolean,\n\t\tStorageConditionId as integer,\n\t\tRxNormNumber as string,\n\t\tIsItemRepackaged as boolean,\n\t\tIsItemHazardouMaterial as boolean,\n\t\tLabelerId as integer,\n\t\tMfrId as integer,\n\t\tDeaClassId as integer,\n\t\tOrangeBookId as integer,\n\t\tPackageSizeUomId as integer,\n\t\tUnitOfMeasureId as integer,\n\t\tPurpleBookId as integer,\n\t\tGPI as string,\n\t\tTypeOfBrandDesciption as string,\n\t\tDrugDescriptorId as integer,\n\t\tBioEquivalenceId as integer,\n\t\tDateAdded as timestamp,\n\t\tDateChanged as timestamp,\n\t\tDataSourceId as integer,\n\t\tisDiscontinued as boolean,\n\t\tGPIDrugNameCode as string,\n\t\tGpiDrugName as string\n\t),\n\tallowSchemaDrift: true,\n\tvalidateSchema: false,\n\tisolationLevel: 'READ_UNCOMMITTED',\n\tquery: (iif(lower($FullLoad) == 'true','select * from [Sync].[vw_PharmacyItem]','select * from [Sync].[vw_PharmacyItem] WHERE (DateChanged > DATEADD(d, - 10, GETDATE()))')),\n\tformat: 'query') ~> PharmacyItemSource\nsource(output(\n\t\tMfrId as integer,\n\t\tMfrName as string,\n\t\tMfrShortName as string,\n\t\tDateAdded as timestamp,\n\t\tDateChanged as timestamp,\n\t\tItemMasterMfrId as integer,\n\t\tDataSourceId as integer\n\t),\n\tallowSchemaDrift: true,\n\tvalidateSchema: false,\n\tisolationLevel: 'READ_UNCOMMITTED',\n\tformat: 'table') ~> ManufacturerSource\nsource(output(\n\t\tItemId as integer,\n\t\tItemTypeId as integer,\n\t\tItemCode as string,\n\t\tItemDescription as string,\n\t\tMfrId as integer,\n\t\tGtin as long,\n\t\tItemMasterItemId as integer,\n\t\tDateAdded as timestamp,\n\t\tDateChanged as timestamp,\n\t\tItemUId as string,\n\t\tDataSourceId as integer\n\t),\n\tallowSchemaDrift: true,\n\tvalidateSchema: false,\n\tisolationLevel: 'READ_UNCOMMITTED',\n\tformat: 'table') ~> ItemMasterSource\nJoin2, ManufacturerSource join(PharmacyItemSource@MfrId == ItemMasterMfrId,\n\tjoinType:'left',\n\tmatchType:'exact',\n\tignoreSpaces: false,\n\tbroadcast: 'auto')~> Join1\nPharmacyItemSource, ItemMasterSource join(PharmacyItemSource@ItemUId == ItemMasterSource@ItemUId,\n\tjoinType:'inner',\n\tmatchType:'exact',\n\tignoreSpaces: false,\n\tbroadcast: 'auto')~> Join2\nJoin1 alterRow(upsertIf(true())) ~> AlterRow1\nAlterRow1 sink(allowSchemaDrift: true,\n\tvalidateSchema: false,\n\tinput(\n\t\tItemId as integer,\n\t\tItemDescription as string,\n\t\tItemShortDescription as string,\n\t\tGtin as long,\n\t\tNdc as string,\n\t\tNdc10 as string,\n\t\tNdc11 as string,\n\t\tNdc9 as string,\n\t\tNdcFormatCode as integer,\n\t\tPreviousNdc as string,\n\t\tReplacedByNdc as string,\n\t\tCasePack as string,\n\t\tPackageSize as decimal(8,3),\n\t\tPackageDescription as string,\n\t\tDrugStrength as string,\n\t\tDrugStrengthUom as string,\n\t\tIsGenericDrug as boolean,\n\t\tDrugName as string,\n\t\tIngredients as string,\n\t\tBrandNameTypeId as integer,\n\t\tUnitDoseId as integer,\n\t\tDosageFormId as integer,\n\t\tIsItemMultiSourced as boolean,\n\t\tStorageConditionId as integer,\n\t\tRxNormNumber as string,\n\t\tIsItemRepackaged as boolean,\n\t\tIsItemHazardouMaterial as boolean,\n\t\tLabelerId as integer,\n\t\tMfrId as integer,\n\t\tDeaClassId as integer,\n\t\tOrangeBookId as integer,\n\t\tPackageSizeUomId as integer,\n\t\tUnitOfMeasureId as integer,\n\t\tPurpleBookId as integer,\n\t\tGPI as string,\n\t\tTypeOfBrandDesciption as string,\n\t\tItemMasterItemId as integer,\n\t\tDrugDescriptorId as integer,\n\t\tBioEquivalenceId as integer,\n\t\tDateAdded as timestamp,\n\t\tDateChanged as timestamp,\n\t\tDataSourceId as integer,\n\t\tManufacturer as string,\n\t\tEqKey as string,\n\t\tPricingKey as string,\n\t\tPharmaceuticalEqKey as string,\n\t\tBioEqKey as string,\n\t\tTherapeuticEqKey as string,\n\t\tDirectEqKey as string,\n\t\tisDiscontinued as boolean,\n\t\tItemUId as string,\n\t\tGPIDrugNameCode as string,\n\t\tGpiDrugName as string\n\t),\n\tdeletable:false,\n\tinsertable:false,\n\tupdateable:false,\n\tupsertable:true,\n\tkeys:['ItemUId'],\n\tformat: 'table',\n\terrorHandlingOption: 'stopOnFirstError',\n\tmapColumn(\n\t\tItemUId = PharmacyItemSource@ItemUId,\n\t\tItemId = ItemMasterSource@ItemId,\n\t\tItemMasterItemId = PharmacyItemSource@ItemId,\n\t\tItemDescription = PharmacyItemSource@ItemDescription,\n\t\tItemShortDescription,\n\t\tGtin = PharmacyItemSource@Gtin,\n\t\tNdc,\n\t\tNdc10,\n\t\tNdc11,\n\t\tNdc9,\n\t\tNdcFormatCode,\n\t\tPreviousNdc,\n\t\tReplacedByNdc,\n\t\tCasePack,\n\t\tPackageSize,\n\t\tPackageDescription,\n\t\tDrugStrength,\n\t\tDrugStrengthUom,\n\t\tIsGenericDrug,\n\t\tDrugName,\n\t\tIngredients,\n\t\tBrandNameTypeId,\n\t\tUnitDoseId,\n\t\tDosageFormId,\n\t\tIsItemMultiSourced,\n\t\tStorageConditionId,\n\t\tRxNormNumber,\n\t\tIsItemRepackaged,\n\t\tIsItemHazardouMaterial,\n\t\tLabelerId,\n\t\tMfrId = ManufacturerSource@MfrId,\n\t\tDeaClassId,\n\t\tOrangeBookId,\n\t\tPackageSizeUomId,\n\t\tUnitOfMeasureId,\n\t\tPurpleBookId,\n\t\tGPI,\n\t\tTypeOfBrandDesciption,\n\t\tDrugDescriptorId,\n\t\tBioEquivalenceId,\n\t\tManufacturer = MfrName,\n\t\tDateAdded = PharmacyItemSource@DateAdded,\n\t\tDateChanged = PharmacyItemSource@DateChanged,\n\t\tDataSourceId = PharmacyItemSource@DataSourceId,\n\t\tisDiscontinued,\n\t\tGPIDrugNameCode,\n\t\tGpiDrugName\n\t)) ~> sink1"
                }
            },
            "dependsOn": []
        },
        {
            "name": "[concat(parameters('factoryName'), '/RecallV2')]",
            "type": "Microsoft.DataFactory/factories/dataflows",
            "apiVersion": "2018-06-01",
            "properties": {
                "folder": {
                    "name": "FdaRecallV2"
                },
                "type": "MappingDataFlow",
                "typeProperties": {
                    "sources": [
                        {
                            "dataset": {
                                "referenceName": "RecallV2Source",
                                "type": "DatasetReference"
                            },
                            "name": "RecallV2Source"
                        }
                    ],
                    "sinks": [
                        {
                            "dataset": {
                                "referenceName": "RecallV2Target",
                                "type": "DatasetReference"
                            },
                            "name": "RecallV2Target"
                        }
                    ],
                    "transformations": [
                        {
                            "name": "AlterRow1"
                        }
                    ],
                    "script": "source(output(\n\t\tRecallId as integer,\n\t\tRecallNumber as string,\n\t\tFdaEventId as string,\n\t\tRecallEventId as integer,\n\t\tReportDate as timestamp,\n\t\tRecallInitiationDate as timestamp,\n\t\tCenterClassificationDate as timestamp,\n\t\tTerminationDate as timestamp,\n\t\tStatus as string,\n\t\tClassification as string,\n\t\tProductCode as string,\n\t\tProductDescription as string,\n\t\tReasonForRecall as string,\n\t\tProductQuantity as string,\n\t\tCodeInfo as string,\n\t\tMoreCodeInfo as string,\n\t\tArray_ProductNdc as string,\n\t\tArray_PackageNdc as string,\n\t\tArray_GenericName as string,\n\t\tArray_SplSetId as string,\n\t\tArray_IsOriginalPackager as string,\n\t\tArray_BrandName as string,\n\t\tArray_PharmClassCs as string,\n\t\tArray_PharmClassEpc as string,\n\t\tArray_PharmClassPe as string,\n\t\tArray_PharmClassMoa as string,\n\t\tArray_Nui as string,\n\t\tArray_OriginalPackagerProductNdc as string,\n\t\tArray_ManufacturerName as string,\n\t\tArray_Rxcui as string,\n\t\tArray_Unii as string,\n\t\tArray_SplId as string,\n\t\tArray_Upc as string,\n\t\tArray_SubstanceName as string,\n\t\tArray_ProductType as string,\n\t\tArray_Route as string,\n\t\tArray_ApplicationNumber as string,\n\t\tDateAdded as timestamp,\n\t\tDateChanged as timestamp,\n\t\tPipelineRunId as string,\n\t\tImportedDate as timestamp\n\t),\n\tallowSchemaDrift: true,\n\tvalidateSchema: false,\n\tisolationLevel: 'READ_UNCOMMITTED',\n\tformat: 'table') ~> RecallV2Source\nRecallV2Source alterRow(upsertIf(true())) ~> AlterRow1\nAlterRow1 sink(allowSchemaDrift: true,\n\tvalidateSchema: false,\n\tinput(\n\t\tRecallId as integer,\n\t\tRecallNumber as string,\n\t\tFdaEventId as string,\n\t\tRecallEventId as integer,\n\t\tReportDate as timestamp,\n\t\tRecallInitiationDate as timestamp,\n\t\tCenterClassificationDate as timestamp,\n\t\tTerminationDate as timestamp,\n\t\tStatus as string,\n\t\tClassification as string,\n\t\tProductCode as string,\n\t\tProductDescription as string,\n\t\tReasonForRecall as string,\n\t\tProductQuantity as string,\n\t\tCodeInfo as string,\n\t\tMoreCodeInfo as string,\n\t\tArray_ProductNdc as string,\n\t\tArray_PackageNdc as string,\n\t\tArray_GenericName as string,\n\t\tArray_SplSetId as string,\n\t\tArray_IsOriginalPackager as string,\n\t\tArray_BrandName as string,\n\t\tArray_PharmClassCs as string,\n\t\tArray_PharmClassEpc as string,\n\t\tArray_PharmClassPe as string,\n\t\tArray_PharmClassMoa as string,\n\t\tArray_Nui as string,\n\t\tArray_OriginalPackagerProductNdc as string,\n\t\tArray_ManufacturerName as string,\n\t\tArray_Rxcui as string,\n\t\tArray_Unii as string,\n\t\tArray_SplId as string,\n\t\tArray_Upc as string,\n\t\tArray_SubstanceName as string,\n\t\tArray_ProductType as string,\n\t\tArray_Route as string,\n\t\tArray_ApplicationNumber as string,\n\t\tDateAdded as timestamp,\n\t\tDateChanged as timestamp,\n\t\tPipelineRunId as string,\n\t\tImportedDate as timestamp,\n\t\tSyncDate as timestamp\n\t),\n\tdeletable:false,\n\tinsertable:false,\n\tupdateable:false,\n\tupsertable:true,\n\tkeys:['RecallId'],\n\tformat: 'table',\n\tpreSQLs:['SET IDENTITY_INSERT  [Fda].[RecallV2] ON'],\n\tskipDuplicateMapInputs: true,\n\tskipDuplicateMapOutputs: true,\n\terrorHandlingOption: 'stopOnFirstError',\n\tmapColumn(\n\t\tRecallId,\n\t\tRecallNumber,\n\t\tFdaEventId,\n\t\tRecallEventId,\n\t\tReportDate,\n\t\tRecallInitiationDate,\n\t\tCenterClassificationDate,\n\t\tTerminationDate,\n\t\tStatus,\n\t\tClassification,\n\t\tProductCode,\n\t\tProductDescription,\n\t\tReasonForRecall,\n\t\tProductQuantity,\n\t\tCodeInfo,\n\t\tMoreCodeInfo,\n\t\tArray_ProductNdc,\n\t\tArray_PackageNdc,\n\t\tArray_GenericName,\n\t\tArray_SplSetId,\n\t\tArray_IsOriginalPackager,\n\t\tArray_BrandName,\n\t\tArray_PharmClassCs,\n\t\tArray_PharmClassEpc,\n\t\tArray_PharmClassPe,\n\t\tArray_PharmClassMoa,\n\t\tArray_Nui,\n\t\tArray_OriginalPackagerProductNdc,\n\t\tArray_ManufacturerName,\n\t\tArray_Rxcui,\n\t\tArray_Unii,\n\t\tArray_SplId,\n\t\tArray_Upc,\n\t\tArray_SubstanceName,\n\t\tArray_ProductType,\n\t\tArray_Route,\n\t\tArray_ApplicationNumber,\n\t\tDateAdded,\n\t\tDateChanged,\n\t\tPipelineRunId,\n\t\tImportedDate,\n\t\tSyncDate = DateChanged\n\t)) ~> RecallV2Target"
                }
            },
            "dependsOn": []
        },
        {
            "name": "[concat(parameters('factoryName'), '/PharmacyItemShortage_SingleSink_DF')]",
            "type": "Microsoft.DataFactory/factories/dataflows",
            "apiVersion": "2018-06-01",
            "properties": {
                "folder": {
                    "name": "Shortages"
                },
                "type": "MappingDataFlow",
                "typeProperties": {
                    "sources": [
                        {
                            "dataset": {
                                "referenceName": "ItemMaster_Shortages",
                                "type": "DatasetReference"
                            },
                            "name": "ItemMasterShortages"
                        },
                        {
                            "dataset": {
                                "referenceName": "CognitiveRx_PharmacyItem_SQL_Configurable",
                                "type": "DatasetReference"
                            },
                            "name": "CognitiveRxItems"
                        }
                    ],
                    "sinks": [
                        {
                            "dataset": {
                                "referenceName": "CognitiveRx_Shortages_Configurable",
                                "type": "DatasetReference"
                            },
                            "name": "CognitiveRxShortages"
                        }
                    ],
                    "transformations": [
                        {
                            "name": "AlterRow1"
                        },
                        {
                            "name": "Join1"
                        }
                    ],
                    "script": "source(output(\n\t\tId as integer,\n\t\tNdc as string,\n\t\tItemId as integer,\n\t\tExternalId as string,\n\t\tSource as string,\n\t\tUpdatedDate as timestamp,\n\t\tExternalLink as string,\n\t\tStatus as string,\n\t\tAvailableNdcs as string,\n\t\tReasons as string,\n\t\tEstimatedResupply as string,\n\t\tSysStartTime as timestamp,\n\t\tSysEndTime as timestamp,\n\t\tisToBeDiscontinued as boolean,\n\t\tisDiscontinued as boolean,\n\t\tAddedDateTime as timestamp,\n\t\tUpdatedDateTime as timestamp,\n\t\tisActive as boolean,\n\t\tInitialPostingDate as timestamp,\n\t\tASHPShortageUID as string,\n\t\tFDAShortageUID as string,\n\t\tItemUId as string,\n\t\tPharmacyItemShortageUID as string\n\t),\n\tallowSchemaDrift: true,\n\tvalidateSchema: false,\n\tisolationLevel: 'READ_UNCOMMITTED',\n\tformat: 'table') ~> ItemMasterShortages\nsource(output(\n\t\tItemId as integer,\n\t\tItemDescription as string,\n\t\tItemShortDescription as string,\n\t\tGtin as long,\n\t\tNdc as string,\n\t\tNdc10 as string,\n\t\tNdc11 as string,\n\t\tNdcFormatCode as integer,\n\t\tPreviousNdc as string,\n\t\tReplacedByNdc as string,\n\t\tCasePack as string,\n\t\tPackageSize as decimal(8,3),\n\t\tPackageDescription as string,\n\t\tDrugStrength as string,\n\t\tDrugStrengthUom as string,\n\t\tIsGenericDrug as boolean,\n\t\tDrugName as string,\n\t\tIngredients as string,\n\t\tBrandNameTypeId as integer,\n\t\tUnitDoseId as integer,\n\t\tDosageFormId as integer,\n\t\tIsItemMultiSourced as boolean,\n\t\tStorageConditionId as integer,\n\t\tRxNormNumber as string,\n\t\tIsItemRepackaged as boolean,\n\t\tIsItemHazardouMaterial as boolean,\n\t\tLabelerId as integer,\n\t\tMfrId as integer,\n\t\tDeaClassId as integer,\n\t\tOrangeBookId as integer,\n\t\tPackageSizeUomId as integer,\n\t\tUnitOfMeasureId as integer,\n\t\tPurpleBookId as integer,\n\t\tGPI as string,\n\t\tTypeOfBrandDesciption as string,\n\t\tItemMasterItemId as integer,\n\t\tDrugDescriptorId as integer,\n\t\tBioEquivalenceId as integer,\n\t\tDateAdded as timestamp,\n\t\tDateChanged as timestamp,\n\t\tDataSourceId as integer,\n\t\tManufacturer as string,\n\t\tEqKey as string,\n\t\tPricingKey as string,\n\t\tPharmaceuticalEqKey as string,\n\t\tBioEqKey as string,\n\t\tTherapeuticEqKey as string,\n\t\tDirectEqKey as string,\n\t\tItemUId as string\n\t),\n\tallowSchemaDrift: true,\n\tvalidateSchema: false,\n\tisolationLevel: 'READ_UNCOMMITTED',\n\tformat: 'table') ~> CognitiveRxItems\nJoin1 alterRow(upsertIf(true())) ~> AlterRow1\nItemMasterShortages, CognitiveRxItems join(ItemMasterShortages@Ndc == CognitiveRxItems@Ndc,\n\tjoinType:'left',\n\tmatchType:'exact',\n\tignoreSpaces: false,\n\tbroadcast: 'auto')~> Join1\nAlterRow1 sink(allowSchemaDrift: true,\n\tvalidateSchema: false,\n\tinput(\n\t\tId as integer,\n\t\tNdc as string,\n\t\tItemId as integer,\n\t\tExternalId as string,\n\t\tSource as string,\n\t\tUpdatedDate as timestamp,\n\t\tExternalLink as string,\n\t\tStatus as string,\n\t\tAvailableNdcs as string,\n\t\tReasons as string,\n\t\tEstimatedResupply as string,\n\t\tSysStartTime as timestamp,\n\t\tSysEndTime as timestamp,\n\t\tRawShortageNDCId as integer,\n\t\tisToBeDiscontinued as boolean,\n\t\tisDiscontinued as boolean,\n\t\tAddedDateTime as timestamp,\n\t\tUpdatedDateTime as timestamp,\n\t\tisActive as boolean,\n\t\tRawASHPShortageId as integer,\n\t\tInitialPostingDate as timestamp,\n\t\tASHPShortageUID as string,\n\t\tItemUId as string,\n\t\tItemMaster_FDAShortageUID as string,\n\t\tPharmacyItemShortageUID as string\n\t),\n\tdeletable:false,\n\tinsertable:false,\n\tupdateable:false,\n\tupsertable:true,\n\tkeys:['PharmacyItemShortageUID','Source'],\n\tformat: 'table',\n\tskipDuplicateMapInputs: true,\n\tskipDuplicateMapOutputs: true,\n\terrorHandlingOption: 'stopOnFirstError',\n\tmapColumn(\n\t\tNdc = ItemMasterShortages@Ndc,\n\t\tItemId = CognitiveRxItems@ItemId,\n\t\tExternalId,\n\t\tSource,\n\t\tUpdatedDate,\n\t\tExternalLink,\n\t\tStatus,\n\t\tAvailableNdcs,\n\t\tReasons,\n\t\tEstimatedResupply,\n\t\tisToBeDiscontinued,\n\t\tisDiscontinued,\n\t\tAddedDateTime,\n\t\tUpdatedDateTime,\n\t\tisActive,\n\t\tInitialPostingDate,\n\t\tASHPShortageUID,\n\t\tItemUId = ItemMasterShortages@ItemUId,\n\t\tPharmacyItemShortageUID,\n\t\tItemMaster_FDAShortageUID = FDAShortageUID\n\t)) ~> CognitiveRxShortages"
                }
            },
            "dependsOn": []
        },
        {
            "name": "[concat(parameters('factoryName'), '/FdaProductApplications_SingleSink_DF')]",
            "type": "Microsoft.DataFactory/factories/dataflows",
            "apiVersion": "2018-06-01",
            "properties": {
                "folder": {
                    "name": "FDA"
                },
                "type": "MappingDataFlow",
                "typeProperties": {
                    "sources": [
                        {
                            "dataset": {
                                "referenceName": "FdaProductApplications_Source_New1",
                                "type": "DatasetReference"
                            },
                            "name": "FdaProductApplicationsSource"
                        },
                        {
                            "dataset": {
                                "referenceName": "ItemMaster_Join_Configurable",
                                "type": "DatasetReference"
                            },
                            "name": "ItemMasterSource"
                        }
                    ],
                    "sinks": [
                        {
                            "dataset": {
                                "referenceName": "FdaProductApplications_Target_Configurable",
                                "type": "DatasetReference"
                            },
                            "name": "sink1"
                        }
                    ],
                    "transformations": [
                        {
                            "name": "AlterRow1"
                        },
                        {
                            "name": "Join1"
                        }
                    ],
                    "script": "parameters{\n\tFullLoad as string ('false')\n}\nsource(output(\n\t\tFdaProductApplicationsUId as string,\n\t\tNDC as string,\n\t\tItemUId as string,\n\t\tApplicationNumber as string,\n\t\tProductNumber as string,\n\t\tIngredient as string,\n\t\tPropietaryName as string,\n\t\tDosageFormRouteofAdmin as string,\n\t\tStrength as string,\n\t\tReferenceListedDrug as boolean,\n\t\tReferenceStandard as boolean,\n\t\tApprovalDate as date,\n\t\tApplicantHolder as string,\n\t\tMarketingStatus as string,\n\t\tDateAdded as timestamp,\n\t\tDateChanged as timestamp,\n\t\tStatus as string,\n\t\tDataSourceId as integer\n\t),\n\tallowSchemaDrift: true,\n\tvalidateSchema: false,\n\tisolationLevel: 'READ_UNCOMMITTED',\n\tquery: (iif(lower($FullLoad) == 'true','select * from [Sync].[vw_FdaProductApplications]','select * from [Sync].[vw_FdaProductApplications] WHERE (DateChanged > DATEADD(d, - 10, GETDATE()))')),\n\tformat: 'query') ~> FdaProductApplicationsSource\nsource(output(\n\t\tItemId as integer,\n\t\tItemTypeId as integer,\n\t\tItemCode as string,\n\t\tItemDescription as string,\n\t\tMfrId as integer,\n\t\tGtin as long,\n\t\tItemMasterItemId as integer,\n\t\tDateAdded as timestamp,\n\t\tDateChanged as timestamp,\n\t\tItemUId as string,\n\t\tDataSourceId as integer\n\t),\n\tallowSchemaDrift: true,\n\tvalidateSchema: false,\n\tisolationLevel: 'READ_UNCOMMITTED',\n\tformat: 'table') ~> ItemMasterSource\nJoin1 alterRow(upsertIf(true())) ~> AlterRow1\nFdaProductApplicationsSource, ItemMasterSource join(FdaProductApplicationsSource@ItemUId == ItemMasterSource@ItemUId,\n\tjoinType:'inner',\n\tmatchType:'exact',\n\tignoreSpaces: false,\n\tbroadcast: 'auto')~> Join1\nAlterRow1 sink(allowSchemaDrift: true,\n\tvalidateSchema: false,\n\tinput(\n\t\tFdaProductApplicationsId as integer,\n\t\tFdaProductApplicationsUId as string,\n\t\tNDC as string,\n\t\tItemId as integer,\n\t\tApplicationNumber as string,\n\t\tProductNumber as string,\n\t\tIngredient as string,\n\t\tPropietaryName as string,\n\t\tDosageFormRouteofAdmin as string,\n\t\tStrength as string,\n\t\tReferenceListedDrug as boolean,\n\t\tReferenceStandard as boolean,\n\t\tApprovalDate as date,\n\t\tApplicantHolder as string,\n\t\tMarketingStatus as string,\n\t\tDateAdded as timestamp,\n\t\tDateChanged as timestamp,\n\t\tStatus as string,\n\t\tItemUId as string,\n\t\tDataSourceId as integer\n\t),\n\tdeletable:false,\n\tinsertable:false,\n\tupdateable:false,\n\tupsertable:true,\n\tkeys:['FdaProductApplicationsUId'],\n\tformat: 'table',\n\tskipDuplicateMapInputs: true,\n\tskipDuplicateMapOutputs: true,\n\terrorHandlingOption: 'stopOnFirstError',\n\tmapColumn(\n\t\tFdaProductApplicationsUId,\n\t\tNDC,\n\t\tItemId,\n\t\tItemUId = FdaProductApplicationsSource@ItemUId,\n\t\tApplicationNumber,\n\t\tProductNumber,\n\t\tIngredient,\n\t\tPropietaryName,\n\t\tDosageFormRouteofAdmin,\n\t\tStrength,\n\t\tReferenceListedDrug,\n\t\tReferenceStandard,\n\t\tApprovalDate,\n\t\tApplicantHolder,\n\t\tMarketingStatus,\n\t\tDateAdded = FdaProductApplicationsSource@DateAdded,\n\t\tDateChanged = FdaProductApplicationsSource@DateChanged,\n\t\tStatus,\n\t\tDataSourceId = FdaProductApplicationsSource@DataSourceId\n\t)) ~> sink1"
                }
            },
            "dependsOn": []
        },
        {
            "name": "[concat(parameters('factoryName'), '/BioEquivalenceCode_SingleSink_DF')]",
            "type": "Microsoft.DataFactory/factories/dataflows",
            "apiVersion": "2018-06-01",
            "properties": {
                "folder": {
                    "name": "WoltersKluwers"
                },
                "type": "MappingDataFlow",
                "typeProperties": {
                    "sources": [
                        {
                            "dataset": {
                                "referenceName": "BioEquivalenceCode_Source_New1",
                                "type": "DatasetReference"
                            },
                            "name": "source1"
                        }
                    ],
                    "sinks": [
                        {
                            "dataset": {
                                "referenceName": "BioEquivalenceCode_Target_Configurable",
                                "type": "DatasetReference"
                            },
                            "name": "sink1"
                        }
                    ],
                    "transformations": [
                        {
                            "name": "AlterRow1"
                        }
                    ],
                    "script": "source(output(\n\t\tBioEquivalenceId as integer,\n\t\tBioEquivalenceCode as string,\n\t\tBioEquivalenceDescription as string\n\t),\n\tallowSchemaDrift: true,\n\tvalidateSchema: false,\n\tisolationLevel: 'READ_UNCOMMITTED',\n\tformat: 'table') ~> source1\nsource1 alterRow(upsertIf(true())) ~> AlterRow1\nAlterRow1 sink(allowSchemaDrift: true,\n\tvalidateSchema: false,\n\tinput(\n\t\tBioEquivalenceId as integer,\n\t\tBioEquivalenceCode as string,\n\t\tBioEquivalenceDescription as string\n\t),\n\tdeletable:false,\n\tinsertable:false,\n\tupdateable:false,\n\tupsertable:true,\n\tkeys:['BioEquivalenceId'],\n\tformat: 'table',\n\tskipDuplicateMapInputs: true,\n\tskipDuplicateMapOutputs: true,\n\terrorHandlingOption: 'stopOnFirstError',\n\tmapColumn(\n\t\tBioEquivalenceId,\n\t\tBioEquivalenceCode,\n\t\tBioEquivalenceDescription\n\t)) ~> sink1"
                }
            },
            "dependsOn": []
        },
        {
            "name": "[concat(parameters('factoryName'), '/RecallV2OriginalPackagerProductNdc')]",
            "type": "Microsoft.DataFactory/factories/dataflows",
            "apiVersion": "2018-06-01",
            "properties": {
                "folder": {
                    "name": "FdaRecallV2"
                },
                "type": "MappingDataFlow",
                "typeProperties": {
                    "sources": [
                        {
                            "dataset": {
                                "referenceName": "RecallV2OriginalPackagerProductNdcSource",
                                "type": "DatasetReference"
                            },
                            "name": "RecallV2OriginalPackagerProductNdcSource"
                        }
                    ],
                    "sinks": [
                        {
                            "dataset": {
                                "referenceName": "RecallV2OriginalPackagerProductNdcTarget",
                                "type": "DatasetReference"
                            },
                            "name": "RecallV2OriginalPackagerProductNdcTarget"
                        }
                    ],
                    "transformations": [
                        {
                            "name": "AlterRow1"
                        }
                    ],
                    "script": "source(output(\n\t\tRecallOriginalPackagerProductNdcId as integer,\n\t\tRecallId as integer,\n\t\tRecallNumber as string,\n\t\tFdaEventId as string,\n\t\tOriginalPackagerProductNdc as string,\n\t\tDateAdded as timestamp,\n\t\tDateChanged as timestamp,\n\t\tPipelineRunId as string,\n\t\tImportedDate as timestamp,\n\t\tStatus as string\n\t),\n\tallowSchemaDrift: true,\n\tvalidateSchema: false,\n\tisolationLevel: 'READ_UNCOMMITTED',\n\tformat: 'table') ~> RecallV2OriginalPackagerProductNdcSource\nRecallV2OriginalPackagerProductNdcSource alterRow(upsertIf(true())) ~> AlterRow1\nAlterRow1 sink(allowSchemaDrift: true,\n\tvalidateSchema: false,\n\tinput(\n\t\tRecallOriginalPackagerProductNdcId as integer,\n\t\tRecallId as integer,\n\t\tRecallNumber as string,\n\t\tFdaEventId as string,\n\t\tOriginalPackagerProductNdc as string,\n\t\tDateAdded as timestamp,\n\t\tDateChanged as timestamp,\n\t\tPipelineRunId as string,\n\t\tImportedDate as timestamp,\n\t\tStatus as string\n\t),\n\tdeletable:false,\n\tinsertable:false,\n\tupdateable:false,\n\tupsertable:true,\n\tkeys:['RecallOriginalPackagerProductNdcId'],\n\tformat: 'table',\n\tpreSQLs:['SET IDENTITY_INSERT  [Fda].[RecallV2OriginalPackagerProductNdc] ON'],\n\tskipDuplicateMapInputs: true,\n\tskipDuplicateMapOutputs: true,\n\terrorHandlingOption: 'stopOnFirstError') ~> RecallV2OriginalPackagerProductNdcTarget"
                }
            },
            "dependsOn": []
        },
        {
            "name": "[concat(parameters('factoryName'), '/ImportFileIDMapping_SingleSink_DF')]",
            "type": "Microsoft.DataFactory/factories/dataflows",
            "apiVersion": "2018-06-01",
            "properties": {
                "folder": {
                    "name": "RxLog"
                },
                "type": "MappingDataFlow",
                "typeProperties": {
                    "sources": [
                        {
                            "dataset": {
                                "referenceName": "ImportFileIDMapping_Source_New1",
                                "type": "DatasetReference"
                            },
                            "name": "ImportFileIDMappingSource"
                        },
                        {
                            "dataset": {
                                "referenceName": "DataSource_Join_Source",
                                "type": "DatasetReference"
                            },
                            "name": "DataSourceSource"
                        },
                        {
                            "dataset": {
                                "referenceName": "ImportFileFrequencyType_Join_Source",
                                "type": "DatasetReference"
                            },
                            "name": "ImportFileFrequencyTypeSource"
                        }
                    ],
                    "sinks": [
                        {
                            "dataset": {
                                "referenceName": "ImportFileIDMapping_Target_Configurable",
                                "type": "DatasetReference"
                            },
                            "name": "sink1"
                        }
                    ],
                    "transformations": [
                        {
                            "name": "AlterRow1"
                        },
                        {
                            "name": "Join1"
                        },
                        {
                            "name": "Join2"
                        }
                    ],
                    "script": "source(output(\n\t\tclientimportcode as string,\n\t\tImportFileMapUId as string,\n\t\tDataSourceUID as string,\n\t\tImportFileFrequencyTypeUId as string\n\t),\n\tallowSchemaDrift: true,\n\tvalidateSchema: false,\n\tisolationLevel: 'READ_UNCOMMITTED',\n\tquery: 'select ifm.clientimportcode as clientimportcode, ifm.ImportFileMapUId as ImportFileMapUId, ds.DataSourceUID as DataSourceUID, ifft.ImportFileFrequencyTypeUId as ImportFileFrequencyTypeUId\\nfrom ImportFileIDMapping ifm\\n   inner join DataSource ds\\n     on ifm.DataSourceId = ds.DataSourceId\\n   inner join ImportFileFrequencyType ifft\\n     on ifm.ImportFileFrequencyTypeId = ifft.ImportFileFrequencyTypeId',\n\tformat: 'query') ~> ImportFileIDMappingSource\nsource(output(\n\t\tDataSourceId as integer,\n\t\tDataSourceDesciption as string,\n\t\tDataSourceUID as string\n\t),\n\tallowSchemaDrift: true,\n\tvalidateSchema: false,\n\tisolationLevel: 'READ_UNCOMMITTED',\n\tformat: 'table') ~> DataSourceSource\nsource(output(\n\t\tImportFileFrequencyTypeId as integer,\n\t\tDescription as string,\n\t\tWarningDayThreshold as integer,\n\t\tImportFileFrequencyTypeUId as string\n\t),\n\tallowSchemaDrift: true,\n\tvalidateSchema: false,\n\tisolationLevel: 'READ_UNCOMMITTED',\n\tformat: 'table') ~> ImportFileFrequencyTypeSource\nJoin2 alterRow(upsertIf(true())) ~> AlterRow1\nImportFileIDMappingSource, DataSourceSource join(ImportFileIDMappingSource@DataSourceUID == DataSourceSource@DataSourceUID,\n\tjoinType:'inner',\n\tmatchType:'exact',\n\tignoreSpaces: false,\n\tbroadcast: 'auto')~> Join1\nJoin1, ImportFileFrequencyTypeSource join(ImportFileIDMappingSource@ImportFileFrequencyTypeUId == ImportFileFrequencyTypeSource@ImportFileFrequencyTypeUId,\n\tjoinType:'inner',\n\tmatchType:'exact',\n\tignoreSpaces: false,\n\tbroadcast: 'auto')~> Join2\nAlterRow1 sink(allowSchemaDrift: true,\n\tvalidateSchema: false,\n\tinput(\n\t\tImportFileMapId as integer,\n\t\tClientImportCode as string,\n\t\tDescription as string,\n\t\tClientId as integer,\n\t\tClientSupplierId as integer,\n\t\tCpSupplierID as integer,\n\t\tCustomerId as integer,\n\t\tPriceListId as integer,\n\t\tDataSourceId as integer,\n\t\tPayerId as integer,\n\t\tReimbursementTypeId as integer,\n\t\tImportFileFrequencyTypeId as integer,\n\t\tImportFileMapUId as string\n\t),\n\tdeletable:false,\n\tinsertable:false,\n\tupdateable:false,\n\tupsertable:true,\n\tkeys:['ImportFileMapUId'],\n\tformat: 'table',\n\tskipDuplicateMapInputs: true,\n\tskipDuplicateMapOutputs: true,\n\terrorHandlingOption: 'stopOnFirstError',\n\tmapColumn(\n\t\tClientImportCode = clientimportcode,\n\t\tDataSourceId,\n\t\tImportFileFrequencyTypeId,\n\t\tImportFileMapUId\n\t)) ~> sink1"
                }
            },
            "dependsOn": []
        },
        {
            "name": "[concat(parameters('factoryName'), '/FdaExclusivityCodes_SingleSink_DF')]",
            "type": "Microsoft.DataFactory/factories/dataflows",
            "apiVersion": "2018-06-01",
            "properties": {
                "folder": {
                    "name": "FDA"
                },
                "type": "MappingDataFlow",
                "typeProperties": {
                    "sources": [
                        {
                            "dataset": {
                                "referenceName": "FdaExclusivityCodes_Source_New1",
                                "type": "DatasetReference"
                            },
                            "name": "source1"
                        }
                    ],
                    "sinks": [
                        {
                            "dataset": {
                                "referenceName": "FdaExclusivityCodes_Target_Configurable",
                                "type": "DatasetReference"
                            },
                            "name": "sink1"
                        }
                    ],
                    "transformations": [
                        {
                            "name": "AlterRow1"
                        }
                    ],
                    "script": "source(output(\n\t\tExclusivityId as integer,\n\t\tExclusivityCode as string,\n\t\tExclusivityDefinition as string\n\t),\n\tallowSchemaDrift: true,\n\tvalidateSchema: false,\n\tisolationLevel: 'READ_UNCOMMITTED',\n\tformat: 'table') ~> source1\nsource1 alterRow(upsertIf(true())) ~> AlterRow1\nAlterRow1 sink(allowSchemaDrift: true,\n\tvalidateSchema: false,\n\tinput(\n\t\tExclusivityId as integer,\n\t\tExclusivityCode as string,\n\t\tExclusivityDefinition as string\n\t),\n\tdeletable:false,\n\tinsertable:false,\n\tupdateable:false,\n\tupsertable:true,\n\tkeys:['ExclusivityId'],\n\tformat: 'table',\n\tskipDuplicateMapInputs: true,\n\tskipDuplicateMapOutputs: true,\n\terrorHandlingOption: 'stopOnFirstError',\n\tmapColumn(\n\t\tExclusivityId,\n\t\tExclusivityCode,\n\t\tExclusivityDefinition\n\t)) ~> sink1"
                }
            },
            "dependsOn": []
        },
        {
            "name": "[concat(parameters('factoryName'), '/RecallV2UPC')]",
            "type": "Microsoft.DataFactory/factories/dataflows",
            "apiVersion": "2018-06-01",
            "properties": {
                "folder": {
                    "name": "FdaRecallV2"
                },
                "type": "MappingDataFlow",
                "typeProperties": {
                    "sources": [
                        {
                            "dataset": {
                                "referenceName": "RecallV2UPCSource",
                                "type": "DatasetReference"
                            },
                            "name": "RecallV2UPCSource"
                        }
                    ],
                    "sinks": [
                        {
                            "dataset": {
                                "referenceName": "RecallV2UPCTarget",
                                "type": "DatasetReference"
                            },
                            "name": "RecallV2UPCTarget"
                        }
                    ],
                    "transformations": [
                        {
                            "name": "AlterRow1"
                        }
                    ],
                    "script": "source(output(\n\t\tRecallUpcId as integer,\n\t\tRecallId as integer,\n\t\tRecallNumber as string,\n\t\tFdaEventId as string,\n\t\tUPC as string,\n\t\tDateAdded as timestamp,\n\t\tDateChanged as timestamp,\n\t\tPipelineRunId as string,\n\t\tImportedDate as timestamp,\n\t\tStatus as string\n\t),\n\tallowSchemaDrift: true,\n\tvalidateSchema: false,\n\tisolationLevel: 'READ_UNCOMMITTED',\n\tformat: 'table') ~> RecallV2UPCSource\nRecallV2UPCSource alterRow(upsertIf(true())) ~> AlterRow1\nAlterRow1 sink(allowSchemaDrift: true,\n\tvalidateSchema: false,\n\tinput(\n\t\tRecallUpcId as integer,\n\t\tRecallId as integer,\n\t\tRecallNumber as string,\n\t\tFdaEventId as string,\n\t\tUPC as string,\n\t\tDateAdded as timestamp,\n\t\tDateChanged as timestamp,\n\t\tPipelineRunId as string,\n\t\tImportedDate as timestamp,\n\t\tStatus as string\n\t),\n\tdeletable:false,\n\tinsertable:false,\n\tupdateable:false,\n\tupsertable:true,\n\tkeys:['RecallUpcId'],\n\tformat: 'table',\n\tpreSQLs:['SET IDENTITY_INSERT  [Fda].[RecallV2UPC] ON'],\n\tskipDuplicateMapInputs: true,\n\tskipDuplicateMapOutputs: true,\n\terrorHandlingOption: 'stopOnFirstError') ~> RecallV2UPCTarget"
                }
            },
            "dependsOn": []
        },
        {
            "name": "[concat(parameters('factoryName'), '/DataFeedLog_SingleSink_DF')]",
            "type": "Microsoft.DataFactory/factories/dataflows",
            "apiVersion": "2018-06-01",
            "properties": {
                "folder": {
                    "name": "RxLog"
                },
                "type": "MappingDataFlow",
                "typeProperties": {
                    "sources": [
                        {
                            "dataset": {
                                "referenceName": "DataFeedLog_Source_New1",
                                "type": "DatasetReference"
                            },
                            "name": "DataFeedLogSource"
                        },
                        {
                            "dataset": {
                                "referenceName": "DataFeedType_Join_Source",
                                "type": "DatasetReference"
                            },
                            "name": "DataFeedTypeSource"
                        },
                        {
                            "dataset": {
                                "referenceName": "ImportFileIDMapping_Join_Source",
                                "type": "DatasetReference"
                            },
                            "name": "ImportFileIDMappingSource"
                        }
                    ],
                    "sinks": [
                        {
                            "dataset": {
                                "referenceName": "DataFeedLog_Target_Configurable",
                                "type": "DatasetReference"
                            },
                            "name": "sink1"
                        }
                    ],
                    "transformations": [
                        {
                            "name": "AlterRow1"
                        },
                        {
                            "name": "Join1"
                        },
                        {
                            "name": "Join2"
                        }
                    ],
                    "script": "source(output(\n\t\tdatafeeduid as string,\n\t\tImportedDate as timestamp,\n\t\tBeginDate as timestamp,\n\t\tEndDate as timestamp,\n\t\tDataFeedTypeUId as string,\n\t\tImportFileMapUId as string\n\t),\n\tallowSchemaDrift: true,\n\tvalidateSchema: false,\n\tisolationLevel: 'READ_UNCOMMITTED',\n\tquery: 'select dfl.datafeeduid as datafeeduid, dfl.ImportedDate as ImportedDate, dfl.BeginDate as BeginDate, dfl.EndDate as EndDate, dft.DataFeedTypeUId as DataFeedTypeUId, ifim.ImportFileMapUId as ImportFileMapUId\\nfrom [dbo].[DataFeedLog] dfl\\n    inner join DataFeedType dft\\n\t   on dfl.datafeedtypeid = dft.datafeedtypeid\\n\tinner join ImportFileIDMapping ifim\\n\t   on dfl.importfilemapid = ifim.ImportFileMapId\\nwhere importeddate > dateadd(d,-7,getdate())',\n\tformat: 'query') ~> DataFeedLogSource\nsource(output(\n\t\tDataFeedTypeId as integer,\n\t\tDataFeedTypeCode as string,\n\t\tName as string,\n\t\tDataFeedTypeUId as string\n\t),\n\tallowSchemaDrift: true,\n\tvalidateSchema: false,\n\tisolationLevel: 'READ_UNCOMMITTED',\n\tformat: 'table') ~> DataFeedTypeSource\nsource(output(\n\t\tImportFileMapId as integer,\n\t\tClientImportCode as string,\n\t\tDescription as string,\n\t\tClientId as integer,\n\t\tClientSupplierId as integer,\n\t\tCpSupplierID as integer,\n\t\tCustomerId as integer,\n\t\tPriceListId as integer,\n\t\tDataSourceId as integer,\n\t\tPayerId as integer,\n\t\tReimbursementTypeId as integer,\n\t\tImportFileFrequencyTypeId as integer,\n\t\tImportFileMapUId as string\n\t),\n\tallowSchemaDrift: true,\n\tvalidateSchema: false,\n\tisolationLevel: 'READ_UNCOMMITTED',\n\tformat: 'table') ~> ImportFileIDMappingSource\nJoin2 alterRow(upsertIf(true())) ~> AlterRow1\nDataFeedLogSource, DataFeedTypeSource join(DataFeedLogSource@DataFeedTypeUId == DataFeedTypeSource@DataFeedTypeUId,\n\tjoinType:'inner',\n\tmatchType:'exact',\n\tignoreSpaces: false,\n\tbroadcast: 'auto')~> Join1\nJoin1, ImportFileIDMappingSource join(DataFeedLogSource@ImportFileMapUId == ImportFileIDMappingSource@ImportFileMapUId,\n\tjoinType:'inner',\n\tmatchType:'exact',\n\tignoreSpaces: false,\n\tbroadcast: 'auto')~> Join2\nAlterRow1 sink(allowSchemaDrift: true,\n\tvalidateSchema: false,\n\tinput(\n\t\tDataFeedID as integer,\n\t\tDataFeedTypeId as integer,\n\t\tImportFileMapId as integer,\n\t\tImportedDate as timestamp,\n\t\tBeginDate as timestamp,\n\t\tEndDate as timestamp,\n\t\tDataFeedUId as string\n\t),\n\tdeletable:false,\n\tinsertable:false,\n\tupdateable:false,\n\tupsertable:true,\n\tkeys:['DataFeedUId'],\n\tformat: 'table',\n\tskipDuplicateMapInputs: true,\n\tskipDuplicateMapOutputs: true,\n\terrorHandlingOption: 'stopOnFirstError',\n\tmapColumn(\n\t\tDataFeedUId = datafeeduid,\n\t\tImportedDate,\n\t\tBeginDate,\n\t\tEndDate,\n\t\tDataFeedTypeId,\n\t\tImportFileMapId\n\t)) ~> sink1"
                }
            },
            "dependsOn": []
        },
        {
            "name": "[concat(parameters('factoryName'), '/StorageCondition_SingSink_DF')]",
            "type": "Microsoft.DataFactory/factories/dataflows",
            "apiVersion": "2018-06-01",
            "properties": {
                "folder": {
                    "name": "WoltersKluwers"
                },
                "type": "MappingDataFlow",
                "typeProperties": {
                    "sources": [
                        {
                            "dataset": {
                                "referenceName": "StorageCondition_Source_New1",
                                "type": "DatasetReference"
                            },
                            "name": "source1"
                        }
                    ],
                    "sinks": [
                        {
                            "dataset": {
                                "referenceName": "StorageCondition_Target_Configurable",
                                "type": "DatasetReference"
                            },
                            "name": "sink1"
                        }
                    ],
                    "transformations": [
                        {
                            "name": "AlterRow1"
                        }
                    ],
                    "script": "source(output(\n\t\tStorageConditionId as integer,\n\t\tStorageConditionCode as string,\n\t\tStorageConditionDescription as string\n\t),\n\tallowSchemaDrift: true,\n\tvalidateSchema: false,\n\tisolationLevel: 'READ_UNCOMMITTED',\n\tformat: 'table') ~> source1\nsource1 alterRow(upsertIf(true())) ~> AlterRow1\nAlterRow1 sink(allowSchemaDrift: true,\n\tvalidateSchema: false,\n\tinput(\n\t\tStorageConditionId as integer,\n\t\tStorageConditionCode as string,\n\t\tStorageConditionDescription as string\n\t),\n\tdeletable:false,\n\tinsertable:false,\n\tupdateable:false,\n\tupsertable:true,\n\tkeys:['StorageConditionId'],\n\tformat: 'table',\n\tskipDuplicateMapInputs: true,\n\tskipDuplicateMapOutputs: true,\n\terrorHandlingOption: 'stopOnFirstError',\n\tmapColumn(\n\t\tStorageConditionId,\n\t\tStorageConditionCode,\n\t\tStorageConditionDescription\n\t)) ~> sink1"
                }
            },
            "dependsOn": []
        },
        {
            "name": "[concat(parameters('factoryName'), '/RecallV2ManufacturerName')]",
            "type": "Microsoft.DataFactory/factories/dataflows",
            "apiVersion": "2018-06-01",
            "properties": {
                "folder": {
                    "name": "FdaRecallV2"
                },
                "type": "MappingDataFlow",
                "typeProperties": {
                    "sources": [
                        {
                            "dataset": {
                                "referenceName": "RecallV2ManufacturerNameSource",
                                "type": "DatasetReference"
                            },
                            "name": "RecallV2ManufacturerNameSource"
                        }
                    ],
                    "sinks": [
                        {
                            "dataset": {
                                "referenceName": "RecallV2ManufacturerNameTarget",
                                "type": "DatasetReference"
                            },
                            "name": "RecallV2ManufacturerNameTarget"
                        }
                    ],
                    "transformations": [
                        {
                            "name": "AlterRow1"
                        }
                    ],
                    "script": "source(output(\n\t\tRecallManufacturerNameId as integer,\n\t\tRecallId as integer,\n\t\tRecallNumber as string,\n\t\tFdaEventId as string,\n\t\tManufacturerName as string,\n\t\tDateAdded as timestamp,\n\t\tDateChanged as timestamp,\n\t\tPipelineRunId as string,\n\t\tImportedDate as timestamp,\n\t\tStatus as string\n\t),\n\tallowSchemaDrift: true,\n\tvalidateSchema: false,\n\tisolationLevel: 'READ_UNCOMMITTED',\n\tformat: 'table') ~> RecallV2ManufacturerNameSource\nRecallV2ManufacturerNameSource alterRow(upsertIf(true())) ~> AlterRow1\nAlterRow1 sink(allowSchemaDrift: true,\n\tvalidateSchema: false,\n\tinput(\n\t\tRecallManufacturerNameId as integer,\n\t\tRecallId as integer,\n\t\tRecallNumber as string,\n\t\tFdaEventId as string,\n\t\tManufacturerName as string,\n\t\tDateAdded as timestamp,\n\t\tDateChanged as timestamp,\n\t\tPipelineRunId as string,\n\t\tImportedDate as timestamp,\n\t\tStatus as string\n\t),\n\tdeletable:false,\n\tinsertable:false,\n\tupdateable:false,\n\tupsertable:true,\n\tkeys:['RecallManufacturerNameId'],\n\tformat: 'table',\n\tpreSQLs:['SET IDENTITY_INSERT  [Fda].[RecallV2ManufacturerName] ON'],\n\tskipDuplicateMapInputs: true,\n\tskipDuplicateMapOutputs: true,\n\terrorHandlingOption: 'stopOnFirstError') ~> RecallV2ManufacturerNameTarget"
                }
            },
            "dependsOn": []
        },
        {
            "name": "[concat(parameters('factoryName'), '/NationalPharmacyItemPrice_SingleSink_DF')]",
            "type": "Microsoft.DataFactory/factories/dataflows",
            "apiVersion": "2018-06-01",
            "properties": {
                "folder": {
                    "name": "ItemTables"
                },
                "type": "MappingDataFlow",
                "typeProperties": {
                    "sources": [
                        {
                            "dataset": {
                                "referenceName": "NationalPharmacyItemPrice_Source_New1",
                                "type": "DatasetReference"
                            },
                            "name": "NationalPharmacyItemPriceSource"
                        },
                        {
                            "dataset": {
                                "referenceName": "ItemMaster_Join_Configurable",
                                "type": "DatasetReference"
                            },
                            "name": "ItemMasterSource"
                        }
                    ],
                    "sinks": [
                        {
                            "dataset": {
                                "referenceName": "NationalPharmacyItemPrice_Target_Configurable",
                                "type": "DatasetReference"
                            },
                            "name": "sink1"
                        }
                    ],
                    "transformations": [
                        {
                            "name": "Join1"
                        },
                        {
                            "name": "AlterRow1"
                        }
                    ],
                    "script": "parameters{\n\tFullLoad as string ('false')\n}\nsource(output(\n\t\tItemUId as string,\n\t\tNationalPharmacyItemPriceId as integer,\n\t\tItemId as integer,\n\t\tNdc as string,\n\t\tNdcFormatCode as integer,\n\t\tWkPriceCodeId as integer,\n\t\tPriceEffectiveDate as date,\n\t\tUnitPrice as decimal(13,6),\n\t\tExtendedUnitPrice as decimal(13,6),\n\t\tPackagePrice as decimal(19,4),\n\t\tAwpIndicatorId as integer,\n\t\tDateAdded as timestamp,\n\t\tDateChanged as timestamp,\n\t\tDataSourceId as integer\n\t),\n\tallowSchemaDrift: true,\n\tvalidateSchema: false,\n\tisolationLevel: 'READ_UNCOMMITTED',\n\tquery: (iif(lower($FullLoad) == 'true','select * from [Sync].[vw_NationalPharmacyItemPrice]','select * from [Sync].[vw_NationalPharmacyItemPrice] WHERE (DateChanged > DATEADD(d, - 10, GETDATE()))')),\n\tformat: 'query') ~> NationalPharmacyItemPriceSource\nsource(output(\n\t\tItemId as integer,\n\t\tItemTypeId as integer,\n\t\tItemCode as string,\n\t\tItemDescription as string,\n\t\tMfrId as integer,\n\t\tGtin as long,\n\t\tItemMasterItemId as integer,\n\t\tDateAdded as timestamp,\n\t\tDateChanged as timestamp,\n\t\tItemUId as string,\n\t\tDataSourceId as integer\n\t),\n\tallowSchemaDrift: true,\n\tvalidateSchema: false,\n\tisolationLevel: 'READ_UNCOMMITTED',\n\tformat: 'table') ~> ItemMasterSource\nNationalPharmacyItemPriceSource, ItemMasterSource join(NationalPharmacyItemPriceSource@ItemUId == ItemMasterSource@ItemUId,\n\tjoinType:'left',\n\tmatchType:'exact',\n\tignoreSpaces: false,\n\tbroadcast: 'auto')~> Join1\nJoin1 alterRow(upsertIf(true())) ~> AlterRow1\nAlterRow1 sink(allowSchemaDrift: true,\n\tvalidateSchema: false,\n\tinput(\n\t\tNationalPharmacyItemPriceId as integer,\n\t\tItemId as integer,\n\t\tNdc as string,\n\t\tNdcFormatCode as integer,\n\t\tWkPriceCodeId as integer,\n\t\tPriceEffectiveDate as date,\n\t\tUnitPrice as decimal(13,6),\n\t\tExtendedUnitPrice as decimal(13,6),\n\t\tPackagePrice as decimal(19,4),\n\t\tAwpIndicatorId as integer,\n\t\tItemMasterItemId as integer,\n\t\tDateAdded as timestamp,\n\t\tDateChanged as timestamp,\n\t\tItemUId as string,\n\t\tDataSourceId as integer\n\t),\n\tdeletable:false,\n\tinsertable:false,\n\tupdateable:false,\n\tupsertable:true,\n\tkeys:['NationalPharmacyItemPriceId'],\n\tformat: 'table',\n\tskipDuplicateMapInputs: true,\n\tskipDuplicateMapOutputs: true,\n\terrorHandlingOption: 'stopOnFirstError',\n\tmapColumn(\n\t\tNationalPharmacyItemPriceId,\n\t\tItemId = ItemMasterSource@ItemId,\n\t\tItemMasterItemId = NationalPharmacyItemPriceSource@ItemId,\n\t\tNdc,\n\t\tNdcFormatCode,\n\t\tWkPriceCodeId,\n\t\tPriceEffectiveDate,\n\t\tUnitPrice,\n\t\tExtendedUnitPrice,\n\t\tPackagePrice,\n\t\tAwpIndicatorId,\n\t\tDateAdded = NationalPharmacyItemPriceSource@DateAdded,\n\t\tDateChanged = NationalPharmacyItemPriceSource@DateChanged,\n\t\tItemUId = NationalPharmacyItemPriceSource@ItemUId,\n\t\tDataSourceId = NationalPharmacyItemPriceSource@DataSourceId\n\t)) ~> sink1"
                }
            },
            "dependsOn": []
        }
    ]
}