{
    "$schema": "http://schema.management.azure.com/schemas/2015-01-01/deploymentTemplate.json#",
    "contentVersion": "1.0.0.0",
    "parameters": {
        "factoryName": {
            "type": "string",
            "metadata": "Data Factory name",
            "defaultValue": "adf-ItemMasterDataSync-prod"
        }
    },
    "variables": {
        "factoryId": "[concat('Microsoft.DataFactory/factories/', parameters('factoryName'))]"
    },
    "resources": [
        {
            "name": "[concat(parameters('factoryName'), '/Client_price_prediction_accuracy_sync')]",
            "type": "Microsoft.DataFactory/factories/datasets",
            "apiVersion": "2018-06-01",
            "properties": {
                "linkedServiceName": {
                    "referenceName": "CognitiveRx_Configurable",
                    "type": "LinkedServiceReference",
                    "parameters": {
                        "KeyVaultSecret": {
                            "value": "@dataset().Secret",
                            "type": "Expression"
                        }
                    }
                },
                "parameters": {
                    "Secret": {
                        "type": "string"
                    }
                },
                "annotations": [],
                "type": "AzureSqlTable",
                "schema": [],
                "typeProperties": {
                    "schema": "predictive",
                    "table": "national_price_prediction_accuracy"
                }
            },
            "dependsOn": []
        },
        {
            "name": "[concat(parameters('factoryName'), '/itemmaster_drug_detection_source')]",
            "type": "Microsoft.DataFactory/factories/datasets",
            "apiVersion": "2018-06-01",
            "properties": {
                "linkedServiceName": {
                    "referenceName": "ItemMaster",
                    "type": "LinkedServiceReference"
                },
                "annotations": [],
                "type": "AzureSqlTable",
                "schema": [
                    {
                        "name": "UpdatedDateTime",
                        "type": "datetime",
                        "precision": 23,
                        "scale": 3
                    },
                    {
                        "name": "OverallAccuracyPct",
                        "type": "float",
                        "precision": 15
                    }
                ],
                "typeProperties": {
                    "schema": "accuracy",
                    "table": "drug_shortage_alerts_detection"
                }
            },
            "dependsOn": []
        },
        {
            "name": "[concat(parameters('factoryName'), '/Client_drug_detection_sync')]",
            "type": "Microsoft.DataFactory/factories/datasets",
            "apiVersion": "2018-06-01",
            "properties": {
                "linkedServiceName": {
                    "referenceName": "CognitiveRx_Configurable",
                    "type": "LinkedServiceReference",
                    "parameters": {
                        "KeyVaultSecret": {
                            "value": "@dataset().Secret",
                            "type": "Expression"
                        }
                    }
                },
                "parameters": {
                    "Secret": {
                        "type": "string"
                    }
                },
                "annotations": [],
                "type": "AzureSqlTable",
                "schema": [],
                "typeProperties": {
                    "schema": "predictive",
                    "table": "drug_shortage_alerts_detection"
                }
            },
            "dependsOn": []
        },
        {
            "name": "[concat(parameters('factoryName'), '/Ds_Roi_dropped_sync_itemmaster')]",
            "type": "Microsoft.DataFactory/factories/datasets",
            "apiVersion": "2018-06-01",
            "properties": {
                "linkedServiceName": {
                    "referenceName": "ItemMaster",
                    "type": "LinkedServiceReference"
                },
                "annotations": [],
                "type": "AzureSqlTable",
                "schema": [
                    {
                        "name": "Ndc",
                        "type": "varchar"
                    },
                    {
                        "name": "ROI_Check_Date",
                        "type": "datetime",
                        "precision": 23,
                        "scale": 3
                    },
                    {
                        "name": "ROI_Start_Date",
                        "type": "datetime",
                        "precision": 23,
                        "scale": 3
                    },
                    {
                        "name": "ROI_End_Date",
                        "type": "datetime",
                        "precision": 23,
                        "scale": 3
                    }
                ],
                "typeProperties": {
                    "schema": "dbo",
                    "table": "roi_dropped_prediction"
                }
            },
            "dependsOn": []
        },
        {
            "name": "[concat(parameters('factoryName'), '/Cogrx_Roi_dropped_Sync_Target')]",
            "type": "Microsoft.DataFactory/factories/datasets",
            "apiVersion": "2018-06-01",
            "properties": {
                "linkedServiceName": {
                    "referenceName": "CognitiveRx_Configurable",
                    "type": "LinkedServiceReference",
                    "parameters": {
                        "KeyVaultSecret": {
                            "value": "@dataset().Dynamicsecret",
                            "type": "Expression"
                        }
                    }
                },
                "parameters": {
                    "Dynamicsecret": {
                        "type": "string"
                    }
                },
                "annotations": [],
                "type": "AzureSqlTable",
                "schema": [],
                "typeProperties": {
                    "schema": "dbo",
                    "table": "dbo.roi_dropped_prediction"
                }
            },
            "dependsOn": []
        },
        {
            "name": "[concat(parameters('factoryName'), '/AzureSqlTable4')]",
            "type": "Microsoft.DataFactory/factories/datasets",
            "apiVersion": "2018-06-01",
            "properties": {
                "linkedServiceName": {
                    "referenceName": "Ls_MemberTenant_AzureSQL",
                    "type": "LinkedServiceReference",
                    "parameters": {
                        "lsdburl": {
                            "value": "@dataset().dserver",
                            "type": "Expression"
                        },
                        "lsdbname": {
                            "value": "@dataset().ddatabase",
                            "type": "Expression"
                        },
                        "lsdbtenant": {
                            "value": "@dataset().dtenantid",
                            "type": "Expression"
                        },
                        "lsdbserviceprincipal": {
                            "value": "@dataset().dclientid",
                            "type": "Expression"
                        },
                        "lsdbsecret": {
                            "value": "@dataset().dsecret",
                            "type": "Expression"
                        }
                    }
                },
                "parameters": {
                    "dserver": {
                        "type": "string"
                    },
                    "ddatabase": {
                        "type": "string"
                    },
                    "dtenantid": {
                        "type": "string"
                    },
                    "dclientid": {
                        "type": "string"
                    },
                    "dsecret": {
                        "type": "string"
                    }
                },
                "annotations": [],
                "type": "AzureSqlTable",
                "schema": [
                    {
                        "name": "ClientId",
                        "type": "int",
                        "precision": 10
                    },
                    {
                        "name": "CustomerId",
                        "type": "int",
                        "precision": 10
                    },
                    {
                        "name": "SupplierId",
                        "type": "int",
                        "precision": 10
                    },
                    {
                        "name": "ItemId",
                        "type": "int",
                        "precision": 10
                    },
                    {
                        "name": "SupplierName",
                        "type": "varchar"
                    },
                    {
                        "name": "TransactionDate",
                        "type": "datetime",
                        "precision": 23,
                        "scale": 3
                    },
                    {
                        "name": "Ndc",
                        "type": "varchar"
                    },
                    {
                        "name": "ItemDescription",
                        "type": "varchar"
                    },
                    {
                        "name": "OrderNumber",
                        "type": "varchar"
                    },
                    {
                        "name": "LineNumber",
                        "type": "int",
                        "precision": 10
                    },
                    {
                        "name": "OrderType",
                        "type": "varchar"
                    },
                    {
                        "name": "Qty",
                        "type": "int",
                        "precision": 10
                    },
                    {
                        "name": "UnitCost",
                        "type": "money",
                        "precision": 19,
                        "scale": 4
                    },
                    {
                        "name": "UnitPrice",
                        "type": "money",
                        "precision": 19,
                        "scale": 4
                    },
                    {
                        "name": "UOM",
                        "type": "varchar"
                    },
                    {
                        "name": "InvoiceNumber",
                        "type": "varchar"
                    },
                    {
                        "name": "WholesalerAccountNumber",
                        "type": "varchar"
                    },
                    {
                        "name": "WholesalerCBID",
                        "type": "varchar"
                    },
                    {
                        "name": "CostofDistribution",
                        "type": "varchar"
                    },
                    {
                        "name": "Address1",
                        "type": "varchar"
                    },
                    {
                        "name": "Address2",
                        "type": "varchar"
                    },
                    {
                        "name": "City",
                        "type": "varchar"
                    },
                    {
                        "name": "State",
                        "type": "varchar"
                    },
                    {
                        "name": "ZipCode",
                        "type": "varchar"
                    },
                    {
                        "name": "ImportedDate",
                        "type": "datetime",
                        "precision": 23,
                        "scale": 3
                    },
                    {
                        "name": "SalesId",
                        "type": "int",
                        "precision": 10
                    },
                    {
                        "name": "PriceTypeGroupId",
                        "type": "int",
                        "precision": 10
                    },
                    {
                        "name": "DataSourceId",
                        "type": "int",
                        "precision": 10
                    },
                    {
                        "name": "QuarterDate",
                        "type": "varchar"
                    },
                    {
                        "name": "ProcessPipelineId",
                        "type": "varchar"
                    },
                    {
                        "name": "RepackagedFlag",
                        "type": "bit"
                    },
                    {
                        "name": "QtyOrdered",
                        "type": "int",
                        "precision": 10
                    },
                    {
                        "name": "OrderDate",
                        "type": "datetime",
                        "precision": 23,
                        "scale": 3
                    },
                    {
                        "name": "ReasonCodeDesc",
                        "type": "varchar"
                    },
                    {
                        "name": "PremierContractNumber",
                        "type": "varchar"
                    }
                ],
                "typeProperties": {
                    "schema": "dbo",
                    "table": "Sales"
                }
            },
            "dependsOn": []
        },
        {
            "name": "[concat(parameters('factoryName'), '/CMS_AspPriceAndLimits_SI_SingleSink_DF')]",
            "type": "Microsoft.DataFactory/factories/dataflows",
            "apiVersion": "2018-06-01",
            "properties": {
                "folder": {
                    "name": "CMS"
                },
                "type": "MappingDataFlow",
                "typeProperties": {
                    "sources": [
                        {
                            "dataset": {
                                "referenceName": "ItemMaster_AspPriceAndLimits_SI_SQL",
                                "type": "DatasetReference"
                            },
                            "name": "ItemMasterSource"
                        }
                    ],
                    "sinks": [
                        {
                            "dataset": {
                                "referenceName": "CogRx_AspPriceAndLimits_SI_SQL_Configurable",
                                "type": "DatasetReference"
                            },
                            "name": "CogRxSink"
                        }
                    ],
                    "transformations": [
                        {
                            "name": "DerivedColumn1"
                        },
                        {
                            "name": "AlterRow1"
                        }
                    ],
                    "script": "parameters{\n\tPipelineRunId as string ('123')\n}\nsource(output(\n\t\tHcpcsCode as string,\n\t\tQuarterDate as string,\n\t\tShortDescription as string,\n\t\tCI as string,\n\t\tSI as string,\n\t\tAPC as string,\n\t\tRelativeWeight as string,\n\t\tPaymentRate as string,\n\t\tNationalUnadjustedCopayment as string,\n\t\tMinimumUnadjustedCopayment as string,\n\t\tChangeIndicator as string,\n\t\tUpdateDateTime as timestamp,\n\t\tAspPriceAndLimitsSIId as string\n\t),\n\tallowSchemaDrift: false,\n\tvalidateSchema: false,\n\tisolationLevel: 'READ_UNCOMMITTED',\n\tformat: 'table') ~> ItemMasterSource\nItemMasterSource derive(UpdateDateTime = currentUTC(),\n\t\tPipelineRunId = $PipelineRunId,\n\t\tisDelete = 0) ~> DerivedColumn1\nDerivedColumn1 alterRow(upsertIf(true())) ~> AlterRow1\nAlterRow1 sink(allowSchemaDrift: true,\n\tvalidateSchema: false,\n\tinput(\n\t\tHcpcsCode as string,\n\t\tQuarterDate as string,\n\t\tShortDescription as string,\n\t\tCI as string,\n\t\tSI as string,\n\t\tAPC as string,\n\t\tRelativeWeight as string,\n\t\tPaymentRate as string,\n\t\tNationalUnadjustedCopayment as string,\n\t\tMinimumUnadjustedCopayment as string,\n\t\tChangeIndicator as string,\n\t\tAspPriceAndLimitsSIId as string,\n\t\tUpdateDateTime as timestamp,\n\t\tisDelete as boolean,\n\t\tPipelineRunId as string\n\t),\n\tdeletable:false,\n\tinsertable:false,\n\tupdateable:false,\n\tupsertable:true,\n\tkeys:['AspPriceAndLimitsSIId'],\n\tformat: 'table',\n\tpostSQLs:[(concat('update [dbo].[AspPriceAndLimits_SI] set [isDelete] = 1 where [PipelineRunId] != \\'',$PipelineRunId,'\\' or [PipelineRunId] is null'))],\n\terrorHandlingOption: 'stopOnFirstError',\n\tmapColumn(\n\t\tHcpcsCode,\n\t\tQuarterDate,\n\t\tShortDescription,\n\t\tCI,\n\t\tSI,\n\t\tAPC,\n\t\tRelativeWeight,\n\t\tPaymentRate,\n\t\tNationalUnadjustedCopayment,\n\t\tMinimumUnadjustedCopayment,\n\t\tChangeIndicator,\n\t\tAspPriceAndLimitsSIId,\n\t\tUpdateDateTime,\n\t\tisDelete,\n\t\tPipelineRunId\n\t)) ~> CogRxSink"
                }
            },
            "dependsOn": []
        },
        {
            "name": "[concat(parameters('factoryName'), '/DataSource_SingleSink_DF')]",
            "type": "Microsoft.DataFactory/factories/dataflows",
            "apiVersion": "2018-06-01",
            "properties": {
                "folder": {
                    "name": "RxLog"
                },
                "type": "MappingDataFlow",
                "typeProperties": {
                    "sources": [
                        {
                            "dataset": {
                                "referenceName": "DataSource_Source_New1",
                                "type": "DatasetReference"
                            },
                            "name": "source1"
                        }
                    ],
                    "sinks": [
                        {
                            "dataset": {
                                "referenceName": "DataSource_Target_Configurable",
                                "type": "DatasetReference"
                            },
                            "name": "sink1"
                        }
                    ],
                    "transformations": [
                        {
                            "name": "AlterRow1"
                        }
                    ],
                    "script": "source(output(\n\t\tDataSourceId as integer,\n\t\tDataSourceDesciption as string,\n\t\tDataSourceUID as string\n\t),\n\tallowSchemaDrift: true,\n\tvalidateSchema: false,\n\tisolationLevel: 'READ_UNCOMMITTED',\n\tformat: 'table') ~> source1\nsource1 alterRow(upsertIf(true())) ~> AlterRow1\nAlterRow1 sink(allowSchemaDrift: true,\n\tvalidateSchema: false,\n\tinput(\n\t\tDataSourceId as integer,\n\t\tDataSourceDesciption as string,\n\t\tDataSourceUID as string\n\t),\n\tdeletable:false,\n\tinsertable:false,\n\tupdateable:false,\n\tupsertable:true,\n\tkeys:['DataSourceUID'],\n\tformat: 'table',\n\tskipDuplicateMapInputs: true,\n\tskipDuplicateMapOutputs: true,\n\terrorHandlingOption: 'stopOnFirstError',\n\tmapColumn(\n\t\tDataSourceDesciption,\n\t\tDataSourceUID\n\t)) ~> sink1"
                }
            },
            "dependsOn": []
        },
        {
            "name": "[concat(parameters('factoryName'), '/DataFlow_FDA_RecallType_Sync_SingleSink_DF')]",
            "type": "Microsoft.DataFactory/factories/dataflows",
            "apiVersion": "2018-06-01",
            "properties": {
                "folder": {
                    "name": "Recall"
                },
                "type": "MappingDataFlow",
                "typeProperties": {
                    "sources": [
                        {
                            "dataset": {
                                "referenceName": "ItemMaster_SQL_RecallType",
                                "type": "DatasetReference"
                            },
                            "name": "RecallTypeSource"
                        }
                    ],
                    "sinks": [
                        {
                            "dataset": {
                                "referenceName": "CognitiveRx_SQL_RecallType_Configurable",
                                "type": "DatasetReference"
                            },
                            "name": "RecallTypeSink"
                        }
                    ],
                    "transformations": [
                        {
                            "name": "AlterRow1"
                        }
                    ],
                    "script": "source(output(\n\t\tRecallTypeId as integer,\n\t\tDescription as string,\n\t\tRecallTypeUId as string\n\t),\n\tallowSchemaDrift: true,\n\tvalidateSchema: false,\n\tisolationLevel: 'READ_UNCOMMITTED',\n\tformat: 'table') ~> RecallTypeSource\nRecallTypeSource alterRow(upsertIf(true())) ~> AlterRow1\nAlterRow1 sink(allowSchemaDrift: true,\n\tvalidateSchema: false,\n\tinput(\n\t\tRecallTypeId as integer,\n\t\tDescription as string,\n\t\tRecallTypeUId as string,\n\t\tCreatedDateTime as timestamp,\n\t\tUpdatedDateTime as timestamp\n\t),\n\tdeletable:false,\n\tinsertable:false,\n\tupdateable:false,\n\tupsertable:true,\n\tkeys:['RecallTypeUId'],\n\tformat: 'table',\n\terrorHandlingOption: 'stopOnFirstError',\n\tmapColumn(\n\t\tDescription,\n\t\tRecallTypeUId\n\t)) ~> RecallTypeSink"
                }
            },
            "dependsOn": []
        },
        {
            "name": "[concat(parameters('factoryName'), '/Manufacturer_SingleSink_DF')]",
            "type": "Microsoft.DataFactory/factories/dataflows",
            "apiVersion": "2018-06-01",
            "properties": {
                "folder": {
                    "name": "DBO"
                },
                "type": "MappingDataFlow",
                "typeProperties": {
                    "sources": [
                        {
                            "dataset": {
                                "referenceName": "Manufacturer_Source_New1",
                                "type": "DatasetReference"
                            },
                            "name": "source1"
                        }
                    ],
                    "sinks": [
                        {
                            "dataset": {
                                "referenceName": "Manufacturer_Target_Configurable",
                                "type": "DatasetReference"
                            },
                            "name": "sink1"
                        }
                    ],
                    "transformations": [
                        {
                            "name": "AlterRow1"
                        }
                    ],
                    "script": "source(output(\n\t\tMfrId as integer,\n\t\tMfrName as string,\n\t\tMfrShortName as string,\n\t\tDateAdded as timestamp,\n\t\tDateChanged as timestamp,\n\t\tDataSourceId as integer\n\t),\n\tallowSchemaDrift: true,\n\tvalidateSchema: false,\n\tisolationLevel: 'READ_UNCOMMITTED',\n\tformat: 'table') ~> source1\nsource1 alterRow(upsertIf(true())) ~> AlterRow1\nAlterRow1 sink(allowSchemaDrift: true,\n\tvalidateSchema: false,\n\tinput(\n\t\tMfrId as integer,\n\t\tMfrName as string,\n\t\tMfrShortName as string,\n\t\tDateAdded as timestamp,\n\t\tDateChanged as timestamp,\n\t\tItemMasterMfrId as integer,\n\t\tDataSourceId as integer\n\t),\n\tdeletable:false,\n\tinsertable:false,\n\tupdateable:false,\n\tupsertable:true,\n\tkeys:['ItemMasterMfrId'],\n\tformat: 'table',\n\tskipDuplicateMapInputs: true,\n\tskipDuplicateMapOutputs: true,\n\terrorHandlingOption: 'stopOnFirstError',\n\tmapColumn(\n\t\tMfrName,\n\t\tMfrShortName,\n\t\tDateAdded,\n\t\tDateChanged,\n\t\tItemMasterMfrId = MfrId,\n\t\tDataSourceId\n\t)) ~> sink1"
                }
            },
            "dependsOn": []
        },
        {
            "name": "[concat(parameters('factoryName'), '/WkGpiDescriptions_SingleSink_DF')]",
            "type": "Microsoft.DataFactory/factories/dataflows",
            "apiVersion": "2018-06-01",
            "properties": {
                "folder": {
                    "name": "WoltersKluwers"
                },
                "type": "MappingDataFlow",
                "typeProperties": {
                    "sources": [
                        {
                            "dataset": {
                                "referenceName": "WkGpiDescriptions_Source_New1",
                                "type": "DatasetReference"
                            },
                            "name": "source1"
                        }
                    ],
                    "sinks": [
                        {
                            "dataset": {
                                "referenceName": "WkGpiDescriptions_Target_Configurable",
                                "type": "DatasetReference"
                            },
                            "name": "sink1"
                        }
                    ],
                    "transformations": [
                        {
                            "name": "AlterRow1"
                        }
                    ],
                    "script": "source(output(\n\t\tGpiId as integer,\n\t\tGpiCodeSegment as string,\n\t\tGPIRecordTypeId as integer,\n\t\tGpiName as string,\n\t\tGPIRecordTypeLevelCode as string,\n\t\tStatus as string,\n\t\tDateAdded as timestamp,\n\t\tDateChanged as timestamp\n\t),\n\tallowSchemaDrift: true,\n\tvalidateSchema: false,\n\tisolationLevel: 'READ_UNCOMMITTED',\n\tformat: 'table') ~> source1\nsource1 alterRow(upsertIf(true())) ~> AlterRow1\nAlterRow1 sink(allowSchemaDrift: true,\n\tvalidateSchema: false,\n\tinput(\n\t\tGpiId as integer,\n\t\tGpiCodeSegment as string,\n\t\tGPIRecordTypeId as integer,\n\t\tGpiName as string,\n\t\tGPIRecordTypeLevelCode as string,\n\t\tStatus as string,\n\t\tDateAdded as timestamp,\n\t\tDateChanged as timestamp\n\t),\n\tdeletable:false,\n\tinsertable:false,\n\tupdateable:false,\n\tupsertable:true,\n\tkeys:['GpiId'],\n\tformat: 'table',\n\tskipDuplicateMapInputs: true,\n\tskipDuplicateMapOutputs: true,\n\terrorHandlingOption: 'stopOnFirstError',\n\tmapColumn(\n\t\tGpiId,\n\t\tGpiCodeSegment,\n\t\tGPIRecordTypeId,\n\t\tGpiName,\n\t\tGPIRecordTypeLevelCode,\n\t\tStatus,\n\t\tDateAdded,\n\t\tDateChanged\n\t)) ~> sink1"
                }
            },
            "dependsOn": []
        },
        {
            "name": "[concat(parameters('factoryName'), '/RecallV2SubstanceName')]",
            "type": "Microsoft.DataFactory/factories/dataflows",
            "apiVersion": "2018-06-01",
            "properties": {
                "folder": {
                    "name": "FdaRecallV2"
                },
                "type": "MappingDataFlow",
                "typeProperties": {
                    "sources": [
                        {
                            "dataset": {
                                "referenceName": "RecallV2SubstanceNameSource",
                                "type": "DatasetReference"
                            },
                            "name": "RecallV2SubstanceNameSource"
                        }
                    ],
                    "sinks": [
                        {
                            "dataset": {
                                "referenceName": "RecallV2SubstanceNameTarget",
                                "type": "DatasetReference"
                            },
                            "name": "RecallV2SubstanceNameTarget"
                        }
                    ],
                    "transformations": [
                        {
                            "name": "AlterRow1"
                        }
                    ],
                    "script": "source(output(\n\t\tRecallSubstanceNameId as integer,\n\t\tRecallId as integer,\n\t\tRecallNumber as string,\n\t\tFdaEventId as string,\n\t\tSubstanceName as string,\n\t\tDateAdded as timestamp,\n\t\tDateChanged as timestamp,\n\t\tPipelineRunId as string,\n\t\tImportedDate as timestamp,\n\t\tStatus as string\n\t),\n\tallowSchemaDrift: true,\n\tvalidateSchema: false,\n\tisolationLevel: 'READ_UNCOMMITTED',\n\tformat: 'table') ~> RecallV2SubstanceNameSource\nRecallV2SubstanceNameSource alterRow(upsertIf(true())) ~> AlterRow1\nAlterRow1 sink(allowSchemaDrift: true,\n\tvalidateSchema: false,\n\tinput(\n\t\tRecallSubstanceNameId as integer,\n\t\tRecallId as integer,\n\t\tRecallNumber as string,\n\t\tFdaEventId as string,\n\t\tSubstanceName as string,\n\t\tDateAdded as timestamp,\n\t\tDateChanged as timestamp,\n\t\tPipelineRunId as string,\n\t\tImportedDate as timestamp,\n\t\tStatus as string\n\t),\n\tdeletable:false,\n\tinsertable:false,\n\tupdateable:false,\n\tupsertable:true,\n\tkeys:['RecallSubstanceNameId'],\n\tformat: 'table',\n\tpreSQLs:['SET IDENTITY_INSERT  [Fda].[RecallV2SubstanceName] ON'],\n\tskipDuplicateMapInputs: true,\n\tskipDuplicateMapOutputs: true,\n\terrorHandlingOption: 'stopOnFirstError') ~> RecallV2SubstanceNameTarget"
                }
            },
            "dependsOn": []
        },
        {
            "name": "[concat(parameters('factoryName'), '/UnitOfMeasure_SingleSink_DF')]",
            "type": "Microsoft.DataFactory/factories/dataflows",
            "apiVersion": "2018-06-01",
            "properties": {
                "folder": {
                    "name": "DBO"
                },
                "type": "MappingDataFlow",
                "typeProperties": {
                    "sources": [
                        {
                            "dataset": {
                                "referenceName": "UnitOfMeasure_Source_New1",
                                "type": "DatasetReference"
                            },
                            "name": "source1"
                        }
                    ],
                    "sinks": [
                        {
                            "dataset": {
                                "referenceName": "UnitOfMeasure_Target_Configurable",
                                "type": "DatasetReference"
                            },
                            "name": "sink1"
                        }
                    ],
                    "transformations": [
                        {
                            "name": "AlterRow1"
                        }
                    ],
                    "script": "source(output(\n\t\tUnitOfMeasureId as integer,\n\t\tUnitOfMeasureDescription as string\n\t),\n\tallowSchemaDrift: true,\n\tvalidateSchema: false,\n\tisolationLevel: 'READ_UNCOMMITTED',\n\tformat: 'table') ~> source1\nsource1 alterRow(upsertIf(true())) ~> AlterRow1\nAlterRow1 sink(allowSchemaDrift: true,\n\tvalidateSchema: false,\n\tinput(\n\t\tUnitOfMeasureId as integer,\n\t\tUnitOfMeasureDescription as string\n\t),\n\tdeletable:false,\n\tinsertable:false,\n\tupdateable:false,\n\tupsertable:true,\n\tkeys:['UnitOfMeasureId'],\n\tformat: 'table',\n\tskipDuplicateMapInputs: true,\n\tskipDuplicateMapOutputs: true,\n\terrorHandlingOption: 'stopOnFirstError') ~> sink1"
                }
            },
            "dependsOn": []
        },
        {
            "name": "[concat(parameters('factoryName'), '/FdaPatentUseCodes_SingleSink_DF')]",
            "type": "Microsoft.DataFactory/factories/dataflows",
            "apiVersion": "2018-06-01",
            "properties": {
                "folder": {
                    "name": "FDA"
                },
                "type": "MappingDataFlow",
                "typeProperties": {
                    "sources": [
                        {
                            "dataset": {
                                "referenceName": "FdaPatentUseCodes_Source_New1",
                                "type": "DatasetReference"
                            },
                            "name": "source1"
                        }
                    ],
                    "sinks": [
                        {
                            "dataset": {
                                "referenceName": "FdaPatentUseCodes_Target_Configurable",
                                "type": "DatasetReference"
                            },
                            "name": "sink1"
                        }
                    ],
                    "transformations": [
                        {
                            "name": "AlterRow1"
                        }
                    ],
                    "script": "source(output(\n\t\tPatentUseId as integer,\n\t\tPatentUseCode as string,\n\t\tPatentUseDescription as string\n\t),\n\tallowSchemaDrift: true,\n\tvalidateSchema: false,\n\tisolationLevel: 'READ_UNCOMMITTED',\n\tformat: 'table') ~> source1\nsource1 alterRow(upsertIf(true())) ~> AlterRow1\nAlterRow1 sink(allowSchemaDrift: true,\n\tvalidateSchema: false,\n\tinput(\n\t\tPatentUseId as integer,\n\t\tPatentUseCode as string,\n\t\tPatentUseDescription as string\n\t),\n\tdeletable:false,\n\tinsertable:false,\n\tupdateable:false,\n\tupsertable:true,\n\tkeys:['PatentUseId'],\n\tformat: 'table',\n\tskipDuplicateMapInputs: true,\n\tskipDuplicateMapOutputs: true,\n\terrorHandlingOption: 'stopOnFirstError',\n\tmapColumn(\n\t\tPatentUseId,\n\t\tPatentUseCode,\n\t\tPatentUseDescription\n\t)) ~> sink1"
                }
            },
            "dependsOn": []
        },
        {
            "name": "[concat(parameters('factoryName'), '/DataFlow_FDA_Recall_Sync_SingleSink_DF')]",
            "type": "Microsoft.DataFactory/factories/dataflows",
            "apiVersion": "2018-06-01",
            "properties": {
                "folder": {
                    "name": "Recall"
                },
                "type": "MappingDataFlow",
                "typeProperties": {
                    "sources": [
                        {
                            "dataset": {
                                "referenceName": "ItemMaster_SQL_Recall",
                                "type": "DatasetReference"
                            },
                            "name": "RecallSource"
                        },
                        {
                            "dataset": {
                                "referenceName": "CognitiveRx_SQL_Recall_Configurable",
                                "type": "DatasetReference"
                            },
                            "name": "ExistingCogRxRecall"
                        },
                        {
                            "dataset": {
                                "referenceName": "CognitiveRx_SQL_RecallType_Configurable",
                                "type": "DatasetReference"
                            },
                            "name": "CognitiveRxRecallType"
                        }
                    ],
                    "sinks": [
                        {
                            "dataset": {
                                "referenceName": "CognitiveRx_SQL_Recall_Configurable",
                                "type": "DatasetReference"
                            },
                            "name": "RecallSink"
                        }
                    ],
                    "transformations": [
                        {
                            "name": "DerivedColumn1"
                        },
                        {
                            "name": "AlterRow1"
                        },
                        {
                            "name": "Join2"
                        },
                        {
                            "name": "Exists1"
                        }
                    ],
                    "script": "source(output(\n\t\tRecallId as integer,\n\t\tRecallUrl as string,\n\t\tTitle as string,\n\t\tReleaseDate as string,\n\t\tArticleReleaseContact as string,\n\t\tReleaseText as string,\n\t\tInfoTable as string,\n\t\tPictures as string,\n\t\tRecallTypeId as integer,\n\t\tImportDateTime as timestamp,\n\t\tParsedOutNDC as string,\n\t\tTwitterAccount as string,\n\t\tTweetDateTime as timestamp,\n\t\tTweetId as string,\n\t\tRecallUId as string,\n\t\tRecallTypeUId as string\n\t),\n\tallowSchemaDrift: true,\n\tvalidateSchema: false,\n\tisolationLevel: 'READ_UNCOMMITTED',\n\tformat: 'table') ~> RecallSource\nsource(output(\n\t\tRecallId as integer,\n\t\tRecallUrl as string,\n\t\tTitle as string,\n\t\tReleaseDate as string,\n\t\tArticleReleaseContact as string,\n\t\tReleaseText as string,\n\t\tInfoTable as string,\n\t\tPictures as string,\n\t\tRecallTypeId as integer,\n\t\tImportDateTime as timestamp,\n\t\tParsedOutNDC as string,\n\t\tTwitterAccount as string,\n\t\tTweetDateTime as timestamp,\n\t\tTweetId as string,\n\t\tRecallUId as string,\n\t\tUpdatedDateTime as timestamp,\n\t\tRecallTypeUId as string\n\t),\n\tallowSchemaDrift: true,\n\tvalidateSchema: false,\n\tisolationLevel: 'READ_UNCOMMITTED',\n\tformat: 'table') ~> ExistingCogRxRecall\nsource(output(\n\t\tRecallTypeId as integer,\n\t\tDescription as string,\n\t\tRecallTypeUId as string,\n\t\tCreatedDateTime as timestamp,\n\t\tUpdatedDateTime as timestamp\n\t),\n\tallowSchemaDrift: true,\n\tvalidateSchema: false,\n\tisolationLevel: 'READ_UNCOMMITTED',\n\tformat: 'table') ~> CognitiveRxRecallType\nRecallSource derive(UpdatedDateTime = currentTimestamp()) ~> DerivedColumn1\nExists1 alterRow(upsertIf(true())) ~> AlterRow1\nDerivedColumn1, CognitiveRxRecallType join(RecallSource@RecallTypeUId == CognitiveRxRecallType@RecallTypeUId,\n\tjoinType:'outer',\n\tmatchType:'exact',\n\tignoreSpaces: false,\n\tbroadcast: 'auto')~> Join2\nJoin2, ExistingCogRxRecall exists(RecallSource@RecallUrl == ExistingCogRxRecall@RecallUrl\n\t&& RecallSource@Title == ExistingCogRxRecall@Title\n\t&& RecallSource@ReleaseDate == ExistingCogRxRecall@ReleaseDate\n\t&& RecallSource@ArticleReleaseContact == ExistingCogRxRecall@ArticleReleaseContact\n\t&& RecallSource@ReleaseText == ExistingCogRxRecall@ReleaseText\n\t&& RecallSource@InfoTable == ExistingCogRxRecall@InfoTable\n\t&& RecallSource@Pictures == ExistingCogRxRecall@Pictures\n\t&& RecallSource@ImportDateTime == ExistingCogRxRecall@ImportDateTime\n\t&& RecallSource@ParsedOutNDC == ExistingCogRxRecall@ParsedOutNDC\n\t&& RecallSource@TwitterAccount == ExistingCogRxRecall@TwitterAccount\n\t&& RecallSource@TweetDateTime == ExistingCogRxRecall@TweetDateTime\n\t&& RecallSource@TweetId == ExistingCogRxRecall@TweetId\n\t&& RecallSource@RecallUId == ExistingCogRxRecall@RecallUId\n\t&& CognitiveRxRecallType@RecallTypeUId == ExistingCogRxRecall@RecallTypeUId,\n\tnegate:true,\n\tbroadcast: 'auto')~> Exists1\nAlterRow1 sink(allowSchemaDrift: true,\n\tvalidateSchema: false,\n\tinput(\n\t\tRecallId as integer,\n\t\tRecallUrl as string,\n\t\tTitle as string,\n\t\tReleaseDate as string,\n\t\tArticleReleaseContact as string,\n\t\tReleaseText as string,\n\t\tInfoTable as string,\n\t\tPictures as string,\n\t\tRecallTypeId as integer,\n\t\tImportDateTime as timestamp,\n\t\tParsedOutNDC as string,\n\t\tTwitterAccount as string,\n\t\tTweetDateTime as timestamp,\n\t\tTweetId as string,\n\t\tRecallUId as string,\n\t\tUpdatedDateTime as timestamp,\n\t\tRecallTypeUId as string\n\t),\n\tdeletable:false,\n\tinsertable:false,\n\tupdateable:false,\n\tupsertable:true,\n\tkeys:['RecallUId'],\n\tformat: 'table',\n\terrorHandlingOption: 'stopOnFirstError',\n\tmapColumn(\n\t\tRecallUrl,\n\t\tTitle,\n\t\tReleaseDate,\n\t\tArticleReleaseContact,\n\t\tReleaseText,\n\t\tInfoTable,\n\t\tPictures,\n\t\tImportDateTime,\n\t\tParsedOutNDC,\n\t\tTwitterAccount,\n\t\tTweetDateTime,\n\t\tTweetId,\n\t\tRecallUId,\n\t\tRecallTypeUId = RecallSource@RecallTypeUId,\n\t\tRecallTypeId = CognitiveRxRecallType@RecallTypeId\n\t)) ~> RecallSink"
                }
            },
            "dependsOn": []
        },
        {
            "name": "[concat(parameters('factoryName'), '/UnitDose_SingleSink_DF')]",
            "type": "Microsoft.DataFactory/factories/dataflows",
            "apiVersion": "2018-06-01",
            "properties": {
                "folder": {
                    "name": "WoltersKluwers"
                },
                "type": "MappingDataFlow",
                "typeProperties": {
                    "sources": [
                        {
                            "dataset": {
                                "referenceName": "UnitDose_Source_New1",
                                "type": "DatasetReference"
                            },
                            "name": "source1"
                        }
                    ],
                    "sinks": [
                        {
                            "dataset": {
                                "referenceName": "UnitDose_Target_Configurable",
                                "type": "DatasetReference"
                            },
                            "name": "sink1"
                        }
                    ],
                    "transformations": [
                        {
                            "name": "AlterRow1"
                        }
                    ],
                    "script": "source(output(\n\t\tUnitDoseId as integer,\n\t\tUnitDoseCode as string,\n\t\tUnitDoseDescription as string\n\t),\n\tallowSchemaDrift: true,\n\tvalidateSchema: false,\n\tisolationLevel: 'READ_UNCOMMITTED',\n\tformat: 'table') ~> source1\nsource1 alterRow(upsertIf(true())) ~> AlterRow1\nAlterRow1 sink(allowSchemaDrift: true,\n\tvalidateSchema: false,\n\tinput(\n\t\tUnitDoseId as integer,\n\t\tUnitDoseCode as string,\n\t\tUnitDoseDescription as string\n\t),\n\tdeletable:false,\n\tinsertable:false,\n\tupdateable:false,\n\tupsertable:true,\n\tkeys:['UnitDoseId'],\n\tformat: 'table',\n\tskipDuplicateMapInputs: true,\n\tskipDuplicateMapOutputs: true,\n\terrorHandlingOption: 'stopOnFirstError') ~> sink1"
                }
            },
            "dependsOn": []
        },
        {
            "name": "[concat(parameters('factoryName'), '/BrandNameTypes_SingleSink_DF')]",
            "type": "Microsoft.DataFactory/factories/dataflows",
            "apiVersion": "2018-06-01",
            "properties": {
                "folder": {
                    "name": "WoltersKluwers"
                },
                "type": "MappingDataFlow",
                "typeProperties": {
                    "sources": [
                        {
                            "dataset": {
                                "referenceName": "BrandNameTypes_Source_New1",
                                "type": "DatasetReference"
                            },
                            "name": "BrandNameTypesSource"
                        }
                    ],
                    "sinks": [
                        {
                            "dataset": {
                                "referenceName": "BrandNameTypes_Target_Configurable",
                                "type": "DatasetReference"
                            },
                            "name": "BrandNameTypesSinkTestDB"
                        }
                    ],
                    "transformations": [
                        {
                            "name": "AlterRow1"
                        }
                    ],
                    "script": "source(output(\n\t\tBrandNameTypeId as integer,\n\t\tBrandNameTypeCode as string,\n\t\tBrandNameTypesDescription as string\n\t),\n\tallowSchemaDrift: true,\n\tvalidateSchema: false,\n\tisolationLevel: 'READ_UNCOMMITTED',\n\tformat: 'table') ~> BrandNameTypesSource\nBrandNameTypesSource alterRow(upsertIf(true())) ~> AlterRow1\nAlterRow1 sink(allowSchemaDrift: true,\n\tvalidateSchema: false,\n\tinput(\n\t\tBrandNameTypeId as integer,\n\t\tBrandNameTypeCode as string,\n\t\tBrandNameTypesDescription as string\n\t),\n\tdeletable:false,\n\tinsertable:false,\n\tupdateable:false,\n\tupsertable:true,\n\tkeys:['BrandNameTypeId'],\n\tformat: 'table',\n\tskipDuplicateMapInputs: true,\n\tskipDuplicateMapOutputs: true,\n\terrorHandlingOption: 'stopOnFirstError',\n\tmapColumn(\n\t\tBrandNameTypeId,\n\t\tBrandNameTypeCode,\n\t\tBrandNameTypesDescription\n\t)) ~> BrandNameTypesSinkTestDB"
                }
            },
            "dependsOn": []
        },
        {
            "name": "[concat(parameters('factoryName'), '/RecallV2GenericName')]",
            "type": "Microsoft.DataFactory/factories/dataflows",
            "apiVersion": "2018-06-01",
            "properties": {
                "folder": {
                    "name": "FdaRecallV2"
                },
                "type": "MappingDataFlow",
                "typeProperties": {
                    "sources": [
                        {
                            "dataset": {
                                "referenceName": "RecallV2GenericNameSource",
                                "type": "DatasetReference"
                            },
                            "name": "RecallV2GenericNameSource"
                        }
                    ],
                    "sinks": [
                        {
                            "dataset": {
                                "referenceName": "RecallV2GenericNameTarget",
                                "type": "DatasetReference"
                            },
                            "name": "RecallV2GenericNameTarget"
                        }
                    ],
                    "transformations": [
                        {
                            "name": "AlterRow1"
                        }
                    ],
                    "script": "source(output(\n\t\tRecallGenericNameId as integer,\n\t\tRecallId as integer,\n\t\tRecallNumber as string,\n\t\tFdaEventId as string,\n\t\tGenericName as string,\n\t\tDateAdded as timestamp,\n\t\tDateChanged as timestamp,\n\t\tPipelineRunId as string,\n\t\tImportedDate as timestamp,\n\t\tStatus as string\n\t),\n\tallowSchemaDrift: true,\n\tvalidateSchema: false,\n\tisolationLevel: 'READ_UNCOMMITTED',\n\tformat: 'table') ~> RecallV2GenericNameSource\nRecallV2GenericNameSource alterRow(upsertIf(true())) ~> AlterRow1\nAlterRow1 sink(allowSchemaDrift: true,\n\tvalidateSchema: false,\n\tinput(\n\t\tRecallGenericNameId as integer,\n\t\tRecallId as integer,\n\t\tRecallNumber as string,\n\t\tFdaEventId as string,\n\t\tGenericName as string,\n\t\tDateAdded as timestamp,\n\t\tDateChanged as timestamp,\n\t\tPipelineRunId as string,\n\t\tImportedDate as timestamp,\n\t\tStatus as string\n\t),\n\tdeletable:false,\n\tinsertable:false,\n\tupdateable:false,\n\tupsertable:true,\n\tkeys:['RecallGenericNameId'],\n\tformat: 'table',\n\tpreSQLs:['SET IDENTITY_INSERT  [Fda].[RecallV2GenericName] ON'],\n\tskipDuplicateMapInputs: true,\n\tskipDuplicateMapOutputs: true,\n\terrorHandlingOption: 'stopOnFirstError') ~> RecallV2GenericNameTarget"
                }
            },
            "dependsOn": []
        },
        {
            "name": "[concat(parameters('factoryName'), '/DeaClassCode_SingleSink_DF')]",
            "type": "Microsoft.DataFactory/factories/dataflows",
            "apiVersion": "2018-06-01",
            "properties": {
                "folder": {
                    "name": "WoltersKluwers"
                },
                "type": "MappingDataFlow",
                "typeProperties": {
                    "sources": [
                        {
                            "dataset": {
                                "referenceName": "DeaClassCode_Source_New1",
                                "type": "DatasetReference"
                            },
                            "name": "DeaClassCodeSource"
                        }
                    ],
                    "sinks": [
                        {
                            "dataset": {
                                "referenceName": "DeaClassCode_Target_Configurable",
                                "type": "DatasetReference"
                            },
                            "name": "DeaClassCodeSinkTestDB"
                        }
                    ],
                    "transformations": [
                        {
                            "name": "AlterRow1"
                        }
                    ],
                    "script": "parameters{\n\tIsProd as boolean (false())\n}\nsource(output(\n\t\tDeaClassId as integer,\n\t\tDeaClassDescription as string,\n\t\tDeaClassDefinition as string,\n\t\tDeaClassAbbreviation as string\n\t),\n\tallowSchemaDrift: true,\n\tvalidateSchema: false,\n\tisolationLevel: 'READ_UNCOMMITTED',\n\tformat: 'table') ~> DeaClassCodeSource\nDeaClassCodeSource alterRow(upsertIf(true())) ~> AlterRow1\nAlterRow1 sink(allowSchemaDrift: true,\n\tvalidateSchema: false,\n\tinput(\n\t\tDeaClassId as integer,\n\t\tDeaClassDescription as string,\n\t\tDeaClassDefinition as string,\n\t\tDeaClassAbbreviation as string\n\t),\n\tdeletable:false,\n\tinsertable:false,\n\tupdateable:false,\n\tupsertable:true,\n\tkeys:['DeaClassId'],\n\tformat: 'table',\n\tskipDuplicateMapInputs: true,\n\tskipDuplicateMapOutputs: true,\n\terrorHandlingOption: 'stopOnFirstError',\n\tmapColumn(\n\t\tDeaClassId,\n\t\tDeaClassDescription,\n\t\tDeaClassDefinition,\n\t\tDeaClassAbbreviation\n\t)) ~> DeaClassCodeSinkTestDB"
                }
            },
            "dependsOn": []
        },
        {
            "name": "[concat(parameters('factoryName'), '/UnspscMaster_SingleSink_DF')]",
            "type": "Microsoft.DataFactory/factories/dataflows",
            "apiVersion": "2018-06-01",
            "properties": {
                "folder": {
                    "name": "UNSPSC"
                },
                "type": "MappingDataFlow",
                "typeProperties": {
                    "sources": [
                        {
                            "dataset": {
                                "referenceName": "UnspscMaster_Source_New1",
                                "type": "DatasetReference"
                            },
                            "name": "source1"
                        }
                    ],
                    "sinks": [
                        {
                            "dataset": {
                                "referenceName": "UnspscMaster_Target_Configurable",
                                "type": "DatasetReference"
                            },
                            "name": "sink1"
                        }
                    ],
                    "transformations": [
                        {
                            "name": "AlterRow1"
                        }
                    ],
                    "script": "source(output(\n\t\tUnspscId as integer,\n\t\tCode as string,\n\t\tDescription as string,\n\t\tUnspscType as string,\n\t\tUnspscTypeId as integer,\n\t\tVersion as string,\n\t\tDataSourceId as integer,\n\t\tPipelineRunId as string,\n\t\tDateAdded as timestamp,\n\t\tDateChanged as timestamp\n\t),\n\tallowSchemaDrift: true,\n\tvalidateSchema: false,\n\tisolationLevel: 'READ_UNCOMMITTED',\n\tformat: 'table') ~> source1\nsource1 alterRow(upsertIf(true())) ~> AlterRow1\nAlterRow1 sink(allowSchemaDrift: true,\n\tvalidateSchema: false,\n\tinput(\n\t\tUnspscId as integer,\n\t\tCode as string,\n\t\tDescription as string,\n\t\tUnspscType as string,\n\t\tUnspscTypeId as integer,\n\t\tVersion as string,\n\t\tDateAdded as timestamp,\n\t\tDateChanged as timestamp\n\t),\n\tdeletable:false,\n\tinsertable:false,\n\tupdateable:false,\n\tupsertable:true,\n\tkeys:['UnspscId'],\n\tformat: 'table',\n\tskipDuplicateMapInputs: true,\n\tskipDuplicateMapOutputs: true,\n\terrorHandlingOption: 'stopOnFirstError',\n\tmapColumn(\n\t\tUnspscId,\n\t\tCode,\n\t\tDescription,\n\t\tUnspscType,\n\t\tUnspscTypeId,\n\t\tVersion,\n\t\tDateAdded,\n\t\tDateChanged\n\t)) ~> sink1"
                }
            },
            "dependsOn": []
        }
    ]
}