{
    "$schema": "http://schema.management.azure.com/schemas/2015-01-01/deploymentTemplate.json#",
    "contentVersion": "1.0.0.0",
    "parameters": {
        "factoryName": {
            "type": "string",
            "metadata": "Data Factory name",
            "defaultValue": "adf-ItemMasterDataSync-prod"
        },
        "Ls_MemberTenant_AzureSQL_connectionString": {
            "type": "secureString",
            "metadata": "Secure string for 'connectionString' of 'Ls_MemberTenant_AzureSQL'"
        },
        "Ls_MemberTenant_NonParm_connectionString": {
            "type": "secureString",
            "metadata": "Secure string for 'connectionString' of 'Ls_MemberTenant_NonParm'"
        },
        "Cogrx_external_blob_connectionString": {
            "type": "secureString",
            "metadata": "Secure string for 'connectionString' of 'Cogrx_external_blob'"
        },
        "CognitiveRx_keyvault_properties_typeProperties_baseUrl": {
            "type": "string",
            "defaultValue": "https://kv-cognitiverx-prod.vault.azure.net/"
        },
        "NationalWholesale_properties_typeProperties_connectionString_secretName": {
            "type": "string",
            "defaultValue": "Secret-ItemMaster-DB-NationalWholesaler"
        },
        "ItemMaster_properties_typeProperties_connectionString_secretName": {
            "type": "string",
            "defaultValue": "Secret-ItemMaster-DB-ItemMaster"
        },
        "MasterDataSyncControl_properties_typeProperties_connectionString_secretName": {
            "type": "string",
            "defaultValue": "Secret-ItemMaster-DB-MasterDataSync"
        },
        "CognitiveRx_Configurable_properties_typeProperties_connectionString_secretName": {
            "type": "string",
            "defaultValue": "@linkedService().KeyVaultSecret"
        },
        "CognitiveRx_properties_typeProperties_connectionString_secretName": {
            "type": "string",
            "defaultValue": "Secret-CogRX-DB-upmc"
        },
        "Ls_MemberTenant_AzureSQL_properties_typeProperties_servicePrincipalId": {
            "type": "string",
            "defaultValue": "@{linkedService().lsdbserviceprincipal}"
        },
        "Ls_MemberTenant_AzureSQL_properties_typeProperties_tenant": {
            "type": "string",
            "defaultValue": "@{linkedService().lsdbtenant}"
        },
        "Ls_MemberTenant_NonParm_properties_typeProperties_servicePrincipalId": {
            "type": "string",
            "defaultValue": "9816452e-bb13-4210-9348-e11a321be7f0"
        },
        "Ls_MemberTenant_NonParm_properties_typeProperties_tenant": {
            "type": "string",
            "defaultValue": "08a55b34-bb83-493c-912d-6cf771262b6a"
        },
        "t_d_itemmastersync_memtenant_properties_1_SyncItemMasterCognativeRx_Mem_Tenant_parameters_FullLoad": {
            "type": "string",
            "defaultValue": "false"
        },
        "containerUri": {
            "type": "string",
            "metadata": "URI to storage account containing linked ARM templates"
        },
        "containerSasToken": {
            "type": "string",
            "metadata": "Sas token to storage account containing linked ARM templates"
        }
    },
    "variables": {
        "factoryId": "[concat('Microsoft.DataFactory/factories/', parameters('factoryName'))]"
    },
    "resources": [
        {
            "name": "adf-ItemMasterDataSync-prod_ArmTemplate_0",
            "type": "Microsoft.Resources/deployments",
            "apiVersion": "2018-02-01",
            "properties": {
                "mode": "incremental",
                "templateLink": {
                    "uri": "[concat(parameters('containerUri'), '/ArmTemplate_0.json', parameters('containerSasToken'))]",
                    "contentVersion": "1.0.0.0"
                },
                "parameters": {
                    "factoryName": {
                        "value": "[parameters('factoryName')]"
                    },
                    "Cogrx_external_blob_connectionString": {
                        "value": "[parameters('Cogrx_external_blob_connectionString')]"
                    },
                    "Ls_MemberTenant_AzureSQL_connectionString": {
                        "value": "[parameters('Ls_MemberTenant_AzureSQL_connectionString')]"
                    },
                    "Ls_MemberTenant_NonParm_connectionString": {
                        "value": "[parameters('Ls_MemberTenant_NonParm_connectionString')]"
                    },
                    "CognitiveRx_keyvault_properties_typeProperties_baseUrl": {
                        "value": "[parameters('CognitiveRx_keyvault_properties_typeProperties_baseUrl')]"
                    },
                    "NationalWholesale_properties_typeProperties_connectionString_secretName": {
                        "value": "[parameters('NationalWholesale_properties_typeProperties_connectionString_secretName')]"
                    },
                    "ItemMaster_properties_typeProperties_connectionString_secretName": {
                        "value": "[parameters('ItemMaster_properties_typeProperties_connectionString_secretName')]"
                    },
                    "MasterDataSyncControl_properties_typeProperties_connectionString_secretName": {
                        "value": "[parameters('MasterDataSyncControl_properties_typeProperties_connectionString_secretName')]"
                    },
                    "CognitiveRx_Configurable_properties_typeProperties_connectionString_secretName": {
                        "value": "[parameters('CognitiveRx_Configurable_properties_typeProperties_connectionString_secretName')]"
                    },
                    "CognitiveRx_properties_typeProperties_connectionString_secretName": {
                        "value": "[parameters('CognitiveRx_properties_typeProperties_connectionString_secretName')]"
                    },
                    "Ls_MemberTenant_AzureSQL_properties_typeProperties_servicePrincipalId": {
                        "value": "[parameters('Ls_MemberTenant_AzureSQL_properties_typeProperties_servicePrincipalId')]"
                    },
                    "Ls_MemberTenant_AzureSQL_properties_typeProperties_tenant": {
                        "value": "[parameters('Ls_MemberTenant_AzureSQL_properties_typeProperties_tenant')]"
                    },
                    "Ls_MemberTenant_NonParm_properties_typeProperties_servicePrincipalId": {
                        "value": "[parameters('Ls_MemberTenant_NonParm_properties_typeProperties_servicePrincipalId')]"
                    },
                    "Ls_MemberTenant_NonParm_properties_typeProperties_tenant": {
                        "value": "[parameters('Ls_MemberTenant_NonParm_properties_typeProperties_tenant')]"
                    }
                }
            },
            "dependsOn": []
        },
        {
            "name": "adf-ItemMasterDataSync-prod_ArmTemplate_1",
            "type": "Microsoft.Resources/deployments",
            "apiVersion": "2018-02-01",
            "properties": {
                "mode": "incremental",
                "templateLink": {
                    "uri": "[concat(parameters('containerUri'), '/ArmTemplate_1.json', parameters('containerSasToken'))]",
                    "contentVersion": "1.0.0.0"
                },
                "parameters": {
                    "factoryName": {
                        "value": "[parameters('factoryName')]"
                    }
                }
            },
            "dependsOn": [
                "[resourceId('Microsoft.Resources/deployments', 'adf-ItemMasterDataSync-prod_ArmTemplate_0')]"
            ]
        },
        {
            "name": "adf-ItemMasterDataSync-prod_ArmTemplate_2",
            "type": "Microsoft.Resources/deployments",
            "apiVersion": "2018-02-01",
            "properties": {
                "mode": "incremental",
                "templateLink": {
                    "uri": "[concat(parameters('containerUri'), '/ArmTemplate_2.json', parameters('containerSasToken'))]",
                    "contentVersion": "1.0.0.0"
                },
                "parameters": {
                    "factoryName": {
                        "value": "[parameters('factoryName')]"
                    }
                }
            },
            "dependsOn": [
                "[resourceId('Microsoft.Resources/deployments', 'adf-ItemMasterDataSync-prod_ArmTemplate_1')]"
            ]
        },
        {
            "name": "adf-ItemMasterDataSync-prod_ArmTemplate_3",
            "type": "Microsoft.Resources/deployments",
            "apiVersion": "2018-02-01",
            "properties": {
                "mode": "incremental",
                "templateLink": {
                    "uri": "[concat(parameters('containerUri'), '/ArmTemplate_3.json', parameters('containerSasToken'))]",
                    "contentVersion": "1.0.0.0"
                },
                "parameters": {
                    "factoryName": {
                        "value": "[parameters('factoryName')]"
                    }
                }
            },
            "dependsOn": [
                "[resourceId('Microsoft.Resources/deployments', 'adf-ItemMasterDataSync-prod_ArmTemplate_2')]"
            ]
        },
        {
            "name": "adf-ItemMasterDataSync-prod_ArmTemplate_4",
            "type": "Microsoft.Resources/deployments",
            "apiVersion": "2018-02-01",
            "properties": {
                "mode": "incremental",
                "templateLink": {
                    "uri": "[concat(parameters('containerUri'), '/ArmTemplate_4.json', parameters('containerSasToken'))]",
                    "contentVersion": "1.0.0.0"
                },
                "parameters": {
                    "factoryName": {
                        "value": "[parameters('factoryName')]"
                    }
                }
            },
            "dependsOn": [
                "[resourceId('Microsoft.Resources/deployments', 'adf-ItemMasterDataSync-prod_ArmTemplate_3')]"
            ]
        },
        {
            "name": "adf-ItemMasterDataSync-prod_ArmTemplate_5",
            "type": "Microsoft.Resources/deployments",
            "apiVersion": "2018-02-01",
            "properties": {
                "mode": "incremental",
                "templateLink": {
                    "uri": "[concat(parameters('containerUri'), '/ArmTemplate_5.json', parameters('containerSasToken'))]",
                    "contentVersion": "1.0.0.0"
                },
                "parameters": {
                    "factoryName": {
                        "value": "[parameters('factoryName')]"
                    }
                }
            },
            "dependsOn": [
                "[resourceId('Microsoft.Resources/deployments', 'adf-ItemMasterDataSync-prod_ArmTemplate_4')]"
            ]
        },
        {
            "name": "adf-ItemMasterDataSync-prod_ArmTemplate_6",
            "type": "Microsoft.Resources/deployments",
            "apiVersion": "2018-02-01",
            "properties": {
                "mode": "incremental",
                "templateLink": {
                    "uri": "[concat(parameters('containerUri'), '/ArmTemplate_6.json', parameters('containerSasToken'))]",
                    "contentVersion": "1.0.0.0"
                },
                "parameters": {
                    "factoryName": {
                        "value": "[parameters('factoryName')]"
                    }
                }
            },
            "dependsOn": [
                "[resourceId('Microsoft.Resources/deployments', 'adf-ItemMasterDataSync-prod_ArmTemplate_5')]"
            ]
        },
        {
            "name": "adf-ItemMasterDataSync-prod_ArmTemplate_7",
            "type": "Microsoft.Resources/deployments",
            "apiVersion": "2018-02-01",
            "properties": {
                "mode": "incremental",
                "templateLink": {
                    "uri": "[concat(parameters('containerUri'), '/ArmTemplate_7.json', parameters('containerSasToken'))]",
                    "contentVersion": "1.0.0.0"
                },
                "parameters": {
                    "factoryName": {
                        "value": "[parameters('factoryName')]"
                    }
                }
            },
            "dependsOn": [
                "[resourceId('Microsoft.Resources/deployments', 'adf-ItemMasterDataSync-prod_ArmTemplate_6')]"
            ]
        },
        {
            "name": "adf-ItemMasterDataSync-prod_ArmTemplate_8",
            "type": "Microsoft.Resources/deployments",
            "apiVersion": "2018-02-01",
            "properties": {
                "mode": "incremental",
                "templateLink": {
                    "uri": "[concat(parameters('containerUri'), '/ArmTemplate_8.json', parameters('containerSasToken'))]",
                    "contentVersion": "1.0.0.0"
                },
                "parameters": {
                    "factoryName": {
                        "value": "[parameters('factoryName')]"
                    }
                }
            },
            "dependsOn": [
                "[resourceId('Microsoft.Resources/deployments', 'adf-ItemMasterDataSync-prod_ArmTemplate_7')]"
            ]
        },
        {
            "name": "adf-ItemMasterDataSync-prod_ArmTemplate_9",
            "type": "Microsoft.Resources/deployments",
            "apiVersion": "2018-02-01",
            "properties": {
                "mode": "incremental",
                "templateLink": {
                    "uri": "[concat(parameters('containerUri'), '/ArmTemplate_9.json', parameters('containerSasToken'))]",
                    "contentVersion": "1.0.0.0"
                },
                "parameters": {
                    "factoryName": {
                        "value": "[parameters('factoryName')]"
                    }
                }
            },
            "dependsOn": [
                "[resourceId('Microsoft.Resources/deployments', 'adf-ItemMasterDataSync-prod_ArmTemplate_8')]"
            ]
        },
        {
            "name": "adf-ItemMasterDataSync-prod_ArmTemplate_10",
            "type": "Microsoft.Resources/deployments",
            "apiVersion": "2018-02-01",
            "properties": {
                "mode": "incremental",
                "templateLink": {
                    "uri": "[concat(parameters('containerUri'), '/ArmTemplate_10.json', parameters('containerSasToken'))]",
                    "contentVersion": "1.0.0.0"
                },
                "parameters": {
                    "factoryName": {
                        "value": "[parameters('factoryName')]"
                    }
                }
            },
            "dependsOn": [
                "[resourceId('Microsoft.Resources/deployments', 'adf-ItemMasterDataSync-prod_ArmTemplate_9')]"
            ]
        },
        {
            "name": "adf-ItemMasterDataSync-prod_ArmTemplate_11",
            "type": "Microsoft.Resources/deployments",
            "apiVersion": "2018-02-01",
            "properties": {
                "mode": "incremental",
                "templateLink": {
                    "uri": "[concat(parameters('containerUri'), '/ArmTemplate_11.json', parameters('containerSasToken'))]",
                    "contentVersion": "1.0.0.0"
                },
                "parameters": {
                    "factoryName": {
                        "value": "[parameters('factoryName')]"
                    }
                }
            },
            "dependsOn": [
                "[resourceId('Microsoft.Resources/deployments', 'adf-ItemMasterDataSync-prod_ArmTemplate_10')]"
            ]
        },
        {
            "name": "adf-ItemMasterDataSync-prod_ArmTemplate_12",
            "type": "Microsoft.Resources/deployments",
            "apiVersion": "2018-02-01",
            "properties": {
                "mode": "incremental",
                "templateLink": {
                    "uri": "[concat(parameters('containerUri'), '/ArmTemplate_12.json', parameters('containerSasToken'))]",
                    "contentVersion": "1.0.0.0"
                },
                "parameters": {
                    "factoryName": {
                        "value": "[parameters('factoryName')]"
                    }
                }
            },
            "dependsOn": [
                "[resourceId('Microsoft.Resources/deployments', 'adf-ItemMasterDataSync-prod_ArmTemplate_11')]"
            ]
        },
        {
            "name": "adf-ItemMasterDataSync-prod_ArmTemplate_13",
            "type": "Microsoft.Resources/deployments",
            "apiVersion": "2018-02-01",
            "properties": {
                "mode": "incremental",
                "templateLink": {
                    "uri": "[concat(parameters('containerUri'), '/ArmTemplate_13.json', parameters('containerSasToken'))]",
                    "contentVersion": "1.0.0.0"
                },
                "parameters": {
                    "factoryName": {
                        "value": "[parameters('factoryName')]"
                    }
                }
            },
            "dependsOn": [
                "[resourceId('Microsoft.Resources/deployments', 'adf-ItemMasterDataSync-prod_ArmTemplate_12')]"
            ]
        },
        {
            "name": "adf-ItemMasterDataSync-prod_ArmTemplate_14",
            "type": "Microsoft.Resources/deployments",
            "apiVersion": "2018-02-01",
            "properties": {
                "mode": "incremental",
                "templateLink": {
                    "uri": "[concat(parameters('containerUri'), '/ArmTemplate_14.json', parameters('containerSasToken'))]",
                    "contentVersion": "1.0.0.0"
                },
                "parameters": {
                    "factoryName": {
                        "value": "[parameters('factoryName')]"
                    }
                }
            },
            "dependsOn": [
                "[resourceId('Microsoft.Resources/deployments', 'adf-ItemMasterDataSync-prod_ArmTemplate_13')]"
            ]
        },
        {
            "name": "adf-ItemMasterDataSync-prod_ArmTemplate_15",
            "type": "Microsoft.Resources/deployments",
            "apiVersion": "2018-02-01",
            "properties": {
                "mode": "incremental",
                "templateLink": {
                    "uri": "[concat(parameters('containerUri'), '/ArmTemplate_15.json', parameters('containerSasToken'))]",
                    "contentVersion": "1.0.0.0"
                },
                "parameters": {
                    "factoryName": {
                        "value": "[parameters('factoryName')]"
                    }
                }
            },
            "dependsOn": [
                "[resourceId('Microsoft.Resources/deployments', 'adf-ItemMasterDataSync-prod_ArmTemplate_14')]"
            ]
        },
        {
            "name": "adf-ItemMasterDataSync-prod_ArmTemplate_16",
            "type": "Microsoft.Resources/deployments",
            "apiVersion": "2018-02-01",
            "properties": {
                "mode": "incremental",
                "templateLink": {
                    "uri": "[concat(parameters('containerUri'), '/ArmTemplate_16.json', parameters('containerSasToken'))]",
                    "contentVersion": "1.0.0.0"
                },
                "parameters": {
                    "factoryName": {
                        "value": "[parameters('factoryName')]"
                    }
                }
            },
            "dependsOn": [
                "[resourceId('Microsoft.Resources/deployments', 'adf-ItemMasterDataSync-prod_ArmTemplate_15')]"
            ]
        },
        {
            "name": "adf-ItemMasterDataSync-prod_ArmTemplate_17",
            "type": "Microsoft.Resources/deployments",
            "apiVersion": "2018-02-01",
            "properties": {
                "mode": "incremental",
                "templateLink": {
                    "uri": "[concat(parameters('containerUri'), '/ArmTemplate_17.json', parameters('containerSasToken'))]",
                    "contentVersion": "1.0.0.0"
                },
                "parameters": {
                    "factoryName": {
                        "value": "[parameters('factoryName')]"
                    }
                }
            },
            "dependsOn": [
                "[resourceId('Microsoft.Resources/deployments', 'adf-ItemMasterDataSync-prod_ArmTemplate_16')]"
            ]
        },
        {
            "name": "adf-ItemMasterDataSync-prod_ArmTemplate_18",
            "type": "Microsoft.Resources/deployments",
            "apiVersion": "2018-02-01",
            "properties": {
                "mode": "incremental",
                "templateLink": {
                    "uri": "[concat(parameters('containerUri'), '/ArmTemplate_18.json', parameters('containerSasToken'))]",
                    "contentVersion": "1.0.0.0"
                },
                "parameters": {
                    "factoryName": {
                        "value": "[parameters('factoryName')]"
                    }
                }
            },
            "dependsOn": [
                "[resourceId('Microsoft.Resources/deployments', 'adf-ItemMasterDataSync-prod_ArmTemplate_17')]"
            ]
        },
        {
            "name": "adf-ItemMasterDataSync-prod_ArmTemplate_19",
            "type": "Microsoft.Resources/deployments",
            "apiVersion": "2018-02-01",
            "properties": {
                "mode": "incremental",
                "templateLink": {
                    "uri": "[concat(parameters('containerUri'), '/ArmTemplate_19.json', parameters('containerSasToken'))]",
                    "contentVersion": "1.0.0.0"
                },
                "parameters": {
                    "factoryName": {
                        "value": "[parameters('factoryName')]"
                    }
                }
            },
            "dependsOn": [
                "[resourceId('Microsoft.Resources/deployments', 'adf-ItemMasterDataSync-prod_ArmTemplate_18')]"
            ]
        },
        {
            "name": "adf-ItemMasterDataSync-prod_ArmTemplate_20",
            "type": "Microsoft.Resources/deployments",
            "apiVersion": "2018-02-01",
            "properties": {
                "mode": "incremental",
                "templateLink": {
                    "uri": "[concat(parameters('containerUri'), '/ArmTemplate_20.json', parameters('containerSasToken'))]",
                    "contentVersion": "1.0.0.0"
                },
                "parameters": {
                    "factoryName": {
                        "value": "[parameters('factoryName')]"
                    }
                }
            },
            "dependsOn": [
                "[resourceId('Microsoft.Resources/deployments', 'adf-ItemMasterDataSync-prod_ArmTemplate_19')]"
            ]
        },
        {
            "name": "adf-ItemMasterDataSync-prod_ArmTemplate_21",
            "type": "Microsoft.Resources/deployments",
            "apiVersion": "2018-02-01",
            "properties": {
                "mode": "incremental",
                "templateLink": {
                    "uri": "[concat(parameters('containerUri'), '/ArmTemplate_21.json', parameters('containerSasToken'))]",
                    "contentVersion": "1.0.0.0"
                },
                "parameters": {
                    "factoryName": {
                        "value": "[parameters('factoryName')]"
                    },
                    "t_d_itemmastersync_memtenant_properties_1_SyncItemMasterCognativeRx_Mem_Tenant_parameters_FullLoad": {
                        "value": "[parameters('t_d_itemmastersync_memtenant_properties_1_SyncItemMasterCognativeRx_Mem_Tenant_parameters_FullLoad')]"
                    }
                }
            },
            "dependsOn": [
                "[resourceId('Microsoft.Resources/deployments', 'adf-ItemMasterDataSync-prod_ArmTemplate_20')]"
            ]
        }
    ]
}