{
    "$schema": "http://schema.management.azure.com/schemas/2015-01-01/deploymentTemplate.json#",
    "contentVersion": "1.0.0.0",
    "parameters": {
        "factoryName": {
            "type": "string",
            "metadata": "Data Factory name",
            "defaultValue": "adf-ItemMasterDataSync-prod"
        }
    },
    "variables": {
        "factoryId": "[concat('Microsoft.DataFactory/factories/', parameters('factoryName'))]"
    },
    "resources": [
        {
            "name": "[concat(parameters('factoryName'), '/CogRx_AspPriceAndLimits_SI_SQL_Configurable_copy1')]",
            "type": "Microsoft.DataFactory/factories/datasets",
            "apiVersion": "2018-06-01",
            "properties": {
                "linkedServiceName": {
                    "referenceName": "Ls_MemberTenant_AzureSQL",
                    "type": "LinkedServiceReference",
                    "parameters": {
                        "lsdburl": "@dataset().dsdburl",
                        "lsdbname": "@dataset().dsdbname",
                        "lsdbtenant": "@dataset().dsdbtenant",
                        "lsdbserviceprincipal": "@dataset().dsdbserviceprincipal",
                        "lsdbsecret": "@dataset().dsdbsecret"
                    }
                },
                "parameters": {
                    "dsdburl": {
                        "type": "string",
                        "defaultValue": "@pipeline().parameters.pldburl"
                    },
                    "dsdbname": {
                        "type": "string",
                        "defaultValue": "@pipeline().parameters.pldbname"
                    },
                    "dsdbtenant": {
                        "type": "string",
                        "defaultValue": "@pipeline().parameters.pldbtenant"
                    },
                    "dsdbserviceprincipal": {
                        "type": "string",
                        "defaultValue": "@pipeline().parameters.pldbserviceprincipal"
                    },
                    "dsdbsecret": {
                        "type": "string",
                        "defaultValue": "@pipeline().parameters.pldbsecret"
                    }
                },
                "folder": {
                    "name": "CMS"
                },
                "annotations": [],
                "type": "AzureSqlTable",
                "schema": [
                    {
                        "name": "HcpcsCode",
                        "type": "varchar"
                    },
                    {
                        "name": "QuarterDate",
                        "type": "varchar"
                    },
                    {
                        "name": "ShortDescription",
                        "type": "varchar"
                    },
                    {
                        "name": "CI",
                        "type": "varchar"
                    },
                    {
                        "name": "SI",
                        "type": "varchar"
                    },
                    {
                        "name": "APC",
                        "type": "varchar"
                    },
                    {
                        "name": "RelativeWeight",
                        "type": "varchar"
                    },
                    {
                        "name": "PaymentRate",
                        "type": "varchar"
                    },
                    {
                        "name": "NationalUnadjustedCopayment",
                        "type": "varchar"
                    },
                    {
                        "name": "MinimumUnadjustedCopayment",
                        "type": "varchar"
                    },
                    {
                        "name": "ChangeIndicator",
                        "type": "varchar"
                    },
                    {
                        "name": "AspPriceAndLimitsSIId",
                        "type": "uniqueidentifier"
                    },
                    {
                        "name": "UpdateDateTime",
                        "type": "datetime",
                        "precision": 23,
                        "scale": 3
                    },
                    {
                        "name": "isDelete",
                        "type": "bit"
                    },
                    {
                        "name": "PipelineRunId",
                        "type": "varchar"
                    }
                ],
                "typeProperties": {
                    "schema": "dbo",
                    "table": "AspPriceAndLimits_SI"
                }
            },
            "dependsOn": []
        },
        {
            "name": "[concat(parameters('factoryName'), '/CognativeRx_NoTable_Configurable_copy1')]",
            "type": "Microsoft.DataFactory/factories/datasets",
            "apiVersion": "2018-06-01",
            "properties": {
                "linkedServiceName": {
                    "referenceName": "Ls_MemberTenant_AzureSQL",
                    "type": "LinkedServiceReference",
                    "parameters": {
                        "lsdburl": "@dataset().dsdburl",
                        "lsdbname": "@dataset().dsdbname",
                        "lsdbtenant": "@dataset().dsdbtenant",
                        "lsdbserviceprincipal": "@dataset().dsdbserviceprincipal",
                        "lsdbsecret": "@dataset().dsdbsecret"
                    }
                },
                "parameters": {
                    "dsdburl": {
                        "type": "string",
                        "defaultValue": "@pipeline().parameters.pldburl"
                    },
                    "dsdbname": {
                        "type": "string",
                        "defaultValue": "@pipeline().parameters.pldbname"
                    },
                    "dsdbtenant": {
                        "type": "string",
                        "defaultValue": "@pipeline().parameters.pldbtenant"
                    },
                    "dsdbserviceprincipal": {
                        "type": "string",
                        "defaultValue": "@pipeline().parameters.pldbserviceprincipal"
                    },
                    "dsdbsecret": {
                        "type": "string",
                        "defaultValue": "@pipeline().parameters.pldbsecret"
                    }
                },
                "folder": {
                    "name": "CMS"
                },
                "annotations": [],
                "type": "AzureSqlTable",
                "schema": [],
                "typeProperties": {}
            },
            "dependsOn": []
        },
        {
            "name": "[concat(parameters('factoryName'), '/Cogrx_Roi_Sync_Target')]",
            "type": "Microsoft.DataFactory/factories/datasets",
            "apiVersion": "2018-06-01",
            "properties": {
                "linkedServiceName": {
                    "referenceName": "CognitiveRx_Configurable",
                    "type": "LinkedServiceReference",
                    "parameters": {
                        "KeyVaultSecret": {
                            "value": "@dataset().Dynamicsecret",
                            "type": "Expression"
                        }
                    }
                },
                "parameters": {
                    "Dynamicsecret": {
                        "type": "string"
                    }
                },
                "annotations": [],
                "type": "AzureSqlTable",
                "schema": [],
                "typeProperties": {
                    "schema": "dbo",
                    "table": "roi_information"
                }
            },
            "dependsOn": []
        },
        {
            "name": "[concat(parameters('factoryName'), '/Ds_Roi_sync_itemmaster')]",
            "type": "Microsoft.DataFactory/factories/datasets",
            "apiVersion": "2018-06-01",
            "properties": {
                "linkedServiceName": {
                    "referenceName": "ItemMaster",
                    "type": "LinkedServiceReference"
                },
                "annotations": [],
                "type": "AzureSqlTable",
                "schema": [
                    {
                        "name": "Ndc",
                        "type": "varchar"
                    },
                    {
                        "name": "ROI_Check_Date",
                        "type": "datetime",
                        "precision": 23,
                        "scale": 3
                    },
                    {
                        "name": "ROI_Start_Date",
                        "type": "datetime",
                        "precision": 23,
                        "scale": 3
                    },
                    {
                        "name": "ROI_End_Date",
                        "type": "datetime",
                        "precision": 23,
                        "scale": 3
                    }
                ],
                "typeProperties": {
                    "schema": "dbo",
                    "table": "ROI_Information"
                }
            },
            "dependsOn": []
        },
        {
            "name": "[concat(parameters('factoryName'), '/AzureSqlTable1')]",
            "type": "Microsoft.DataFactory/factories/datasets",
            "apiVersion": "2018-06-01",
            "properties": {
                "linkedServiceName": {
                    "referenceName": "MasterDataSyncControl",
                    "type": "LinkedServiceReference"
                },
                "annotations": [],
                "type": "AzureSqlTable",
                "schema": [
                    {
                        "name": "PremierCustomerSyncId",
                        "type": "int",
                        "precision": 10
                    },
                    {
                        "name": "DataFactory",
                        "type": "varchar"
                    },
                    {
                        "name": "HealthSystemID",
                        "type": "varchar"
                    },
                    {
                        "name": "FacilityDirectParentID",
                        "type": "varchar"
                    },
                    {
                        "name": "Secret",
                        "type": "varchar"
                    },
                    {
                        "name": "DatasetInvoiceCode",
                        "type": "varchar"
                    },
                    {
                        "name": "DatasetPoCode",
                        "type": "varchar"
                    },
                    {
                        "name": "Status",
                        "type": "char"
                    }
                ],
                "typeProperties": {
                    "schema": "SyncControl",
                    "table": "PremierCustomerSync"
                }
            },
            "dependsOn": []
        },
        {
            "name": "[concat(parameters('factoryName'), '/Ds_drug_shortage_sync_itemmaster')]",
            "type": "Microsoft.DataFactory/factories/datasets",
            "apiVersion": "2018-06-01",
            "properties": {
                "linkedServiceName": {
                    "referenceName": "ItemMaster",
                    "type": "LinkedServiceReference"
                },
                "annotations": [],
                "type": "AzureSqlTable",
                "schema": [
                    {
                        "name": "Ndc",
                        "type": "varchar"
                    },
                    {
                        "name": "ROI_Check_Date",
                        "type": "datetime",
                        "precision": 23,
                        "scale": 3
                    },
                    {
                        "name": "ROI_Start_Date",
                        "type": "datetime",
                        "precision": 23,
                        "scale": 3
                    },
                    {
                        "name": "ROI_End_Date",
                        "type": "datetime",
                        "precision": 23,
                        "scale": 3
                    }
                ],
                "typeProperties": {
                    "schema": "dbo",
                    "table": "Drug_shortage_alerts"
                }
            },
            "dependsOn": []
        },
        {
            "name": "[concat(parameters('factoryName'), '/Cogrx_drug_shortage_Sync_Target')]",
            "type": "Microsoft.DataFactory/factories/datasets",
            "apiVersion": "2018-06-01",
            "properties": {
                "linkedServiceName": {
                    "referenceName": "CognitiveRx_Configurable",
                    "type": "LinkedServiceReference",
                    "parameters": {
                        "KeyVaultSecret": {
                            "value": "@dataset().Dynamicsecret",
                            "type": "Expression"
                        }
                    }
                },
                "parameters": {
                    "Dynamicsecret": {
                        "type": "string"
                    }
                },
                "annotations": [],
                "type": "AzureSqlTable",
                "schema": [],
                "typeProperties": {
                    "schema": "dbo",
                    "table": "drug_shortage_alerts"
                }
            },
            "dependsOn": []
        },
        {
            "name": "[concat(parameters('factoryName'), '/PharmacyItemAHFS_Target_Configurable_copy2')]",
            "type": "Microsoft.DataFactory/factories/datasets",
            "apiVersion": "2018-06-01",
            "properties": {
                "linkedServiceName": {
                    "referenceName": "Ls_MemberTenant_AzureSQL",
                    "type": "LinkedServiceReference",
                    "parameters": {
                        "lsdburl": "@dataset().dsdburl",
                        "lsdbname": "@dataset().dsdbname",
                        "lsdbtenant": "@dataset().dsdbtenant",
                        "lsdbserviceprincipal": "@dataset().dsdbserviceprincipal",
                        "lsdbsecret": "@dataset().dsdbsecret"
                    }
                },
                "parameters": {
                    "dsdburl": {
                        "type": "string",
                        "defaultValue": "@pipeline().parameters.pldburl"
                    },
                    "dsdbname": {
                        "type": "string",
                        "defaultValue": "@pipeline().parameters.pldbname"
                    },
                    "dsdbtenant": {
                        "type": "string",
                        "defaultValue": "@pipeline().parameters.pldbtenant"
                    },
                    "dsdbserviceprincipal": {
                        "type": "string",
                        "defaultValue": "@pipeline().parameters.pldbserviceprincipal"
                    },
                    "dsdbsecret": {
                        "type": "string",
                        "defaultValue": "@pipeline().parameters.pldbsecret"
                    }
                },
                "folder": {
                    "name": "Member Tenant Dataset"
                },
                "annotations": [],
                "type": "AzureSqlTable",
                "schema": [
                    {
                        "name": "ItemId",
                        "type": "int",
                        "precision": 10
                    },
                    {
                        "name": "AhfsId",
                        "type": "int",
                        "precision": 10
                    },
                    {
                        "name": "Ndc",
                        "type": "varchar"
                    },
                    {
                        "name": "AhfsCode",
                        "type": "int",
                        "precision": 10
                    },
                    {
                        "name": "Status",
                        "type": "char"
                    },
                    {
                        "name": "ItemMasterItemId",
                        "type": "int",
                        "precision": 10
                    },
                    {
                        "name": "DateAdded",
                        "type": "datetime",
                        "precision": 23,
                        "scale": 3
                    },
                    {
                        "name": "DateChanged",
                        "type": "datetime",
                        "precision": 23,
                        "scale": 3
                    },
                    {
                        "name": "DataSourceId",
                        "type": "int",
                        "precision": 10
                    },
                    {
                        "name": "ItemUId",
                        "type": "uniqueidentifier"
                    }
                ],
                "typeProperties": {
                    "schema": "dbo",
                    "table": "PharmacyItemAhfs_Syncdebug"
                }
            },
            "dependsOn": []
        },
        {
            "name": "[concat(parameters('factoryName'), '/ItemMaster_Target_Configurable_copy2')]",
            "type": "Microsoft.DataFactory/factories/datasets",
            "apiVersion": "2018-06-01",
            "properties": {
                "linkedServiceName": {
                    "referenceName": "Ls_MemberTenant_AzureSQL",
                    "type": "LinkedServiceReference",
                    "parameters": {
                        "lsdburl": "@dataset().dsdburl",
                        "lsdbname": "@dataset().dsdbname",
                        "lsdbtenant": "@dataset().dsdbtenant",
                        "lsdbserviceprincipal": "@dataset().dsdbserviceprincipal",
                        "lsdbsecret": "@dataset().dsdbsecret"
                    }
                },
                "parameters": {
                    "dsdburl": {
                        "type": "string",
                        "defaultValue": "@pipeline().parameters.pldburl"
                    },
                    "dsdbname": {
                        "type": "string",
                        "defaultValue": "@pipeline().parameters.pldbname"
                    },
                    "dsdbtenant": {
                        "type": "string",
                        "defaultValue": "@pipeline().parameters.pldbtenant"
                    },
                    "dsdbserviceprincipal": {
                        "type": "string",
                        "defaultValue": "@pipeline().parameters.pldbserviceprincipal"
                    },
                    "dsdbsecret": {
                        "type": "string",
                        "defaultValue": "@pipeline().parameters.pldbsecret"
                    }
                },
                "folder": {
                    "name": "Member Tenant Dataset"
                },
                "annotations": [],
                "type": "AzureSqlTable",
                "schema": [
                    {
                        "name": "ItemId",
                        "type": "int",
                        "precision": 10
                    },
                    {
                        "name": "ItemTypeId",
                        "type": "int",
                        "precision": 10
                    },
                    {
                        "name": "ItemCode",
                        "type": "varchar"
                    },
                    {
                        "name": "ItemDescription",
                        "type": "varchar"
                    },
                    {
                        "name": "MfrId",
                        "type": "int",
                        "precision": 10
                    },
                    {
                        "name": "Gtin",
                        "type": "bigint",
                        "precision": 19
                    },
                    {
                        "name": "ItemMasterItemId",
                        "type": "int",
                        "precision": 10
                    },
                    {
                        "name": "DateAdded",
                        "type": "datetime",
                        "precision": 23,
                        "scale": 3
                    },
                    {
                        "name": "DateChanged",
                        "type": "datetime",
                        "precision": 23,
                        "scale": 3
                    },
                    {
                        "name": "ItemUId",
                        "type": "uniqueidentifier"
                    },
                    {
                        "name": "DataSourceId",
                        "type": "int",
                        "precision": 10
                    }
                ],
                "typeProperties": {
                    "schema": "dbo",
                    "table": "ItemMaster_syncdebug"
                }
            },
            "dependsOn": []
        },
        {
            "name": "[concat(parameters('factoryName'), '/NdcIngredients_Target_Configuration_copy2')]",
            "type": "Microsoft.DataFactory/factories/datasets",
            "apiVersion": "2018-06-01",
            "properties": {
                "linkedServiceName": {
                    "referenceName": "Ls_MemberTenant_AzureSQL",
                    "type": "LinkedServiceReference",
                    "parameters": {
                        "lsdburl": "@dataset().dsdburl",
                        "lsdbname": "@dataset().dsdbname",
                        "lsdbtenant": "@dataset().dsdbtenant",
                        "lsdbserviceprincipal": "@dataset().dsdbserviceprincipal",
                        "lsdbsecret": "@dataset().dsdbsecret"
                    }
                },
                "parameters": {
                    "dsdburl": {
                        "type": "string",
                        "defaultValue": "@pipeline().parameters.pldburl"
                    },
                    "dsdbname": {
                        "type": "string",
                        "defaultValue": "@pipeline().parameters.pldbname"
                    },
                    "dsdbtenant": {
                        "type": "string",
                        "defaultValue": "@pipeline().parameters.pldbtenant"
                    },
                    "dsdbserviceprincipal": {
                        "type": "string",
                        "defaultValue": "@pipeline().parameters.pldbserviceprincipal"
                    },
                    "dsdbsecret": {
                        "type": "string",
                        "defaultValue": "@pipeline().parameters.pldbsecret"
                    }
                },
                "folder": {
                    "name": "Member Tenant Dataset"
                },
                "annotations": [],
                "type": "AzureSqlTable",
                "schema": [
                    {
                        "name": "ItemId",
                        "type": "int",
                        "precision": 10
                    },
                    {
                        "name": "Ndc",
                        "type": "varchar"
                    },
                    {
                        "name": "IngredientDrugName",
                        "type": "varchar"
                    },
                    {
                        "name": "IngredientStrengthValue",
                        "type": "decimal",
                        "precision": 13,
                        "scale": 5
                    },
                    {
                        "name": "IngredientStengthUom",
                        "type": "varchar"
                    },
                    {
                        "name": "ItemUId",
                        "type": "uniqueidentifier"
                    }
                ],
                "typeProperties": {
                    "schema": "ItemMaster",
                    "table": "NdcIngredientsdebugissue"
                }
            },
            "dependsOn": []
        },
        {
            "name": "[concat(parameters('factoryName'), '/PharmacyItem_Target_Configurable_copy2')]",
            "type": "Microsoft.DataFactory/factories/datasets",
            "apiVersion": "2018-06-01",
            "properties": {
                "linkedServiceName": {
                    "referenceName": "Ls_MemberTenant_AzureSQL",
                    "type": "LinkedServiceReference",
                    "parameters": {
                        "lsdburl": "@dataset().dsdburl",
                        "lsdbname": "@dataset().dsdbname",
                        "lsdbtenant": "@dataset().dsdbtenant",
                        "lsdbserviceprincipal": "@dataset().dsdbserviceprincipal",
                        "lsdbsecret": "@dataset().dsdbsecret"
                    }
                },
                "parameters": {
                    "dsdburl": {
                        "type": "string",
                        "defaultValue": "@pipeline().parameters.pldburl"
                    },
                    "dsdbname": {
                        "type": "string",
                        "defaultValue": "@pipeline().parameters.pldbname"
                    },
                    "dsdbtenant": {
                        "type": "string",
                        "defaultValue": "@pipeline().parameters.pldbtenant"
                    },
                    "dsdbserviceprincipal": {
                        "type": "string",
                        "defaultValue": "@pipeline().parameters.pldbserviceprincipal"
                    },
                    "dsdbsecret": {
                        "type": "string",
                        "defaultValue": "@pipeline().parameters.pldbsecret"
                    }
                },
                "folder": {
                    "name": "Member Tenant Dataset"
                },
                "annotations": [],
                "type": "AzureSqlTable",
                "schema": [
                    {
                        "name": "ItemId",
                        "type": "int",
                        "precision": 10
                    },
                    {
                        "name": "ItemDescription",
                        "type": "varchar"
                    },
                    {
                        "name": "ItemShortDescription",
                        "type": "varchar"
                    },
                    {
                        "name": "Gtin",
                        "type": "bigint",
                        "precision": 19
                    },
                    {
                        "name": "Ndc",
                        "type": "varchar"
                    },
                    {
                        "name": "Ndc10",
                        "type": "varchar"
                    },
                    {
                        "name": "Ndc11",
                        "type": "varchar"
                    },
                    {
                        "name": "Ndc9",
                        "type": "char"
                    },
                    {
                        "name": "NdcFormatCode",
                        "type": "int",
                        "precision": 10
                    },
                    {
                        "name": "PreviousNdc",
                        "type": "varchar"
                    },
                    {
                        "name": "ReplacedByNdc",
                        "type": "varchar"
                    },
                    {
                        "name": "CasePack",
                        "type": "char"
                    },
                    {
                        "name": "PackageSize",
                        "type": "decimal",
                        "precision": 8,
                        "scale": 3
                    },
                    {
                        "name": "PackageDescription",
                        "type": "varchar"
                    },
                    {
                        "name": "DrugStrength",
                        "type": "varchar"
                    },
                    {
                        "name": "DrugStrengthUom",
                        "type": "varchar"
                    },
                    {
                        "name": "IsGenericDrug",
                        "type": "bit"
                    },
                    {
                        "name": "DrugName",
                        "type": "varchar"
                    },
                    {
                        "name": "Ingredients",
                        "type": "varchar"
                    },
                    {
                        "name": "BrandNameTypeId",
                        "type": "int",
                        "precision": 10
                    },
                    {
                        "name": "UnitDoseId",
                        "type": "int",
                        "precision": 10
                    },
                    {
                        "name": "DosageFormId",
                        "type": "int",
                        "precision": 10
                    },
                    {
                        "name": "IsItemMultiSourced",
                        "type": "bit"
                    },
                    {
                        "name": "StorageConditionId",
                        "type": "int",
                        "precision": 10
                    },
                    {
                        "name": "RxNormNumber",
                        "type": "varchar"
                    },
                    {
                        "name": "IsItemRepackaged",
                        "type": "bit"
                    },
                    {
                        "name": "IsItemHazardouMaterial",
                        "type": "bit"
                    },
                    {
                        "name": "LabelerId",
                        "type": "int",
                        "precision": 10
                    },
                    {
                        "name": "MfrId",
                        "type": "int",
                        "precision": 10
                    },
                    {
                        "name": "DeaClassId",
                        "type": "int",
                        "precision": 10
                    },
                    {
                        "name": "OrangeBookId",
                        "type": "int",
                        "precision": 10
                    },
                    {
                        "name": "PackageSizeUomId",
                        "type": "int",
                        "precision": 10
                    },
                    {
                        "name": "UnitOfMeasureId",
                        "type": "int",
                        "precision": 10
                    },
                    {
                        "name": "PurpleBookId",
                        "type": "int",
                        "precision": 10
                    },
                    {
                        "name": "GPI",
                        "type": "varchar"
                    },
                    {
                        "name": "TypeOfBrandDesciption",
                        "type": "varchar"
                    },
                    {
                        "name": "ItemMasterItemId",
                        "type": "int",
                        "precision": 10
                    },
                    {
                        "name": "DrugDescriptorId",
                        "type": "int",
                        "precision": 10
                    },
                    {
                        "name": "BioEquivalenceId",
                        "type": "int",
                        "precision": 10
                    },
                    {
                        "name": "DateAdded",
                        "type": "datetime",
                        "precision": 23,
                        "scale": 3
                    },
                    {
                        "name": "DateChanged",
                        "type": "datetime",
                        "precision": 23,
                        "scale": 3
                    },
                    {
                        "name": "DataSourceId",
                        "type": "int",
                        "precision": 10
                    },
                    {
                        "name": "Manufacturer",
                        "type": "varchar"
                    },
                    {
                        "name": "EqKey",
                        "type": "varchar"
                    },
                    {
                        "name": "PricingKey",
                        "type": "varchar"
                    },
                    {
                        "name": "PharmaceuticalEqKey",
                        "type": "varchar"
                    },
                    {
                        "name": "BioEqKey",
                        "type": "varchar"
                    },
                    {
                        "name": "TherapeuticEqKey",
                        "type": "varchar"
                    },
                    {
                        "name": "DirectEqKey",
                        "type": "varchar"
                    },
                    {
                        "name": "isDiscontinued",
                        "type": "bit"
                    },
                    {
                        "name": "ItemUId",
                        "type": "uniqueidentifier"
                    },
                    {
                        "name": "GPIDrugNameCode",
                        "type": "varchar"
                    },
                    {
                        "name": "GpiDrugName",
                        "type": "varchar"
                    }
                ],
                "typeProperties": {
                    "schema": "dbo",
                    "table": "PharmacyItemdebugissue"
                }
            },
            "dependsOn": []
        },
        {
            "name": "[concat(parameters('factoryName'), '/AzureSqlTable2')]",
            "type": "Microsoft.DataFactory/factories/datasets",
            "apiVersion": "2018-06-01",
            "properties": {
                "linkedServiceName": {
                    "referenceName": "CognitiveRx",
                    "type": "LinkedServiceReference"
                },
                "annotations": [],
                "type": "AzureSqlTable",
                "schema": [
                    {
                        "name": "MfrId",
                        "type": "int",
                        "precision": 10
                    },
                    {
                        "name": "MfrName",
                        "type": "varchar"
                    },
                    {
                        "name": "MfrShortName",
                        "type": "varchar"
                    },
                    {
                        "name": "DateAdded",
                        "type": "datetime",
                        "precision": 23,
                        "scale": 3
                    },
                    {
                        "name": "DateChanged",
                        "type": "datetime",
                        "precision": 23,
                        "scale": 3
                    },
                    {
                        "name": "ItemMasterMfrId",
                        "type": "int",
                        "precision": 10
                    },
                    {
                        "name": "DataSourceId",
                        "type": "int",
                        "precision": 10
                    }
                ],
                "typeProperties": {
                    "schema": "dbo",
                    "table": "ImportFileIDMapping"
                }
            },
            "dependsOn": []
        },
        {
            "name": "[concat(parameters('factoryName'), '/AzureSqlTable3')]",
            "type": "Microsoft.DataFactory/factories/datasets",
            "apiVersion": "2018-06-01",
            "properties": {
                "linkedServiceName": {
                    "referenceName": "Ls_MemberTenant_NonParm",
                    "type": "LinkedServiceReference"
                },
                "annotations": [],
                "type": "AzureSqlTable",
                "schema": [],
                "typeProperties": {
                    "schema": "dbo",
                    "table": "ImportFileIDMapping"
                }
            },
            "dependsOn": []
        },
        {
            "name": "[concat(parameters('factoryName'), '/UnspscMaster_Target_Configurable_copy2')]",
            "type": "Microsoft.DataFactory/factories/datasets",
            "apiVersion": "2018-06-01",
            "properties": {
                "linkedServiceName": {
                    "referenceName": "Ls_MemberTenant_AzureSQL",
                    "type": "LinkedServiceReference",
                    "parameters": {
                        "lsdburl": {
                            "value": "@dataset().dsdburl",
                            "type": "Expression"
                        },
                        "lsdbname": {
                            "value": "@dataset().dsdbname",
                            "type": "Expression"
                        },
                        "lsdbtenant": {
                            "value": "@dataset().dsdbtenant",
                            "type": "Expression"
                        },
                        "lsdbserviceprincipal": {
                            "value": "@dataset().dsdbserviceprincipal",
                            "type": "Expression"
                        },
                        "lsdbsecret": {
                            "value": "@dataset().dsdbsecret",
                            "type": "Expression"
                        }
                    }
                },
                "parameters": {
                    "dsdburl": {
                        "type": "string"
                    },
                    "dsdbname": {
                        "type": "string"
                    },
                    "dsdbtenant": {
                        "type": "string"
                    },
                    "dsdbserviceprincipal": {
                        "type": "string"
                    },
                    "dsdbsecret": {
                        "type": "string"
                    }
                },
                "annotations": [],
                "type": "AzureSqlTable",
                "schema": [
                    {
                        "name": "UnspscId",
                        "type": "int",
                        "precision": 10
                    },
                    {
                        "name": "Code",
                        "type": "char"
                    },
                    {
                        "name": "Description",
                        "type": "nvarchar"
                    },
                    {
                        "name": "UnspscType",
                        "type": "char"
                    },
                    {
                        "name": "UnspscTypeId",
                        "type": "int",
                        "precision": 10
                    },
                    {
                        "name": "Version",
                        "type": "varchar"
                    },
                    {
                        "name": "DateAdded",
                        "type": "datetime",
                        "precision": 23,
                        "scale": 3
                    },
                    {
                        "name": "DateChanged",
                        "type": "datetime",
                        "precision": 23,
                        "scale": 3
                    }
                ],
                "typeProperties": {
                    "schema": "ItemMaster",
                    "table": "UnspscMaster"
                }
            },
            "dependsOn": []
        },
        {
            "name": "[concat(parameters('factoryName'), '/UnspscType_Target_Configurable_copy2')]",
            "type": "Microsoft.DataFactory/factories/datasets",
            "apiVersion": "2018-06-01",
            "properties": {
                "linkedServiceName": {
                    "referenceName": "Ls_MemberTenant_AzureSQL",
                    "type": "LinkedServiceReference",
                    "parameters": {
                        "lsdburl": {
                            "value": "@dataset().dsdburl",
                            "type": "Expression"
                        },
                        "lsdbname": {
                            "value": "@dataset().dsdbname",
                            "type": "Expression"
                        },
                        "lsdbtenant": {
                            "value": "@dataset().dsdbtenant",
                            "type": "Expression"
                        },
                        "lsdbserviceprincipal": {
                            "value": "@dataset().dsdbserviceprincipal",
                            "type": "Expression"
                        },
                        "lsdbsecret": {
                            "value": "@dataset().dsdbsecret",
                            "type": "Expression"
                        }
                    }
                },
                "parameters": {
                    "dsdburl": {
                        "type": "string"
                    },
                    "dsdbname": {
                        "type": "string"
                    },
                    "dsdbtenant": {
                        "type": "string"
                    },
                    "dsdbserviceprincipal": {
                        "type": "string"
                    },
                    "dsdbsecret": {
                        "type": "string"
                    }
                },
                "annotations": [],
                "type": "AzureSqlTable",
                "schema": [
                    {
                        "name": "UnspscTypeId",
                        "type": "int",
                        "precision": 10
                    },
                    {
                        "name": "UnspscType",
                        "type": "char"
                    },
                    {
                        "name": "UnspscTypeDescription",
                        "type": "varchar"
                    },
                    {
                        "name": "UnspscLevel",
                        "type": "int",
                        "precision": 10
                    }
                ],
                "typeProperties": {
                    "schema": "ItemMaster",
                    "table": "UnspscType"
                }
            },
            "dependsOn": []
        },
        {
            "name": "[concat(parameters('factoryName'), '/Cogrx_Buyins_Sync_Target')]",
            "type": "Microsoft.DataFactory/factories/datasets",
            "apiVersion": "2018-06-01",
            "properties": {
                "linkedServiceName": {
                    "referenceName": "CognitiveRx_Configurable",
                    "type": "LinkedServiceReference",
                    "parameters": {
                        "KeyVaultSecret": {
                            "value": "@dataset().Dynamicsecret",
                            "type": "Expression"
                        }
                    }
                },
                "parameters": {
                    "Dynamicsecret": {
                        "type": "string"
                    }
                },
                "annotations": [],
                "type": "AzureSqlTable",
                "schema": [],
                "typeProperties": {
                    "schema": "Predictive",
                    "table": "NationalPricePrediction"
                }
            },
            "dependsOn": []
        },
        {
            "name": "[concat(parameters('factoryName'), '/Ds_Buyins_sync_itemmaster')]",
            "type": "Microsoft.DataFactory/factories/datasets",
            "apiVersion": "2018-06-01",
            "properties": {
                "linkedServiceName": {
                    "referenceName": "ItemMaster",
                    "type": "LinkedServiceReference"
                },
                "annotations": [],
                "type": "AzureSqlTable",
                "schema": [
                    {
                        "name": "Ndc",
                        "type": "varchar"
                    },
                    {
                        "name": "ROI_Check_Date",
                        "type": "datetime",
                        "precision": 23,
                        "scale": 3
                    },
                    {
                        "name": "ROI_Start_Date",
                        "type": "datetime",
                        "precision": 23,
                        "scale": 3
                    },
                    {
                        "name": "ROI_End_Date",
                        "type": "datetime",
                        "precision": 23,
                        "scale": 3
                    }
                ],
                "typeProperties": {
                    "schema": "Predictive",
                    "table": "NationalPricePrediction"
                }
            },
            "dependsOn": []
        },
        {
            "name": "[concat(parameters('factoryName'), '/Cogrx_drug_shortage_Sync_Target_Mem_Ten')]",
            "type": "Microsoft.DataFactory/factories/datasets",
            "apiVersion": "2018-06-01",
            "properties": {
                "linkedServiceName": {
                    "referenceName": "Ls_MemberTenant_AzureSQL",
                    "type": "LinkedServiceReference",
                    "parameters": {
                        "lsdburl": {
                            "value": "@dataset().dsdburl",
                            "type": "Expression"
                        },
                        "lsdbname": {
                            "value": "@dataset().dsdbname",
                            "type": "Expression"
                        },
                        "lsdbtenant": {
                            "value": "@dataset().dsdbtenant",
                            "type": "Expression"
                        },
                        "lsdbserviceprincipal": {
                            "value": "@dataset().dsdbserviceprincipal",
                            "type": "Expression"
                        },
                        "lsdbsecret": {
                            "value": "@dataset().dsdbsecret",
                            "type": "Expression"
                        }
                    }
                },
                "parameters": {
                    "dsdburl": {
                        "type": "string"
                    },
                    "dsdbname": {
                        "type": "string"
                    },
                    "dsdbtenant": {
                        "type": "string"
                    },
                    "dsdbserviceprincipal": {
                        "type": "string"
                    },
                    "dsdbsecret": {
                        "type": "string"
                    }
                },
                "annotations": [],
                "type": "AzureSqlTable",
                "schema": [],
                "typeProperties": {
                    "schema": "dbo",
                    "table": "drug_shortage_alerts"
                }
            },
            "dependsOn": []
        },
        {
            "name": "[concat(parameters('factoryName'), '/Cogrx_buyins_Sync_Target_Mem_Ten_copy1')]",
            "type": "Microsoft.DataFactory/factories/datasets",
            "apiVersion": "2018-06-01",
            "properties": {
                "linkedServiceName": {
                    "referenceName": "Ls_MemberTenant_AzureSQL",
                    "type": "LinkedServiceReference",
                    "parameters": {
                        "lsdburl": {
                            "value": "@dataset().dsdburl",
                            "type": "Expression"
                        },
                        "lsdbname": {
                            "value": "@dataset().dsdbname",
                            "type": "Expression"
                        },
                        "lsdbtenant": {
                            "value": "@dataset().dsdbtenant",
                            "type": "Expression"
                        },
                        "lsdbserviceprincipal": {
                            "value": "@dataset().dsdbserviceprincipal",
                            "type": "Expression"
                        },
                        "lsdbsecret": {
                            "value": "@dataset().dsdbsecret",
                            "type": "Expression"
                        }
                    }
                },
                "parameters": {
                    "dsdburl": {
                        "type": "string"
                    },
                    "dsdbname": {
                        "type": "string"
                    },
                    "dsdbtenant": {
                        "type": "string"
                    },
                    "dsdbserviceprincipal": {
                        "type": "string"
                    },
                    "dsdbsecret": {
                        "type": "string"
                    }
                },
                "annotations": [],
                "type": "AzureSqlTable",
                "schema": [],
                "typeProperties": {
                    "schema": "predictive",
                    "table": "NationalPricePrediction"
                }
            },
            "dependsOn": []
        },
        {
            "name": "[concat(parameters('factoryName'), '/itemmaster_price_prediction_accuracy_source')]",
            "type": "Microsoft.DataFactory/factories/datasets",
            "apiVersion": "2018-06-01",
            "properties": {
                "linkedServiceName": {
                    "referenceName": "ItemMaster",
                    "type": "LinkedServiceReference"
                },
                "annotations": [],
                "type": "AzureSqlTable",
                "schema": [
                    {
                        "name": "UpdatedDateTime",
                        "type": "datetime",
                        "precision": 23,
                        "scale": 3
                    },
                    {
                        "name": "OverallAccuracyPct",
                        "type": "float",
                        "precision": 15
                    }
                ],
                "typeProperties": {
                    "schema": "accuracy",
                    "table": "national_price_prediction"
                }
            },
            "dependsOn": []
        }
    ]
}