{
    "$schema": "http://schema.management.azure.com/schemas/2015-01-01/deploymentTemplate.json#",
    "contentVersion": "1.0.0.0",
    "parameters": {
        "factoryName": {
            "type": "string",
            "metadata": "Data Factory name",
            "defaultValue": "adf-ItemMasterDataSync-prod"
        }
    },
    "variables": {
        "factoryId": "[concat('Microsoft.DataFactory/factories/', parameters('factoryName'))]"
    },
    "resources": [
        {
            "name": "[concat(parameters('factoryName'), '/RecallV2ProductType_copy1')]",
            "type": "Microsoft.DataFactory/factories/dataflows",
            "apiVersion": "2018-06-01",
            "properties": {
                "folder": {
                    "name": "FdaRecallV2/FdaRecallV2-Mem"
                },
                "type": "MappingDataFlow",
                "typeProperties": {
                    "sources": [
                        {
                            "dataset": {
                                "referenceName": "RecallV2ProductTypeSource",
                                "type": "DatasetReference"
                            },
                            "name": "RecallV2ProductTypeSource"
                        }
                    ],
                    "sinks": [
                        {
                            "dataset": {
                                "referenceName": "RecallV2ProductTypeTarget_copy1",
                                "type": "DatasetReference"
                            },
                            "name": "RecallV2ProductType"
                        }
                    ],
                    "transformations": [
                        {
                            "name": "AlterRow1"
                        }
                    ],
                    "script": "source(output(\n\t\tRecallProductTypeId as integer,\n\t\tRecallId as integer,\n\t\tRecallNumber as string,\n\t\tFdaEventId as string,\n\t\tProductType as string,\n\t\tDateAdded as timestamp,\n\t\tDateChanged as timestamp,\n\t\tPipelineRunId as string,\n\t\tImportedDate as timestamp,\n\t\tStatus as string\n\t),\n\tallowSchemaDrift: true,\n\tvalidateSchema: false,\n\tisolationLevel: 'READ_UNCOMMITTED',\n\tformat: 'table') ~> RecallV2ProductTypeSource\nRecallV2ProductTypeSource alterRow(upsertIf(true())) ~> AlterRow1\nAlterRow1 sink(allowSchemaDrift: true,\n\tvalidateSchema: false,\n\tinput(\n\t\tRecallProductTypeId as integer,\n\t\tRecallId as integer,\n\t\tRecallNumber as string,\n\t\tFdaEventId as string,\n\t\tProductType as string,\n\t\tDateAdded as timestamp,\n\t\tDateChanged as timestamp,\n\t\tPipelineRunId as string,\n\t\tImportedDate as timestamp,\n\t\tStatus as string\n\t),\n\tdeletable:false,\n\tinsertable:false,\n\tupdateable:false,\n\tupsertable:true,\n\tkeys:['RecallProductTypeId'],\n\tformat: 'table',\n\tpreSQLs:['SET IDENTITY_INSERT  [Fda].[RecallV2ProductType] ON'],\n\tskipDuplicateMapInputs: true,\n\tskipDuplicateMapOutputs: true,\n\terrorHandlingOption: 'stopOnFirstError') ~> RecallV2ProductType"
                }
            },
            "dependsOn": []
        },
        {
            "name": "[concat(parameters('factoryName'), '/FdaPatentUseCodes_SingleSink_DF_copy1')]",
            "type": "Microsoft.DataFactory/factories/dataflows",
            "apiVersion": "2018-06-01",
            "properties": {
                "folder": {
                    "name": "FDA/FDA-Mem"
                },
                "type": "MappingDataFlow",
                "typeProperties": {
                    "sources": [
                        {
                            "dataset": {
                                "referenceName": "FdaPatentUseCodes_Source_New1",
                                "type": "DatasetReference"
                            },
                            "name": "source1"
                        }
                    ],
                    "sinks": [
                        {
                            "dataset": {
                                "referenceName": "FdaPatentUseCodes_Target_Configurable",
                                "type": "DatasetReference"
                            },
                            "name": "sink1"
                        }
                    ],
                    "transformations": [
                        {
                            "name": "AlterRow1"
                        }
                    ],
                    "script": "source(output(\n\t\tPatentUseId as integer,\n\t\tPatentUseCode as string,\n\t\tPatentUseDescription as string\n\t),\n\tallowSchemaDrift: true,\n\tvalidateSchema: false,\n\tisolationLevel: 'READ_UNCOMMITTED',\n\tformat: 'table') ~> source1\nsource1 alterRow(upsertIf(true())) ~> AlterRow1\nAlterRow1 sink(allowSchemaDrift: true,\n\tvalidateSchema: false,\n\tinput(\n\t\tPatentUseId as integer,\n\t\tPatentUseCode as string,\n\t\tPatentUseDescription as string\n\t),\n\tdeletable:false,\n\tinsertable:false,\n\tupdateable:false,\n\tupsertable:true,\n\tkeys:['PatentUseId'],\n\tformat: 'table',\n\tskipDuplicateMapInputs: true,\n\tskipDuplicateMapOutputs: true,\n\terrorHandlingOption: 'stopOnFirstError',\n\tmapColumn(\n\t\tPatentUseId,\n\t\tPatentUseCode,\n\t\tPatentUseDescription\n\t)) ~> sink1"
                }
            },
            "dependsOn": []
        },
        {
            "name": "[concat(parameters('factoryName'), '/FdaProductExclusivity_SingleSink_DF_copy1')]",
            "type": "Microsoft.DataFactory/factories/dataflows",
            "apiVersion": "2018-06-01",
            "properties": {
                "folder": {
                    "name": "FDA/FDA-Mem"
                },
                "type": "MappingDataFlow",
                "typeProperties": {
                    "sources": [
                        {
                            "dataset": {
                                "referenceName": "FdaProductExclusivity_Source_New1",
                                "type": "DatasetReference"
                            },
                            "name": "FdaProductExclusivitySource"
                        },
                        {
                            "dataset": {
                                "referenceName": "ItemMaster_Join_Configurable",
                                "type": "DatasetReference"
                            },
                            "name": "ItemMasterSource"
                        }
                    ],
                    "sinks": [
                        {
                            "dataset": {
                                "referenceName": "FdaProductExclusivity_Target_Configurable",
                                "type": "DatasetReference"
                            },
                            "name": "sink1"
                        }
                    ],
                    "transformations": [
                        {
                            "name": "AlterRow1"
                        },
                        {
                            "name": "Join1"
                        }
                    ],
                    "script": "parameters{\n\tFullLoad as string ('false')\n}\nsource(output(\n\t\tFdaProductExclusivityUId as string,\n\t\tNDC as string,\n\t\tItemUId as string,\n\t\tApplicationNumber as string,\n\t\tProductNumber as string,\n\t\tExclusivityId as integer,\n\t\tExclusivityDate as date,\n\t\tDateAdded as timestamp,\n\t\tDateChanged as timestamp,\n\t\tStatus as string,\n\t\tDataSourceId as integer\n\t),\n\tallowSchemaDrift: true,\n\tvalidateSchema: false,\n\tisolationLevel: 'READ_UNCOMMITTED',\n\tquery: (iif(lower($FullLoad) == 'true','select * from [Sync].[vw_FdaProductExclusivity]','select * from [Sync].[vw_FdaProductExclusivity] WHERE (DateChanged > DATEADD(d, - 10, GETDATE()))')),\n\tformat: 'query') ~> FdaProductExclusivitySource\nsource(output(\n\t\tItemId as integer,\n\t\tItemTypeId as integer,\n\t\tItemCode as string,\n\t\tItemDescription as string,\n\t\tMfrId as integer,\n\t\tGtin as long,\n\t\tItemMasterItemId as integer,\n\t\tDateAdded as timestamp,\n\t\tDateChanged as timestamp,\n\t\tItemUId as string,\n\t\tDataSourceId as integer\n\t),\n\tallowSchemaDrift: true,\n\tvalidateSchema: false,\n\tisolationLevel: 'READ_UNCOMMITTED',\n\tformat: 'table') ~> ItemMasterSource\nJoin1 alterRow(upsertIf(true())) ~> AlterRow1\nFdaProductExclusivitySource, ItemMasterSource join(FdaProductExclusivitySource@ItemUId == ItemMasterSource@ItemUId,\n\tjoinType:'inner',\n\tmatchType:'exact',\n\tignoreSpaces: false,\n\tbroadcast: 'auto')~> Join1\nAlterRow1 sink(allowSchemaDrift: true,\n\tvalidateSchema: false,\n\tinput(\n\t\tFdaProductExclusivityId as integer,\n\t\tFdaProductExclusivityUId as string,\n\t\tNDC as string,\n\t\tItemId as integer,\n\t\tApplicationNumber as string,\n\t\tProductNumber as string,\n\t\tExclusivityId as integer,\n\t\tExclusivityDate as date,\n\t\tDateAdded as timestamp,\n\t\tDateChanged as timestamp,\n\t\tStatus as string,\n\t\tItemUId as string,\n\t\tDataSourceId as integer\n\t),\n\tdeletable:false,\n\tinsertable:false,\n\tupdateable:false,\n\tupsertable:true,\n\tkeys:['FdaProductExclusivityUId'],\n\tformat: 'table',\n\tskipDuplicateMapInputs: true,\n\tskipDuplicateMapOutputs: true,\n\terrorHandlingOption: 'stopOnFirstError',\n\tmapColumn(\n\t\tFdaProductExclusivityUId,\n\t\tNDC,\n\t\tItemId,\n\t\tItemUId = FdaProductExclusivitySource@ItemUId,\n\t\tApplicationNumber,\n\t\tProductNumber,\n\t\tExclusivityId,\n\t\tExclusivityDate,\n\t\tDateAdded = FdaProductExclusivitySource@DateAdded,\n\t\tDateChanged = FdaProductExclusivitySource@DateChanged,\n\t\tStatus,\n\t\tDataSourceId = FdaProductExclusivitySource@DataSourceId\n\t)) ~> sink1"
                }
            },
            "dependsOn": []
        },
        {
            "name": "[concat(parameters('factoryName'), '/FdaExclusivityCodes_SingleSink_DF_copy1')]",
            "type": "Microsoft.DataFactory/factories/dataflows",
            "apiVersion": "2018-06-01",
            "properties": {
                "folder": {
                    "name": "FDA/FDA-Mem"
                },
                "type": "MappingDataFlow",
                "typeProperties": {
                    "sources": [
                        {
                            "dataset": {
                                "referenceName": "FdaExclusivityCodes_Source_New1",
                                "type": "DatasetReference"
                            },
                            "name": "source1"
                        }
                    ],
                    "sinks": [
                        {
                            "dataset": {
                                "referenceName": "FdaExclusivityCodes_Target_Configurable",
                                "type": "DatasetReference"
                            },
                            "name": "sink1"
                        }
                    ],
                    "transformations": [
                        {
                            "name": "AlterRow1"
                        }
                    ],
                    "script": "source(output(\n\t\tExclusivityId as integer,\n\t\tExclusivityCode as string,\n\t\tExclusivityDefinition as string\n\t),\n\tallowSchemaDrift: true,\n\tvalidateSchema: false,\n\tisolationLevel: 'READ_UNCOMMITTED',\n\tformat: 'table') ~> source1\nsource1 alterRow(upsertIf(true())) ~> AlterRow1\nAlterRow1 sink(allowSchemaDrift: true,\n\tvalidateSchema: false,\n\tinput(\n\t\tExclusivityId as integer,\n\t\tExclusivityCode as string,\n\t\tExclusivityDefinition as string\n\t),\n\tdeletable:false,\n\tinsertable:false,\n\tupdateable:false,\n\tupsertable:true,\n\tkeys:['ExclusivityId'],\n\tformat: 'table',\n\tskipDuplicateMapInputs: true,\n\tskipDuplicateMapOutputs: true,\n\terrorHandlingOption: 'stopOnFirstError',\n\tmapColumn(\n\t\tExclusivityId,\n\t\tExclusivityCode,\n\t\tExclusivityDefinition\n\t)) ~> sink1"
                }
            },
            "dependsOn": []
        },
        {
            "name": "[concat(parameters('factoryName'), '/FdaProductApplications_SingleSink_DF_copy1')]",
            "type": "Microsoft.DataFactory/factories/dataflows",
            "apiVersion": "2018-06-01",
            "properties": {
                "folder": {
                    "name": "FDA/FDA-Mem"
                },
                "type": "MappingDataFlow",
                "typeProperties": {
                    "sources": [
                        {
                            "dataset": {
                                "referenceName": "FdaProductApplications_Source_New1",
                                "type": "DatasetReference"
                            },
                            "name": "FdaProductApplicationsSource"
                        },
                        {
                            "dataset": {
                                "referenceName": "ItemMaster_Join_Configurable",
                                "type": "DatasetReference"
                            },
                            "name": "ItemMasterSource"
                        }
                    ],
                    "sinks": [
                        {
                            "dataset": {
                                "referenceName": "FdaProductApplications_Target_Configurable",
                                "type": "DatasetReference"
                            },
                            "name": "sink1"
                        }
                    ],
                    "transformations": [
                        {
                            "name": "AlterRow1"
                        },
                        {
                            "name": "Join1"
                        }
                    ],
                    "script": "parameters{\n\tFullLoad as string ('false')\n}\nsource(output(\n\t\tFdaProductApplicationsUId as string,\n\t\tNDC as string,\n\t\tItemUId as string,\n\t\tApplicationNumber as string,\n\t\tProductNumber as string,\n\t\tIngredient as string,\n\t\tPropietaryName as string,\n\t\tDosageFormRouteofAdmin as string,\n\t\tStrength as string,\n\t\tReferenceListedDrug as boolean,\n\t\tReferenceStandard as boolean,\n\t\tApprovalDate as date,\n\t\tApplicantHolder as string,\n\t\tMarketingStatus as string,\n\t\tDateAdded as timestamp,\n\t\tDateChanged as timestamp,\n\t\tStatus as string,\n\t\tDataSourceId as integer\n\t),\n\tallowSchemaDrift: true,\n\tvalidateSchema: false,\n\tisolationLevel: 'READ_UNCOMMITTED',\n\tquery: (iif(lower($FullLoad) == 'true','select * from [Sync].[vw_FdaProductApplications]','select * from [Sync].[vw_FdaProductApplications] WHERE (DateChanged > DATEADD(d, - 10, GETDATE()))')),\n\tformat: 'query') ~> FdaProductApplicationsSource\nsource(output(\n\t\tItemId as integer,\n\t\tItemTypeId as integer,\n\t\tItemCode as string,\n\t\tItemDescription as string,\n\t\tMfrId as integer,\n\t\tGtin as long,\n\t\tItemMasterItemId as integer,\n\t\tDateAdded as timestamp,\n\t\tDateChanged as timestamp,\n\t\tItemUId as string,\n\t\tDataSourceId as integer\n\t),\n\tallowSchemaDrift: true,\n\tvalidateSchema: false,\n\tisolationLevel: 'READ_UNCOMMITTED',\n\tformat: 'table') ~> ItemMasterSource\nJoin1 alterRow(upsertIf(true())) ~> AlterRow1\nFdaProductApplicationsSource, ItemMasterSource join(FdaProductApplicationsSource@ItemUId == ItemMasterSource@ItemUId,\n\tjoinType:'inner',\n\tmatchType:'exact',\n\tignoreSpaces: false,\n\tbroadcast: 'auto')~> Join1\nAlterRow1 sink(allowSchemaDrift: true,\n\tvalidateSchema: false,\n\tinput(\n\t\tFdaProductApplicationsId as integer,\n\t\tFdaProductApplicationsUId as string,\n\t\tNDC as string,\n\t\tItemId as integer,\n\t\tApplicationNumber as string,\n\t\tProductNumber as string,\n\t\tIngredient as string,\n\t\tPropietaryName as string,\n\t\tDosageFormRouteofAdmin as string,\n\t\tStrength as string,\n\t\tReferenceListedDrug as boolean,\n\t\tReferenceStandard as boolean,\n\t\tApprovalDate as date,\n\t\tApplicantHolder as string,\n\t\tMarketingStatus as string,\n\t\tDateAdded as timestamp,\n\t\tDateChanged as timestamp,\n\t\tStatus as string,\n\t\tItemUId as string,\n\t\tDataSourceId as integer\n\t),\n\tdeletable:false,\n\tinsertable:false,\n\tupdateable:false,\n\tupsertable:true,\n\tkeys:['FdaProductApplicationsUId'],\n\tformat: 'table',\n\tskipDuplicateMapInputs: true,\n\tskipDuplicateMapOutputs: true,\n\terrorHandlingOption: 'stopOnFirstError',\n\tmapColumn(\n\t\tFdaProductApplicationsUId,\n\t\tNDC,\n\t\tItemId,\n\t\tItemUId = FdaProductApplicationsSource@ItemUId,\n\t\tApplicationNumber,\n\t\tProductNumber,\n\t\tIngredient,\n\t\tPropietaryName,\n\t\tDosageFormRouteofAdmin,\n\t\tStrength,\n\t\tReferenceListedDrug,\n\t\tReferenceStandard,\n\t\tApprovalDate,\n\t\tApplicantHolder,\n\t\tMarketingStatus,\n\t\tDateAdded = FdaProductApplicationsSource@DateAdded,\n\t\tDateChanged = FdaProductApplicationsSource@DateChanged,\n\t\tStatus,\n\t\tDataSourceId = FdaProductApplicationsSource@DataSourceId\n\t)) ~> sink1"
                }
            },
            "dependsOn": []
        },
        {
            "name": "[concat(parameters('factoryName'), '/FdaProductPatent_SingleSink_DF_copy1')]",
            "type": "Microsoft.DataFactory/factories/dataflows",
            "apiVersion": "2018-06-01",
            "properties": {
                "folder": {
                    "name": "FDA/FDA-Mem"
                },
                "type": "MappingDataFlow",
                "typeProperties": {
                    "sources": [
                        {
                            "dataset": {
                                "referenceName": "FdaProductPatent_Source_New1",
                                "type": "DatasetReference"
                            },
                            "name": "FdaProductPatentSource"
                        },
                        {
                            "dataset": {
                                "referenceName": "ItemMaster_Join_Configurable",
                                "type": "DatasetReference"
                            },
                            "name": "ItemMasterSource"
                        }
                    ],
                    "sinks": [
                        {
                            "dataset": {
                                "referenceName": "FdaProductPatent_Target_Configurable",
                                "type": "DatasetReference"
                            },
                            "name": "sink1"
                        }
                    ],
                    "transformations": [
                        {
                            "name": "AlterRow1"
                        },
                        {
                            "name": "Join1"
                        }
                    ],
                    "script": "parameters{\n\tFullLoad as string ('false')\n}\nsource(output(\n\t\tFdaProductPatentUId as string,\n\t\tNDC as string,\n\t\tItemUId as string,\n\t\tApplicationNumber as string,\n\t\tProductNumber as string,\n\t\tPatentNo as string,\n\t\tPatentExpireDate as date,\n\t\tDrugSubstanceFlag as boolean,\n\t\tDrugProductFlag as boolean,\n\t\tDelistFlag as boolean,\n\t\tSubmissionDate as date,\n\t\tPatentUseId as integer,\n\t\tDateAdded as timestamp,\n\t\tDateChanged as timestamp,\n\t\tStatus as string,\n\t\tDataSourceId as integer\n\t),\n\tallowSchemaDrift: true,\n\tvalidateSchema: false,\n\tisolationLevel: 'READ_UNCOMMITTED',\n\tquery: (iif(lower($FullLoad) == 'true','select * from [Sync].[vw_FdaProductPatent]','select * from [Sync].[vw_FdaProductPatent] WHERE (DateChanged > DATEADD(d, - 10, GETDATE()))')\r),\n\tformat: 'query') ~> FdaProductPatentSource\nsource(output(\n\t\tItemId as integer,\n\t\tItemTypeId as integer,\n\t\tItemCode as string,\n\t\tItemDescription as string,\n\t\tMfrId as integer,\n\t\tGtin as long,\n\t\tItemMasterItemId as integer,\n\t\tDateAdded as timestamp,\n\t\tDateChanged as timestamp,\n\t\tItemUId as string,\n\t\tDataSourceId as integer\n\t),\n\tallowSchemaDrift: true,\n\tvalidateSchema: false,\n\tisolationLevel: 'READ_UNCOMMITTED',\n\tformat: 'table') ~> ItemMasterSource\nJoin1 alterRow(upsertIf(true())) ~> AlterRow1\nFdaProductPatentSource, ItemMasterSource join(FdaProductPatentSource@ItemUId == ItemMasterSource@ItemUId,\n\tjoinType:'inner',\n\tmatchType:'exact',\n\tignoreSpaces: false,\n\tbroadcast: 'auto')~> Join1\nAlterRow1 sink(allowSchemaDrift: true,\n\tvalidateSchema: false,\n\tinput(\n\t\tFdaProductPatentId as integer,\n\t\tFdaProductPatentUId as string,\n\t\tNDC as string,\n\t\tItemId as integer,\n\t\tApplicationNumber as string,\n\t\tProductNumber as string,\n\t\tPatentNo as string,\n\t\tPatentExpireDate as date,\n\t\tDrugSubstanceFlag as boolean,\n\t\tDrugProductFlag as boolean,\n\t\tDelistFlag as boolean,\n\t\tSubmissionDate as date,\n\t\tPatentUseId as integer,\n\t\tDateAdded as timestamp,\n\t\tDateChanged as timestamp,\n\t\tStatus as string,\n\t\tItemUId as string,\n\t\tDataSourceId as integer\n\t),\n\tdeletable:false,\n\tinsertable:false,\n\tupdateable:false,\n\tupsertable:true,\n\tkeys:['FdaProductPatentUId'],\n\tformat: 'table',\n\tskipDuplicateMapInputs: true,\n\tskipDuplicateMapOutputs: true,\n\terrorHandlingOption: 'stopOnFirstError',\n\tmapColumn(\n\t\tFdaProductPatentUId,\n\t\tNDC,\n\t\tItemId,\n\t\tItemUId = FdaProductPatentSource@ItemUId,\n\t\tApplicationNumber,\n\t\tProductNumber,\n\t\tPatentNo,\n\t\tPatentExpireDate,\n\t\tDrugSubstanceFlag,\n\t\tDrugProductFlag,\n\t\tDelistFlag,\n\t\tSubmissionDate,\n\t\tPatentUseId,\n\t\tDateAdded = FdaProductPatentSource@DateAdded,\n\t\tDateChanged = FdaProductPatentSource@DateChanged,\n\t\tStatus,\n\t\tDataSourceId = FdaProductPatentSource@DataSourceId\n\t)) ~> sink1"
                }
            },
            "dependsOn": []
        },
        {
            "name": "[concat(parameters('factoryName'), '/DataFlow_FDA_RecallNDC_Sync_SingleSink_DF_copy1')]",
            "type": "Microsoft.DataFactory/factories/dataflows",
            "apiVersion": "2018-06-01",
            "properties": {
                "folder": {
                    "name": "Recall/Recall-Mem"
                },
                "type": "MappingDataFlow",
                "typeProperties": {
                    "sources": [
                        {
                            "dataset": {
                                "referenceName": "ItemMaster_SQL_RecallNDC",
                                "type": "DatasetReference"
                            },
                            "name": "RecallNDCSource"
                        }
                    ],
                    "sinks": [
                        {
                            "dataset": {
                                "referenceName": "CognitiveRx_SQL_RecallNDC_Configurable_copy1",
                                "type": "DatasetReference"
                            },
                            "name": "RecallNDCSink"
                        }
                    ],
                    "transformations": [
                        {
                            "name": "AlterRow1"
                        }
                    ],
                    "script": "source(output(\n\t\tRecallNDCId as integer,\n\t\tRecallId as integer,\n\t\tNDC as string,\n\t\tNDC11 as string,\n\t\tNDC10 as string,\n\t\tAddedDateTime as timestamp,\n\t\tUpdatedDateTime as timestamp,\n\t\tRecallNDCUId as string,\n\t\tRecallUId as string\n\t),\n\tallowSchemaDrift: true,\n\tvalidateSchema: false,\n\tisolationLevel: 'READ_UNCOMMITTED',\n\tformat: 'table') ~> RecallNDCSource\nRecallNDCSource alterRow(upsertIf(true())) ~> AlterRow1\nAlterRow1 sink(allowSchemaDrift: true,\n\tvalidateSchema: false,\n\tinput(\n\t\tRecallNDCId as integer,\n\t\tRecallId as integer,\n\t\tNDC as string,\n\t\tNDC11 as string,\n\t\tNDC10 as string,\n\t\tAddedDateTime as timestamp,\n\t\tUpdatedDateTime as timestamp,\n\t\tRecallNDCUId as string,\n\t\tRecallUId as string\n\t),\n\tdeletable:false,\n\tinsertable:false,\n\tupdateable:false,\n\tupsertable:true,\n\tkeys:['RecallNDCUId'],\n\tformat: 'table',\n\terrorHandlingOption: 'stopOnFirstError',\n\tmapColumn(\n\t\tNDC,\n\t\tNDC11,\n\t\tNDC10,\n\t\tAddedDateTime,\n\t\tRecallNDCUId,\n\t\tRecallUId,\n\t\tUpdatedDateTime\n\t)) ~> RecallNDCSink"
                }
            },
            "dependsOn": []
        },
        {
            "name": "[concat(parameters('factoryName'), '/DataFlow_FDA_RecallType_Sync_SingleSink_DF_copy1')]",
            "type": "Microsoft.DataFactory/factories/dataflows",
            "apiVersion": "2018-06-01",
            "properties": {
                "folder": {
                    "name": "Recall/Recall-Mem"
                },
                "type": "MappingDataFlow",
                "typeProperties": {
                    "sources": [
                        {
                            "dataset": {
                                "referenceName": "ItemMaster_SQL_RecallType",
                                "type": "DatasetReference"
                            },
                            "name": "RecallTypeSource"
                        }
                    ],
                    "sinks": [
                        {
                            "dataset": {
                                "referenceName": "CognitiveRx_SQL_RecallType_Configurable_copy1",
                                "type": "DatasetReference"
                            },
                            "name": "RecallTypeSink"
                        }
                    ],
                    "transformations": [
                        {
                            "name": "AlterRow1"
                        }
                    ],
                    "script": "source(output(\n\t\tRecallTypeId as integer,\n\t\tDescription as string,\n\t\tRecallTypeUId as string\n\t),\n\tallowSchemaDrift: true,\n\tvalidateSchema: false,\n\tisolationLevel: 'READ_UNCOMMITTED',\n\tformat: 'table') ~> RecallTypeSource\nRecallTypeSource alterRow(upsertIf(true())) ~> AlterRow1\nAlterRow1 sink(allowSchemaDrift: true,\n\tvalidateSchema: false,\n\tinput(\n\t\tRecallTypeId as integer,\n\t\tDescription as string,\n\t\tRecallTypeUId as string,\n\t\tCreatedDateTime as timestamp,\n\t\tUpdatedDateTime as timestamp\n\t),\n\tdeletable:false,\n\tinsertable:false,\n\tupdateable:false,\n\tupsertable:true,\n\tkeys:['RecallTypeUId'],\n\tformat: 'table',\n\terrorHandlingOption: 'stopOnFirstError',\n\tmapColumn(\n\t\tDescription,\n\t\tRecallTypeUId\n\t)) ~> RecallTypeSink"
                }
            },
            "dependsOn": []
        },
        {
            "name": "[concat(parameters('factoryName'), '/DataFlow_FDA_Recall_Sync_SingleSink_DF_copy1')]",
            "type": "Microsoft.DataFactory/factories/dataflows",
            "apiVersion": "2018-06-01",
            "properties": {
                "folder": {
                    "name": "Recall/Recall-Mem"
                },
                "type": "MappingDataFlow",
                "typeProperties": {
                    "sources": [
                        {
                            "dataset": {
                                "referenceName": "ItemMaster_SQL_Recall",
                                "type": "DatasetReference"
                            },
                            "name": "RecallSource"
                        },
                        {
                            "dataset": {
                                "referenceName": "CognitiveRx_SQL_Recall_Configurable_copy1",
                                "type": "DatasetReference"
                            },
                            "name": "ExistingCogRxRecall"
                        },
                        {
                            "dataset": {
                                "referenceName": "CognitiveRx_SQL_RecallType_Configurable_copy1",
                                "type": "DatasetReference"
                            },
                            "name": "CognitiveRxRecallType"
                        }
                    ],
                    "sinks": [
                        {
                            "dataset": {
                                "referenceName": "CognitiveRx_SQL_Recall_Configurable_copy1",
                                "type": "DatasetReference"
                            },
                            "name": "RecallSink"
                        }
                    ],
                    "transformations": [
                        {
                            "name": "DerivedColumn1"
                        },
                        {
                            "name": "AlterRow1"
                        },
                        {
                            "name": "Join2"
                        },
                        {
                            "name": "Exists1"
                        }
                    ],
                    "script": "source(output(\n\t\tRecallId as integer,\n\t\tRecallUrl as string,\n\t\tTitle as string,\n\t\tReleaseDate as string,\n\t\tArticleReleaseContact as string,\n\t\tReleaseText as string,\n\t\tInfoTable as string,\n\t\tPictures as string,\n\t\tRecallTypeId as integer,\n\t\tImportDateTime as timestamp,\n\t\tParsedOutNDC as string,\n\t\tTwitterAccount as string,\n\t\tTweetDateTime as timestamp,\n\t\tTweetId as string,\n\t\tRecallUId as string,\n\t\tRecallTypeUId as string\n\t),\n\tallowSchemaDrift: true,\n\tvalidateSchema: false,\n\tisolationLevel: 'READ_UNCOMMITTED',\n\tformat: 'table') ~> RecallSource\nsource(output(\n\t\tRecallId as integer,\n\t\tRecallUrl as string,\n\t\tTitle as string,\n\t\tReleaseDate as string,\n\t\tArticleReleaseContact as string,\n\t\tReleaseText as string,\n\t\tInfoTable as string,\n\t\tPictures as string,\n\t\tRecallTypeId as integer,\n\t\tImportDateTime as timestamp,\n\t\tParsedOutNDC as string,\n\t\tTwitterAccount as string,\n\t\tTweetDateTime as timestamp,\n\t\tTweetId as string,\n\t\tRecallUId as string,\n\t\tUpdatedDateTime as timestamp,\n\t\tRecallTypeUId as string\n\t),\n\tallowSchemaDrift: true,\n\tvalidateSchema: false,\n\tisolationLevel: 'READ_UNCOMMITTED',\n\tformat: 'table') ~> ExistingCogRxRecall\nsource(output(\n\t\tRecallTypeId as integer,\n\t\tDescription as string,\n\t\tRecallTypeUId as string,\n\t\tCreatedDateTime as timestamp,\n\t\tUpdatedDateTime as timestamp\n\t),\n\tallowSchemaDrift: true,\n\tvalidateSchema: false,\n\tisolationLevel: 'READ_UNCOMMITTED',\n\tformat: 'table') ~> CognitiveRxRecallType\nRecallSource derive(UpdatedDateTime = currentTimestamp()) ~> DerivedColumn1\nExists1 alterRow(upsertIf(true())) ~> AlterRow1\nDerivedColumn1, CognitiveRxRecallType join(RecallSource@RecallTypeUId == CognitiveRxRecallType@RecallTypeUId,\n\tjoinType:'outer',\n\tmatchType:'exact',\n\tignoreSpaces: false,\n\tbroadcast: 'auto')~> Join2\nJoin2, ExistingCogRxRecall exists(RecallSource@RecallUrl == ExistingCogRxRecall@RecallUrl\n\t&& RecallSource@Title == ExistingCogRxRecall@Title\n\t&& RecallSource@ReleaseDate == ExistingCogRxRecall@ReleaseDate\n\t&& RecallSource@ArticleReleaseContact == ExistingCogRxRecall@ArticleReleaseContact\n\t&& RecallSource@ReleaseText == ExistingCogRxRecall@ReleaseText\n\t&& RecallSource@InfoTable == ExistingCogRxRecall@InfoTable\n\t&& RecallSource@Pictures == ExistingCogRxRecall@Pictures\n\t&& RecallSource@ImportDateTime == ExistingCogRxRecall@ImportDateTime\n\t&& RecallSource@ParsedOutNDC == ExistingCogRxRecall@ParsedOutNDC\n\t&& RecallSource@TwitterAccount == ExistingCogRxRecall@TwitterAccount\n\t&& RecallSource@TweetDateTime == ExistingCogRxRecall@TweetDateTime\n\t&& RecallSource@TweetId == ExistingCogRxRecall@TweetId\n\t&& RecallSource@RecallUId == ExistingCogRxRecall@RecallUId\n\t&& CognitiveRxRecallType@RecallTypeUId == ExistingCogRxRecall@RecallTypeUId,\n\tnegate:true,\n\tbroadcast: 'auto')~> Exists1\nAlterRow1 sink(allowSchemaDrift: true,\n\tvalidateSchema: false,\n\tinput(\n\t\tRecallId as integer,\n\t\tRecallUrl as string,\n\t\tTitle as string,\n\t\tReleaseDate as string,\n\t\tArticleReleaseContact as string,\n\t\tReleaseText as string,\n\t\tInfoTable as string,\n\t\tPictures as string,\n\t\tRecallTypeId as integer,\n\t\tImportDateTime as timestamp,\n\t\tParsedOutNDC as string,\n\t\tTwitterAccount as string,\n\t\tTweetDateTime as timestamp,\n\t\tTweetId as string,\n\t\tRecallUId as string,\n\t\tUpdatedDateTime as timestamp,\n\t\tRecallTypeUId as string\n\t),\n\tdeletable:false,\n\tinsertable:false,\n\tupdateable:false,\n\tupsertable:true,\n\tkeys:['RecallUId'],\n\tformat: 'table',\n\terrorHandlingOption: 'stopOnFirstError',\n\tmapColumn(\n\t\tRecallUrl,\n\t\tTitle,\n\t\tReleaseDate,\n\t\tArticleReleaseContact,\n\t\tReleaseText,\n\t\tInfoTable,\n\t\tPictures,\n\t\tImportDateTime,\n\t\tParsedOutNDC,\n\t\tTwitterAccount,\n\t\tTweetDateTime,\n\t\tTweetId,\n\t\tRecallUId,\n\t\tRecallTypeUId = RecallSource@RecallTypeUId,\n\t\tRecallTypeId = CognitiveRxRecallType@RecallTypeId\n\t)) ~> RecallSink"
                }
            },
            "dependsOn": []
        },
        {
            "name": "[concat(parameters('factoryName'), '/OrangeBookEquivalenceType_SingleSink_DF_copy1')]",
            "type": "Microsoft.DataFactory/factories/dataflows",
            "apiVersion": "2018-06-01",
            "properties": {
                "folder": {
                    "name": "OrangeBook/OrangeBook-Mem"
                },
                "type": "MappingDataFlow",
                "typeProperties": {
                    "sources": [
                        {
                            "dataset": {
                                "referenceName": "OrangeBookEquivalenceType_Source_New1",
                                "type": "DatasetReference"
                            },
                            "name": "OrangeBookEquivalenceTypeSource"
                        }
                    ],
                    "sinks": [
                        {
                            "dataset": {
                                "referenceName": "OrangeBookEquivalenceType_Target_Configurable",
                                "type": "DatasetReference"
                            },
                            "name": "OrangeBookEquivalenceTypeSink"
                        }
                    ],
                    "transformations": [
                        {
                            "name": "AlterRow1"
                        }
                    ],
                    "script": "source(output(\n\t\tOrangeBookEquivalenceTypeId as integer,\n\t\tOrangeBookEquivalenceTypeDescription as string\n\t),\n\tallowSchemaDrift: true,\n\tvalidateSchema: false,\n\tisolationLevel: 'READ_UNCOMMITTED',\n\tformat: 'table') ~> OrangeBookEquivalenceTypeSource\nOrangeBookEquivalenceTypeSource alterRow(upsertIf(true())) ~> AlterRow1\nAlterRow1 sink(allowSchemaDrift: true,\n\tvalidateSchema: false,\n\tinput(\n\t\tOrangeBookEquivalenceTypeId as integer,\n\t\tOrangeBookEquivalenceTypeDescription as string\n\t),\n\tdeletable:false,\n\tinsertable:false,\n\tupdateable:false,\n\tupsertable:true,\n\tkeys:['OrangeBookEquivalenceTypeId'],\n\tformat: 'table',\n\tskipDuplicateMapInputs: true,\n\tskipDuplicateMapOutputs: true,\n\terrorHandlingOption: 'stopOnFirstError',\n\tmapColumn(\n\t\tOrangeBookEquivalenceTypeId,\n\t\tOrangeBookEquivalenceTypeDescription\n\t)) ~> OrangeBookEquivalenceTypeSink"
                }
            },
            "dependsOn": []
        },
        {
            "name": "[concat(parameters('factoryName'), '/OrangeBook_SingleSink_DF_copy1')]",
            "type": "Microsoft.DataFactory/factories/dataflows",
            "apiVersion": "2018-06-01",
            "properties": {
                "folder": {
                    "name": "OrangeBook/OrangeBook-Mem"
                },
                "type": "MappingDataFlow",
                "typeProperties": {
                    "sources": [
                        {
                            "dataset": {
                                "referenceName": "OrangeBook_Source_New1",
                                "type": "DatasetReference"
                            },
                            "name": "OrangeBookSource"
                        }
                    ],
                    "sinks": [
                        {
                            "dataset": {
                                "referenceName": "OrangeBook_Target_Configurable",
                                "type": "DatasetReference"
                            },
                            "name": "OrangeBookSink"
                        }
                    ],
                    "transformations": [
                        {
                            "name": "AlterRow1"
                        }
                    ],
                    "script": "source(output(\n\t\tOrangeBookId as integer,\n\t\tOrangeBookCode as string,\n\t\tOrangeBookShortDescription as string,\n\t\tOrangeBookDescription as string,\n\t\tOrangeBookEquivalenceTypeId as integer\n\t),\n\tallowSchemaDrift: true,\n\tvalidateSchema: false,\n\tisolationLevel: 'READ_UNCOMMITTED',\n\tformat: 'table') ~> OrangeBookSource\nOrangeBookSource alterRow(upsertIf(true())) ~> AlterRow1\nAlterRow1 sink(allowSchemaDrift: true,\n\tvalidateSchema: false,\n\tinput(\n\t\tOrangeBookId as integer,\n\t\tOrangeBookCode as string,\n\t\tOrangeBookDescription as string,\n\t\tOrangeBookEquivalenceTypeId as integer\n\t),\n\tdeletable:false,\n\tinsertable:false,\n\tupdateable:false,\n\tupsertable:true,\n\tkeys:['OrangeBookId'],\n\tformat: 'table',\n\tskipDuplicateMapInputs: true,\n\tskipDuplicateMapOutputs: true,\n\terrorHandlingOption: 'stopOnFirstError',\n\tmapColumn(\n\t\tOrangeBookId,\n\t\tOrangeBookCode,\n\t\tOrangeBookDescription,\n\t\tOrangeBookEquivalenceTypeId\n\t)) ~> OrangeBookSink"
                }
            },
            "dependsOn": []
        },
        {
            "name": "[concat(parameters('factoryName'), '/UnitOfMeasure_SingleSink_DF_copy1')]",
            "type": "Microsoft.DataFactory/factories/dataflows",
            "apiVersion": "2018-06-01",
            "properties": {
                "folder": {
                    "name": "DBO/DBO-Mem"
                },
                "type": "MappingDataFlow",
                "typeProperties": {
                    "sources": [
                        {
                            "dataset": {
                                "referenceName": "UnitOfMeasure_Source_New1",
                                "type": "DatasetReference"
                            },
                            "name": "source1"
                        }
                    ],
                    "sinks": [
                        {
                            "dataset": {
                                "referenceName": "UnitOfMeasure_Target_Configurable",
                                "type": "DatasetReference"
                            },
                            "name": "sink1"
                        }
                    ],
                    "transformations": [
                        {
                            "name": "AlterRow1"
                        }
                    ],
                    "script": "source(output(\n\t\tUnitOfMeasureId as integer,\n\t\tUnitOfMeasureDescription as string\n\t),\n\tallowSchemaDrift: true,\n\tvalidateSchema: false,\n\tisolationLevel: 'READ_UNCOMMITTED',\n\tformat: 'table') ~> source1\nsource1 alterRow(upsertIf(true())) ~> AlterRow1\nAlterRow1 sink(allowSchemaDrift: true,\n\tvalidateSchema: false,\n\tinput(\n\t\tUnitOfMeasureId as integer,\n\t\tUnitOfMeasureDescription as string\n\t),\n\tdeletable:false,\n\tinsertable:false,\n\tupdateable:false,\n\tupsertable:true,\n\tkeys:['UnitOfMeasureId'],\n\tformat: 'table',\n\tskipDuplicateMapInputs: true,\n\tskipDuplicateMapOutputs: true,\n\terrorHandlingOption: 'stopOnFirstError') ~> sink1"
                }
            },
            "dependsOn": []
        },
        {
            "name": "[concat(parameters('factoryName'), '/Manufacturer_SingleSink_DF_copy1')]",
            "type": "Microsoft.DataFactory/factories/dataflows",
            "apiVersion": "2018-06-01",
            "properties": {
                "folder": {
                    "name": "DBO/DBO-Mem"
                },
                "type": "MappingDataFlow",
                "typeProperties": {
                    "sources": [
                        {
                            "dataset": {
                                "referenceName": "Manufacturer_Source_New1",
                                "type": "DatasetReference"
                            },
                            "name": "source1"
                        }
                    ],
                    "sinks": [
                        {
                            "dataset": {
                                "referenceName": "Manufacturer_Target_Configurable",
                                "type": "DatasetReference"
                            },
                            "name": "sink1"
                        }
                    ],
                    "transformations": [
                        {
                            "name": "AlterRow1"
                        }
                    ],
                    "script": "source(output(\n\t\tMfrId as integer,\n\t\tMfrName as string,\n\t\tMfrShortName as string,\n\t\tDateAdded as timestamp,\n\t\tDateChanged as timestamp,\n\t\tDataSourceId as integer\n\t),\n\tallowSchemaDrift: true,\n\tvalidateSchema: false,\n\tisolationLevel: 'READ_UNCOMMITTED',\n\tformat: 'table') ~> source1\nsource1 alterRow(upsertIf(true())) ~> AlterRow1\nAlterRow1 sink(allowSchemaDrift: true,\n\tvalidateSchema: false,\n\tinput(\n\t\tMfrId as integer,\n\t\tMfrName as string,\n\t\tMfrShortName as string,\n\t\tDateAdded as timestamp,\n\t\tDateChanged as timestamp,\n\t\tItemMasterMfrId as integer,\n\t\tDataSourceId as integer\n\t),\n\tdeletable:false,\n\tinsertable:false,\n\tupdateable:false,\n\tupsertable:true,\n\tkeys:['ItemMasterMfrId'],\n\tformat: 'table',\n\tskipDuplicateMapInputs: true,\n\tskipDuplicateMapOutputs: true,\n\terrorHandlingOption: 'stopOnFirstError',\n\tmapColumn(\n\t\tMfrName,\n\t\tMfrShortName,\n\t\tDateAdded,\n\t\tDateChanged,\n\t\tItemMasterMfrId = MfrId,\n\t\tDataSourceId\n\t)) ~> sink1"
                }
            },
            "dependsOn": []
        },
        {
            "name": "[concat(parameters('factoryName'), '/AhfsMaster_SingleSink_DF_copy1')]",
            "type": "Microsoft.DataFactory/factories/dataflows",
            "apiVersion": "2018-06-01",
            "properties": {
                "folder": {
                    "name": "DBO/DBO-Mem"
                },
                "type": "MappingDataFlow",
                "typeProperties": {
                    "sources": [
                        {
                            "dataset": {
                                "referenceName": "AhfsMaster_Source_New1",
                                "type": "DatasetReference"
                            },
                            "name": "AhfsMasterSource"
                        }
                    ],
                    "sinks": [
                        {
                            "dataset": {
                                "referenceName": "AhfsMaster_Target_Configurable",
                                "type": "DatasetReference"
                            },
                            "name": "AhfsMasterSinkTestDB"
                        }
                    ],
                    "transformations": [
                        {
                            "name": "AlterRow1"
                        }
                    ],
                    "script": "source(output(\n\t\tAhfsId as integer,\n\t\tAhfsCode as double,\n\t\tTherapeuticClassDescription as string,\n\t\tFdbAhfs8 as double,\n\t\tStatus as string,\n\t\tDateAdded as timestamp,\n\t\tDateChanged as timestamp,\n\t\tDataSourceId as integer\n\t),\n\tallowSchemaDrift: true,\n\tvalidateSchema: false,\n\tisolationLevel: 'READ_UNCOMMITTED',\n\tformat: 'table') ~> AhfsMasterSource\nAhfsMasterSource alterRow(upsertIf(true())) ~> AlterRow1\nAlterRow1 sink(allowSchemaDrift: true,\n\tvalidateSchema: false,\n\tdeletable:false,\n\tinsertable:false,\n\tupdateable:false,\n\tupsertable:true,\n\tkeys:['AhfsId'],\n\tformat: 'table',\n\tskipDuplicateMapInputs: true,\n\tskipDuplicateMapOutputs: true,\n\terrorHandlingOption: 'stopOnFirstError',\n\tmapColumn(\n\t\tAhfsId,\n\t\tAhfsCode,\n\t\tTherapeuticClassDescription,\n\t\tFdbAhfs8,\n\t\tStatus,\n\t\tDateAdded,\n\t\tDateChanged,\n\t\tDataSourceId\n\t)) ~> AhfsMasterSinkTestDB"
                }
            },
            "dependsOn": []
        },
        {
            "name": "[concat(parameters('factoryName'), '/ManufacturerLabeler_SingleSink_DF_copy1')]",
            "type": "Microsoft.DataFactory/factories/dataflows",
            "apiVersion": "2018-06-01",
            "properties": {
                "folder": {
                    "name": "DBO/DBO-Mem"
                },
                "type": "MappingDataFlow",
                "typeProperties": {
                    "sources": [
                        {
                            "dataset": {
                                "referenceName": "ManufacturerLabeler_Source_New1",
                                "type": "DatasetReference"
                            },
                            "name": "source1"
                        }
                    ],
                    "sinks": [
                        {
                            "dataset": {
                                "referenceName": "ManufacturerLabeler_Target_Configurable",
                                "type": "DatasetReference"
                            },
                            "name": "sink1"
                        }
                    ],
                    "transformations": [
                        {
                            "name": "AlterRow1"
                        }
                    ],
                    "script": "source(output(\n\t\tMfrLabelerId as integer,\n\t\tMfrId as integer,\n\t\tMfrName as string,\n\t\tMfrShortName as string,\n\t\tLabelerTypeId as integer,\n\t\tMedispanLabelerId as integer,\n\t\tNdcLabelerNum as string,\n\t\tDateAdded as timestamp,\n\t\tDateChanged as timestamp,\n\t\tDataSourceId as integer\n\t),\n\tallowSchemaDrift: true,\n\tvalidateSchema: false,\n\tisolationLevel: 'READ_UNCOMMITTED',\n\tformat: 'table') ~> source1\nsource1 alterRow(upsertIf(true())) ~> AlterRow1\nAlterRow1 sink(allowSchemaDrift: true,\n\tvalidateSchema: false,\n\tinput(\n\t\tMfrLabelerId as integer,\n\t\tMfrId as integer,\n\t\tMfrName as string,\n\t\tMfrShortName as string,\n\t\tLabelerTypeId as integer,\n\t\tNdcLabelerNum as string,\n\t\tItemMasterMfrId as integer,\n\t\tItemMasterMfrLabelerId as integer,\n\t\tDateAdded as timestamp,\n\t\tDateChanged as timestamp,\n\t\tDataSourceId as integer\n\t),\n\tdeletable:false,\n\tinsertable:false,\n\tupdateable:false,\n\tupsertable:true,\n\tkeys:['ItemMasterMfrLabelerId'],\n\tformat: 'table',\n\tpostSQLs:['\tupdate ml\\n\t\tset ml.MfrId = m.MfrId\\n\tfrom [dbo].[ManufacturerLabeler] ml\\n\t\tinner join [dbo].[Manufacturer] m\\n\t\t\ton ml.ItemMasterMfrId = m.ItemMasterMfrId\\n\twhere ml.MfrId is null;'],\n\tskipDuplicateMapInputs: true,\n\tskipDuplicateMapOutputs: true,\n\terrorHandlingOption: 'stopOnFirstError',\n\tmapColumn(\n\t\tMfrName,\n\t\tMfrShortName,\n\t\tItemMasterMfrLabelerId = MfrLabelerId,\n\t\tItemMasterMfrId = MfrId,\n\t\tLabelerTypeId,\n\t\tNdcLabelerNum,\n\t\tDateAdded,\n\t\tDateChanged,\n\t\tDataSourceId\n\t)) ~> sink1"
                }
            },
            "dependsOn": []
        },
        {
            "name": "[concat(parameters('factoryName'), '/ItemType_SingleSink_DF_copy1')]",
            "type": "Microsoft.DataFactory/factories/dataflows",
            "apiVersion": "2018-06-01",
            "properties": {
                "folder": {
                    "name": "DBO/DBO-Mem"
                },
                "type": "MappingDataFlow",
                "typeProperties": {
                    "sources": [
                        {
                            "dataset": {
                                "referenceName": "ItemType_Source_New1",
                                "type": "DatasetReference"
                            },
                            "name": "ItemTypeSource"
                        }
                    ],
                    "sinks": [
                        {
                            "dataset": {
                                "referenceName": "ItemType_Target_Configurable",
                                "type": "DatasetReference"
                            },
                            "name": "ItemTypeSink"
                        }
                    ],
                    "transformations": [
                        {
                            "name": "AlterRow1"
                        }
                    ],
                    "script": "source(output(\n\t\tItemTypeId as integer,\n\t\tItemTypeDesciption as string\n\t),\n\tallowSchemaDrift: true,\n\tvalidateSchema: false,\n\tisolationLevel: 'READ_UNCOMMITTED',\n\tformat: 'table') ~> ItemTypeSource\nItemTypeSource alterRow(upsertIf(true())) ~> AlterRow1\nAlterRow1 sink(allowSchemaDrift: true,\n\tvalidateSchema: false,\n\tinput(\n\t\tItemTypeId as integer,\n\t\tItemTypeDesciption as string\n\t),\n\tdeletable:false,\n\tinsertable:false,\n\tupdateable:false,\n\tupsertable:true,\n\tkeys:['ItemTypeId'],\n\tformat: 'table',\n\tskipDuplicateMapInputs: true,\n\tskipDuplicateMapOutputs: true,\n\terrorHandlingOption: 'stopOnFirstError',\n\tmapColumn(\n\t\tItemTypeId,\n\t\tItemTypeDesciption\n\t)) ~> ItemTypeSink"
                }
            },
            "dependsOn": []
        },
        {
            "name": "[concat(parameters('factoryName'), '/ItemMaster_Master_SingleSource_DF_copy1')]",
            "type": "Microsoft.DataFactory/factories/dataflows",
            "apiVersion": "2018-06-01",
            "properties": {
                "folder": {
                    "name": "ItemTables/ItemTables-Mem"
                },
                "type": "MappingDataFlow",
                "typeProperties": {
                    "sources": [
                        {
                            "dataset": {
                                "referenceName": "ItemMaster_Source_New1",
                                "type": "DatasetReference"
                            },
                            "name": "ItemMasterSource"
                        },
                        {
                            "dataset": {
                                "referenceName": "ItemMaster_Join_Manufacturer_Configurable",
                                "type": "DatasetReference"
                            },
                            "name": "ManufacturerSource"
                        }
                    ],
                    "sinks": [
                        {
                            "dataset": {
                                "referenceName": "ItemMaster_Target_Configurable",
                                "type": "DatasetReference"
                            },
                            "name": "sink1"
                        }
                    ],
                    "transformations": [
                        {
                            "name": "Join1"
                        },
                        {
                            "name": "AlterRow1"
                        }
                    ],
                    "script": "parameters{\n\tFullLoad as string ('false')\n}\nsource(output(\n\t\tItemId as integer,\n\t\tItemTypeId as integer,\n\t\tItemCode as string,\n\t\tItemDescription as string,\n\t\tMfrId as integer,\n\t\tGtin as long,\n\t\tDateAdded as timestamp,\n\t\tDateChanged as timestamp,\n\t\tItemUId as string,\n\t\tDataSourceId as integer\n\t),\n\tallowSchemaDrift: true,\n\tvalidateSchema: false,\n\tisolationLevel: 'READ_UNCOMMITTED',\n\tquery: (iif(lower($FullLoad)  == 'true','select * from [Sync].[vw_ItemMaster]','select * from [Sync].[vw_ItemMaster] WHERE (DateChanged > DATEADD(d, - 10, GETDATE()))')),\n\tformat: 'query') ~> ItemMasterSource\nsource(output(\n\t\tMfrId as integer,\n\t\tMfrName as string,\n\t\tMfrShortName as string,\n\t\tDateAdded as timestamp,\n\t\tDateChanged as timestamp,\n\t\tItemMasterMfrId as integer,\n\t\tDataSourceId as integer\n\t),\n\tallowSchemaDrift: true,\n\tvalidateSchema: false,\n\tisolationLevel: 'READ_UNCOMMITTED',\n\tformat: 'table') ~> ManufacturerSource\nItemMasterSource, ManufacturerSource join(ItemMasterSource@MfrId == ItemMasterMfrId,\n\tjoinType:'left',\n\tmatchType:'exact',\n\tignoreSpaces: false,\n\tbroadcast: 'auto')~> Join1\nJoin1 alterRow(upsertIf(true())) ~> AlterRow1\nAlterRow1 sink(allowSchemaDrift: true,\n\tvalidateSchema: false,\n\tinput(\n\t\tItemId as integer,\n\t\tItemTypeId as integer,\n\t\tItemCode as string,\n\t\tItemDescription as string,\n\t\tMfrId as integer,\n\t\tGtin as long,\n\t\tItemMasterItemId as integer,\n\t\tDateAdded as timestamp,\n\t\tDateChanged as timestamp,\n\t\tItemUId as string,\n\t\tDataSourceId as integer\n\t),\n\tdeletable:false,\n\tinsertable:false,\n\tupdateable:false,\n\tupsertable:true,\n\tkeys:['ItemUId'],\n\tformat: 'table',\n\tskipDuplicateMapInputs: true,\n\tskipDuplicateMapOutputs: true,\n\terrorHandlingOption: 'stopOnFirstError',\n\tmapColumn(\n\t\tItemTypeId,\n\t\tItemCode,\n\t\tItemDescription,\n\t\tMfrId = ManufacturerSource@MfrId,\n\t\tGtin,\n\t\tItemMasterItemId = ItemId,\n\t\tDateAdded = ItemMasterSource@DateAdded,\n\t\tDateChanged = ItemMasterSource@DateChanged,\n\t\tItemUId,\n\t\tDataSourceId = ItemMasterSource@DataSourceId\n\t)) ~> sink1"
                }
            },
            "dependsOn": []
        },
        {
            "name": "[concat(parameters('factoryName'), '/NationalPharmacyItemPrice_SingleSink_DF_copy1')]",
            "type": "Microsoft.DataFactory/factories/dataflows",
            "apiVersion": "2018-06-01",
            "properties": {
                "folder": {
                    "name": "ItemTables/ItemTables-Mem"
                },
                "type": "MappingDataFlow",
                "typeProperties": {
                    "sources": [
                        {
                            "dataset": {
                                "referenceName": "NationalPharmacyItemPrice_Source_New1",
                                "type": "DatasetReference"
                            },
                            "name": "NationalPharmacyItemPriceSource"
                        },
                        {
                            "dataset": {
                                "referenceName": "ItemMaster_Join_Configurable",
                                "type": "DatasetReference"
                            },
                            "name": "ItemMasterSource"
                        }
                    ],
                    "sinks": [
                        {
                            "dataset": {
                                "referenceName": "NationalPharmacyItemPrice_Target_Configurable",
                                "type": "DatasetReference"
                            },
                            "name": "sink1"
                        }
                    ],
                    "transformations": [
                        {
                            "name": "Join1"
                        },
                        {
                            "name": "AlterRow1"
                        }
                    ],
                    "script": "parameters{\n\tFullLoad as string ('false')\n}\nsource(output(\n\t\tItemUId as string,\n\t\tNationalPharmacyItemPriceId as integer,\n\t\tItemId as integer,\n\t\tNdc as string,\n\t\tNdcFormatCode as integer,\n\t\tWkPriceCodeId as integer,\n\t\tPriceEffectiveDate as date,\n\t\tUnitPrice as decimal(13,6),\n\t\tExtendedUnitPrice as decimal(13,6),\n\t\tPackagePrice as decimal(19,4),\n\t\tAwpIndicatorId as integer,\n\t\tDateAdded as timestamp,\n\t\tDateChanged as timestamp,\n\t\tDataSourceId as integer\n\t),\n\tallowSchemaDrift: true,\n\tvalidateSchema: false,\n\tisolationLevel: 'READ_UNCOMMITTED',\n\tquery: (iif(lower($FullLoad) == 'true','select * from [Sync].[vw_NationalPharmacyItemPrice]','select * from [Sync].[vw_NationalPharmacyItemPrice] WHERE (DateChanged > DATEADD(d, - 10, GETDATE()))')),\n\tformat: 'query') ~> NationalPharmacyItemPriceSource\nsource(output(\n\t\tItemId as integer,\n\t\tItemTypeId as integer,\n\t\tItemCode as string,\n\t\tItemDescription as string,\n\t\tMfrId as integer,\n\t\tGtin as long,\n\t\tItemMasterItemId as integer,\n\t\tDateAdded as timestamp,\n\t\tDateChanged as timestamp,\n\t\tItemUId as string,\n\t\tDataSourceId as integer\n\t),\n\tallowSchemaDrift: true,\n\tvalidateSchema: false,\n\tisolationLevel: 'READ_UNCOMMITTED',\n\tformat: 'table') ~> ItemMasterSource\nNationalPharmacyItemPriceSource, ItemMasterSource join(NationalPharmacyItemPriceSource@ItemUId == ItemMasterSource@ItemUId,\n\tjoinType:'left',\n\tmatchType:'exact',\n\tignoreSpaces: false,\n\tbroadcast: 'auto')~> Join1\nJoin1 alterRow(upsertIf(true())) ~> AlterRow1\nAlterRow1 sink(allowSchemaDrift: true,\n\tvalidateSchema: false,\n\tinput(\n\t\tNationalPharmacyItemPriceId as integer,\n\t\tItemId as integer,\n\t\tNdc as string,\n\t\tNdcFormatCode as integer,\n\t\tWkPriceCodeId as integer,\n\t\tPriceEffectiveDate as date,\n\t\tUnitPrice as decimal(13,6),\n\t\tExtendedUnitPrice as decimal(13,6),\n\t\tPackagePrice as decimal(19,4),\n\t\tAwpIndicatorId as integer,\n\t\tItemMasterItemId as integer,\n\t\tDateAdded as timestamp,\n\t\tDateChanged as timestamp,\n\t\tItemUId as string,\n\t\tDataSourceId as integer\n\t),\n\tdeletable:false,\n\tinsertable:false,\n\tupdateable:false,\n\tupsertable:true,\n\tkeys:['NationalPharmacyItemPriceId'],\n\tformat: 'table',\n\tskipDuplicateMapInputs: true,\n\tskipDuplicateMapOutputs: true,\n\terrorHandlingOption: 'stopOnFirstError',\n\tmapColumn(\n\t\tNationalPharmacyItemPriceId,\n\t\tItemId = ItemMasterSource@ItemId,\n\t\tItemMasterItemId = NationalPharmacyItemPriceSource@ItemId,\n\t\tNdc,\n\t\tNdcFormatCode,\n\t\tWkPriceCodeId,\n\t\tPriceEffectiveDate,\n\t\tUnitPrice,\n\t\tExtendedUnitPrice,\n\t\tPackagePrice,\n\t\tAwpIndicatorId,\n\t\tDateAdded = NationalPharmacyItemPriceSource@DateAdded,\n\t\tDateChanged = NationalPharmacyItemPriceSource@DateChanged,\n\t\tItemUId = NationalPharmacyItemPriceSource@ItemUId,\n\t\tDataSourceId = NationalPharmacyItemPriceSource@DataSourceId\n\t)) ~> sink1"
                }
            },
            "dependsOn": []
        },
        {
            "name": "[concat(parameters('factoryName'), '/NdcIngredients_SingleSink_DF_copy1')]",
            "type": "Microsoft.DataFactory/factories/dataflows",
            "apiVersion": "2018-06-01",
            "properties": {
                "folder": {
                    "name": "ItemTables/ItemTables-Mem"
                },
                "type": "MappingDataFlow",
                "typeProperties": {
                    "sources": [
                        {
                            "dataset": {
                                "referenceName": "NdcIngredients_Source_New1",
                                "type": "DatasetReference"
                            },
                            "name": "NdcIngredientsSource"
                        },
                        {
                            "dataset": {
                                "referenceName": "ItemMaster_Join_Configurable",
                                "type": "DatasetReference"
                            },
                            "name": "ItemMasterSource"
                        }
                    ],
                    "sinks": [
                        {
                            "dataset": {
                                "referenceName": "NdcIngredients_Target_Configuration",
                                "type": "DatasetReference"
                            },
                            "name": "sink1"
                        }
                    ],
                    "transformations": [
                        {
                            "name": "Join1"
                        }
                    ],
                    "script": "source(output(\n\t\tNdc as string,\n\t\tIngredientDrugName as string,\n\t\tIngredientStrengthValue as decimal(13,5),\n\t\tIngredientStengthUom as string,\n\t\tItemUId as string\n\t),\n\tallowSchemaDrift: true,\n\tvalidateSchema: false,\n\tisolationLevel: 'READ_UNCOMMITTED',\n\tformat: 'table') ~> NdcIngredientsSource\nsource(output(\n\t\tItemId as integer,\n\t\tItemTypeId as integer,\n\t\tItemCode as string,\n\t\tItemDescription as string,\n\t\tMfrId as integer,\n\t\tGtin as long,\n\t\tItemMasterItemId as integer,\n\t\tDateAdded as timestamp,\n\t\tDateChanged as timestamp,\n\t\tItemUId as string,\n\t\tDataSourceId as integer\n\t),\n\tallowSchemaDrift: true,\n\tvalidateSchema: false,\n\tisolationLevel: 'READ_UNCOMMITTED',\n\tformat: 'table') ~> ItemMasterSource\nNdcIngredientsSource, ItemMasterSource join(NdcIngredientsSource@ItemUId == ItemMasterSource@ItemUId,\n\tjoinType:'left',\n\tmatchType:'exact',\n\tignoreSpaces: false,\n\tbroadcast: 'auto')~> Join1\nJoin1 sink(allowSchemaDrift: true,\n\tvalidateSchema: false,\n\tinput(\n\t\tItemId as integer,\n\t\tNdc as string,\n\t\tIngredientDrugName as string,\n\t\tIngredientStrengthValue as decimal(13,5),\n\t\tIngredientStengthUom as string,\n\t\tItemUId as string\n\t),\n\tdeletable:false,\n\tinsertable:true,\n\tupdateable:false,\n\tupsertable:false,\n\tformat: 'table',\n\tpreSQLs:['delete [ItemMaster].[NdcIngredients]'],\n\tskipDuplicateMapInputs: true,\n\tskipDuplicateMapOutputs: true,\n\terrorHandlingOption: 'stopOnFirstError',\n\tmapColumn(\n\t\tItemUId = NdcIngredientsSource@ItemUId,\n\t\tItemId,\n\t\tNdc,\n\t\tIngredientDrugName,\n\t\tIngredientStrengthValue,\n\t\tIngredientStengthUom\n\t)) ~> sink1"
                }
            },
            "dependsOn": []
        },
        {
            "name": "[concat(parameters('factoryName'), '/PharmacyItemAhfs_SingleSink_DF_copy1')]",
            "type": "Microsoft.DataFactory/factories/dataflows",
            "apiVersion": "2018-06-01",
            "properties": {
                "folder": {
                    "name": "ItemTables/ItemTables-Mem"
                },
                "type": "MappingDataFlow",
                "typeProperties": {
                    "sources": [
                        {
                            "dataset": {
                                "referenceName": "PharmacyItemAhfs_Source_New1",
                                "type": "DatasetReference"
                            },
                            "name": "PharmacyItemAHFSSource"
                        },
                        {
                            "dataset": {
                                "referenceName": "ItemMaster_Join_Configurable",
                                "type": "DatasetReference"
                            },
                            "name": "ItemMasterSource"
                        }
                    ],
                    "sinks": [
                        {
                            "dataset": {
                                "referenceName": "PharmacyItemAHFS_Target_Configurable",
                                "type": "DatasetReference"
                            },
                            "name": "sink1"
                        }
                    ],
                    "transformations": [
                        {
                            "name": "Join1"
                        },
                        {
                            "name": "AlterRow1"
                        }
                    ],
                    "script": "parameters{\n\tFullLoad as string ('false')\n}\nsource(output(\n\t\tItemUId as string,\n\t\tItemId as integer,\n\t\tAhfsId as integer,\n\t\tNdc as string,\n\t\tAhfsCode as integer,\n\t\tStatus as string,\n\t\tDateAdded as timestamp,\n\t\tDateChanged as timestamp,\n\t\tDataSourceId as integer\n\t),\n\tallowSchemaDrift: true,\n\tvalidateSchema: false,\n\tisolationLevel: 'READ_UNCOMMITTED',\n\tquery: (iif(lower($FullLoad) == 'true','select * from [Sync].[vw_PharmacyItemAhfs]','select * from [Sync].[vw_PharmacyItemAhfs] WHERE (DateChanged > DATEADD(d, - 10, GETDATE()))')),\n\tformat: 'query') ~> PharmacyItemAHFSSource\nsource(output(\n\t\tItemId as integer,\n\t\tItemTypeId as integer,\n\t\tItemCode as string,\n\t\tItemDescription as string,\n\t\tMfrId as integer,\n\t\tGtin as long,\n\t\tItemMasterItemId as integer,\n\t\tDateAdded as timestamp,\n\t\tDateChanged as timestamp,\n\t\tItemUId as string,\n\t\tDataSourceId as integer\n\t),\n\tallowSchemaDrift: true,\n\tvalidateSchema: false,\n\tisolationLevel: 'READ_UNCOMMITTED',\n\tformat: 'table') ~> ItemMasterSource\nPharmacyItemAHFSSource, ItemMasterSource join(PharmacyItemAHFSSource@ItemUId == ItemMasterSource@ItemUId,\n\tjoinType:'inner',\n\tmatchType:'exact',\n\tignoreSpaces: false,\n\tbroadcast: 'auto')~> Join1\nJoin1 alterRow(upsertIf(true())) ~> AlterRow1\nAlterRow1 sink(allowSchemaDrift: true,\n\tvalidateSchema: false,\n\tinput(\n\t\tItemId as integer,\n\t\tAhfsId as integer,\n\t\tNdc as string,\n\t\tAhfsCode as integer,\n\t\tStatus as string,\n\t\tItemMasterItemId as integer,\n\t\tDateAdded as timestamp,\n\t\tDateChanged as timestamp,\n\t\tDataSourceId as integer,\n\t\tItemUId as string\n\t),\n\tdeletable:false,\n\tinsertable:false,\n\tupdateable:false,\n\tupsertable:true,\n\tkeys:['ItemMasterItemId','AhfsId'],\n\tformat: 'table',\n\tskipDuplicateMapInputs: true,\n\tskipDuplicateMapOutputs: true,\n\terrorHandlingOption: 'stopOnFirstError',\n\tmapColumn(\n\t\tItemId = ItemMasterSource@ItemId,\n\t\tAhfsId,\n\t\tNdc,\n\t\tAhfsCode,\n\t\tStatus,\n\t\tItemMasterItemId = PharmacyItemAHFSSource@ItemId,\n\t\tDateAdded = PharmacyItemAHFSSource@DateAdded,\n\t\tDateChanged = PharmacyItemAHFSSource@DateChanged,\n\t\tDataSourceId = PharmacyItemAHFSSource@DataSourceId,\n\t\tItemUId = PharmacyItemAHFSSource@ItemUId\n\t)) ~> sink1"
                }
            },
            "dependsOn": []
        }
    ]
}