{
    "$schema": "http://schema.management.azure.com/schemas/2015-01-01/deploymentTemplate.json#",
    "contentVersion": "1.0.0.0",
    "parameters": {
        "factoryName": {
            "type": "string",
            "metadata": "Data Factory name",
            "defaultValue": "adf-ItemMasterDataSync-prod"
        }
    },
    "variables": {
        "factoryId": "[concat('Microsoft.DataFactory/factories/', parameters('factoryName'))]"
    },
    "resources": [
        {
            "name": "[concat(parameters('factoryName'), '/NationWholesaler_Prediction_Raw_Target')]",
            "type": "Microsoft.DataFactory/factories/datasets",
            "apiVersion": "2018-06-01",
            "properties": {
                "linkedServiceName": {
                    "referenceName": "NationalWholesale",
                    "type": "LinkedServiceReference"
                },
                "folder": {
                    "name": "NationWholesaler"
                },
                "annotations": [],
                "type": "AzureSqlTable",
                "schema": [
                    {
                        "name": "source1_priceinc",
                        "type": "nvarchar"
                    },
                    {
                        "name": "source2_budget",
                        "type": "nvarchar"
                    },
                    {
                        "name": "NDC",
                        "type": "nvarchar"
                    },
                    {
                        "name": "PriceDate",
                        "type": "datetime",
                        "precision": 23,
                        "scale": 3
                    },
                    {
                        "name": "Forecast_Months_Ahead",
                        "type": "float",
                        "precision": 15
                    },
                    {
                        "name": "PredictionPriceDate",
                        "type": "nvarchar"
                    },
                    {
                        "name": "PredIncBool",
                        "type": "int",
                        "precision": 10
                    },
                    {
                        "name": "PredIncProb",
                        "type": "float",
                        "precision": 15
                    },
                    {
                        "name": "ActualPriceChangePercent",
                        "type": "decimal",
                        "precision": 5,
                        "scale": 3
                    },
                    {
                        "name": "WACPrice",
                        "type": "decimal",
                        "precision": 7,
                        "scale": 2
                    },
                    {
                        "name": "PriceIncreaseActual_Month",
                        "type": "int",
                        "precision": 10
                    },
                    {
                        "name": "WACPriceLastMonth",
                        "type": "decimal",
                        "precision": 7,
                        "scale": 2
                    },
                    {
                        "name": "WACPriceNextMonth",
                        "type": "decimal",
                        "precision": 7,
                        "scale": 2
                    },
                    {
                        "name": "WACPriceNext2Month",
                        "type": "decimal",
                        "precision": 7,
                        "scale": 2
                    },
                    {
                        "name": "PriceIncreaseActual_Window",
                        "type": "int",
                        "precision": 10
                    },
                    {
                        "name": "DateOfPrediction",
                        "type": "date"
                    },
                    {
                        "name": "meanPerc",
                        "type": "float",
                        "precision": 15
                    },
                    {
                        "name": "highPerc",
                        "type": "float",
                        "precision": 15
                    },
                    {
                        "name": "lowPerc",
                        "type": "float",
                        "precision": 15
                    },
                    {
                        "name": "num_changes",
                        "type": "float",
                        "precision": 15
                    },
                    {
                        "name": "Expected_Price",
                        "type": "float",
                        "precision": 15
                    },
                    {
                        "name": "UnitsReceived_WAC",
                        "type": "float",
                        "precision": 15
                    },
                    {
                        "name": "Expected_Cost_WAC_riskadj",
                        "type": "float",
                        "precision": 15
                    },
                    {
                        "name": "Rolling_TCO",
                        "type": "float",
                        "precision": 15
                    },
                    {
                        "name": "DateStamp",
                        "type": "datetime",
                        "precision": 23,
                        "scale": 3
                    }
                ],
                "typeProperties": {
                    "schema": "Predictive",
                    "table": "NationalNdcPricePredictionRaw"
                }
            },
            "dependsOn": []
        },
        {
            "name": "[concat(parameters('factoryName'), '/WkGpiDescriptions_Source_New1')]",
            "type": "Microsoft.DataFactory/factories/datasets",
            "apiVersion": "2018-06-01",
            "properties": {
                "linkedServiceName": {
                    "referenceName": "ItemMaster",
                    "type": "LinkedServiceReference"
                },
                "annotations": [],
                "type": "AzureSqlTable",
                "schema": [
                    {
                        "name": "GpiId",
                        "type": "int",
                        "precision": 10
                    },
                    {
                        "name": "GpiCodeSegment",
                        "type": "varchar"
                    },
                    {
                        "name": "GPIRecordTypeId",
                        "type": "int",
                        "precision": 10
                    },
                    {
                        "name": "GpiName",
                        "type": "varchar"
                    },
                    {
                        "name": "GPIRecordTypeLevelCode",
                        "type": "varchar"
                    },
                    {
                        "name": "Status",
                        "type": "char"
                    },
                    {
                        "name": "DateAdded",
                        "type": "datetime",
                        "precision": 23,
                        "scale": 3
                    },
                    {
                        "name": "DateChanged",
                        "type": "datetime",
                        "precision": 23,
                        "scale": 3
                    }
                ],
                "typeProperties": {
                    "tableName": "[[WoltersKluwer].[WkGpiDescriptions]"
                }
            },
            "dependsOn": []
        },
        {
            "name": "[concat(parameters('factoryName'), '/GenericLookupMasterData')]",
            "type": "Microsoft.DataFactory/factories/datasets",
            "apiVersion": "2018-06-01",
            "properties": {
                "linkedServiceName": {
                    "referenceName": "MasterDataSyncControl",
                    "type": "LinkedServiceReference"
                },
                "annotations": [],
                "type": "AzureSqlTable",
                "schema": [],
                "typeProperties": {
                    "schema": "SyncControl",
                    "table": "SecretsByDataFactory_vw"
                }
            },
            "dependsOn": []
        },
        {
            "name": "[concat(parameters('factoryName'), '/ItemMaster_AspPriceAndLimits_SI_SQL')]",
            "type": "Microsoft.DataFactory/factories/datasets",
            "apiVersion": "2018-06-01",
            "properties": {
                "linkedServiceName": {
                    "referenceName": "ItemMaster",
                    "type": "LinkedServiceReference"
                },
                "folder": {
                    "name": "CMS"
                },
                "annotations": [],
                "type": "AzureSqlTable",
                "schema": [
                    {
                        "name": "HcpcsCode",
                        "type": "varchar"
                    },
                    {
                        "name": "QuarterDate",
                        "type": "varchar"
                    },
                    {
                        "name": "ShortDescription",
                        "type": "varchar"
                    },
                    {
                        "name": "CI",
                        "type": "varchar"
                    },
                    {
                        "name": "SI",
                        "type": "varchar"
                    },
                    {
                        "name": "APC",
                        "type": "varchar"
                    },
                    {
                        "name": "RelativeWeight",
                        "type": "varchar"
                    },
                    {
                        "name": "PaymentRate",
                        "type": "varchar"
                    },
                    {
                        "name": "NationalUnadjustedCopayment",
                        "type": "varchar"
                    },
                    {
                        "name": "MinimumUnadjustedCopayment",
                        "type": "varchar"
                    },
                    {
                        "name": "ChangeIndicator",
                        "type": "varchar"
                    },
                    {
                        "name": "UpdateDateTime",
                        "type": "datetime",
                        "precision": 23,
                        "scale": 3
                    },
                    {
                        "name": "AspPriceAndLimitsSIId",
                        "type": "uniqueidentifier"
                    }
                ],
                "typeProperties": {
                    "tableName": "[[dbo].[AspPriceAndLimits_SI]"
                }
            },
            "dependsOn": []
        },
        {
            "name": "[concat(parameters('factoryName'), '/CogRx_AspPriceAndLimits_SI_SQL')]",
            "type": "Microsoft.DataFactory/factories/datasets",
            "apiVersion": "2018-06-01",
            "properties": {
                "linkedServiceName": {
                    "referenceName": "CognitiveRx",
                    "type": "LinkedServiceReference"
                },
                "folder": {
                    "name": "CMS"
                },
                "annotations": [],
                "type": "AzureSqlTable",
                "schema": [
                    {
                        "name": "HcpcsCode",
                        "type": "varchar"
                    },
                    {
                        "name": "QuarterDate",
                        "type": "varchar"
                    },
                    {
                        "name": "ShortDescription",
                        "type": "varchar"
                    },
                    {
                        "name": "CI",
                        "type": "varchar"
                    },
                    {
                        "name": "SI",
                        "type": "varchar"
                    },
                    {
                        "name": "APC",
                        "type": "varchar"
                    },
                    {
                        "name": "RelativeWeight",
                        "type": "varchar"
                    },
                    {
                        "name": "PaymentRate",
                        "type": "varchar"
                    },
                    {
                        "name": "NationalUnadjustedCopayment",
                        "type": "varchar"
                    },
                    {
                        "name": "MinimumUnadjustedCopayment",
                        "type": "varchar"
                    },
                    {
                        "name": "ChangeIndicator",
                        "type": "varchar"
                    },
                    {
                        "name": "AspPriceAndLimitsSIId",
                        "type": "uniqueidentifier"
                    },
                    {
                        "name": "UpdateDateTime",
                        "type": "datetime",
                        "precision": 23,
                        "scale": 3
                    },
                    {
                        "name": "isDelete",
                        "type": "bit"
                    },
                    {
                        "name": "PipelineRunId",
                        "type": "varchar"
                    }
                ],
                "typeProperties": {}
            },
            "dependsOn": []
        },
        {
            "name": "[concat(parameters('factoryName'), '/CognitiveRx_SQL_RecallType')]",
            "type": "Microsoft.DataFactory/factories/datasets",
            "apiVersion": "2018-06-01",
            "properties": {
                "linkedServiceName": {
                    "referenceName": "CognitiveRx",
                    "type": "LinkedServiceReference"
                },
                "annotations": [],
                "type": "AzureSqlTable",
                "schema": [
                    {
                        "name": "RecallTypeId",
                        "type": "int",
                        "precision": 10
                    },
                    {
                        "name": "Description",
                        "type": "varchar"
                    },
                    {
                        "name": "RecallTypeUId",
                        "type": "uniqueidentifier"
                    },
                    {
                        "name": "CreatedDateTime",
                        "type": "datetime",
                        "precision": 23,
                        "scale": 3
                    },
                    {
                        "name": "UpdatedDateTime",
                        "type": "datetime",
                        "precision": 23,
                        "scale": 3
                    }
                ],
                "typeProperties": {}
            },
            "dependsOn": []
        },
        {
            "name": "[concat(parameters('factoryName'), '/CognitiveRx_PharmacyItem_SQL')]",
            "type": "Microsoft.DataFactory/factories/datasets",
            "apiVersion": "2018-06-01",
            "properties": {
                "linkedServiceName": {
                    "referenceName": "CognitiveRx",
                    "type": "LinkedServiceReference"
                },
                "folder": {
                    "name": "Shortages"
                },
                "annotations": [],
                "type": "AzureSqlTable",
                "schema": [
                    {
                        "name": "ItemId",
                        "type": "int",
                        "precision": 10
                    },
                    {
                        "name": "ItemDescription",
                        "type": "varchar"
                    },
                    {
                        "name": "ItemShortDescription",
                        "type": "varchar"
                    },
                    {
                        "name": "Gtin",
                        "type": "bigint",
                        "precision": 19
                    },
                    {
                        "name": "Ndc",
                        "type": "varchar"
                    },
                    {
                        "name": "Ndc10",
                        "type": "varchar"
                    },
                    {
                        "name": "Ndc11",
                        "type": "varchar"
                    },
                    {
                        "name": "NdcFormatCode",
                        "type": "int",
                        "precision": 10
                    },
                    {
                        "name": "PreviousNdc",
                        "type": "varchar"
                    },
                    {
                        "name": "ReplacedByNdc",
                        "type": "varchar"
                    },
                    {
                        "name": "CasePack",
                        "type": "char"
                    },
                    {
                        "name": "PackageSize",
                        "type": "decimal",
                        "precision": 8,
                        "scale": 3
                    },
                    {
                        "name": "PackageDescription",
                        "type": "varchar"
                    },
                    {
                        "name": "DrugStrength",
                        "type": "varchar"
                    },
                    {
                        "name": "DrugStrengthUom",
                        "type": "varchar"
                    },
                    {
                        "name": "IsGenericDrug",
                        "type": "bit"
                    },
                    {
                        "name": "DrugName",
                        "type": "varchar"
                    },
                    {
                        "name": "Ingredients",
                        "type": "varchar"
                    },
                    {
                        "name": "BrandNameTypeId",
                        "type": "int",
                        "precision": 10
                    },
                    {
                        "name": "UnitDoseId",
                        "type": "int",
                        "precision": 10
                    },
                    {
                        "name": "DosageFormId",
                        "type": "int",
                        "precision": 10
                    },
                    {
                        "name": "IsItemMultiSourced",
                        "type": "bit"
                    },
                    {
                        "name": "StorageConditionId",
                        "type": "int",
                        "precision": 10
                    },
                    {
                        "name": "RxNormNumber",
                        "type": "varchar"
                    },
                    {
                        "name": "IsItemRepackaged",
                        "type": "bit"
                    },
                    {
                        "name": "IsItemHazardouMaterial",
                        "type": "bit"
                    },
                    {
                        "name": "LabelerId",
                        "type": "int",
                        "precision": 10
                    },
                    {
                        "name": "MfrId",
                        "type": "int",
                        "precision": 10
                    },
                    {
                        "name": "DeaClassId",
                        "type": "int",
                        "precision": 10
                    },
                    {
                        "name": "OrangeBookId",
                        "type": "int",
                        "precision": 10
                    },
                    {
                        "name": "PackageSizeUomId",
                        "type": "int",
                        "precision": 10
                    },
                    {
                        "name": "UnitOfMeasureId",
                        "type": "int",
                        "precision": 10
                    },
                    {
                        "name": "PurpleBookId",
                        "type": "int",
                        "precision": 10
                    },
                    {
                        "name": "GPI",
                        "type": "varchar"
                    },
                    {
                        "name": "TypeOfBrandDesciption",
                        "type": "varchar"
                    },
                    {
                        "name": "ItemMasterItemId",
                        "type": "int",
                        "precision": 10
                    },
                    {
                        "name": "DrugDescriptorId",
                        "type": "int",
                        "precision": 10
                    },
                    {
                        "name": "BioEquivalenceId",
                        "type": "int",
                        "precision": 10
                    },
                    {
                        "name": "DateAdded",
                        "type": "datetime",
                        "precision": 23,
                        "scale": 3
                    },
                    {
                        "name": "DateChanged",
                        "type": "datetime",
                        "precision": 23,
                        "scale": 3
                    },
                    {
                        "name": "DataSourceId",
                        "type": "int",
                        "precision": 10
                    },
                    {
                        "name": "Manufacturer",
                        "type": "varchar"
                    },
                    {
                        "name": "EqKey",
                        "type": "varchar"
                    },
                    {
                        "name": "PricingKey",
                        "type": "varchar"
                    },
                    {
                        "name": "PharmaceuticalEqKey",
                        "type": "varchar"
                    },
                    {
                        "name": "BioEqKey",
                        "type": "varchar"
                    },
                    {
                        "name": "TherapeuticEqKey",
                        "type": "varchar"
                    },
                    {
                        "name": "DirectEqKey",
                        "type": "varchar"
                    },
                    {
                        "name": "ItemUId",
                        "type": "uniqueidentifier"
                    }
                ],
                "typeProperties": {
                    "schema": "dbo",
                    "table": "PharmacyItem"
                }
            },
            "dependsOn": []
        },
        {
            "name": "[concat(parameters('factoryName'), '/AhfsMaster_Target_New1')]",
            "type": "Microsoft.DataFactory/factories/datasets",
            "apiVersion": "2018-06-01",
            "properties": {
                "linkedServiceName": {
                    "referenceName": "CognitiveRx",
                    "type": "LinkedServiceReference"
                },
                "folder": {
                    "name": "AHFSMaster"
                },
                "annotations": [],
                "type": "AzureSqlTable",
                "schema": [
                    {
                        "name": "AhfsId",
                        "type": "int",
                        "precision": 10
                    },
                    {
                        "name": "AhfsCode",
                        "type": "float",
                        "precision": 15
                    },
                    {
                        "name": "TherapeuticClassDescription",
                        "type": "varchar"
                    },
                    {
                        "name": "FdbAhfs8",
                        "type": "float",
                        "precision": 15
                    },
                    {
                        "name": "Status",
                        "type": "char"
                    },
                    {
                        "name": "DateAdded",
                        "type": "datetime",
                        "precision": 23,
                        "scale": 3
                    },
                    {
                        "name": "DateChanged",
                        "type": "datetime",
                        "precision": 23,
                        "scale": 3
                    },
                    {
                        "name": "DataSourceId",
                        "type": "int",
                        "precision": 10
                    }
                ],
                "typeProperties": {
                    "schema": "ItemMaster",
                    "table": "AHFS"
                }
            },
            "dependsOn": []
        },
        {
            "name": "[concat(parameters('factoryName'), '/CognitiveRx_SQL_Recall')]",
            "type": "Microsoft.DataFactory/factories/datasets",
            "apiVersion": "2018-06-01",
            "properties": {
                "linkedServiceName": {
                    "referenceName": "CognitiveRx",
                    "type": "LinkedServiceReference"
                },
                "annotations": [],
                "type": "AzureSqlTable",
                "schema": [
                    {
                        "name": "RecallId",
                        "type": "int",
                        "precision": 10
                    },
                    {
                        "name": "RecallUrl",
                        "type": "varchar"
                    },
                    {
                        "name": "Title",
                        "type": "varchar"
                    },
                    {
                        "name": "ReleaseDate",
                        "type": "varchar"
                    },
                    {
                        "name": "ArticleReleaseContact",
                        "type": "varchar"
                    },
                    {
                        "name": "ReleaseText",
                        "type": "varchar"
                    },
                    {
                        "name": "InfoTable",
                        "type": "varchar"
                    },
                    {
                        "name": "Pictures",
                        "type": "varchar"
                    },
                    {
                        "name": "RecallTypeId",
                        "type": "int",
                        "precision": 10
                    },
                    {
                        "name": "ImportDateTime",
                        "type": "datetime",
                        "precision": 23,
                        "scale": 3
                    },
                    {
                        "name": "ParsedOutNDC",
                        "type": "varchar"
                    },
                    {
                        "name": "TwitterAccount",
                        "type": "varchar"
                    },
                    {
                        "name": "TweetDateTime",
                        "type": "datetime",
                        "precision": 23,
                        "scale": 3
                    },
                    {
                        "name": "TweetId",
                        "type": "varchar"
                    },
                    {
                        "name": "RecallUId",
                        "type": "uniqueidentifier"
                    },
                    {
                        "name": "UpdatedDateTime",
                        "type": "datetime",
                        "precision": 23,
                        "scale": 3
                    },
                    {
                        "name": "RecallTypeUId",
                        "type": "uniqueidentifier"
                    }
                ],
                "typeProperties": {}
            },
            "dependsOn": []
        },
        {
            "name": "[concat(parameters('factoryName'), '/RecallV2ProductNdcSource')]",
            "type": "Microsoft.DataFactory/factories/datasets",
            "apiVersion": "2018-06-01",
            "properties": {
                "linkedServiceName": {
                    "referenceName": "ItemMaster",
                    "type": "LinkedServiceReference"
                },
                "folder": {
                    "name": "FdaRecallV2"
                },
                "annotations": [],
                "type": "AzureSqlTable",
                "schema": [
                    {
                        "name": "RecallProductNdcId",
                        "type": "int",
                        "precision": 10
                    },
                    {
                        "name": "RecallId",
                        "type": "int",
                        "precision": 10
                    },
                    {
                        "name": "RecallNumber",
                        "type": "varchar"
                    },
                    {
                        "name": "FdaEventId",
                        "type": "varchar"
                    },
                    {
                        "name": "ProductNdc",
                        "type": "varchar"
                    },
                    {
                        "name": "DateAdded",
                        "type": "datetime",
                        "precision": 23,
                        "scale": 3
                    },
                    {
                        "name": "DateChanged",
                        "type": "datetime",
                        "precision": 23,
                        "scale": 3
                    },
                    {
                        "name": "PipelineRunId",
                        "type": "varchar"
                    },
                    {
                        "name": "ImportedDate",
                        "type": "datetime",
                        "precision": 23,
                        "scale": 3
                    },
                    {
                        "name": "Status",
                        "type": "char"
                    }
                ],
                "typeProperties": {
                    "schema": "Fda",
                    "table": "RecallV2ProductNdc"
                }
            },
            "dependsOn": []
        },
        {
            "name": "[concat(parameters('factoryName'), '/BrandNameTypes_Source_New1')]",
            "type": "Microsoft.DataFactory/factories/datasets",
            "apiVersion": "2018-06-01",
            "properties": {
                "linkedServiceName": {
                    "referenceName": "ItemMaster",
                    "type": "LinkedServiceReference"
                },
                "folder": {
                    "name": "BrandNameTypes"
                },
                "annotations": [],
                "type": "AzureSqlTable",
                "schema": [
                    {
                        "name": "BrandNameTypeId",
                        "type": "int",
                        "precision": 10
                    },
                    {
                        "name": "BrandNameTypeCode",
                        "type": "char"
                    },
                    {
                        "name": "BrandNameTypesDescription",
                        "type": "varchar"
                    }
                ],
                "typeProperties": {
                    "tableName": "[[WoltersKluwer].[BrandNameTypes]"
                }
            },
            "dependsOn": []
        },
        {
            "name": "[concat(parameters('factoryName'), '/OrangeBookEquivalenceType_Source_New1')]",
            "type": "Microsoft.DataFactory/factories/datasets",
            "apiVersion": "2018-06-01",
            "properties": {
                "linkedServiceName": {
                    "referenceName": "ItemMaster",
                    "type": "LinkedServiceReference"
                },
                "folder": {
                    "name": "OrangeBookEquivalenceType"
                },
                "annotations": [],
                "type": "AzureSqlTable",
                "schema": [
                    {
                        "name": "OrangeBookEquivalenceTypeId",
                        "type": "int",
                        "precision": 10
                    },
                    {
                        "name": "OrangeBookEquivalenceTypeDescription",
                        "type": "varchar"
                    }
                ],
                "typeProperties": {
                    "tableName": "[[dbo].[OrangeBookEquivalenceType]"
                }
            },
            "dependsOn": []
        },
        {
            "name": "[concat(parameters('factoryName'), '/RecallV2Source')]",
            "type": "Microsoft.DataFactory/factories/datasets",
            "apiVersion": "2018-06-01",
            "properties": {
                "linkedServiceName": {
                    "referenceName": "ItemMaster",
                    "type": "LinkedServiceReference"
                },
                "folder": {
                    "name": "FdaRecallV2"
                },
                "annotations": [],
                "type": "AzureSqlTable",
                "schema": [
                    {
                        "name": "RecallId",
                        "type": "int",
                        "precision": 10
                    },
                    {
                        "name": "RecallNumber",
                        "type": "varchar"
                    },
                    {
                        "name": "FdaEventId",
                        "type": "varchar"
                    },
                    {
                        "name": "RecallEventId",
                        "type": "int",
                        "precision": 10
                    },
                    {
                        "name": "ReportDate",
                        "type": "datetime",
                        "precision": 23,
                        "scale": 3
                    },
                    {
                        "name": "RecallInitiationDate",
                        "type": "datetime",
                        "precision": 23,
                        "scale": 3
                    },
                    {
                        "name": "CenterClassificationDate",
                        "type": "datetime",
                        "precision": 23,
                        "scale": 3
                    },
                    {
                        "name": "TerminationDate",
                        "type": "datetime",
                        "precision": 23,
                        "scale": 3
                    },
                    {
                        "name": "Status",
                        "type": "varchar"
                    },
                    {
                        "name": "Classification",
                        "type": "varchar"
                    },
                    {
                        "name": "ProductCode",
                        "type": "varchar"
                    },
                    {
                        "name": "ProductDescription",
                        "type": "varchar"
                    },
                    {
                        "name": "ReasonForRecall",
                        "type": "varchar"
                    },
                    {
                        "name": "ProductQuantity",
                        "type": "varchar"
                    },
                    {
                        "name": "CodeInfo",
                        "type": "varchar"
                    },
                    {
                        "name": "MoreCodeInfo",
                        "type": "varchar"
                    },
                    {
                        "name": "Array_ProductNdc",
                        "type": "varchar"
                    },
                    {
                        "name": "Array_PackageNdc",
                        "type": "varchar"
                    },
                    {
                        "name": "Array_GenericName",
                        "type": "varchar"
                    },
                    {
                        "name": "Array_SplSetId",
                        "type": "varchar"
                    },
                    {
                        "name": "Array_IsOriginalPackager",
                        "type": "varchar"
                    },
                    {
                        "name": "Array_BrandName",
                        "type": "varchar"
                    },
                    {
                        "name": "Array_PharmClassCs",
                        "type": "varchar"
                    },
                    {
                        "name": "Array_PharmClassEpc",
                        "type": "varchar"
                    },
                    {
                        "name": "Array_PharmClassPe",
                        "type": "varchar"
                    },
                    {
                        "name": "Array_PharmClassMoa",
                        "type": "varchar"
                    },
                    {
                        "name": "Array_Nui",
                        "type": "varchar"
                    },
                    {
                        "name": "Array_OriginalPackagerProductNdc",
                        "type": "varchar"
                    },
                    {
                        "name": "Array_ManufacturerName",
                        "type": "varchar"
                    },
                    {
                        "name": "Array_Rxcui",
                        "type": "varchar"
                    },
                    {
                        "name": "Array_Unii",
                        "type": "varchar"
                    },
                    {
                        "name": "Array_SplId",
                        "type": "varchar"
                    },
                    {
                        "name": "Array_Upc",
                        "type": "varchar"
                    },
                    {
                        "name": "Array_SubstanceName",
                        "type": "varchar"
                    },
                    {
                        "name": "Array_ProductType",
                        "type": "varchar"
                    },
                    {
                        "name": "Array_Route",
                        "type": "varchar"
                    },
                    {
                        "name": "Array_ApplicationNumber",
                        "type": "varchar"
                    },
                    {
                        "name": "DateAdded",
                        "type": "datetime",
                        "precision": 23,
                        "scale": 3
                    },
                    {
                        "name": "DateChanged",
                        "type": "datetime",
                        "precision": 23,
                        "scale": 3
                    },
                    {
                        "name": "PipelineRunId",
                        "type": "varchar"
                    },
                    {
                        "name": "ImportedDate",
                        "type": "datetime",
                        "precision": 23,
                        "scale": 3
                    }
                ],
                "typeProperties": {
                    "schema": "Fda",
                    "table": "RecallV2"
                }
            },
            "dependsOn": []
        },
        {
            "name": "[concat(parameters('factoryName'), '/CogRx_AspPriceAndLimits_SI_SQL_Configurable')]",
            "type": "Microsoft.DataFactory/factories/datasets",
            "apiVersion": "2018-06-01",
            "properties": {
                "linkedServiceName": {
                    "referenceName": "CognitiveRx_Configurable",
                    "type": "LinkedServiceReference",
                    "parameters": {
                        "KeyVaultSecret": "@dataset().SecretName"
                    }
                },
                "parameters": {
                    "SecretName": {
                        "type": "string"
                    }
                },
                "folder": {
                    "name": "CMS"
                },
                "annotations": [],
                "type": "AzureSqlTable",
                "schema": [
                    {
                        "name": "HcpcsCode",
                        "type": "varchar"
                    },
                    {
                        "name": "QuarterDate",
                        "type": "varchar"
                    },
                    {
                        "name": "ShortDescription",
                        "type": "varchar"
                    },
                    {
                        "name": "CI",
                        "type": "varchar"
                    },
                    {
                        "name": "SI",
                        "type": "varchar"
                    },
                    {
                        "name": "APC",
                        "type": "varchar"
                    },
                    {
                        "name": "RelativeWeight",
                        "type": "varchar"
                    },
                    {
                        "name": "PaymentRate",
                        "type": "varchar"
                    },
                    {
                        "name": "NationalUnadjustedCopayment",
                        "type": "varchar"
                    },
                    {
                        "name": "MinimumUnadjustedCopayment",
                        "type": "varchar"
                    },
                    {
                        "name": "ChangeIndicator",
                        "type": "varchar"
                    },
                    {
                        "name": "AspPriceAndLimitsSIId",
                        "type": "uniqueidentifier"
                    },
                    {
                        "name": "UpdateDateTime",
                        "type": "datetime",
                        "precision": 23,
                        "scale": 3
                    },
                    {
                        "name": "isDelete",
                        "type": "bit"
                    },
                    {
                        "name": "PipelineRunId",
                        "type": "varchar"
                    }
                ],
                "typeProperties": {
                    "schema": "dbo",
                    "table": "AspPriceAndLimits_SI"
                }
            },
            "dependsOn": []
        },
        {
            "name": "[concat(parameters('factoryName'), '/EmailSubjectMessage')]",
            "type": "Microsoft.DataFactory/factories/datasets",
            "apiVersion": "2018-06-01",
            "properties": {
                "linkedServiceName": {
                    "referenceName": "CognitiveRx_Configurable",
                    "type": "LinkedServiceReference",
                    "parameters": {
                        "KeyVaultSecret": "@dataset().SecretName"
                    }
                },
                "parameters": {
                    "SecretName": {
                        "type": "string"
                    }
                },
                "annotations": [],
                "type": "AzureSqlTable",
                "schema": [
                    {
                        "name": "NotificationTypeId",
                        "type": "Int64"
                    },
                    {
                        "name": "SubjectLine",
                        "type": "String"
                    },
                    {
                        "name": "EmailMessage",
                        "type": "String"
                    }
                ],
                "typeProperties": {}
            },
            "dependsOn": []
        },
        {
            "name": "[concat(parameters('factoryName'), '/NdcFormatCodes_Target_Configurable')]",
            "type": "Microsoft.DataFactory/factories/datasets",
            "apiVersion": "2018-06-01",
            "properties": {
                "linkedServiceName": {
                    "referenceName": "CognitiveRx_Configurable",
                    "type": "LinkedServiceReference",
                    "parameters": {
                        "KeyVaultSecret": "@dataset().SecretName"
                    }
                },
                "parameters": {
                    "SecretName": {
                        "type": "string"
                    }
                },
                "folder": {
                    "name": "NdcFormatCodes"
                },
                "annotations": [],
                "type": "AzureSqlTable",
                "schema": [
                    {
                        "name": "IdNumberFormatId",
                        "type": "int",
                        "precision": 10
                    },
                    {
                        "name": "RepresentsFormat",
                        "type": "varchar"
                    },
                    {
                        "name": "IdType",
                        "type": "varchar"
                    },
                    {
                        "name": "NdcFormat",
                        "type": "varchar"
                    },
                    {
                        "name": "ToNdcStandard11",
                        "type": "varchar"
                    },
                    {
                        "name": "ToNdc11",
                        "type": "varchar"
                    }
                ],
                "typeProperties": {
                    "schema": "ItemMaster",
                    "table": "NdcFormatCodes"
                }
            },
            "dependsOn": []
        },
        {
            "name": "[concat(parameters('factoryName'), '/DeaClassCode_Target_Configurable')]",
            "type": "Microsoft.DataFactory/factories/datasets",
            "apiVersion": "2018-06-01",
            "properties": {
                "linkedServiceName": {
                    "referenceName": "CognitiveRx_Configurable",
                    "type": "LinkedServiceReference",
                    "parameters": {
                        "KeyVaultSecret": "@dataset().SecretName"
                    }
                },
                "parameters": {
                    "SecretName": {
                        "type": "string"
                    }
                },
                "folder": {
                    "name": "DeaClassCode"
                },
                "annotations": [],
                "type": "AzureSqlTable",
                "schema": [
                    {
                        "name": "DeaClassId",
                        "type": "int",
                        "precision": 10
                    },
                    {
                        "name": "DeaClassDescription",
                        "type": "varchar"
                    },
                    {
                        "name": "DeaClassDefinition",
                        "type": "varchar"
                    },
                    {
                        "name": "DeaClassAbbreviation",
                        "type": "varchar"
                    }
                ],
                "typeProperties": {
                    "schema": "ItemMaster",
                    "table": "DeaClassCode"
                }
            },
            "dependsOn": []
        },
        {
            "name": "[concat(parameters('factoryName'), '/CognativeRx_NoTable')]",
            "type": "Microsoft.DataFactory/factories/datasets",
            "apiVersion": "2018-06-01",
            "properties": {
                "linkedServiceName": {
                    "referenceName": "CognitiveRx",
                    "type": "LinkedServiceReference"
                },
                "folder": {
                    "name": "CMS"
                },
                "annotations": [],
                "type": "AzureSqlTable",
                "schema": [],
                "typeProperties": {}
            },
            "dependsOn": []
        },
        {
            "name": "[concat(parameters('factoryName'), '/CognitiveRx_SQL_RecallNDC')]",
            "type": "Microsoft.DataFactory/factories/datasets",
            "apiVersion": "2018-06-01",
            "properties": {
                "linkedServiceName": {
                    "referenceName": "CognitiveRx",
                    "type": "LinkedServiceReference"
                },
                "annotations": [],
                "type": "AzureSqlTable",
                "schema": [
                    {
                        "name": "RecallNDCId",
                        "type": "int",
                        "precision": 10
                    },
                    {
                        "name": "RecallId",
                        "type": "int",
                        "precision": 10
                    },
                    {
                        "name": "NDC",
                        "type": "varchar"
                    },
                    {
                        "name": "NDC11",
                        "type": "varchar"
                    },
                    {
                        "name": "NDC10",
                        "type": "varchar"
                    },
                    {
                        "name": "AddedDateTime",
                        "type": "datetime",
                        "precision": 23,
                        "scale": 3
                    },
                    {
                        "name": "UpdatedDateTime",
                        "type": "datetime",
                        "precision": 23,
                        "scale": 3
                    },
                    {
                        "name": "RecallNDCUId",
                        "type": "uniqueidentifier"
                    },
                    {
                        "name": "RecallUId",
                        "type": "uniqueidentifier"
                    }
                ],
                "typeProperties": {}
            },
            "dependsOn": []
        },
        {
            "name": "[concat(parameters('factoryName'), '/PackageDescription_Source_New1')]",
            "type": "Microsoft.DataFactory/factories/datasets",
            "apiVersion": "2018-06-01",
            "properties": {
                "linkedServiceName": {
                    "referenceName": "ItemMaster",
                    "type": "LinkedServiceReference"
                },
                "annotations": [],
                "type": "AzureSqlTable",
                "schema": [
                    {
                        "name": "PackageDesciptionId",
                        "type": "int",
                        "precision": 10
                    },
                    {
                        "name": "PackageDescriptionCode",
                        "type": "char"
                    },
                    {
                        "name": "PackageDescription",
                        "type": "varchar"
                    }
                ],
                "typeProperties": {
                    "tableName": "[[WoltersKluwer].[PackageDescription]"
                }
            },
            "dependsOn": []
        }
    ]
}