{
    "$schema": "http://schema.management.azure.com/schemas/2015-01-01/deploymentTemplate.json#",
    "contentVersion": "1.0.0.0",
    "parameters": {
        "factoryName": {
            "type": "string",
            "metadata": "Data Factory name",
            "defaultValue": "adf-ItemMasterDataSync-prod"
        }
    },
    "variables": {
        "factoryId": "[concat('Microsoft.DataFactory/factories/', parameters('factoryName'))]"
    },
    "resources": [
        {
            "name": "[concat(parameters('factoryName'), '/DataSource_Target_Configurable_copy1')]",
            "type": "Microsoft.DataFactory/factories/datasets",
            "apiVersion": "2018-06-01",
            "properties": {
                "linkedServiceName": {
                    "referenceName": "Ls_MemberTenant_AzureSQL",
                    "type": "LinkedServiceReference",
                    "parameters": {
                        "lsdburl": "@dataset().dsdburl",
                        "lsdbname": "@dataset().dsdbname",
                        "lsdbtenant": "@dataset().dsdbtenant",
                        "lsdbserviceprincipal": "@dataset().dsdbserviceprincipal",
                        "lsdbsecret": "@dataset().dsdbsecret"
                    }
                },
                "parameters": {
                    "dsdburl": {
                        "type": "string",
                        "defaultValue": "@pipeline().parameters.pldburl"
                    },
                    "dsdbname": {
                        "type": "string",
                        "defaultValue": "@pipeline().parameters.pldbname"
                    },
                    "dsdbtenant": {
                        "type": "string",
                        "defaultValue": "@pipeline().parameters.pldbtenant"
                    },
                    "dsdbserviceprincipal": {
                        "type": "string",
                        "defaultValue": "@pipeline().parameters.pldbserviceprincipal"
                    },
                    "dsdbsecret": {
                        "type": "string",
                        "defaultValue": "@pipeline().parameters.pldbsecret"
                    }
                },
                "folder": {
                    "name": "Member Tenant Dataset"
                },
                "annotations": [],
                "type": "AzureSqlTable",
                "schema": [
                    {
                        "name": "DataSourceId",
                        "type": "int",
                        "precision": 10
                    },
                    {
                        "name": "DataSourceDesciption",
                        "type": "varchar"
                    },
                    {
                        "name": "DataSourceUID",
                        "type": "uniqueidentifier"
                    }
                ],
                "typeProperties": {
                    "schema": "dbo",
                    "table": "DataSource"
                }
            },
            "dependsOn": []
        },
        {
            "name": "[concat(parameters('factoryName'), '/AspPriceAndLimits_Target_Configurable_copy1')]",
            "type": "Microsoft.DataFactory/factories/datasets",
            "apiVersion": "2018-06-01",
            "properties": {
                "linkedServiceName": {
                    "referenceName": "Ls_MemberTenant_AzureSQL",
                    "type": "LinkedServiceReference",
                    "parameters": {
                        "lsdburl": "@dataset().dsdburl",
                        "lsdbname": "@dataset().dsdbname",
                        "lsdbtenant": "@dataset().dsdbtenant",
                        "lsdbserviceprincipal": "@dataset().dsdbserviceprincipal",
                        "lsdbsecret": "@dataset().dsdbsecret"
                    }
                },
                "parameters": {
                    "dsdburl": {
                        "type": "string",
                        "defaultValue": "@pipeline().parameters.pldburl"
                    },
                    "dsdbname": {
                        "type": "string",
                        "defaultValue": "@pipeline().parameters.pldbname"
                    },
                    "dsdbtenant": {
                        "type": "string",
                        "defaultValue": "@pipeline().parameters.pldbtenant"
                    },
                    "dsdbserviceprincipal": {
                        "type": "string",
                        "defaultValue": "@pipeline().parameters.pldbserviceprincipal"
                    },
                    "dsdbsecret": {
                        "type": "string",
                        "defaultValue": "@pipeline().parameters.pldbsecret"
                    }
                },
                "folder": {
                    "name": "Member Tenant Dataset"
                },
                "annotations": [],
                "type": "AzureSqlTable",
                "schema": [
                    {
                        "name": "AspPriceId",
                        "type": "int",
                        "precision": 10
                    },
                    {
                        "name": "Ndc",
                        "type": "varchar"
                    },
                    {
                        "name": "itemId",
                        "type": "int",
                        "precision": 10
                    },
                    {
                        "name": "QuarterDate",
                        "type": "varchar"
                    },
                    {
                        "name": "RevisionDate",
                        "type": "varchar"
                    },
                    {
                        "name": "HcpcsCode",
                        "type": "char"
                    },
                    {
                        "name": "HCPCSDescription",
                        "type": "varchar"
                    },
                    {
                        "name": "HcpcsCodeDosage",
                        "type": "varchar"
                    },
                    {
                        "name": "AspUnitPrice",
                        "type": "decimal",
                        "precision": 13,
                        "scale": 6
                    },
                    {
                        "name": "PaymentLimit",
                        "type": "decimal",
                        "precision": 13,
                        "scale": 5
                    },
                    {
                        "name": "IndependentEsrdLimit",
                        "type": "decimal",
                        "precision": 13,
                        "scale": 5
                    },
                    {
                        "name": "VaccineLimit",
                        "type": "decimal",
                        "precision": 13,
                        "scale": 5
                    },
                    {
                        "name": "DMEInfusionLimit",
                        "type": "decimal",
                        "precision": 13,
                        "scale": 5
                    },
                    {
                        "name": "BloodLimit",
                        "type": "decimal",
                        "precision": 13,
                        "scale": 5
                    },
                    {
                        "name": "PackageSize",
                        "type": "decimal",
                        "precision": 15,
                        "scale": 5
                    },
                    {
                        "name": "PackageQuantity",
                        "type": "decimal",
                        "precision": 15,
                        "scale": 5
                    },
                    {
                        "name": "BillableUnitsPerPackage",
                        "type": "decimal",
                        "precision": 15,
                        "scale": 5
                    },
                    {
                        "name": "BillableUnitsPer11DigitNDC",
                        "type": "decimal",
                        "precision": 15,
                        "scale": 5
                    },
                    {
                        "name": "IsCurrentRecords",
                        "type": "bit"
                    },
                    {
                        "name": "ItemMasterItemId",
                        "type": "int",
                        "precision": 10
                    },
                    {
                        "name": "DateAdded",
                        "type": "datetime",
                        "precision": 23,
                        "scale": 3
                    },
                    {
                        "name": "DateChanged",
                        "type": "datetime",
                        "precision": 23,
                        "scale": 3
                    },
                    {
                        "name": "ItemUId",
                        "type": "uniqueidentifier"
                    },
                    {
                        "name": "DataSourceId",
                        "type": "int",
                        "precision": 10
                    }
                ],
                "typeProperties": {
                    "schema": "dbo",
                    "table": "AspPriceAndLimits"
                }
            },
            "dependsOn": []
        },
        {
            "name": "[concat(parameters('factoryName'), '/ItemMaster_Target_Configurable_copy1')]",
            "type": "Microsoft.DataFactory/factories/datasets",
            "apiVersion": "2018-06-01",
            "properties": {
                "linkedServiceName": {
                    "referenceName": "Ls_MemberTenant_AzureSQL",
                    "type": "LinkedServiceReference",
                    "parameters": {
                        "lsdburl": "@dataset().dsdburl",
                        "lsdbname": "@dataset().dsdbname",
                        "lsdbtenant": "@dataset().dsdbtenant",
                        "lsdbserviceprincipal": "@dataset().dsdbserviceprincipal",
                        "lsdbsecret": "@dataset().dsdbsecret"
                    }
                },
                "parameters": {
                    "dsdburl": {
                        "type": "string",
                        "defaultValue": "@pipeline().parameters.pldburl"
                    },
                    "dsdbname": {
                        "type": "string",
                        "defaultValue": "@pipeline().parameters.pldbname"
                    },
                    "dsdbtenant": {
                        "type": "string",
                        "defaultValue": "@pipeline().parameters.pldbtenant"
                    },
                    "dsdbserviceprincipal": {
                        "type": "string",
                        "defaultValue": "@pipeline().parameters.pldbserviceprincipal"
                    },
                    "dsdbsecret": {
                        "type": "string",
                        "defaultValue": "@pipeline().parameters.pldbsecret"
                    }
                },
                "folder": {
                    "name": "Member Tenant Dataset"
                },
                "annotations": [],
                "type": "AzureSqlTable",
                "schema": [
                    {
                        "name": "ItemId",
                        "type": "int",
                        "precision": 10
                    },
                    {
                        "name": "ItemTypeId",
                        "type": "int",
                        "precision": 10
                    },
                    {
                        "name": "ItemCode",
                        "type": "varchar"
                    },
                    {
                        "name": "ItemDescription",
                        "type": "varchar"
                    },
                    {
                        "name": "MfrId",
                        "type": "int",
                        "precision": 10
                    },
                    {
                        "name": "Gtin",
                        "type": "bigint",
                        "precision": 19
                    },
                    {
                        "name": "ItemMasterItemId",
                        "type": "int",
                        "precision": 10
                    },
                    {
                        "name": "DateAdded",
                        "type": "datetime",
                        "precision": 23,
                        "scale": 3
                    },
                    {
                        "name": "DateChanged",
                        "type": "datetime",
                        "precision": 23,
                        "scale": 3
                    },
                    {
                        "name": "ItemUId",
                        "type": "uniqueidentifier"
                    },
                    {
                        "name": "DataSourceId",
                        "type": "int",
                        "precision": 10
                    }
                ],
                "typeProperties": {
                    "schema": "dbo",
                    "table": "ItemMaster"
                }
            },
            "dependsOn": []
        },
        {
            "name": "[concat(parameters('factoryName'), '/ItemMaster_Join_Manufacturer_Configurable_copy1')]",
            "type": "Microsoft.DataFactory/factories/datasets",
            "apiVersion": "2018-06-01",
            "properties": {
                "linkedServiceName": {
                    "referenceName": "CognitiveRx_Configurable",
                    "type": "LinkedServiceReference",
                    "parameters": {
                        "KeyVaultSecret": "@dataset().SecretName"
                    }
                },
                "parameters": {
                    "SecretName": {
                        "type": "string"
                    }
                },
                "folder": {
                    "name": "Member Tenant Dataset"
                },
                "annotations": [],
                "type": "AzureSqlTable",
                "schema": [
                    {
                        "name": "MfrId",
                        "type": "int",
                        "precision": 10
                    },
                    {
                        "name": "MfrName",
                        "type": "varchar"
                    },
                    {
                        "name": "MfrShortName",
                        "type": "varchar"
                    },
                    {
                        "name": "DateAdded",
                        "type": "datetime",
                        "precision": 23,
                        "scale": 3
                    },
                    {
                        "name": "DateChanged",
                        "type": "datetime",
                        "precision": 23,
                        "scale": 3
                    },
                    {
                        "name": "ItemMasterMfrId",
                        "type": "int",
                        "precision": 10
                    },
                    {
                        "name": "DataSourceId",
                        "type": "int",
                        "precision": 10
                    }
                ],
                "typeProperties": {
                    "schema": "dbo",
                    "table": "Manufacturer"
                }
            },
            "dependsOn": []
        },
        {
            "name": "[concat(parameters('factoryName'), '/FdaPatentUseCodes_Target_Configurable_copy1')]",
            "type": "Microsoft.DataFactory/factories/datasets",
            "apiVersion": "2018-06-01",
            "properties": {
                "linkedServiceName": {
                    "referenceName": "Ls_MemberTenant_AzureSQL",
                    "type": "LinkedServiceReference",
                    "parameters": {
                        "lsdburl": "@dataset().dsdburl",
                        "lsdbname": "@dataset().dsdbname",
                        "lsdbtenant": "@dataset().dsdbtenant",
                        "lsdbserviceprincipal": "@dataset().dsdbserviceprincipal",
                        "lsdbsecret": "@dataset().dsdbsecret"
                    }
                },
                "parameters": {
                    "dsdburl": {
                        "type": "string",
                        "defaultValue": "@pipeline().parameters.pldburl"
                    },
                    "dsdbname": {
                        "type": "string",
                        "defaultValue": "@pipeline().parameters.pldbname"
                    },
                    "dsdbtenant": {
                        "type": "string",
                        "defaultValue": "@pipeline().parameters.pldbtenant"
                    },
                    "dsdbserviceprincipal": {
                        "type": "string",
                        "defaultValue": "@pipeline().parameters.pldbserviceprincipal"
                    },
                    "dsdbsecret": {
                        "type": "string",
                        "defaultValue": "@pipeline().parameters.pldbsecret"
                    }
                },
                "folder": {
                    "name": "Member Tenant Dataset"
                },
                "annotations": [],
                "type": "AzureSqlTable",
                "schema": [
                    {
                        "name": "PatentUseId",
                        "type": "int",
                        "precision": 10
                    },
                    {
                        "name": "PatentUseCode",
                        "type": "varchar"
                    },
                    {
                        "name": "PatentUseDescription",
                        "type": "varchar"
                    }
                ],
                "typeProperties": {
                    "schema": "ItemMaster",
                    "table": "FdaPatentUseCodes"
                }
            },
            "dependsOn": []
        },
        {
            "name": "[concat(parameters('factoryName'), '/Manufacturer_Target_Configurable_copy1')]",
            "type": "Microsoft.DataFactory/factories/datasets",
            "apiVersion": "2018-06-01",
            "properties": {
                "linkedServiceName": {
                    "referenceName": "Ls_MemberTenant_AzureSQL",
                    "type": "LinkedServiceReference",
                    "parameters": {
                        "lsdburl": "@dataset().dsdburl",
                        "lsdbname": "@dataset().dsdbname",
                        "lsdbtenant": "@dataset().dsdbtenant",
                        "lsdbserviceprincipal": "@dataset().dsdbserviceprincipal",
                        "lsdbsecret": "@dataset().dsdbsecret"
                    }
                },
                "parameters": {
                    "dsdburl": {
                        "type": "string",
                        "defaultValue": "@pipeline().parameters.pldburl"
                    },
                    "dsdbname": {
                        "type": "string",
                        "defaultValue": "@pipeline().parameters.pldbname"
                    },
                    "dsdbtenant": {
                        "type": "string",
                        "defaultValue": "@pipeline().parameters.pldbtenant"
                    },
                    "dsdbserviceprincipal": {
                        "type": "string",
                        "defaultValue": "@pipeline().parameters.pldbserviceprincipal"
                    },
                    "dsdbsecret": {
                        "type": "string",
                        "defaultValue": "@pipeline().parameters.pldbsecret"
                    }
                },
                "folder": {
                    "name": "Member Tenant Dataset"
                },
                "annotations": [],
                "type": "AzureSqlTable",
                "schema": [
                    {
                        "name": "MfrId",
                        "type": "int",
                        "precision": 10
                    },
                    {
                        "name": "MfrName",
                        "type": "varchar"
                    },
                    {
                        "name": "MfrShortName",
                        "type": "varchar"
                    },
                    {
                        "name": "DateAdded",
                        "type": "datetime",
                        "precision": 23,
                        "scale": 3
                    },
                    {
                        "name": "DateChanged",
                        "type": "datetime",
                        "precision": 23,
                        "scale": 3
                    },
                    {
                        "name": "ItemMasterMfrId",
                        "type": "int",
                        "precision": 10
                    },
                    {
                        "name": "DataSourceId",
                        "type": "int",
                        "precision": 10
                    }
                ],
                "typeProperties": {
                    "schema": "dbo",
                    "table": "Manufacturer"
                }
            },
            "dependsOn": []
        },
        {
            "name": "[concat(parameters('factoryName'), '/FdaExclusivityCodes_Target_Configurable_copy1')]",
            "type": "Microsoft.DataFactory/factories/datasets",
            "apiVersion": "2018-06-01",
            "properties": {
                "linkedServiceName": {
                    "referenceName": "Ls_MemberTenant_AzureSQL",
                    "type": "LinkedServiceReference",
                    "parameters": {
                        "lsdburl": {
                            "value": "@dataset().dsdburl",
                            "type": "Expression"
                        },
                        "lsdbname": {
                            "value": "@dataset().dsdbname",
                            "type": "Expression"
                        },
                        "lsdbtenant": {
                            "value": "@dataset().dsdbtenant",
                            "type": "Expression"
                        },
                        "lsdbserviceprincipal": {
                            "value": "@dataset().dsdbserviceprincipal",
                            "type": "Expression"
                        },
                        "lsdbsecret": {
                            "value": "@dataset().dsdbsecret",
                            "type": "Expression"
                        }
                    }
                },
                "parameters": {
                    "dsdburl": {
                        "type": "string"
                    },
                    "dsdbname": {
                        "type": "string"
                    },
                    "dsdbtenant": {
                        "type": "string"
                    },
                    "dsdbserviceprincipal": {
                        "type": "string"
                    },
                    "dsdbsecret": {
                        "type": "string"
                    }
                },
                "folder": {
                    "name": "Member Tenant Dataset"
                },
                "annotations": [],
                "type": "AzureSqlTable",
                "schema": [
                    {
                        "name": "ExclusivityId",
                        "type": "int",
                        "precision": 10
                    },
                    {
                        "name": "ExclusivityCode",
                        "type": "varchar"
                    },
                    {
                        "name": "ExclusivityDefinition",
                        "type": "varchar"
                    }
                ],
                "typeProperties": {
                    "schema": "ItemMaster",
                    "table": "FdaExclusivityCodes"
                }
            },
            "dependsOn": []
        },
        {
            "name": "[concat(parameters('factoryName'), '/UnitOfMeasure_Target_Configurable_copy1')]",
            "type": "Microsoft.DataFactory/factories/datasets",
            "apiVersion": "2018-06-01",
            "properties": {
                "linkedServiceName": {
                    "referenceName": "Ls_MemberTenant_AzureSQL",
                    "type": "LinkedServiceReference",
                    "parameters": {
                        "lsdburl": "@dataset().dsdburl",
                        "lsdbname": "@dataset().dsdbname",
                        "lsdbtenant": "@dataset().dsdbtenant",
                        "lsdbserviceprincipal": "@dataset().dsdbserviceprincipal",
                        "lsdbsecret": "@dataset().dsdbsecret"
                    }
                },
                "parameters": {
                    "dsdburl": {
                        "type": "string",
                        "defaultValue": "@pipeline().parameters.pldburl"
                    },
                    "dsdbname": {
                        "type": "string",
                        "defaultValue": "@pipeline().parameters.pldbname"
                    },
                    "dsdbtenant": {
                        "type": "string",
                        "defaultValue": "@pipeline().parameters.pldbtenant"
                    },
                    "dsdbserviceprincipal": {
                        "type": "string",
                        "defaultValue": "@pipeline().parameters.pldbserviceprincipal"
                    },
                    "dsdbsecret": {
                        "type": "string",
                        "defaultValue": "@pipeline().parameters.pldbsecret"
                    }
                },
                "folder": {
                    "name": "Member Tenant Dataset"
                },
                "annotations": [],
                "type": "AzureSqlTable",
                "schema": [
                    {
                        "name": "UnitOfMeasureId",
                        "type": "int",
                        "precision": 10
                    },
                    {
                        "name": "UnitOfMeasureDescription",
                        "type": "varchar"
                    }
                ],
                "typeProperties": {
                    "schema": "ItemMaster",
                    "table": "UnitOfMeasure"
                }
            },
            "dependsOn": []
        },
        {
            "name": "[concat(parameters('factoryName'), '/DataFeedType_Target_Configurable_copy1')]",
            "type": "Microsoft.DataFactory/factories/datasets",
            "apiVersion": "2018-06-01",
            "properties": {
                "linkedServiceName": {
                    "referenceName": "Ls_MemberTenant_AzureSQL",
                    "type": "LinkedServiceReference",
                    "parameters": {
                        "lsdburl": "@dataset().dsdburl",
                        "lsdbname": "@dataset().dsdbname",
                        "lsdbtenant": "@dataset().dsdbtenant",
                        "lsdbserviceprincipal": "@dataset().dsdbserviceprincipal",
                        "lsdbsecret": "@dataset().dsdbsecret"
                    }
                },
                "parameters": {
                    "dsdburl": {
                        "type": "string",
                        "defaultValue": "@pipeline().parameters.pldburl"
                    },
                    "dsdbname": {
                        "type": "string",
                        "defaultValue": "@pipeline().parameters.pldbname"
                    },
                    "dsdbtenant": {
                        "type": "string",
                        "defaultValue": "@pipeline().parameters.pldbtenant"
                    },
                    "dsdbserviceprincipal": {
                        "type": "string",
                        "defaultValue": "@pipeline().parameters.pldbserviceprincipal"
                    },
                    "dsdbsecret": {
                        "type": "string",
                        "defaultValue": "@pipeline().parameters.pldbsecret"
                    }
                },
                "folder": {
                    "name": "Member Tenant Dataset"
                },
                "annotations": [],
                "type": "AzureSqlTable",
                "schema": [
                    {
                        "name": "DataFeedTypeId",
                        "type": "int",
                        "precision": 10
                    },
                    {
                        "name": "DataFeedTypeCode",
                        "type": "varchar"
                    },
                    {
                        "name": "Name",
                        "type": "varchar"
                    },
                    {
                        "name": "DataFeedTypeUId",
                        "type": "uniqueidentifier"
                    }
                ],
                "typeProperties": {
                    "schema": "dbo",
                    "table": "DataFeedType"
                }
            },
            "dependsOn": []
        },
        {
            "name": "[concat(parameters('factoryName'), '/UnitDose_Target_Configurable_copy1')]",
            "type": "Microsoft.DataFactory/factories/datasets",
            "apiVersion": "2018-06-01",
            "properties": {
                "linkedServiceName": {
                    "referenceName": "Ls_MemberTenant_AzureSQL",
                    "type": "LinkedServiceReference",
                    "parameters": {
                        "lsdburl": "@dataset().dsdburl",
                        "lsdbname": "@dataset().dsdbname",
                        "lsdbtenant": "@dataset().dsdbtenant",
                        "lsdbserviceprincipal": "@dataset().dsdbserviceprincipal",
                        "lsdbsecret": "@dataset().dsdbsecret"
                    }
                },
                "parameters": {
                    "dsdburl": {
                        "type": "string",
                        "defaultValue": "@pipeline().parameters.pldburl"
                    },
                    "dsdbname": {
                        "type": "string",
                        "defaultValue": "@pipeline().parameters.pldbname"
                    },
                    "dsdbtenant": {
                        "type": "string",
                        "defaultValue": "@pipeline().parameters.pldbtenant"
                    },
                    "dsdbserviceprincipal": {
                        "type": "string",
                        "defaultValue": "@pipeline().parameters.pldbserviceprincipal"
                    },
                    "dsdbsecret": {
                        "type": "string",
                        "defaultValue": "@pipeline().parameters.pldbsecret"
                    }
                },
                "folder": {
                    "name": "Member Tenant Dataset"
                },
                "annotations": [],
                "type": "AzureSqlTable",
                "schema": [
                    {
                        "name": "UnitDoseId",
                        "type": "int",
                        "precision": 10
                    },
                    {
                        "name": "UnitDoseCode",
                        "type": "char"
                    },
                    {
                        "name": "UnitDoseDescription",
                        "type": "varchar"
                    }
                ],
                "typeProperties": {
                    "schema": "ItemMaster",
                    "table": "UnitDose"
                }
            },
            "dependsOn": []
        },
        {
            "name": "[concat(parameters('factoryName'), '/WkGpiDescriptions_Target_Configurable_copy1')]",
            "type": "Microsoft.DataFactory/factories/datasets",
            "apiVersion": "2018-06-01",
            "properties": {
                "linkedServiceName": {
                    "referenceName": "Ls_MemberTenant_AzureSQL",
                    "type": "LinkedServiceReference",
                    "parameters": {
                        "lsdburl": "@dataset().dsdburl",
                        "lsdbname": "@dataset().dsdbname",
                        "lsdbtenant": "@dataset().dsdbtenant",
                        "lsdbserviceprincipal": "@dataset().dsdbserviceprincipal",
                        "lsdbsecret": "@dataset().dsdbsecret"
                    }
                },
                "parameters": {
                    "dsdburl": {
                        "type": "string",
                        "defaultValue": "@pipeline().parameters.pldburl"
                    },
                    "dsdbname": {
                        "type": "string",
                        "defaultValue": "@pipeline().parameters.pldbname"
                    },
                    "dsdbtenant": {
                        "type": "string",
                        "defaultValue": "@pipeline().parameters.pldbtenant"
                    },
                    "dsdbserviceprincipal": {
                        "type": "string",
                        "defaultValue": "@pipeline().parameters.pldbserviceprincipal"
                    },
                    "dsdbsecret": {
                        "type": "string",
                        "defaultValue": "@pipeline().parameters.pldbsecret"
                    }
                },
                "folder": {
                    "name": "Member Tenant Dataset"
                },
                "annotations": [],
                "type": "AzureSqlTable",
                "schema": [
                    {
                        "name": "GpiId",
                        "type": "int",
                        "precision": 10
                    },
                    {
                        "name": "GpiCodeSegment",
                        "type": "varchar"
                    },
                    {
                        "name": "GPIRecordTypeId",
                        "type": "int",
                        "precision": 10
                    },
                    {
                        "name": "GpiName",
                        "type": "varchar"
                    },
                    {
                        "name": "GPIRecordTypeLevelCode",
                        "type": "varchar"
                    },
                    {
                        "name": "Status",
                        "type": "char"
                    },
                    {
                        "name": "DateAdded",
                        "type": "datetime",
                        "precision": 23,
                        "scale": 3
                    },
                    {
                        "name": "DateChanged",
                        "type": "datetime",
                        "precision": 23,
                        "scale": 3
                    }
                ],
                "typeProperties": {
                    "schema": "ItemMaster",
                    "table": "WkGpiDescriptions"
                }
            },
            "dependsOn": []
        },
        {
            "name": "[concat(parameters('factoryName'), '/UnspscMaster_Target_Configurable_copy1')]",
            "type": "Microsoft.DataFactory/factories/datasets",
            "apiVersion": "2018-06-01",
            "properties": {
                "linkedServiceName": {
                    "referenceName": "Ls_MemberTenant_AzureSQL",
                    "type": "LinkedServiceReference",
                    "parameters": {
                        "lsdburl": "@dataset().dsdburl",
                        "lsdbname": "@dataset().dsdbname",
                        "lsdbtenant": "@dataset().dsdbtenant",
                        "lsdbserviceprincipal": "@dataset().dsdbserviceprincipal",
                        "lsdbsecret": "@dataset().dsdbsecret"
                    }
                },
                "parameters": {
                    "dsdburl": {
                        "type": "string"
                    },
                    "dsdbname": {
                        "type": "string"
                    },
                    "dsdbtenant": {
                        "type": "string"
                    },
                    "dsdbserviceprincipal": {
                        "type": "string"
                    },
                    "dsdbsecret": {
                        "type": "string"
                    }
                },
                "folder": {
                    "name": "Member Tenant Dataset"
                },
                "annotations": [],
                "type": "AzureSqlTable",
                "schema": [
                    {
                        "name": "UnspscId",
                        "type": "int",
                        "precision": 10
                    },
                    {
                        "name": "Code",
                        "type": "char"
                    },
                    {
                        "name": "Description",
                        "type": "nvarchar"
                    },
                    {
                        "name": "UnspscType",
                        "type": "char"
                    },
                    {
                        "name": "UnspscTypeId",
                        "type": "int",
                        "precision": 10
                    },
                    {
                        "name": "Version",
                        "type": "varchar"
                    },
                    {
                        "name": "DateAdded",
                        "type": "datetime",
                        "precision": 23,
                        "scale": 3
                    },
                    {
                        "name": "DateChanged",
                        "type": "datetime",
                        "precision": 23,
                        "scale": 3
                    }
                ],
                "typeProperties": {
                    "schema": "ItemMaster",
                    "table": "UnspscMaster"
                }
            },
            "dependsOn": []
        },
        {
            "name": "[concat(parameters('factoryName'), '/UnspscType_Target_Configurable_copy1')]",
            "type": "Microsoft.DataFactory/factories/datasets",
            "apiVersion": "2018-06-01",
            "properties": {
                "linkedServiceName": {
                    "referenceName": "Ls_MemberTenant_AzureSQL",
                    "type": "LinkedServiceReference",
                    "parameters": {
                        "lsdburl": "@dataset().dsdburl",
                        "lsdbname": "@dataset().dsdbname",
                        "lsdbtenant": "@dataset().dsdbtenant",
                        "lsdbserviceprincipal": "@dataset().dsdbserviceprincipal",
                        "lsdbsecret": "@dataset().dsdbsecret"
                    }
                },
                "parameters": {
                    "dsdburl": {
                        "type": "string"
                    },
                    "dsdbname": {
                        "type": "string"
                    },
                    "dsdbtenant": {
                        "type": "string"
                    },
                    "dsdbserviceprincipal": {
                        "type": "string"
                    },
                    "dsdbsecret": {
                        "type": "string"
                    }
                },
                "folder": {
                    "name": "Member Tenant Dataset"
                },
                "annotations": [],
                "type": "AzureSqlTable",
                "schema": [
                    {
                        "name": "UnspscTypeId",
                        "type": "int",
                        "precision": 10
                    },
                    {
                        "name": "UnspscType",
                        "type": "char"
                    },
                    {
                        "name": "UnspscTypeDescription",
                        "type": "varchar"
                    },
                    {
                        "name": "UnspscLevel",
                        "type": "int",
                        "precision": 10
                    }
                ],
                "typeProperties": {
                    "schema": "ItemMaster",
                    "table": "UnspscType"
                }
            },
            "dependsOn": []
        },
        {
            "name": "[concat(parameters('factoryName'), '/NationalPharmacyItemPrice_Target_Configurable_copy1')]",
            "type": "Microsoft.DataFactory/factories/datasets",
            "apiVersion": "2018-06-01",
            "properties": {
                "linkedServiceName": {
                    "referenceName": "Ls_MemberTenant_AzureSQL",
                    "type": "LinkedServiceReference",
                    "parameters": {
                        "lsdburl": "@dataset().dsdburl",
                        "lsdbname": "@dataset().dsdbname",
                        "lsdbtenant": "@dataset().dsdbtenant",
                        "lsdbserviceprincipal": "@dataset().dsdbserviceprincipal",
                        "lsdbsecret": "@dataset().dsdbsecret"
                    }
                },
                "parameters": {
                    "dsdburl": {
                        "type": "string",
                        "defaultValue": "@pipeline().parameters.pldburl"
                    },
                    "dsdbname": {
                        "type": "string",
                        "defaultValue": "@pipeline().parameters.pldbname"
                    },
                    "dsdbtenant": {
                        "type": "string",
                        "defaultValue": "@pipeline().parameters.pldbtenant"
                    },
                    "dsdbserviceprincipal": {
                        "type": "string",
                        "defaultValue": "@pipeline().parameters.pldbserviceprincipal"
                    },
                    "dsdbsecret": {
                        "type": "string",
                        "defaultValue": "@pipeline().parameters.pldbsecret"
                    }
                },
                "folder": {
                    "name": "Member Tenant Dataset"
                },
                "annotations": [],
                "type": "AzureSqlTable",
                "schema": [
                    {
                        "name": "NationalPharmacyItemPriceId",
                        "type": "int",
                        "precision": 10
                    },
                    {
                        "name": "ItemId",
                        "type": "int",
                        "precision": 10
                    },
                    {
                        "name": "Ndc",
                        "type": "varchar"
                    },
                    {
                        "name": "NdcFormatCode",
                        "type": "int",
                        "precision": 10
                    },
                    {
                        "name": "WkPriceCodeId",
                        "type": "int",
                        "precision": 10
                    },
                    {
                        "name": "PriceEffectiveDate",
                        "type": "date"
                    },
                    {
                        "name": "UnitPrice",
                        "type": "decimal",
                        "precision": 13,
                        "scale": 6
                    },
                    {
                        "name": "ExtendedUnitPrice",
                        "type": "decimal",
                        "precision": 13,
                        "scale": 6
                    },
                    {
                        "name": "PackagePrice",
                        "type": "money",
                        "precision": 19,
                        "scale": 4
                    },
                    {
                        "name": "AwpIndicatorId",
                        "type": "int",
                        "precision": 10
                    },
                    {
                        "name": "ItemMasterItemId",
                        "type": "int",
                        "precision": 10
                    },
                    {
                        "name": "DateAdded",
                        "type": "datetime",
                        "precision": 23,
                        "scale": 3
                    },
                    {
                        "name": "DateChanged",
                        "type": "datetime",
                        "precision": 23,
                        "scale": 3
                    },
                    {
                        "name": "ItemUId",
                        "type": "uniqueidentifier"
                    },
                    {
                        "name": "DataSourceId",
                        "type": "int",
                        "precision": 10
                    }
                ],
                "typeProperties": {
                    "schema": "dbo",
                    "table": "NationalPharmacyItemPrice"
                }
            },
            "dependsOn": []
        },
        {
            "name": "[concat(parameters('factoryName'), '/CognitiveRx_SQL_Recall_Configurable_copy1')]",
            "type": "Microsoft.DataFactory/factories/datasets",
            "apiVersion": "2018-06-01",
            "properties": {
                "linkedServiceName": {
                    "referenceName": "Ls_MemberTenant_AzureSQL",
                    "type": "LinkedServiceReference",
                    "parameters": {
                        "lsdburl": "@dataset().dsdburl",
                        "lsdbname": "@dataset().dsdbname",
                        "lsdbtenant": "@dataset().dsdbtenant",
                        "lsdbserviceprincipal": "@dataset().dsdbserviceprincipal",
                        "lsdbsecret": "@dataset().dsdbsecret"
                    }
                },
                "parameters": {
                    "dsdburl": {
                        "type": "string",
                        "defaultValue": "@pipeline().parameters.pldburl"
                    },
                    "dsdbname": {
                        "type": "string",
                        "defaultValue": "@pipeline().parameters.pldbname"
                    },
                    "dsdbtenant": {
                        "type": "string",
                        "defaultValue": "@pipeline().parameters.pldbtenant"
                    },
                    "dsdbserviceprincipal": {
                        "type": "string",
                        "defaultValue": "@pipeline().parameters.pldbserviceprincipal"
                    },
                    "dsdbsecret": {
                        "type": "string",
                        "defaultValue": "@pipeline().parameters.pldbsecret"
                    }
                },
                "folder": {
                    "name": "Member Tenant Dataset"
                },
                "annotations": [],
                "type": "AzureSqlTable",
                "schema": [
                    {
                        "name": "RecallId",
                        "type": "int",
                        "precision": 10
                    },
                    {
                        "name": "RecallUrl",
                        "type": "varchar"
                    },
                    {
                        "name": "Title",
                        "type": "varchar"
                    },
                    {
                        "name": "ReleaseDate",
                        "type": "varchar"
                    },
                    {
                        "name": "ArticleReleaseContact",
                        "type": "varchar"
                    },
                    {
                        "name": "ReleaseText",
                        "type": "varchar"
                    },
                    {
                        "name": "InfoTable",
                        "type": "varchar"
                    },
                    {
                        "name": "Pictures",
                        "type": "varchar"
                    },
                    {
                        "name": "RecallTypeId",
                        "type": "int",
                        "precision": 10
                    },
                    {
                        "name": "ImportDateTime",
                        "type": "datetime",
                        "precision": 23,
                        "scale": 3
                    },
                    {
                        "name": "ParsedOutNDC",
                        "type": "varchar"
                    },
                    {
                        "name": "TwitterAccount",
                        "type": "varchar"
                    },
                    {
                        "name": "TweetDateTime",
                        "type": "datetime",
                        "precision": 23,
                        "scale": 3
                    },
                    {
                        "name": "TweetId",
                        "type": "varchar"
                    },
                    {
                        "name": "RecallUId",
                        "type": "uniqueidentifier"
                    },
                    {
                        "name": "UpdatedDateTime",
                        "type": "datetime",
                        "precision": 23,
                        "scale": 3
                    },
                    {
                        "name": "RecallTypeUId",
                        "type": "uniqueidentifier"
                    }
                ],
                "typeProperties": {
                    "schema": "FDARecall",
                    "table": "Recall"
                }
            },
            "dependsOn": []
        },
        {
            "name": "[concat(parameters('factoryName'), '/CognitiveRx_SQL_RecallType_Configurable_copy1')]",
            "type": "Microsoft.DataFactory/factories/datasets",
            "apiVersion": "2018-06-01",
            "properties": {
                "linkedServiceName": {
                    "referenceName": "Ls_MemberTenant_AzureSQL",
                    "type": "LinkedServiceReference",
                    "parameters": {
                        "lsdburl": "@dataset().dsdburl",
                        "lsdbname": "@dataset().dsdbname",
                        "lsdbtenant": "@dataset().dsdbtenant",
                        "lsdbserviceprincipal": "@dataset().dsdbserviceprincipal",
                        "lsdbsecret": "@dataset().dsdbsecret"
                    }
                },
                "parameters": {
                    "dsdburl": {
                        "type": "string",
                        "defaultValue": "@pipeline().parameters.pldburl"
                    },
                    "dsdbname": {
                        "type": "string",
                        "defaultValue": "@pipeline().parameters.pldbname"
                    },
                    "dsdbtenant": {
                        "type": "string",
                        "defaultValue": "@pipeline().parameters.pldbtenant"
                    },
                    "dsdbserviceprincipal": {
                        "type": "string",
                        "defaultValue": "@pipeline().parameters.pldbserviceprincipal"
                    },
                    "dsdbsecret": {
                        "type": "string",
                        "defaultValue": "@pipeline().parameters.pldbsecret"
                    }
                },
                "folder": {
                    "name": "Member Tenant Dataset"
                },
                "annotations": [],
                "type": "AzureSqlTable",
                "schema": [
                    {
                        "name": "RecallTypeId",
                        "type": "int",
                        "precision": 10
                    },
                    {
                        "name": "Description",
                        "type": "varchar"
                    },
                    {
                        "name": "RecallTypeUId",
                        "type": "uniqueidentifier"
                    },
                    {
                        "name": "CreatedDateTime",
                        "type": "datetime",
                        "precision": 23,
                        "scale": 3
                    },
                    {
                        "name": "UpdatedDateTime",
                        "type": "datetime",
                        "precision": 23,
                        "scale": 3
                    }
                ],
                "typeProperties": {
                    "schema": "FDARecall",
                    "table": "RecallType"
                }
            },
            "dependsOn": []
        },
        {
            "name": "[concat(parameters('factoryName'), '/Fda_MedicationGuide_Target_Configurable_copy1')]",
            "type": "Microsoft.DataFactory/factories/datasets",
            "apiVersion": "2018-06-01",
            "properties": {
                "linkedServiceName": {
                    "referenceName": "Ls_MemberTenant_AzureSQL",
                    "type": "LinkedServiceReference",
                    "parameters": {
                        "lsdburl": "@dataset().dsdburl",
                        "lsdbname": "@dataset().dsdbname",
                        "lsdbtenant": "@dataset().dsdbtenant",
                        "lsdbserviceprincipal": "@dataset().dsdbserviceprincipal",
                        "lsdbsecret": "@dataset().dsdbsecret"
                    }
                },
                "parameters": {
                    "dsdburl": {
                        "type": "string",
                        "defaultValue": "@pipeline().parameters.pldburl"
                    },
                    "dsdbname": {
                        "type": "string",
                        "defaultValue": "@pipeline().parameters.pldbname"
                    },
                    "dsdbtenant": {
                        "type": "string",
                        "defaultValue": "@pipeline().parameters.pldbtenant"
                    },
                    "dsdbserviceprincipal": {
                        "type": "string",
                        "defaultValue": "@pipeline().parameters.pldbserviceprincipal"
                    },
                    "dsdbsecret": {
                        "type": "string",
                        "defaultValue": "@pipeline().parameters.pldbsecret"
                    }
                },
                "folder": {
                    "name": "Member Tenant Dataset"
                },
                "annotations": [],
                "type": "AzureSqlTable",
                "schema": [
                    {
                        "name": "MedicationGuideId",
                        "type": "int",
                        "precision": 10
                    },
                    {
                        "name": "NdcToApplicationId",
                        "type": "int",
                        "precision": 10
                    },
                    {
                        "name": "NDC",
                        "type": "varchar"
                    },
                    {
                        "name": "DrugName",
                        "type": "varchar"
                    },
                    {
                        "name": "ActiveIngredient",
                        "type": "varchar"
                    },
                    {
                        "name": "FormRoute",
                        "type": "varchar"
                    },
                    {
                        "name": "ApplicationNumber",
                        "type": "varchar"
                    },
                    {
                        "name": "Company",
                        "type": "varchar"
                    },
                    {
                        "name": "Date",
                        "type": "varchar"
                    },
                    {
                        "name": "Link",
                        "type": "varchar"
                    },
                    {
                        "name": "AddedDateTime",
                        "type": "datetime",
                        "precision": 23,
                        "scale": 3
                    },
                    {
                        "name": "UpdatedDateTime",
                        "type": "datetime",
                        "precision": 23,
                        "scale": 3
                    },
                    {
                        "name": "MedicationGuideUId",
                        "type": "uniqueidentifier"
                    },
                    {
                        "name": "ItemId",
                        "type": "int",
                        "precision": 10
                    },
                    {
                        "name": "ProductNumber",
                        "type": "varchar"
                    },
                    {
                        "name": "ApplicationTypeId",
                        "type": "int",
                        "precision": 10
                    },
                    {
                        "name": "FdaApprovalDate",
                        "type": "date"
                    },
                    {
                        "name": "MarketingCategoryId",
                        "type": "int",
                        "precision": 10
                    },
                    {
                        "name": "StartMarketingDate",
                        "type": "date"
                    },
                    {
                        "name": "EndMarketingDate",
                        "type": "date"
                    },
                    {
                        "name": "ItemUId",
                        "type": "uniqueidentifier"
                    },
                    {
                        "name": "SyncDateTime",
                        "type": "datetime",
                        "precision": 23,
                        "scale": 3
                    }
                ],
                "typeProperties": {
                    "schema": "Fda",
                    "table": "MedicationGuide"
                }
            },
            "dependsOn": []
        },
        {
            "name": "[concat(parameters('factoryName'), '/ManufacturerLabeler_Target_Configurable_copy1')]",
            "type": "Microsoft.DataFactory/factories/datasets",
            "apiVersion": "2018-06-01",
            "properties": {
                "linkedServiceName": {
                    "referenceName": "Ls_MemberTenant_AzureSQL",
                    "type": "LinkedServiceReference",
                    "parameters": {
                        "lsdburl": "@dataset().dsdburl",
                        "lsdbname": "@dataset().dsdbname",
                        "lsdbtenant": "@dataset().dsdbtenant",
                        "lsdbserviceprincipal": "@dataset().dsdbserviceprincipal",
                        "lsdbsecret": "@dataset().dsdbsecret"
                    }
                },
                "parameters": {
                    "dsdburl": {
                        "type": "string",
                        "defaultValue": "@pipeline().parameters.pldburl"
                    },
                    "dsdbname": {
                        "type": "string",
                        "defaultValue": "@pipeline().parameters.pldbname"
                    },
                    "dsdbtenant": {
                        "type": "string",
                        "defaultValue": "@pipeline().parameters.pldbtenant"
                    },
                    "dsdbserviceprincipal": {
                        "type": "string",
                        "defaultValue": "@pipeline().parameters.pldbserviceprincipal"
                    },
                    "dsdbsecret": {
                        "type": "string",
                        "defaultValue": "@pipeline().parameters.pldbsecret"
                    }
                },
                "folder": {
                    "name": "Member Tenant Dataset"
                },
                "annotations": [],
                "type": "AzureSqlTable",
                "schema": [
                    {
                        "name": "MfrLabelerId",
                        "type": "int",
                        "precision": 10
                    },
                    {
                        "name": "MfrId",
                        "type": "int",
                        "precision": 10
                    },
                    {
                        "name": "MfrName",
                        "type": "varchar"
                    },
                    {
                        "name": "MfrShortName",
                        "type": "varchar"
                    },
                    {
                        "name": "LabelerTypeId",
                        "type": "int",
                        "precision": 10
                    },
                    {
                        "name": "NdcLabelerNum",
                        "type": "char"
                    },
                    {
                        "name": "ItemMasterMfrId",
                        "type": "int",
                        "precision": 10
                    },
                    {
                        "name": "ItemMasterMfrLabelerId",
                        "type": "int",
                        "precision": 10
                    },
                    {
                        "name": "DateAdded",
                        "type": "datetime",
                        "precision": 23,
                        "scale": 3
                    },
                    {
                        "name": "DateChanged",
                        "type": "datetime",
                        "precision": 23,
                        "scale": 3
                    },
                    {
                        "name": "DataSourceId",
                        "type": "int",
                        "precision": 10
                    }
                ],
                "typeProperties": {
                    "schema": "dbo",
                    "table": "ManufacturerLabeler"
                }
            },
            "dependsOn": []
        },
        {
            "name": "[concat(parameters('factoryName'), '/ImportFileIDMapping_Target_Configurable_copy1')]",
            "type": "Microsoft.DataFactory/factories/datasets",
            "apiVersion": "2018-06-01",
            "properties": {
                "linkedServiceName": {
                    "referenceName": "Ls_MemberTenant_AzureSQL",
                    "type": "LinkedServiceReference",
                    "parameters": {
                        "lsdburl": "@dataset().dsdburl",
                        "lsdbname": "@dataset().dsdbname",
                        "lsdbtenant": "@dataset().dsdbtenant",
                        "lsdbserviceprincipal": "@dataset().dsdbserviceprincipal",
                        "lsdbsecret": "@dataset().dsdbsecret"
                    }
                },
                "parameters": {
                    "dsdburl": {
                        "type": "string",
                        "defaultValue": "@pipeline().parameters.pldburl"
                    },
                    "dsdbname": {
                        "type": "string",
                        "defaultValue": "@pipeline().parameters.pldbname"
                    },
                    "dsdbtenant": {
                        "type": "string",
                        "defaultValue": "@pipeline().parameters.pldbtenant"
                    },
                    "dsdbserviceprincipal": {
                        "type": "string",
                        "defaultValue": "@pipeline().parameters.pldbserviceprincipal"
                    },
                    "dsdbsecret": {
                        "type": "string",
                        "defaultValue": "@pipeline().parameters.pldbsecret"
                    }
                },
                "folder": {
                    "name": "Member Tenant Dataset"
                },
                "annotations": [],
                "type": "AzureSqlTable",
                "schema": [
                    {
                        "name": "ImportFileMapId",
                        "type": "int",
                        "precision": 10
                    },
                    {
                        "name": "ClientImportCode",
                        "type": "varchar"
                    },
                    {
                        "name": "Description",
                        "type": "varchar"
                    },
                    {
                        "name": "ClientId",
                        "type": "int",
                        "precision": 10
                    },
                    {
                        "name": "ClientSupplierId",
                        "type": "int",
                        "precision": 10
                    },
                    {
                        "name": "CpSupplierID",
                        "type": "int",
                        "precision": 10
                    },
                    {
                        "name": "CustomerId",
                        "type": "int",
                        "precision": 10
                    },
                    {
                        "name": "PriceListId",
                        "type": "int",
                        "precision": 10
                    },
                    {
                        "name": "DataSourceId",
                        "type": "int",
                        "precision": 10
                    },
                    {
                        "name": "PayerId",
                        "type": "int",
                        "precision": 10
                    },
                    {
                        "name": "ReimbursementTypeId",
                        "type": "int",
                        "precision": 10
                    },
                    {
                        "name": "ImportFileFrequencyTypeId",
                        "type": "int",
                        "precision": 10
                    },
                    {
                        "name": "ImportFileMapUId",
                        "type": "uniqueidentifier"
                    }
                ],
                "typeProperties": {
                    "schema": "dbo",
                    "table": "ImportFileIDMapping"
                }
            },
            "dependsOn": []
        },
        {
            "name": "[concat(parameters('factoryName'), '/StorageCondition_Target_Configurable_copy1')]",
            "type": "Microsoft.DataFactory/factories/datasets",
            "apiVersion": "2018-06-01",
            "properties": {
                "linkedServiceName": {
                    "referenceName": "Ls_MemberTenant_AzureSQL",
                    "type": "LinkedServiceReference",
                    "parameters": {
                        "lsdburl": "@dataset().dsdburl",
                        "lsdbname": "@dataset().dsdbname",
                        "lsdbtenant": "@dataset().dsdbtenant",
                        "lsdbserviceprincipal": "@dataset().dsdbserviceprincipal",
                        "lsdbsecret": "@dataset().dsdbsecret"
                    }
                },
                "parameters": {
                    "dsdburl": {
                        "type": "string",
                        "defaultValue": "@pipeline().parameters.pldburl"
                    },
                    "dsdbname": {
                        "type": "string",
                        "defaultValue": "@pipeline().parameters.pldbname"
                    },
                    "dsdbtenant": {
                        "type": "string",
                        "defaultValue": "@pipeline().parameters.pldbtenant"
                    },
                    "dsdbserviceprincipal": {
                        "type": "string",
                        "defaultValue": "@pipeline().parameters.pldbserviceprincipal"
                    },
                    "dsdbsecret": {
                        "type": "string",
                        "defaultValue": "@pipeline().parameters.pldbsecret"
                    }
                },
                "folder": {
                    "name": "Member Tenant Dataset"
                },
                "annotations": [],
                "type": "AzureSqlTable",
                "schema": [
                    {
                        "name": "StorageConditionId",
                        "type": "int",
                        "precision": 10
                    },
                    {
                        "name": "StorageConditionCode",
                        "type": "char"
                    },
                    {
                        "name": "StorageConditionDescription",
                        "type": "varchar"
                    }
                ],
                "typeProperties": {
                    "schema": "ItemMaster",
                    "table": "StorageCondition"
                }
            },
            "dependsOn": []
        }
    ]
}