{
    "$schema": "http://schema.management.azure.com/schemas/2015-01-01/deploymentTemplate.json#",
    "contentVersion": "1.0.0.0",
    "parameters": {
        "factoryName": {
            "type": "string",
            "metadata": "Data Factory name",
            "defaultValue": "adf-ItemMasterDataSync-prod"
        }
    },
    "variables": {
        "factoryId": "[concat('Microsoft.DataFactory/factories/', parameters('factoryName'))]"
    },
    "resources": [
        {
            "name": "[concat(parameters('factoryName'), '/DosageForm_Source_New1')]",
            "type": "Microsoft.DataFactory/factories/datasets",
            "apiVersion": "2018-06-01",
            "properties": {
                "linkedServiceName": {
                    "referenceName": "ItemMaster",
                    "type": "LinkedServiceReference"
                },
                "folder": {
                    "name": "DosageForm"
                },
                "annotations": [],
                "type": "AzureSqlTable",
                "schema": [
                    {
                        "name": "DosageFormId",
                        "type": "int",
                        "precision": 10
                    },
                    {
                        "name": "DosageFormCode",
                        "type": "char"
                    },
                    {
                        "name": "DosageFormDescription",
                        "type": "varchar"
                    },
                    {
                        "name": "DosageFormAbbreviation",
                        "type": "varchar"
                    },
                    {
                        "name": "Comment",
                        "type": "varchar"
                    }
                ],
                "typeProperties": {
                    "tableName": "[[WoltersKluwer].[DosageForm]"
                }
            },
            "dependsOn": []
        },
        {
            "name": "[concat(parameters('factoryName'), '/OrangeBook_Source_New1')]",
            "type": "Microsoft.DataFactory/factories/datasets",
            "apiVersion": "2018-06-01",
            "properties": {
                "linkedServiceName": {
                    "referenceName": "ItemMaster",
                    "type": "LinkedServiceReference"
                },
                "folder": {
                    "name": "OrangeBookMaster"
                },
                "annotations": [],
                "type": "AzureSqlTable",
                "schema": [
                    {
                        "name": "OrangeBookId",
                        "type": "int",
                        "precision": 10
                    },
                    {
                        "name": "OrangeBookCode",
                        "type": "char"
                    },
                    {
                        "name": "OrangeBookShortDescription",
                        "type": "varchar"
                    },
                    {
                        "name": "OrangeBookDescription",
                        "type": "varchar"
                    },
                    {
                        "name": "OrangeBookEquivalenceTypeId",
                        "type": "int",
                        "precision": 10
                    }
                ],
                "typeProperties": {
                    "tableName": "[[dbo].[OrangeBook]"
                }
            },
            "dependsOn": []
        },
        {
            "name": "[concat(parameters('factoryName'), '/ItemMaster_Join_Manufacturer_Configurable')]",
            "type": "Microsoft.DataFactory/factories/datasets",
            "apiVersion": "2018-06-01",
            "properties": {
                "linkedServiceName": {
                    "referenceName": "CognitiveRx_Configurable",
                    "type": "LinkedServiceReference",
                    "parameters": {
                        "KeyVaultSecret": "@dataset().SecretName"
                    }
                },
                "parameters": {
                    "SecretName": {
                        "type": "string"
                    }
                },
                "annotations": [],
                "type": "AzureSqlTable",
                "schema": [
                    {
                        "name": "MfrId",
                        "type": "int",
                        "precision": 10
                    },
                    {
                        "name": "MfrName",
                        "type": "varchar"
                    },
                    {
                        "name": "MfrShortName",
                        "type": "varchar"
                    },
                    {
                        "name": "DateAdded",
                        "type": "datetime",
                        "precision": 23,
                        "scale": 3
                    },
                    {
                        "name": "DateChanged",
                        "type": "datetime",
                        "precision": 23,
                        "scale": 3
                    },
                    {
                        "name": "ItemMasterMfrId",
                        "type": "int",
                        "precision": 10
                    },
                    {
                        "name": "DataSourceId",
                        "type": "int",
                        "precision": 10
                    }
                ],
                "typeProperties": {
                    "schema": "dbo",
                    "table": "Manufacturer"
                }
            },
            "dependsOn": []
        },
        {
            "name": "[concat(parameters('factoryName'), '/CognitiveRx_SQL_RecallNDC_Configurable')]",
            "type": "Microsoft.DataFactory/factories/datasets",
            "apiVersion": "2018-06-01",
            "properties": {
                "linkedServiceName": {
                    "referenceName": "CognitiveRx_Configurable",
                    "type": "LinkedServiceReference",
                    "parameters": {
                        "KeyVaultSecret": "@dataset().SecretName"
                    }
                },
                "parameters": {
                    "SecretName": {
                        "type": "string"
                    }
                },
                "annotations": [],
                "type": "AzureSqlTable",
                "schema": [
                    {
                        "name": "RecallNDCId",
                        "type": "int",
                        "precision": 10
                    },
                    {
                        "name": "RecallId",
                        "type": "int",
                        "precision": 10
                    },
                    {
                        "name": "NDC",
                        "type": "varchar"
                    },
                    {
                        "name": "NDC11",
                        "type": "varchar"
                    },
                    {
                        "name": "NDC10",
                        "type": "varchar"
                    },
                    {
                        "name": "AddedDateTime",
                        "type": "datetime",
                        "precision": 23,
                        "scale": 3
                    },
                    {
                        "name": "UpdatedDateTime",
                        "type": "datetime",
                        "precision": 23,
                        "scale": 3
                    },
                    {
                        "name": "RecallNDCUId",
                        "type": "uniqueidentifier"
                    },
                    {
                        "name": "RecallUId",
                        "type": "uniqueidentifier"
                    }
                ],
                "typeProperties": {
                    "schema": "FDARecall",
                    "table": "RecallNDC"
                }
            },
            "dependsOn": []
        },
        {
            "name": "[concat(parameters('factoryName'), '/FdaProductApplications_Target_Configurable')]",
            "type": "Microsoft.DataFactory/factories/datasets",
            "apiVersion": "2018-06-01",
            "properties": {
                "linkedServiceName": {
                    "referenceName": "CognitiveRx_Configurable",
                    "type": "LinkedServiceReference",
                    "parameters": {
                        "KeyVaultSecret": "@dataset().SecretName"
                    }
                },
                "parameters": {
                    "SecretName": {
                        "type": "string"
                    }
                },
                "annotations": [],
                "type": "AzureSqlTable",
                "schema": [
                    {
                        "name": "FdaProductApplicationsId",
                        "type": "int",
                        "precision": 10
                    },
                    {
                        "name": "FdaProductApplicationsUId",
                        "type": "uniqueidentifier"
                    },
                    {
                        "name": "NDC",
                        "type": "char"
                    },
                    {
                        "name": "ItemId",
                        "type": "int",
                        "precision": 10
                    },
                    {
                        "name": "ApplicationNumber",
                        "type": "varchar"
                    },
                    {
                        "name": "ProductNumber",
                        "type": "varchar"
                    },
                    {
                        "name": "Ingredient",
                        "type": "varchar"
                    },
                    {
                        "name": "PropietaryName",
                        "type": "varchar"
                    },
                    {
                        "name": "DosageFormRouteofAdmin",
                        "type": "varchar"
                    },
                    {
                        "name": "Strength",
                        "type": "varchar"
                    },
                    {
                        "name": "ReferenceListedDrug",
                        "type": "bit"
                    },
                    {
                        "name": "ReferenceStandard",
                        "type": "bit"
                    },
                    {
                        "name": "ApprovalDate",
                        "type": "date"
                    },
                    {
                        "name": "ApplicantHolder",
                        "type": "varchar"
                    },
                    {
                        "name": "MarketingStatus",
                        "type": "varchar"
                    },
                    {
                        "name": "DateAdded",
                        "type": "datetime",
                        "precision": 23,
                        "scale": 3
                    },
                    {
                        "name": "DateChanged",
                        "type": "datetime",
                        "precision": 23,
                        "scale": 3
                    },
                    {
                        "name": "Status",
                        "type": "char"
                    },
                    {
                        "name": "ItemUId",
                        "type": "uniqueidentifier"
                    },
                    {
                        "name": "DataSourceId",
                        "type": "int",
                        "precision": 10
                    }
                ],
                "typeProperties": {
                    "schema": "ItemMaster",
                    "table": "FdaProductApplications"
                }
            },
            "dependsOn": []
        },
        {
            "name": "[concat(parameters('factoryName'), '/RecallV2SubstanceNameTarget')]",
            "type": "Microsoft.DataFactory/factories/datasets",
            "apiVersion": "2018-06-01",
            "properties": {
                "linkedServiceName": {
                    "referenceName": "CognitiveRx_Configurable",
                    "type": "LinkedServiceReference",
                    "parameters": {
                        "KeyVaultSecret": "@dataset().Secret"
                    }
                },
                "parameters": {
                    "Secret": {
                        "type": "string"
                    }
                },
                "folder": {
                    "name": "FdaRecallV2"
                },
                "annotations": [],
                "type": "AzureSqlTable",
                "schema": [
                    {
                        "name": "RecallSubstanceNameId",
                        "type": "int",
                        "precision": 10
                    },
                    {
                        "name": "RecallId",
                        "type": "int",
                        "precision": 10
                    },
                    {
                        "name": "RecallNumber",
                        "type": "varchar"
                    },
                    {
                        "name": "FdaEventId",
                        "type": "varchar"
                    },
                    {
                        "name": "SubstanceName",
                        "type": "varchar"
                    },
                    {
                        "name": "DateAdded",
                        "type": "datetime",
                        "precision": 23,
                        "scale": 3
                    },
                    {
                        "name": "DateChanged",
                        "type": "datetime",
                        "precision": 23,
                        "scale": 3
                    },
                    {
                        "name": "PipelineRunId",
                        "type": "varchar"
                    },
                    {
                        "name": "ImportedDate",
                        "type": "datetime",
                        "precision": 23,
                        "scale": 3
                    },
                    {
                        "name": "Status",
                        "type": "char"
                    }
                ],
                "typeProperties": {
                    "schema": "Fda",
                    "table": "RecallV2SubstanceName"
                }
            },
            "dependsOn": []
        },
        {
            "name": "[concat(parameters('factoryName'), '/CognitiveRx_SQL_RecallType_Configurable')]",
            "type": "Microsoft.DataFactory/factories/datasets",
            "apiVersion": "2018-06-01",
            "properties": {
                "linkedServiceName": {
                    "referenceName": "CognitiveRx_Configurable",
                    "type": "LinkedServiceReference",
                    "parameters": {
                        "KeyVaultSecret": "@dataset().SecretName"
                    }
                },
                "parameters": {
                    "SecretName": {
                        "type": "string"
                    }
                },
                "annotations": [],
                "type": "AzureSqlTable",
                "schema": [
                    {
                        "name": "RecallTypeId",
                        "type": "int",
                        "precision": 10
                    },
                    {
                        "name": "Description",
                        "type": "varchar"
                    },
                    {
                        "name": "RecallTypeUId",
                        "type": "uniqueidentifier"
                    },
                    {
                        "name": "CreatedDateTime",
                        "type": "datetime",
                        "precision": 23,
                        "scale": 3
                    },
                    {
                        "name": "UpdatedDateTime",
                        "type": "datetime",
                        "precision": 23,
                        "scale": 3
                    }
                ],
                "typeProperties": {
                    "schema": "FDARecall",
                    "table": "RecallType"
                }
            },
            "dependsOn": []
        },
        {
            "name": "[concat(parameters('factoryName'), '/RecallV2UPCSource')]",
            "type": "Microsoft.DataFactory/factories/datasets",
            "apiVersion": "2018-06-01",
            "properties": {
                "linkedServiceName": {
                    "referenceName": "ItemMaster",
                    "type": "LinkedServiceReference"
                },
                "folder": {
                    "name": "FdaRecallV2"
                },
                "annotations": [],
                "type": "AzureSqlTable",
                "schema": [
                    {
                        "name": "RecallUpcId",
                        "type": "int",
                        "precision": 10
                    },
                    {
                        "name": "RecallId",
                        "type": "int",
                        "precision": 10
                    },
                    {
                        "name": "RecallNumber",
                        "type": "varchar"
                    },
                    {
                        "name": "FdaEventId",
                        "type": "varchar"
                    },
                    {
                        "name": "UPC",
                        "type": "varchar"
                    },
                    {
                        "name": "DateAdded",
                        "type": "datetime",
                        "precision": 23,
                        "scale": 3
                    },
                    {
                        "name": "DateChanged",
                        "type": "datetime",
                        "precision": 23,
                        "scale": 3
                    },
                    {
                        "name": "PipelineRunId",
                        "type": "varchar"
                    },
                    {
                        "name": "ImportedDate",
                        "type": "datetime",
                        "precision": 23,
                        "scale": 3
                    },
                    {
                        "name": "Status",
                        "type": "char"
                    }
                ],
                "typeProperties": {
                    "schema": "Fda",
                    "table": "RecallV2UPC"
                }
            },
            "dependsOn": []
        },
        {
            "name": "[concat(parameters('factoryName'), '/DataSource_Source_New1')]",
            "type": "Microsoft.DataFactory/factories/datasets",
            "apiVersion": "2018-06-01",
            "properties": {
                "linkedServiceName": {
                    "referenceName": "ItemMaster",
                    "type": "LinkedServiceReference"
                },
                "annotations": [],
                "type": "AzureSqlTable",
                "schema": [
                    {
                        "name": "DataSourceId",
                        "type": "int",
                        "precision": 10
                    },
                    {
                        "name": "DataSourceDesciption",
                        "type": "varchar"
                    },
                    {
                        "name": "DataSourceUID",
                        "type": "uniqueidentifier"
                    }
                ],
                "typeProperties": {
                    "tableName": "[[dbo].[DataSource]"
                }
            },
            "dependsOn": []
        },
        {
            "name": "[concat(parameters('factoryName'), '/NationalNdcPricePrediction_Source')]",
            "type": "Microsoft.DataFactory/factories/datasets",
            "apiVersion": "2018-06-01",
            "properties": {
                "linkedServiceName": {
                    "referenceName": "ItemMaster",
                    "type": "LinkedServiceReference"
                },
                "annotations": [],
                "type": "AzureSqlTable",
                "schema": [
                    {
                        "name": "NationalNdcPricePredictionID",
                        "type": "int",
                        "precision": 10
                    },
                    {
                        "name": "PredictionUId",
                        "type": "uniqueidentifier"
                    },
                    {
                        "name": "NDC",
                        "type": "char"
                    },
                    {
                        "name": "ItemId",
                        "type": "int",
                        "precision": 10
                    },
                    {
                        "name": "PredictedPriceDate",
                        "type": "date"
                    },
                    {
                        "name": "RaiseAlert",
                        "type": "char"
                    },
                    {
                        "name": "AlertProbability",
                        "type": "float",
                        "precision": 15
                    },
                    {
                        "name": "Month1AlertProbability",
                        "type": "float",
                        "precision": 15
                    },
                    {
                        "name": "Month2AlertProbability",
                        "type": "float",
                        "precision": 15
                    },
                    {
                        "name": "Month3AlertProbability",
                        "type": "float",
                        "precision": 15
                    },
                    {
                        "name": "Month4AlertProbability",
                        "type": "float",
                        "precision": 15
                    },
                    {
                        "name": "DateOfPrediction",
                        "type": "date"
                    },
                    {
                        "name": "CurrentWAC",
                        "type": "float",
                        "precision": 15
                    },
                    {
                        "name": "PredictedWAC",
                        "type": "float",
                        "precision": 15
                    },
                    {
                        "name": "PredictedPercentIncrease",
                        "type": "float",
                        "precision": 15
                    },
                    {
                        "name": "meanPerc",
                        "type": "decimal",
                        "precision": 22,
                        "scale": 22
                    },
                    {
                        "name": "highPerc",
                        "type": "decimal",
                        "precision": 18,
                        "scale": 18
                    },
                    {
                        "name": "lowPerc",
                        "type": "decimal",
                        "precision": 18,
                        "scale": 18
                    },
                    {
                        "name": "num_changes",
                        "type": "bigint",
                        "precision": 19
                    },
                    {
                        "name": "DateLoaded",
                        "type": "datetime",
                        "precision": 23,
                        "scale": 3
                    }
                ],
                "typeProperties": {
                    "schema": "Predictive",
                    "table": "NationalNdcPricePrediction"
                }
            },
            "dependsOn": []
        },
        {
            "name": "[concat(parameters('factoryName'), '/RecallV2IsOriginalPackagerSource')]",
            "type": "Microsoft.DataFactory/factories/datasets",
            "apiVersion": "2018-06-01",
            "properties": {
                "linkedServiceName": {
                    "referenceName": "ItemMaster",
                    "type": "LinkedServiceReference"
                },
                "folder": {
                    "name": "FdaRecallV2"
                },
                "annotations": [],
                "type": "AzureSqlTable",
                "schema": [
                    {
                        "name": "RecallIsOriginalPackagerId",
                        "type": "int",
                        "precision": 10
                    },
                    {
                        "name": "RecallId",
                        "type": "int",
                        "precision": 10
                    },
                    {
                        "name": "RecallNumber",
                        "type": "varchar"
                    },
                    {
                        "name": "FdaEventId",
                        "type": "varchar"
                    },
                    {
                        "name": "IsOriginalPackager",
                        "type": "varchar"
                    },
                    {
                        "name": "DateAdded",
                        "type": "datetime",
                        "precision": 23,
                        "scale": 3
                    },
                    {
                        "name": "DateChanged",
                        "type": "datetime",
                        "precision": 23,
                        "scale": 3
                    },
                    {
                        "name": "PipelineRunId",
                        "type": "varchar"
                    },
                    {
                        "name": "ImportedDate",
                        "type": "datetime",
                        "precision": 23,
                        "scale": 3
                    },
                    {
                        "name": "Status",
                        "type": "char"
                    }
                ],
                "typeProperties": {
                    "schema": "Fda",
                    "table": "RecallV2IsOriginalPackager"
                }
            },
            "dependsOn": []
        },
        {
            "name": "[concat(parameters('factoryName'), '/NationWholesaler_Prediction_Raw_Source')]",
            "type": "Microsoft.DataFactory/factories/datasets",
            "apiVersion": "2018-06-01",
            "properties": {
                "linkedServiceName": {
                    "referenceName": "ItemMaster",
                    "type": "LinkedServiceReference"
                },
                "folder": {
                    "name": "NationWholesaler"
                },
                "annotations": [],
                "type": "AzureSqlTable",
                "schema": [
                    {
                        "name": "source1_priceinc",
                        "type": "nvarchar"
                    },
                    {
                        "name": "source2_budget",
                        "type": "nvarchar"
                    },
                    {
                        "name": "NDC",
                        "type": "nvarchar"
                    },
                    {
                        "name": "PriceDate",
                        "type": "datetime",
                        "precision": 23,
                        "scale": 3
                    },
                    {
                        "name": "Forecast_Months_Ahead",
                        "type": "float",
                        "precision": 15
                    },
                    {
                        "name": "PredictionPriceDate",
                        "type": "nvarchar"
                    },
                    {
                        "name": "PredIncBool",
                        "type": "int",
                        "precision": 10
                    },
                    {
                        "name": "PredIncProb",
                        "type": "float",
                        "precision": 15
                    },
                    {
                        "name": "ActualPriceChangePercent",
                        "type": "decimal",
                        "precision": 5,
                        "scale": 3
                    },
                    {
                        "name": "WACPrice",
                        "type": "decimal",
                        "precision": 7,
                        "scale": 2
                    },
                    {
                        "name": "PriceIncreaseActual_Month",
                        "type": "int",
                        "precision": 10
                    },
                    {
                        "name": "WACPriceLastMonth",
                        "type": "decimal",
                        "precision": 7,
                        "scale": 2
                    },
                    {
                        "name": "WACPriceNextMonth",
                        "type": "decimal",
                        "precision": 7,
                        "scale": 2
                    },
                    {
                        "name": "WACPriceNext2Month",
                        "type": "decimal",
                        "precision": 7,
                        "scale": 2
                    },
                    {
                        "name": "PriceIncreaseActual_Window",
                        "type": "int",
                        "precision": 10
                    },
                    {
                        "name": "DateOfPrediction",
                        "type": "date"
                    },
                    {
                        "name": "meanPerc",
                        "type": "float",
                        "precision": 15
                    },
                    {
                        "name": "highPerc",
                        "type": "float",
                        "precision": 15
                    },
                    {
                        "name": "lowPerc",
                        "type": "float",
                        "precision": 15
                    },
                    {
                        "name": "num_changes",
                        "type": "float",
                        "precision": 15
                    },
                    {
                        "name": "Expected_Price",
                        "type": "float",
                        "precision": 15
                    },
                    {
                        "name": "UnitsReceived_WAC",
                        "type": "float",
                        "precision": 15
                    },
                    {
                        "name": "Expected_Cost_WAC_riskadj",
                        "type": "float",
                        "precision": 15
                    },
                    {
                        "name": "Rolling_TCO",
                        "type": "float",
                        "precision": 15
                    },
                    {
                        "name": "DateStamp",
                        "type": "datetime",
                        "precision": 23,
                        "scale": 3
                    }
                ],
                "typeProperties": {
                    "schema": "Predictive",
                    "table": "NationalNdcPricePredictionRaw"
                }
            },
            "dependsOn": []
        },
        {
            "name": "[concat(parameters('factoryName'), '/UnitDose_Source_New1')]",
            "type": "Microsoft.DataFactory/factories/datasets",
            "apiVersion": "2018-06-01",
            "properties": {
                "linkedServiceName": {
                    "referenceName": "ItemMaster",
                    "type": "LinkedServiceReference"
                },
                "annotations": [],
                "type": "AzureSqlTable",
                "schema": [
                    {
                        "name": "UnitDoseId",
                        "type": "int",
                        "precision": 10
                    },
                    {
                        "name": "UnitDoseCode",
                        "type": "char"
                    },
                    {
                        "name": "UnitDoseDescription",
                        "type": "varchar"
                    }
                ],
                "typeProperties": {
                    "tableName": "[[WoltersKluwer].[UnitDose]"
                }
            },
            "dependsOn": []
        },
        {
            "name": "[concat(parameters('factoryName'), '/Manufacturer_Target_Configurable')]",
            "type": "Microsoft.DataFactory/factories/datasets",
            "apiVersion": "2018-06-01",
            "properties": {
                "linkedServiceName": {
                    "referenceName": "CognitiveRx_Configurable",
                    "type": "LinkedServiceReference",
                    "parameters": {
                        "KeyVaultSecret": "@dataset().SecretName"
                    }
                },
                "parameters": {
                    "SecretName": {
                        "type": "string"
                    }
                },
                "annotations": [],
                "type": "AzureSqlTable",
                "schema": [
                    {
                        "name": "MfrId",
                        "type": "int",
                        "precision": 10
                    },
                    {
                        "name": "MfrName",
                        "type": "varchar"
                    },
                    {
                        "name": "MfrShortName",
                        "type": "varchar"
                    },
                    {
                        "name": "DateAdded",
                        "type": "datetime",
                        "precision": 23,
                        "scale": 3
                    },
                    {
                        "name": "DateChanged",
                        "type": "datetime",
                        "precision": 23,
                        "scale": 3
                    },
                    {
                        "name": "ItemMasterMfrId",
                        "type": "int",
                        "precision": 10
                    },
                    {
                        "name": "DataSourceId",
                        "type": "int",
                        "precision": 10
                    }
                ],
                "typeProperties": {
                    "schema": "dbo",
                    "table": "Manufacturer"
                }
            },
            "dependsOn": []
        },
        {
            "name": "[concat(parameters('factoryName'), '/EmailAddresses')]",
            "type": "Microsoft.DataFactory/factories/datasets",
            "apiVersion": "2018-06-01",
            "properties": {
                "linkedServiceName": {
                    "referenceName": "CognitiveRx_Configurable",
                    "type": "LinkedServiceReference",
                    "parameters": {
                        "KeyVaultSecret": "@dataset().SecretName"
                    }
                },
                "parameters": {
                    "SecretName": {
                        "type": "string"
                    }
                },
                "folder": {
                    "name": "Email"
                },
                "annotations": [],
                "type": "AzureSqlTable",
                "schema": [
                    {
                        "name": "displayname",
                        "type": "String"
                    },
                    {
                        "name": "email",
                        "type": "String"
                    }
                ],
                "typeProperties": {}
            },
            "dependsOn": []
        },
        {
            "name": "[concat(parameters('factoryName'), '/UnitOfMeasure_Target_Configurable')]",
            "type": "Microsoft.DataFactory/factories/datasets",
            "apiVersion": "2018-06-01",
            "properties": {
                "linkedServiceName": {
                    "referenceName": "CognitiveRx_Configurable",
                    "type": "LinkedServiceReference",
                    "parameters": {
                        "KeyVaultSecret": "@dataset().SecretName"
                    }
                },
                "parameters": {
                    "SecretName": {
                        "type": "string"
                    }
                },
                "annotations": [],
                "type": "AzureSqlTable",
                "schema": [
                    {
                        "name": "UnitOfMeasureId",
                        "type": "int",
                        "precision": 10
                    },
                    {
                        "name": "UnitOfMeasureDescription",
                        "type": "varchar"
                    }
                ],
                "typeProperties": {
                    "schema": "ItemMaster",
                    "table": "UnitOfMeasure"
                }
            },
            "dependsOn": []
        },
        {
            "name": "[concat(parameters('factoryName'), '/StorageCondition_Target_Configurable')]",
            "type": "Microsoft.DataFactory/factories/datasets",
            "apiVersion": "2018-06-01",
            "properties": {
                "linkedServiceName": {
                    "referenceName": "CognitiveRx_Configurable",
                    "type": "LinkedServiceReference",
                    "parameters": {
                        "KeyVaultSecret": "@dataset().SecretName"
                    }
                },
                "parameters": {
                    "SecretName": {
                        "type": "string"
                    }
                },
                "annotations": [],
                "type": "AzureSqlTable",
                "schema": [
                    {
                        "name": "StorageConditionId",
                        "type": "int",
                        "precision": 10
                    },
                    {
                        "name": "StorageConditionCode",
                        "type": "char"
                    },
                    {
                        "name": "StorageConditionDescription",
                        "type": "varchar"
                    }
                ],
                "typeProperties": {
                    "schema": "ItemMaster",
                    "table": "StorageCondition"
                }
            },
            "dependsOn": []
        },
        {
            "name": "[concat(parameters('factoryName'), '/PackageSizeUom_Source_New1')]",
            "type": "Microsoft.DataFactory/factories/datasets",
            "apiVersion": "2018-06-01",
            "properties": {
                "linkedServiceName": {
                    "referenceName": "ItemMaster",
                    "type": "LinkedServiceReference"
                },
                "annotations": [],
                "type": "AzureSqlTable",
                "schema": [
                    {
                        "name": "PackageSizeUomId",
                        "type": "int",
                        "precision": 10
                    },
                    {
                        "name": "PackageSizeUomCode",
                        "type": "char"
                    },
                    {
                        "name": "PackageSizeUomDescription",
                        "type": "varchar"
                    }
                ],
                "typeProperties": {
                    "tableName": "[[WoltersKluwer].[PackageSizeUom]"
                }
            },
            "dependsOn": []
        },
        {
            "name": "[concat(parameters('factoryName'), '/ItemMaster_Shortages')]",
            "type": "Microsoft.DataFactory/factories/datasets",
            "apiVersion": "2018-06-01",
            "properties": {
                "linkedServiceName": {
                    "referenceName": "ItemMaster",
                    "type": "LinkedServiceReference"
                },
                "folder": {
                    "name": "Shortages"
                },
                "annotations": [],
                "type": "AzureSqlTable",
                "schema": [
                    {
                        "name": "Id",
                        "type": "int",
                        "precision": 10
                    },
                    {
                        "name": "Ndc",
                        "type": "varchar"
                    },
                    {
                        "name": "ItemId",
                        "type": "int",
                        "precision": 10
                    },
                    {
                        "name": "ExternalId",
                        "type": "varchar"
                    },
                    {
                        "name": "Source",
                        "type": "varchar"
                    },
                    {
                        "name": "UpdatedDate",
                        "type": "datetime",
                        "precision": 23,
                        "scale": 3
                    },
                    {
                        "name": "ExternalLink",
                        "type": "varchar"
                    },
                    {
                        "name": "Status",
                        "type": "char"
                    },
                    {
                        "name": "AvailableNdcs",
                        "type": "varchar"
                    },
                    {
                        "name": "Reasons",
                        "type": "varchar"
                    },
                    {
                        "name": "EstimatedResupply",
                        "type": "varchar"
                    },
                    {
                        "name": "SysStartTime",
                        "type": "datetime2",
                        "scale": 0
                    },
                    {
                        "name": "SysEndTime",
                        "type": "datetime2",
                        "scale": 0
                    },
                    {
                        "name": "isToBeDiscontinued",
                        "type": "bit"
                    },
                    {
                        "name": "isDiscontinued",
                        "type": "bit"
                    },
                    {
                        "name": "AddedDateTime",
                        "type": "datetime",
                        "precision": 23,
                        "scale": 3
                    },
                    {
                        "name": "UpdatedDateTime",
                        "type": "datetime",
                        "precision": 23,
                        "scale": 3
                    },
                    {
                        "name": "isActive",
                        "type": "bit"
                    },
                    {
                        "name": "InitialPostingDate",
                        "type": "datetime",
                        "precision": 23,
                        "scale": 3
                    },
                    {
                        "name": "ASHPShortageUID",
                        "type": "uniqueidentifier"
                    },
                    {
                        "name": "FDAShortageUID",
                        "type": "uniqueidentifier"
                    },
                    {
                        "name": "ItemUId",
                        "type": "uniqueidentifier"
                    },
                    {
                        "name": "PharmacyItemShortageUID",
                        "type": "uniqueidentifier"
                    }
                ],
                "typeProperties": {
                    "schema": "dbo",
                    "table": "PharmacyItemShortage"
                }
            },
            "dependsOn": []
        },
        {
            "name": "[concat(parameters('factoryName'), '/ItemMaster_Source_New1')]",
            "type": "Microsoft.DataFactory/factories/datasets",
            "apiVersion": "2018-06-01",
            "properties": {
                "linkedServiceName": {
                    "referenceName": "ItemMaster",
                    "type": "LinkedServiceReference"
                },
                "annotations": [],
                "type": "AzureSqlTable",
                "schema": [
                    {
                        "name": "ItemId",
                        "type": "int",
                        "precision": 10
                    },
                    {
                        "name": "ItemTypeId",
                        "type": "int",
                        "precision": 10
                    },
                    {
                        "name": "ItemCode",
                        "type": "varchar"
                    },
                    {
                        "name": "ItemDescription",
                        "type": "varchar"
                    },
                    {
                        "name": "MfrId",
                        "type": "int",
                        "precision": 10
                    },
                    {
                        "name": "Gtin",
                        "type": "bigint",
                        "precision": 19
                    },
                    {
                        "name": "DateAdded",
                        "type": "datetime",
                        "precision": 23,
                        "scale": 3
                    },
                    {
                        "name": "DateChanged",
                        "type": "datetime",
                        "precision": 23,
                        "scale": 3
                    },
                    {
                        "name": "ItemUId",
                        "type": "uniqueidentifier"
                    },
                    {
                        "name": "DataSourceId",
                        "type": "int",
                        "precision": 10
                    }
                ],
                "typeProperties": {
                    "tableName": "[[Sync].[vw_ItemMaster]"
                }
            },
            "dependsOn": []
        }
    ]
}