{
    "$schema": "http://schema.management.azure.com/schemas/2015-01-01/deploymentTemplate.json#",
    "contentVersion": "1.0.0.0",
    "parameters": {
        "factoryName": {
            "type": "string",
            "metadata": "Data Factory name",
            "defaultValue": "adf-ItemMasterDataSync-prod"
        },
        "Cogrx_external_blob_connectionString": {
            "type": "secureString",
            "metadata": "Secure string for 'connectionString' of 'Cogrx_external_blob'"
        },
        "Ls_MemberTenant_AzureSQL_connectionString": {
            "type": "secureString",
            "metadata": "Secure string for 'connectionString' of 'Ls_MemberTenant_AzureSQL'"
        },
        "Ls_MemberTenant_NonParm_connectionString": {
            "type": "secureString",
            "metadata": "Secure string for 'connectionString' of 'Ls_MemberTenant_NonParm'"
        },
        "CognitiveRx_keyvault_properties_typeProperties_baseUrl": {
            "type": "string",
            "defaultValue": "https://kv-cognitiverx-prod.vault.azure.net/"
        },
        "NationalWholesale_properties_typeProperties_connectionString_secretName": {
            "type": "string",
            "defaultValue": "Secret-ItemMaster-DB-NationalWholesaler"
        },
        "ItemMaster_properties_typeProperties_connectionString_secretName": {
            "type": "string",
            "defaultValue": "Secret-ItemMaster-DB-ItemMaster"
        },
        "MasterDataSyncControl_properties_typeProperties_connectionString_secretName": {
            "type": "string",
            "defaultValue": "Secret-ItemMaster-DB-MasterDataSync"
        },
        "CognitiveRx_Configurable_properties_typeProperties_connectionString_secretName": {
            "type": "string",
            "defaultValue": "@linkedService().KeyVaultSecret"
        },
        "CognitiveRx_properties_typeProperties_connectionString_secretName": {
            "type": "string",
            "defaultValue": "Secret-CogRX-DB-upmc"
        },
        "Ls_MemberTenant_AzureSQL_properties_typeProperties_servicePrincipalId": {
            "type": "string",
            "defaultValue": "@{linkedService().lsdbserviceprincipal}"
        },
        "Ls_MemberTenant_AzureSQL_properties_typeProperties_tenant": {
            "type": "string",
            "defaultValue": "@{linkedService().lsdbtenant}"
        },
        "Ls_MemberTenant_NonParm_properties_typeProperties_servicePrincipalId": {
            "type": "string",
            "defaultValue": "9816452e-bb13-4210-9348-e11a321be7f0"
        },
        "Ls_MemberTenant_NonParm_properties_typeProperties_tenant": {
            "type": "string",
            "defaultValue": "08a55b34-bb83-493c-912d-6cf771262b6a"
        }
    },
    "variables": {
        "factoryId": "[concat('Microsoft.DataFactory/factories/', parameters('factoryName'))]"
    },
    "resources": [
        {
            "name": "[concat(parameters('factoryName'), '/CognitiveRx_keyvault')]",
            "type": "Microsoft.DataFactory/factories/linkedServices",
            "apiVersion": "2018-06-01",
            "properties": {
                "annotations": [],
                "type": "AzureKeyVault",
                "typeProperties": {
                    "baseUrl": "[parameters('CognitiveRx_keyvault_properties_typeProperties_baseUrl')]"
                }
            },
            "dependsOn": []
        },
        {
            "name": "[concat(parameters('factoryName'), '/Cogrx_external_blob')]",
            "type": "Microsoft.DataFactory/factories/linkedServices",
            "apiVersion": "2018-06-01",
            "properties": {
                "annotations": [],
                "type": "AzureBlobStorage",
                "typeProperties": {
                    "connectionString": "[parameters('Cogrx_external_blob_connectionString')]"
                }
            },
            "dependsOn": []
        },
        {
            "name": "[concat(parameters('factoryName'), '/Daily_ItemMaster_Copy')]",
            "type": "Microsoft.DataFactory/factories/triggers",
            "apiVersion": "2018-06-01",
            "properties": {
                "annotations": [],
                "runtimeState": "Stopped",
                "pipelines": [],
                "type": "ScheduleTrigger",
                "typeProperties": {
                    "recurrence": {
                        "frequency": "Day",
                        "interval": 1,
                        "startTime": "2018-04-07T09:00:00Z",
                        "timeZone": "UTC",
                        "schedule": {
                            "minutes": [
                                0
                            ],
                            "hours": [
                                5
                            ]
                        }
                    }
                }
            },
            "dependsOn": []
        },
        {
            "name": "[concat(parameters('factoryName'), '/integrationRuntimeItemMasterSync')]",
            "type": "Microsoft.DataFactory/factories/integrationRuntimes",
            "apiVersion": "2018-06-01",
            "properties": {
                "type": "Managed",
                "typeProperties": {
                    "computeProperties": {
                        "location": "AutoResolve",
                        "dataFlowProperties": {
                            "computeType": "General",
                            "coreCount": 8,
                            "timeToLive": 10
                        }
                    }
                }
            },
            "dependsOn": []
        },
        {
            "name": "[concat(parameters('factoryName'), '/integrationRuntime1')]",
            "type": "Microsoft.DataFactory/factories/integrationRuntimes",
            "apiVersion": "2018-06-01",
            "properties": {
                "type": "Managed",
                "typeProperties": {
                    "computeProperties": {
                        "location": "AutoResolve",
                        "dataFlowProperties": {
                            "computeType": "General",
                            "coreCount": 8,
                            "timeToLive": 5
                        }
                    }
                }
            },
            "dependsOn": []
        },
        {
            "name": "[concat(parameters('factoryName'), '/pipeline1_copy1')]",
            "type": "Microsoft.DataFactory/factories/pipelines",
            "apiVersion": "2018-06-01",
            "properties": {
                "activities": [
                    {
                        "name": "Call dataset refresh",
                        "type": "WebActivity",
                        "dependsOn": [
                            {
                                "activity": "Get AAD Token",
                                "dependencyConditions": [
                                    "Succeeded"
                                ]
                            }
                        ],
                        "policy": {
                            "timeout": "7.00:00:00",
                            "retry": 0,
                            "retryIntervalInSeconds": 30,
                            "secureOutput": false,
                            "secureInput": true
                        },
                        "userProperties": [],
                        "typeProperties": {
                            "url": {
                                "value": "@concat('https://api.powerbi.com/v1.0/myorg/groups/',pipeline().parameters.workspaceGuid,'/datasets/',pipeline().parameters.datasetGuid,'/refreshes')",
                                "type": "Expression"
                            },
                            "method": "POST",
                            "headers": {
                                "Authorization": {
                                    "value": "@concat(string(activity('Get AAD Token').output.token_type),' ',string(activity('Get AAD Token').output.access_token))",
                                    "type": "Expression"
                                }
                            },
                            "body": {
                                "notifyOption": "NoNotification"
                            }
                        }
                    },
                    {
                        "name": "Until dataset refresh completion",
                        "type": "Until",
                        "dependsOn": [
                            {
                                "activity": "Call dataset refresh",
                                "dependencyConditions": [
                                    "Succeeded"
                                ]
                            }
                        ],
                        "userProperties": [],
                        "typeProperties": {
                            "expression": {
                                "value": "@not(equals(first(json(string(activity('Get dataset refresh status').output)).value).status,'Unknown'))",
                                "type": "Expression"
                            },
                            "activities": [
                                {
                                    "name": "Wait 60 seconds",
                                    "type": "Wait",
                                    "dependsOn": [],
                                    "userProperties": [],
                                    "typeProperties": {
                                        "waitTimeInSeconds": 60
                                    }
                                },
                                {
                                    "name": "Get dataset refresh status",
                                    "type": "WebActivity",
                                    "dependsOn": [
                                        {
                                            "activity": "Wait 60 seconds",
                                            "dependencyConditions": [
                                                "Succeeded"
                                            ]
                                        }
                                    ],
                                    "policy": {
                                        "timeout": "7.00:00:00",
                                        "retry": 0,
                                        "retryIntervalInSeconds": 30,
                                        "secureOutput": false,
                                        "secureInput": true
                                    },
                                    "userProperties": [],
                                    "typeProperties": {
                                        "url": {
                                            "value": "@concat('https://api.powerbi.com/v1.0/myorg/groups/',pipeline().parameters.workspaceGuid,'/datasets/',pipeline().parameters.datasetGuid,'/refreshes?$top=1')",
                                            "type": "Expression"
                                        },
                                        "method": "GET",
                                        "headers": {
                                            "Authorization": {
                                                "value": "@concat(string(activity('Get AAD Token').output.token_type),' ',string(activity('Get AAD Token').output.access_token))",
                                                "type": "Expression"
                                            },
                                            "Content-Type": "application/json"
                                        }
                                    }
                                }
                            ],
                            "timeout": "0.03:00:00"
                        }
                    },
                    {
                        "name": "If dataset refresh failed",
                        "type": "IfCondition",
                        "dependsOn": [
                            {
                                "activity": "Until dataset refresh completion",
                                "dependencyConditions": [
                                    "Succeeded"
                                ]
                            }
                        ],
                        "userProperties": [],
                        "typeProperties": {
                            "expression": {
                                "value": "@equals(first(json(string(activity('Get dataset refresh status').output)).value).status,'Failed')",
                                "type": "Expression"
                            },
                            "ifTrueActivities": [
                                {
                                    "name": "SaveErrorMessages",
                                    "description": "In case of an error in processing of the dataset, the actual messages are saved in the pipeline variable \"ProcessingErrors\".",
                                    "type": "SetVariable",
                                    "dependsOn": [],
                                    "userProperties": [],
                                    "typeProperties": {
                                        "variableName": "ProcessingErrors",
                                        "value": {
                                            "value": "@string(json(first(json(string(activity('Get dataset refresh status').output)).value).serviceExceptionJson))",
                                            "type": "Expression"
                                        }
                                    }
                                }
                            ]
                        }
                    },
                    {
                        "name": "Get AAD Token",
                        "type": "WebActivity",
                        "dependsOn": [
                            {
                                "activity": "Get Secret from AKV",
                                "dependencyConditions": [
                                    "Succeeded"
                                ]
                            },
                            {
                                "activity": "Get ClientId from AKV",
                                "dependencyConditions": [
                                    "Succeeded"
                                ]
                            },
                            {
                                "activity": "Get TenantId from AKV",
                                "dependencyConditions": [
                                    "Succeeded"
                                ]
                            }
                        ],
                        "policy": {
                            "timeout": "7.00:00:00",
                            "retry": 0,
                            "retryIntervalInSeconds": 30,
                            "secureOutput": true,
                            "secureInput": true
                        },
                        "userProperties": [],
                        "typeProperties": {
                            "url": {
                                "value": "@concat('https://login.microsoftonline.com/',activity('Get TenantId from AKV').output.value,'/oauth2/token')",
                                "type": "Expression"
                            },
                            "method": "POST",
                            "headers": {
                                "Content-Type": "application/x-www-form-urlencoded"
                            },
                            "body": {
                                "value": "@concat('grant_type=client_credentials&resource=https://analysis.windows.net/powerbi/api&client_id=',activity('Get ClientId from AKV').output.value,'&client_secret=',encodeUriComponent(activity('Get Secret from AKV').output.value))",
                                "type": "Expression"
                            }
                        }
                    },
                    {
                        "name": "Get TenantId from AKV",
                        "type": "WebActivity",
                        "dependsOn": [],
                        "policy": {
                            "timeout": "7.00:00:00",
                            "retry": 0,
                            "retryIntervalInSeconds": 30,
                            "secureOutput": true,
                            "secureInput": false
                        },
                        "userProperties": [],
                        "typeProperties": {
                            "url": {
                                "value": "@concat(pipeline().parameters.KeyVaultDNSName,'secrets/',pipeline().parameters.SecretName_TenantId,'/?api-version=7.0')",
                                "type": "Expression"
                            },
                            "method": "GET",
                            "headers": {},
                            "body": {
                                "simple": "body"
                            },
                            "authentication": {
                                "type": "MSI",
                                "resource": "https://vault.azure.net"
                            }
                        }
                    },
                    {
                        "name": "Get ClientId from AKV",
                        "type": "WebActivity",
                        "dependsOn": [],
                        "policy": {
                            "timeout": "7.00:00:00",
                            "retry": 0,
                            "retryIntervalInSeconds": 30,
                            "secureOutput": true,
                            "secureInput": false
                        },
                        "userProperties": [],
                        "typeProperties": {
                            "url": {
                                "value": "@concat(pipeline().parameters.KeyVaultDNSName,'secrets/',pipeline().parameters.SecretName_SPClientId,'/?api-version=7.0')",
                                "type": "Expression"
                            },
                            "method": "GET",
                            "headers": {},
                            "body": {
                                "simple": "body"
                            },
                            "authentication": {
                                "type": "MSI",
                                "resource": "https://vault.azure.net"
                            }
                        }
                    },
                    {
                        "name": "Get Secret from AKV",
                        "type": "WebActivity",
                        "dependsOn": [],
                        "policy": {
                            "timeout": "7.00:00:00",
                            "retry": 0,
                            "retryIntervalInSeconds": 30,
                            "secureOutput": true,
                            "secureInput": false
                        },
                        "userProperties": [],
                        "typeProperties": {
                            "url": {
                                "value": "@concat(pipeline().parameters.KeyVaultDNSName,'secrets/',pipeline().parameters.SecretName_SPSecret,'/?api-version=7.0')",
                                "type": "Expression"
                            },
                            "method": "GET",
                            "headers": {},
                            "body": {
                                "simple": "body"
                            },
                            "authentication": {
                                "type": "MSI",
                                "resource": "https://vault.azure.net"
                            }
                        }
                    }
                ],
                "policy": {
                    "elapsedTimeMetric": {},
                    "cancelAfter": {}
                },
                "parameters": {
                    "SecretName_TenantId": {
                        "type": "String",
                        "defaultValue": "SecretName-TenantId"
                    },
                    "SecretName_SPClientId": {
                        "type": "String",
                        "defaultValue": "SecretName-SPClientId"
                    },
                    "SecretName_SPSecret": {
                        "type": "String",
                        "defaultValue": "SecretName-SPSecret"
                    },
                    "KeyVaultDNSName": {
                        "type": "string",
                        "defaultValue": "https://kv-cognitiverx-prod.vault.azure.net/"
                    },
                    "workspaceGuid": {
                        "type": "string",
                        "defaultValue": "684d0fdb-3cd8-4109-80fb-e22ce69b775c"
                    },
                    "datasetGuid": {
                        "type": "string",
                        "defaultValue": "1e56ee8a-4d6d-4a7d-a8f1-5595fdbf2685"
                    }
                },
                "variables": {
                    "ProcessingErrors": {
                        "type": "Boolean"
                    }
                },
                "folder": {
                    "name": "50-powerbi"
                },
                "annotations": [],
                "lastPublishTime": "2021-01-22T13:25:31Z"
            },
            "dependsOn": []
        },
        {
            "name": "[concat(parameters('factoryName'), '/pipeline1_copy2')]",
            "type": "Microsoft.DataFactory/factories/pipelines",
            "apiVersion": "2018-06-01",
            "properties": {
                "activities": [
                    {
                        "name": "Until dataset refresh completion",
                        "type": "Until",
                        "dependsOn": [
                            {
                                "activity": "Call dataset refresh",
                                "dependencyConditions": [
                                    "Succeeded"
                                ]
                            }
                        ],
                        "userProperties": [],
                        "typeProperties": {
                            "expression": {
                                "value": "@not(equals(first(json(string(activity('Get dataset refresh status').output)).value).status,'Unknown'))",
                                "type": "Expression"
                            },
                            "activities": [
                                {
                                    "name": "Wait 180 seconds",
                                    "type": "Wait",
                                    "dependsOn": [],
                                    "userProperties": [],
                                    "typeProperties": {
                                        "waitTimeInSeconds": 180
                                    }
                                },
                                {
                                    "name": "Get dataset refresh status",
                                    "type": "WebActivity",
                                    "dependsOn": [
                                        {
                                            "activity": "Wait 180 seconds",
                                            "dependencyConditions": [
                                                "Succeeded"
                                            ]
                                        }
                                    ],
                                    "policy": {
                                        "timeout": "7.00:00:00",
                                        "retry": 0,
                                        "retryIntervalInSeconds": 30,
                                        "secureOutput": false,
                                        "secureInput": true
                                    },
                                    "userProperties": [],
                                    "typeProperties": {
                                        "url": {
                                            "value": "@concat('https://api.powerbi.com/v1.0/myorg/groups/',pipeline().parameters.workspaceGuid,'/datasets/',pipeline().parameters.datasetGuid,'/refreshes?$top=1')",
                                            "type": "Expression"
                                        },
                                        "method": "GET",
                                        "headers": {
                                            "Authorization": {
                                                "value": "@concat(string(activity('Get AAD Token').output.token_type),' ',string(activity('Get AAD Token').output.access_token))",
                                                "type": "Expression"
                                            },
                                            "Content-Type": "application/json"
                                        }
                                    }
                                }
                            ],
                            "timeout": "0.03:00:00"
                        }
                    },
                    {
                        "name": "If dataset refresh failed",
                        "type": "IfCondition",
                        "dependsOn": [
                            {
                                "activity": "Until dataset refresh completion",
                                "dependencyConditions": [
                                    "Succeeded"
                                ]
                            }
                        ],
                        "userProperties": [],
                        "typeProperties": {
                            "expression": {
                                "value": "@equals(first(json(string(activity('Get dataset refresh status').output)).value).status,'Failed')",
                                "type": "Expression"
                            },
                            "ifTrueActivities": [
                                {
                                    "name": "SaveErrorMessages",
                                    "description": "In case of an error in processing of the dataset, the actual messages are saved in the pipeline variable \"ProcessingErrors\".",
                                    "type": "SetVariable",
                                    "dependsOn": [],
                                    "userProperties": [],
                                    "typeProperties": {
                                        "variableName": "ProcessingErrors",
                                        "value": {
                                            "value": "@string(json(first(json(string(activity('Get dataset refresh status').output)).value).serviceExceptionJson))",
                                            "type": "Expression"
                                        }
                                    }
                                }
                            ]
                        }
                    },
                    {
                        "name": "Call dataset refresh",
                        "type": "WebActivity",
                        "dependsOn": [
                            {
                                "activity": "Get AAD Token",
                                "dependencyConditions": [
                                    "Succeeded"
                                ]
                            }
                        ],
                        "policy": {
                            "timeout": "7.00:00:00",
                            "retry": 0,
                            "retryIntervalInSeconds": 30,
                            "secureOutput": false,
                            "secureInput": true
                        },
                        "userProperties": [],
                        "typeProperties": {
                            "url": {
                                "value": "@concat('https://api.powerbi.com/v1.0/myorg/groups/',pipeline().parameters.workspaceGuid,'/datasets/',pipeline().parameters.datasetGuid,'/refreshes')",
                                "type": "Expression"
                            },
                            "method": "POST",
                            "headers": {
                                "Authorization": {
                                    "value": "@concat(string(activity('Get AAD Token').output.token_type),' ',string(activity('Get AAD Token').output.access_token))",
                                    "type": "Expression"
                                }
                            },
                            "body": {
                                "notifyOption": "NoNotification"
                            }
                        }
                    },
                    {
                        "name": "Get AAD Token",
                        "type": "WebActivity",
                        "dependsOn": [
                            {
                                "activity": "Get TenantId from AKV",
                                "dependencyConditions": [
                                    "Succeeded"
                                ]
                            },
                            {
                                "activity": "Get ClientId from AKV",
                                "dependencyConditions": [
                                    "Succeeded"
                                ]
                            },
                            {
                                "activity": "Get Secret from AKV",
                                "dependencyConditions": [
                                    "Succeeded"
                                ]
                            }
                        ],
                        "policy": {
                            "timeout": "7.00:00:00",
                            "retry": 0,
                            "retryIntervalInSeconds": 30,
                            "secureOutput": true,
                            "secureInput": true
                        },
                        "userProperties": [],
                        "typeProperties": {
                            "url": {
                                "value": "@concat('https://login.microsoftonline.com/',activity('Get TenantId from AKV').output.value,'/oauth2/token')",
                                "type": "Expression"
                            },
                            "method": "POST",
                            "headers": {
                                "Content-Type": "application/x-www-form-urlencoded"
                            },
                            "body": {
                                "value": "@concat('grant_type=client_credentials&resource=https://analysis.windows.net/powerbi/api&client_id=',activity('Get ClientId from AKV').output.value,'&client_secret=',encodeUriComponent(activity('Get Secret from AKV').output.value))",
                                "type": "Expression"
                            }
                        }
                    },
                    {
                        "name": "Get TenantId from AKV",
                        "type": "WebActivity",
                        "dependsOn": [],
                        "policy": {
                            "timeout": "7.00:00:00",
                            "retry": 0,
                            "retryIntervalInSeconds": 30,
                            "secureOutput": true,
                            "secureInput": false
                        },
                        "userProperties": [],
                        "typeProperties": {
                            "url": {
                                "value": "@concat(pipeline().parameters.KeyVaultDNSName,'secrets/',pipeline().parameters.SecretName_TenantId,'/?api-version=7.0')",
                                "type": "Expression"
                            },
                            "method": "GET",
                            "headers": {},
                            "body": {
                                "simple": "body"
                            },
                            "authentication": {
                                "type": "MSI",
                                "resource": "https://vault.azure.net"
                            }
                        }
                    },
                    {
                        "name": "Get ClientId from AKV",
                        "type": "WebActivity",
                        "dependsOn": [],
                        "policy": {
                            "timeout": "7.00:00:00",
                            "retry": 0,
                            "retryIntervalInSeconds": 30,
                            "secureOutput": true,
                            "secureInput": false
                        },
                        "userProperties": [],
                        "typeProperties": {
                            "url": {
                                "value": "@concat(pipeline().parameters.KeyVaultDNSName,'secrets/',pipeline().parameters.SecretName_SPClientId,'/?api-version=7.0')",
                                "type": "Expression"
                            },
                            "method": "GET",
                            "headers": {},
                            "body": {
                                "simple": "body"
                            },
                            "authentication": {
                                "type": "MSI",
                                "resource": "https://vault.azure.net"
                            }
                        }
                    },
                    {
                        "name": "Get Secret from AKV",
                        "type": "WebActivity",
                        "dependsOn": [],
                        "policy": {
                            "timeout": "7.00:00:00",
                            "retry": 0,
                            "retryIntervalInSeconds": 30,
                            "secureOutput": true,
                            "secureInput": false
                        },
                        "userProperties": [],
                        "typeProperties": {
                            "url": {
                                "value": "@concat(pipeline().parameters.KeyVaultDNSName,'secrets/',pipeline().parameters.SecretName_SPSecret,'/?api-version=7.0')",
                                "type": "Expression"
                            },
                            "method": "GET",
                            "headers": {},
                            "body": {
                                "simple": "body"
                            },
                            "authentication": {
                                "type": "MSI",
                                "resource": "https://vault.azure.net"
                            }
                        }
                    }
                ],
                "policy": {
                    "elapsedTimeMetric": {},
                    "cancelAfter": {}
                },
                "parameters": {
                    "SecretName_TenantId": {
                        "type": "String",
                        "defaultValue": "SecretName-TenantId"
                    },
                    "SecretName_SPClientId": {
                        "type": "String",
                        "defaultValue": "SecretName-SPClientId"
                    },
                    "SecretName_SPSecret": {
                        "type": "String",
                        "defaultValue": "SecretName-SPSecret"
                    },
                    "KeyVaultDNSName": {
                        "type": "string",
                        "defaultValue": "https://kv-cognitiverx-prod.vault.azure.net/"
                    },
                    "workspaceGuid": {
                        "type": "string",
                        "defaultValue": "684d0fdb-3cd8-4109-80fb-e22ce69b775c"
                    },
                    "datasetGuid": {
                        "type": "string"
                    }
                },
                "variables": {
                    "ProcessingErrors": {
                        "type": "Boolean"
                    }
                },
                "folder": {
                    "name": "50-powerbi"
                },
                "annotations": [],
                "lastPublishTime": "2021-01-25T10:03:53Z"
            },
            "dependsOn": []
        },
        {
            "name": "[concat(parameters('factoryName'), '/pipeline2')]",
            "type": "Microsoft.DataFactory/factories/pipelines",
            "apiVersion": "2018-06-01",
            "properties": {
                "activities": [
                    {
                        "name": "Web1",
                        "type": "WebActivity",
                        "dependsOn": [],
                        "policy": {
                            "timeout": "7.00:00:00",
                            "retry": 0,
                            "retryIntervalInSeconds": 30,
                            "secureOutput": false,
                            "secureInput": false
                        },
                        "userProperties": [],
                        "typeProperties": {
                            "url": "https://management.azure.com/subscriptions/d0521c58-92af-4b80-9809-8cd793aa9393/resourceGroups/CognitiveRx-PROD/providers/Microsoft.Sql/servers/sqlcogrxproddatascience/databases/sqldbCogRxProdWorkbench?api-version=2017-10-01-preview",
                            "method": "PUT",
                            "headers": {
                                "Content-Type": "application/json"
                            },
                            "body": {
                                "sku": {
                                    "name": "S0",
                                    "tier": "Standard"
                                },
                                "location": "East US"
                            },
                            "authentication": {
                                "type": "MSI",
                                "resource": "https://management.azure.com/"
                            }
                        }
                    }
                ],
                "policy": {
                    "elapsedTimeMetric": {},
                    "cancelAfter": {}
                },
                "parameters": {
                    "myInputParam1": {
                        "type": "string"
                    },
                    "callBackUri": {
                        "type": "string"
                    }
                },
                "folder": {
                    "name": "50-powerbi"
                },
                "annotations": [],
                "lastPublishTime": "2021-02-10T19:10:50Z"
            },
            "dependsOn": []
        },
        {
            "name": "[concat(parameters('factoryName'), '/pipeline2_copy1')]",
            "type": "Microsoft.DataFactory/factories/pipelines",
            "apiVersion": "2018-06-01",
            "properties": {
                "activities": [
                    {
                        "name": "sqldbCogRxProdUPMC",
                        "type": "WebActivity",
                        "dependsOn": [],
                        "policy": {
                            "timeout": "7.00:00:00",
                            "retry": 0,
                            "retryIntervalInSeconds": 30,
                            "secureOutput": false,
                            "secureInput": false
                        },
                        "userProperties": [],
                        "typeProperties": {
                            "url": "https://management.azure.com/subscriptions/d0521c58-92af-4b80-9809-8cd793aa9393/resourceGroups/rg-CognitiveRx-UPMC-Prod/providers/Microsoft.Sql/servers/sqlcogrxprodupmc/databases/sqldbCogRxProdUPMC?api-version=2017-10-01-preview",
                            "method": "PUT",
                            "headers": {
                                "Content-Type": "application/json"
                            },
                            "body": {
                                "sku": {
                                    "name": "GP_Gen5",
                                    "tier": "GeneralPurpose",
                                    "family": "Gen5",
                                    "capacity": 2
                                },
                                "location": "East US"
                            },
                            "authentication": {
                                "type": "MSI",
                                "resource": "https://management.azure.com/"
                            }
                        }
                    },
                    {
                        "name": "sqldbCogRxProdStLukes",
                        "type": "WebActivity",
                        "dependsOn": [],
                        "policy": {
                            "timeout": "7.00:00:00",
                            "retry": 0,
                            "retryIntervalInSeconds": 30,
                            "secureOutput": false,
                            "secureInput": false
                        },
                        "userProperties": [],
                        "typeProperties": {
                            "url": "https://management.azure.com/subscriptions/d0521c58-92af-4b80-9809-8cd793aa9393/resourceGroups/rg-CognitiveRx-StLukes-Prod/providers/Microsoft.Sql/servers/sqlcogrxprodstlukes/databases/sqldbCogRxProdStLukes?api-version=2017-10-01-preview",
                            "method": "PUT",
                            "headers": {
                                "Content-Type": "application/json"
                            },
                            "body": {
                                "sku": {
                                    "name": "GP_Gen5",
                                    "tier": "GeneralPurpose",
                                    "family": "Gen5",
                                    "capacity": 2
                                },
                                "location": "East US"
                            },
                            "authentication": {
                                "type": "MSI",
                                "resource": "https://management.azure.com/"
                            }
                        }
                    },
                    {
                        "name": "sqldbCogRxProdNorthwell",
                        "type": "WebActivity",
                        "dependsOn": [],
                        "policy": {
                            "timeout": "7.00:00:00",
                            "retry": 0,
                            "retryIntervalInSeconds": 30,
                            "secureOutput": false,
                            "secureInput": false
                        },
                        "userProperties": [],
                        "typeProperties": {
                            "url": "https://management.azure.com/subscriptions/d0521c58-92af-4b80-9809-8cd793aa9393/resourceGroups/rg-CognitiveRx-Northwell-Prod/providers/Microsoft.Sql/servers/sqlcogrxprodnorthwell/databases/sqldbCogRxProdNorthwell?api-version=2017-10-01-preview",
                            "method": "PUT",
                            "headers": {
                                "Content-Type": "application/json"
                            },
                            "body": {
                                "sku": {
                                    "name": "GP_Gen5",
                                    "tier": "GeneralPurpose",
                                    "family": "Gen5",
                                    "capacity": 2
                                },
                                "location": "East US"
                            },
                            "authentication": {
                                "type": "MSI",
                                "resource": "https://management.azure.com/"
                            }
                        }
                    },
                    {
                        "name": "sqldbCogRxProdFairview",
                        "type": "WebActivity",
                        "dependsOn": [],
                        "policy": {
                            "timeout": "7.00:00:00",
                            "retry": 0,
                            "retryIntervalInSeconds": 30,
                            "secureOutput": false,
                            "secureInput": false
                        },
                        "userProperties": [],
                        "typeProperties": {
                            "url": "https://management.azure.com/subscriptions/d0521c58-92af-4b80-9809-8cd793aa9393/resourceGroups/rg-CognitiveRx-Fairview-Prod/providers/Microsoft.Sql/servers/sqlcogrxprodfairview/databases/sqldbCogRxProdFairview?api-version=2017-10-01-preview",
                            "method": "PUT",
                            "headers": {
                                "Content-Type": "application/json"
                            },
                            "body": {
                                "sku": {
                                    "name": "GP_Gen5",
                                    "tier": "GeneralPurpose",
                                    "family": "Gen5",
                                    "capacity": 2
                                },
                                "location": "East US"
                            },
                            "authentication": {
                                "type": "MSI",
                                "resource": "https://management.azure.com/"
                            }
                        }
                    },
                    {
                        "name": "sqldbCogRxProdCommonSpirit",
                        "type": "WebActivity",
                        "dependsOn": [],
                        "policy": {
                            "timeout": "7.00:00:00",
                            "retry": 0,
                            "retryIntervalInSeconds": 30,
                            "secureOutput": false,
                            "secureInput": false
                        },
                        "userProperties": [],
                        "typeProperties": {
                            "url": "https://management.azure.com/subscriptions/d0521c58-92af-4b80-9809-8cd793aa9393/resourceGroups/rg-CognitiveRx-CommonSpirit-Prod/providers/Microsoft.Sql/servers/sqlcogrxprodcommonspirit/databases/sqldbCogRxProdCommonSpirit?api-version=2017-10-01-preview",
                            "method": "PUT",
                            "headers": {
                                "Content-Type": "application/json"
                            },
                            "body": {
                                "sku": {
                                    "name": "GP_Gen5",
                                    "tier": "GeneralPurpose",
                                    "family": "Gen5",
                                    "capacity": 2
                                },
                                "location": "East US"
                            },
                            "authentication": {
                                "type": "MSI",
                                "resource": "https://management.azure.com/"
                            }
                        }
                    }
                ],
                "policy": {
                    "elapsedTimeMetric": {},
                    "cancelAfter": {}
                },
                "folder": {
                    "name": "50-powerbi"
                },
                "annotations": [],
                "lastPublishTime": "2021-02-10T18:28:08Z"
            },
            "dependsOn": []
        },
        {
            "name": "[concat(parameters('factoryName'), '/triggertesting3')]",
            "type": "Microsoft.DataFactory/factories/pipelines",
            "apiVersion": "2018-06-01",
            "properties": {
                "activities": [
                    {
                        "name": "Set variable1",
                        "type": "SetVariable",
                        "dependsOn": [],
                        "userProperties": [],
                        "typeProperties": {
                            "variableName": "testvariable",
                            "value": {
                                "value": "@pipeline().parameters.receivetrigparam",
                                "type": "Expression"
                            }
                        }
                    }
                ],
                "policy": {
                    "elapsedTimeMetric": {},
                    "cancelAfter": {}
                },
                "parameters": {
                    "receivetrigparam": {
                        "type": "string",
                        "defaultValue": "abcde"
                    }
                },
                "variables": {
                    "testvariable": {
                        "type": "String"
                    }
                },
                "annotations": [],
                "lastPublishTime": "2022-10-19T09:32:46Z"
            },
            "dependsOn": []
        },
        {
            "name": "[concat(parameters('factoryName'), '/NationalWholesale')]",
            "type": "Microsoft.DataFactory/factories/linkedServices",
            "apiVersion": "2018-06-01",
            "properties": {
                "annotations": [],
                "type": "AzureSqlDatabase",
                "typeProperties": {
                    "connectionString": {
                        "type": "AzureKeyVaultSecret",
                        "store": {
                            "referenceName": "CognitiveRx_keyvault",
                            "type": "LinkedServiceReference"
                        },
                        "secretName": "[parameters('NationalWholesale_properties_typeProperties_connectionString_secretName')]"
                    }
                }
            },
            "dependsOn": [
                "[concat(variables('factoryId'), '/linkedServices/CognitiveRx_keyvault')]"
            ]
        },
        {
            "name": "[concat(parameters('factoryName'), '/ItemMaster')]",
            "type": "Microsoft.DataFactory/factories/linkedServices",
            "apiVersion": "2018-06-01",
            "properties": {
                "description": "For this process, this link should always point to prod, we always want to syncing from prod",
                "annotations": [],
                "type": "AzureSqlDatabase",
                "typeProperties": {
                    "connectionString": {
                        "type": "AzureKeyVaultSecret",
                        "store": {
                            "referenceName": "CognitiveRx_keyvault",
                            "type": "LinkedServiceReference"
                        },
                        "secretName": "[parameters('ItemMaster_properties_typeProperties_connectionString_secretName')]"
                    }
                }
            },
            "dependsOn": [
                "[concat(variables('factoryId'), '/linkedServices/CognitiveRx_keyvault')]"
            ]
        },
        {
            "name": "[concat(parameters('factoryName'), '/MasterDataSyncControl')]",
            "type": "Microsoft.DataFactory/factories/linkedServices",
            "apiVersion": "2018-06-01",
            "properties": {
                "annotations": [],
                "type": "AzureSqlDatabase",
                "typeProperties": {
                    "connectionString": {
                        "type": "AzureKeyVaultSecret",
                        "store": {
                            "referenceName": "CognitiveRx_keyvault",
                            "type": "LinkedServiceReference"
                        },
                        "secretName": "[parameters('MasterDataSyncControl_properties_typeProperties_connectionString_secretName')]"
                    }
                }
            },
            "dependsOn": [
                "[concat(variables('factoryId'), '/linkedServices/CognitiveRx_keyvault')]"
            ]
        },
        {
            "name": "[concat(parameters('factoryName'), '/CognitiveRx_Configurable')]",
            "type": "Microsoft.DataFactory/factories/linkedServices",
            "apiVersion": "2018-06-01",
            "properties": {
                "parameters": {
                    "KeyVaultSecret": {
                        "type": "string",
                        "defaultValue": "Secret-CogRX-DB-DemoClientOne"
                    }
                },
                "annotations": [],
                "type": "AzureSqlDatabase",
                "typeProperties": {
                    "connectionString": {
                        "type": "AzureKeyVaultSecret",
                        "store": {
                            "referenceName": "CognitiveRx_keyvault",
                            "type": "LinkedServiceReference"
                        },
                        "secretName": {
                            "value": "[parameters('CognitiveRx_Configurable_properties_typeProperties_connectionString_secretName')]",
                            "type": "Expression"
                        },
                        "secretVersion": ""
                    }
                }
            },
            "dependsOn": [
                "[concat(variables('factoryId'), '/linkedServices/CognitiveRx_keyvault')]"
            ]
        },
        {
            "name": "[concat(parameters('factoryName'), '/CognitiveRx')]",
            "type": "Microsoft.DataFactory/factories/linkedServices",
            "apiVersion": "2018-06-01",
            "properties": {
                "annotations": [],
                "type": "AzureSqlDatabase",
                "typeProperties": {
                    "connectionString": {
                        "type": "AzureKeyVaultSecret",
                        "store": {
                            "referenceName": "CognitiveRx_keyvault",
                            "type": "LinkedServiceReference"
                        },
                        "secretName": "[parameters('CognitiveRx_properties_typeProperties_connectionString_secretName')]"
                    }
                }
            },
            "dependsOn": [
                "[concat(variables('factoryId'), '/linkedServices/CognitiveRx_keyvault')]"
            ]
        },
        {
            "name": "[concat(parameters('factoryName'), '/Ls_MemberTenant_AzureSQL')]",
            "type": "Microsoft.DataFactory/factories/linkedServices",
            "apiVersion": "2018-06-01",
            "properties": {
                "parameters": {
                    "lsdburl": {
                        "type": "string"
                    },
                    "lsdbname": {
                        "type": "string"
                    },
                    "lsdbtenant": {
                        "type": "string"
                    },
                    "lsdbserviceprincipal": {
                        "type": "string"
                    },
                    "lsdbsecret": {
                        "type": "string"
                    }
                },
                "annotations": [],
                "type": "AzureSqlDatabase",
                "typeProperties": {
                    "connectionString": "[parameters('Ls_MemberTenant_AzureSQL_connectionString')]",
                    "servicePrincipalId": "[parameters('Ls_MemberTenant_AzureSQL_properties_typeProperties_servicePrincipalId')]",
                    "servicePrincipalKey": {
                        "type": "AzureKeyVaultSecret",
                        "store": {
                            "referenceName": "CognitiveRx_keyvault",
                            "type": "LinkedServiceReference"
                        },
                        "secretName": {
                            "value": "@linkedService().lsdbsecret",
                            "type": "Expression"
                        }
                    },
                    "tenant": "[parameters('Ls_MemberTenant_AzureSQL_properties_typeProperties_tenant')]"
                }
            },
            "dependsOn": [
                "[concat(variables('factoryId'), '/linkedServices/CognitiveRx_keyvault')]"
            ]
        },
        {
            "name": "[concat(parameters('factoryName'), '/Ls_MemberTenant_NonParm')]",
            "type": "Microsoft.DataFactory/factories/linkedServices",
            "apiVersion": "2018-06-01",
            "properties": {
                "annotations": [],
                "type": "AzureSqlDatabase",
                "typeProperties": {
                    "connectionString": "[parameters('Ls_MemberTenant_NonParm_connectionString')]",
                    "servicePrincipalId": "[parameters('Ls_MemberTenant_NonParm_properties_typeProperties_servicePrincipalId')]",
                    "servicePrincipalKey": {
                        "type": "AzureKeyVaultSecret",
                        "store": {
                            "referenceName": "CognitiveRx_keyvault",
                            "type": "LinkedServiceReference"
                        },
                        "secretName": "Secret-CogRX-DB-CombinedApp-Member-Dev"
                    },
                    "tenant": "[parameters('Ls_MemberTenant_NonParm_properties_typeProperties_tenant')]"
                }
            },
            "dependsOn": [
                "[concat(variables('factoryId'), '/linkedServices/CognitiveRx_keyvault')]"
            ]
        },
        {
            "name": "[concat(parameters('factoryName'), '/pipeline1')]",
            "type": "Microsoft.DataFactory/factories/pipelines",
            "apiVersion": "2018-06-01",
            "properties": {
                "activities": [
                    {
                        "name": "ForEach",
                        "type": "ForEach",
                        "dependsOn": [
                            {
                                "activity": "SendAlertStart",
                                "dependencyConditions": [
                                    "Succeeded"
                                ]
                            }
                        ],
                        "userProperties": [],
                        "typeProperties": {
                            "items": {
                                "value": "@pipeline().parameters.datasetGuid",
                                "type": "Expression"
                            },
                            "isSequential": true,
                            "activities": [
                                {
                                    "name": "Execute Pipeline1",
                                    "type": "ExecutePipeline",
                                    "dependsOn": [],
                                    "userProperties": [],
                                    "typeProperties": {
                                        "pipeline": {
                                            "referenceName": "pipeline1_copy2",
                                            "type": "PipelineReference"
                                        },
                                        "waitOnCompletion": true,
                                        "parameters": {
                                            "SecretName_TenantId": {
                                                "value": "@pipeline().parameters.SecretName_TenantId",
                                                "type": "Expression"
                                            },
                                            "SecretName_SPClientId": {
                                                "value": "@pipeline().parameters.SecretName_SPClientId",
                                                "type": "Expression"
                                            },
                                            "SecretName_SPSecret": {
                                                "value": "@pipeline().parameters.SecretName_SPSecret",
                                                "type": "Expression"
                                            },
                                            "KeyVaultDNSName": {
                                                "value": "@pipeline().parameters.KeyVaultDNSName",
                                                "type": "Expression"
                                            },
                                            "workspaceGuid": {
                                                "value": "@pipeline().parameters.workspaceGuid",
                                                "type": "Expression"
                                            },
                                            "datasetGuid": {
                                                "value": "@item()",
                                                "type": "Expression"
                                            }
                                        }
                                    }
                                }
                            ]
                        }
                    },
                    {
                        "name": "SendAlertStart",
                        "type": "WebActivity",
                        "dependsOn": [],
                        "policy": {
                            "timeout": "7.00:00:00",
                            "retry": 0,
                            "retryIntervalInSeconds": 30,
                            "secureOutput": false,
                            "secureInput": false
                        },
                        "userProperties": [],
                        "typeProperties": {
                            "url": "https://prod-94.eastus.logic.azure.com:443/workflows/316d16528e9944948d822175d3c33cb4/triggers/manual/paths/invoke?api-version=2016-10-01&sp=%2Ftriggers%2Fmanual%2Frun&sv=1.0&sig=mGaVYPGMjAh5zK5ZW5dstMQS4AaOLDd3dWmzuzLLUxo",
                            "method": "POST",
                            "headers": {
                                "Content-Type": "application/json"
                            },
                            "body": {
                                "subject": "CogRx Alerts | STARTED - PowerBI Dataset refresh",
                                "introBody": "TEST",
                                "emailAddresses": [
                                    "informaticsitcogrxdev@premierinc.com"
                                ],
                                "headerImage": "TEST"
                            }
                        }
                    },
                    {
                        "name": "SendAlertComplete",
                        "type": "WebActivity",
                        "dependsOn": [
                            {
                                "activity": "ForEach",
                                "dependencyConditions": [
                                    "Succeeded"
                                ]
                            }
                        ],
                        "policy": {
                            "timeout": "7.00:00:00",
                            "retry": 0,
                            "retryIntervalInSeconds": 30,
                            "secureOutput": false,
                            "secureInput": false
                        },
                        "userProperties": [],
                        "typeProperties": {
                            "url": "https://prod-94.eastus.logic.azure.com:443/workflows/316d16528e9944948d822175d3c33cb4/triggers/manual/paths/invoke?api-version=2016-10-01&sp=%2Ftriggers%2Fmanual%2Frun&sv=1.0&sig=mGaVYPGMjAh5zK5ZW5dstMQS4AaOLDd3dWmzuzLLUxo",
                            "method": "POST",
                            "headers": {
                                "Content-Type": "application/json"
                            },
                            "body": {
                                "subject": "CogRx Alerts | COMPLETED - PowerBI Dataset refresh",
                                "introBody": "TEST",
                                "emailAddresses": [
                                    "informaticsitcogrxdev@premierinc.com"
                                ],
                                "headerImage": "TEST"
                            }
                        }
                    }
                ],
                "policy": {
                    "elapsedTimeMetric": {},
                    "cancelAfter": {}
                },
                "parameters": {
                    "SecretName_TenantId": {
                        "type": "String",
                        "defaultValue": "SecretName-TenantId"
                    },
                    "SecretName_SPClientId": {
                        "type": "String",
                        "defaultValue": "SecretName-SPClientId"
                    },
                    "SecretName_SPSecret": {
                        "type": "String",
                        "defaultValue": "SecretName-SPSecret"
                    },
                    "KeyVaultDNSName": {
                        "type": "string",
                        "defaultValue": "https://kv-cognitiverx-prod.vault.azure.net/"
                    },
                    "workspaceGuid": {
                        "type": "string",
                        "defaultValue": "684d0fdb-3cd8-4109-80fb-e22ce69b775c"
                    },
                    "datasetGuid": {
                        "type": "array",
                        "defaultValue": [
                            "1e56ee8a-4d6d-4a7d-a8f1-5595fdbf2685",
                            "6f1de5d2-8553-42eb-8b32-bac1349edf6f",
                            "587e9216-0a97-4314-af69-dc8039e44540",
                            "ad1a0165-bcd0-4c07-b24e-fb65bb231e66",
                            "6ed00f30-dfc8-4767-9b88-92aaaf9eae50",
                            "00a21348-d6e3-45e4-b837-ad57969166bd",
                            "bfe17258-50f9-421d-badf-95f190000f96"
                        ]
                    }
                },
                "variables": {
                    "ProcessingErrors": {
                        "type": "Boolean"
                    }
                },
                "folder": {
                    "name": "50-powerbi"
                },
                "annotations": [],
                "lastPublishTime": "2021-01-26T12:00:16Z"
            },
            "dependsOn": [
                "[concat(variables('factoryId'), '/pipelines/pipeline1_copy2')]"
            ]
        },
        {
            "name": "[concat(parameters('factoryName'), '/mddb_sourceFiles_processing')]",
            "type": "Microsoft.DataFactory/factories/datasets",
            "apiVersion": "2018-06-01",
            "properties": {
                "linkedServiceName": {
                    "referenceName": "Cogrx_external_blob",
                    "type": "LinkedServiceReference"
                },
                "annotations": [],
                "type": "DelimitedText",
                "typeProperties": {
                    "location": {
                        "type": "AzureBlobStorageLocation",
                        "folderPath": "MDDBFiles",
                        "container": "wkdata"
                    },
                    "columnDelimiter": "",
                    "escapeChar": "\\",
                    "quoteChar": "\""
                },
                "schema": []
            },
            "dependsOn": [
                "[concat(variables('factoryId'), '/linkedServices/Cogrx_external_blob')]"
            ]
        },
        {
            "name": "[concat(parameters('factoryName'), '/date_evaluation')]",
            "type": "Microsoft.DataFactory/factories/pipelines",
            "apiVersion": "2018-06-01",
            "properties": {
                "activities": [
                    {
                        "name": "MaxScoredDate",
                        "type": "Script",
                        "dependsOn": [],
                        "policy": {
                            "timeout": "0.12:00:00",
                            "retry": 0,
                            "retryIntervalInSeconds": 30,
                            "secureOutput": false,
                            "secureInput": false
                        },
                        "userProperties": [],
                        "linkedServiceName": {
                            "referenceName": "ItemMaster",
                            "type": "LinkedServiceReference"
                        },
                        "typeProperties": {
                            "scripts": [
                                {
                                    "type": "Query",
                                    "text": "select format(Max(Date_Scored),'dd-MM-yyyy') as MaxDate from dbo.drug_shortage_alerts"
                                }
                            ]
                        }
                    },
                    {
                        "name": "CurrentDate",
                        "type": "SetVariable",
                        "dependsOn": [
                            {
                                "activity": "MaxScoredDate",
                                "dependencyConditions": [
                                    "Succeeded"
                                ]
                            }
                        ],
                        "userProperties": [],
                        "typeProperties": {
                            "variableName": "current_date",
                            "value": {
                                "value": "@formatDateTime(utcNow(),'dd-MM-yyyy')",
                                "type": "Expression"
                            }
                        }
                    },
                    {
                        "name": "Set variable1",
                        "type": "SetVariable",
                        "dependsOn": [
                            {
                                "activity": "MaxScoredDate",
                                "dependencyConditions": [
                                    "Succeeded"
                                ]
                            }
                        ],
                        "userProperties": [],
                        "typeProperties": {
                            "variableName": "ExtractingDate",
                            "value": {
                                "value": "@activity('MaxScoredDate').output.resultSets[0].rows[0]",
                                "type": "Expression"
                            }
                        }
                    }
                ],
                "policy": {
                    "elapsedTimeMetric": {},
                    "cancelAfter": {}
                },
                "variables": {
                    "current_date": {
                        "type": "String"
                    },
                    "ExtractingDate": {
                        "type": "String"
                    }
                },
                "annotations": [],
                "lastPublishTime": "2022-09-21T10:31:43Z"
            },
            "dependsOn": [
                "[concat(variables('factoryId'), '/linkedServices/ItemMaster')]"
            ]
        }
    ]
}