{
    "$schema": "http://schema.management.azure.com/schemas/2015-01-01/deploymentTemplate.json#",
    "contentVersion": "1.0.0.0",
    "parameters": {
        "factoryName": {
            "type": "string",
            "metadata": "Data Factory name",
            "defaultValue": "adf-ItemMasterDataSync-prod"
        }
    },
    "variables": {
        "factoryId": "[concat('Microsoft.DataFactory/factories/', parameters('factoryName'))]"
    },
    "resources": [
        {
            "name": "[concat(parameters('factoryName'), '/FdaProductExclusivity_SingleSink_DF')]",
            "type": "Microsoft.DataFactory/factories/dataflows",
            "apiVersion": "2018-06-01",
            "properties": {
                "folder": {
                    "name": "FDA"
                },
                "type": "MappingDataFlow",
                "typeProperties": {
                    "sources": [
                        {
                            "dataset": {
                                "referenceName": "FdaProductExclusivity_Source_New1",
                                "type": "DatasetReference"
                            },
                            "name": "FdaProductExclusivitySource"
                        },
                        {
                            "dataset": {
                                "referenceName": "ItemMaster_Join_Configurable",
                                "type": "DatasetReference"
                            },
                            "name": "ItemMasterSource"
                        }
                    ],
                    "sinks": [
                        {
                            "dataset": {
                                "referenceName": "FdaProductExclusivity_Target_Configurable",
                                "type": "DatasetReference"
                            },
                            "name": "sink1"
                        }
                    ],
                    "transformations": [
                        {
                            "name": "AlterRow1"
                        },
                        {
                            "name": "Join1"
                        }
                    ],
                    "script": "parameters{\n\tFullLoad as string ('false')\n}\nsource(output(\n\t\tFdaProductExclusivityUId as string,\n\t\tNDC as string,\n\t\tItemUId as string,\n\t\tApplicationNumber as string,\n\t\tProductNumber as string,\n\t\tExclusivityId as integer,\n\t\tExclusivityDate as date,\n\t\tDateAdded as timestamp,\n\t\tDateChanged as timestamp,\n\t\tStatus as string,\n\t\tDataSourceId as integer\n\t),\n\tallowSchemaDrift: true,\n\tvalidateSchema: false,\n\tisolationLevel: 'READ_UNCOMMITTED',\n\tquery: (iif(lower($FullLoad) == 'true','select * from [Sync].[vw_FdaProductExclusivity]','select * from [Sync].[vw_FdaProductExclusivity] WHERE (DateChanged > DATEADD(d, - 10, GETDATE()))')),\n\tformat: 'query') ~> FdaProductExclusivitySource\nsource(output(\n\t\tItemId as integer,\n\t\tItemTypeId as integer,\n\t\tItemCode as string,\n\t\tItemDescription as string,\n\t\tMfrId as integer,\n\t\tGtin as long,\n\t\tItemMasterItemId as integer,\n\t\tDateAdded as timestamp,\n\t\tDateChanged as timestamp,\n\t\tItemUId as string,\n\t\tDataSourceId as integer\n\t),\n\tallowSchemaDrift: true,\n\tvalidateSchema: false,\n\tisolationLevel: 'READ_UNCOMMITTED',\n\tformat: 'table') ~> ItemMasterSource\nJoin1 alterRow(upsertIf(true())) ~> AlterRow1\nFdaProductExclusivitySource, ItemMasterSource join(FdaProductExclusivitySource@ItemUId == ItemMasterSource@ItemUId,\n\tjoinType:'inner',\n\tmatchType:'exact',\n\tignoreSpaces: false,\n\tbroadcast: 'auto')~> Join1\nAlterRow1 sink(allowSchemaDrift: true,\n\tvalidateSchema: false,\n\tinput(\n\t\tFdaProductExclusivityId as integer,\n\t\tFdaProductExclusivityUId as string,\n\t\tNDC as string,\n\t\tItemId as integer,\n\t\tApplicationNumber as string,\n\t\tProductNumber as string,\n\t\tExclusivityId as integer,\n\t\tExclusivityDate as date,\n\t\tDateAdded as timestamp,\n\t\tDateChanged as timestamp,\n\t\tStatus as string,\n\t\tItemUId as string,\n\t\tDataSourceId as integer\n\t),\n\tdeletable:false,\n\tinsertable:false,\n\tupdateable:false,\n\tupsertable:true,\n\tkeys:['FdaProductExclusivityUId'],\n\tformat: 'table',\n\tskipDuplicateMapInputs: true,\n\tskipDuplicateMapOutputs: true,\n\terrorHandlingOption: 'stopOnFirstError',\n\tmapColumn(\n\t\tFdaProductExclusivityUId,\n\t\tNDC,\n\t\tItemId,\n\t\tItemUId = FdaProductExclusivitySource@ItemUId,\n\t\tApplicationNumber,\n\t\tProductNumber,\n\t\tExclusivityId,\n\t\tExclusivityDate,\n\t\tDateAdded = FdaProductExclusivitySource@DateAdded,\n\t\tDateChanged = FdaProductExclusivitySource@DateChanged,\n\t\tStatus,\n\t\tDataSourceId = FdaProductExclusivitySource@DataSourceId\n\t)) ~> sink1"
                }
            },
            "dependsOn": []
        },
        {
            "name": "[concat(parameters('factoryName'), '/ManufacturerLabeler_SingleSink_DF')]",
            "type": "Microsoft.DataFactory/factories/dataflows",
            "apiVersion": "2018-06-01",
            "properties": {
                "folder": {
                    "name": "DBO"
                },
                "type": "MappingDataFlow",
                "typeProperties": {
                    "sources": [
                        {
                            "dataset": {
                                "referenceName": "ManufacturerLabeler_Source_New1",
                                "type": "DatasetReference"
                            },
                            "name": "source1"
                        }
                    ],
                    "sinks": [
                        {
                            "dataset": {
                                "referenceName": "ManufacturerLabeler_Target_Configurable",
                                "type": "DatasetReference"
                            },
                            "name": "sink1"
                        }
                    ],
                    "transformations": [
                        {
                            "name": "AlterRow1"
                        }
                    ],
                    "script": "source(output(\n\t\tMfrLabelerId as integer,\n\t\tMfrId as integer,\n\t\tMfrName as string,\n\t\tMfrShortName as string,\n\t\tLabelerTypeId as integer,\n\t\tMedispanLabelerId as integer,\n\t\tNdcLabelerNum as string,\n\t\tDateAdded as timestamp,\n\t\tDateChanged as timestamp,\n\t\tDataSourceId as integer\n\t),\n\tallowSchemaDrift: true,\n\tvalidateSchema: false,\n\tisolationLevel: 'READ_UNCOMMITTED',\n\tformat: 'table') ~> source1\nsource1 alterRow(upsertIf(true())) ~> AlterRow1\nAlterRow1 sink(allowSchemaDrift: true,\n\tvalidateSchema: false,\n\tinput(\n\t\tMfrLabelerId as integer,\n\t\tMfrId as integer,\n\t\tMfrName as string,\n\t\tMfrShortName as string,\n\t\tLabelerTypeId as integer,\n\t\tNdcLabelerNum as string,\n\t\tItemMasterMfrId as integer,\n\t\tItemMasterMfrLabelerId as integer,\n\t\tDateAdded as timestamp,\n\t\tDateChanged as timestamp,\n\t\tDataSourceId as integer\n\t),\n\tdeletable:false,\n\tinsertable:false,\n\tupdateable:false,\n\tupsertable:true,\n\tkeys:['ItemMasterMfrLabelerId'],\n\tformat: 'table',\n\tpostSQLs:['\tupdate ml\\n\t\tset ml.MfrId = m.MfrId\\n\tfrom [dbo].[ManufacturerLabeler] ml\\n\t\tinner join [dbo].[Manufacturer] m\\n\t\t\ton ml.ItemMasterMfrId = m.ItemMasterMfrId\\n\twhere ml.MfrId is null;'],\n\tskipDuplicateMapInputs: true,\n\tskipDuplicateMapOutputs: true,\n\terrorHandlingOption: 'stopOnFirstError',\n\tmapColumn(\n\t\tMfrName,\n\t\tMfrShortName,\n\t\tItemMasterMfrLabelerId = MfrLabelerId,\n\t\tItemMasterMfrId = MfrId,\n\t\tLabelerTypeId,\n\t\tNdcLabelerNum,\n\t\tDateAdded,\n\t\tDateChanged,\n\t\tDataSourceId\n\t)) ~> sink1"
                }
            },
            "dependsOn": []
        },
        {
            "name": "[concat(parameters('factoryName'), '/PriceTypeXref_SingleSink_DF')]",
            "type": "Microsoft.DataFactory/factories/dataflows",
            "apiVersion": "2018-06-01",
            "properties": {
                "folder": {
                    "name": "WoltersKluwers"
                },
                "type": "MappingDataFlow",
                "typeProperties": {
                    "sources": [
                        {
                            "dataset": {
                                "referenceName": "PriceTypeXref_Source_New1",
                                "type": "DatasetReference"
                            },
                            "name": "source1"
                        }
                    ],
                    "sinks": [
                        {
                            "dataset": {
                                "referenceName": "PriceTypeXref_Target_Configurable",
                                "type": "DatasetReference"
                            },
                            "name": "sink1"
                        }
                    ],
                    "transformations": [
                        {
                            "name": "AlterRow1"
                        }
                    ],
                    "script": "source(output(\n\t\tWkPriceCodeId as integer,\n\t\tWkPriceCode as string,\n\t\tWkPriceDescription as string,\n\t\tPriceListTypeId as integer,\n\t\tWkSourceComment as string\n\t),\n\tallowSchemaDrift: true,\n\tvalidateSchema: false,\n\tisolationLevel: 'READ_UNCOMMITTED',\n\tformat: 'table') ~> source1\nsource1 alterRow(upsertIf(true())) ~> AlterRow1\nAlterRow1 sink(allowSchemaDrift: true,\n\tvalidateSchema: false,\n\tinput(\n\t\tWkPriceCodeId as integer,\n\t\tWkPriceCode as string,\n\t\tWkPriceDescription as string,\n\t\tPriceListTypeId as integer,\n\t\tWkSourceComment as string\n\t),\n\tdeletable:false,\n\tinsertable:false,\n\tupdateable:false,\n\tupsertable:true,\n\tkeys:['WkPriceCodeId'],\n\tformat: 'table',\n\tskipDuplicateMapInputs: true,\n\tskipDuplicateMapOutputs: true,\n\terrorHandlingOption: 'stopOnFirstError',\n\tmapColumn(\n\t\tWkPriceCodeId,\n\t\tWkPriceCode,\n\t\tWkPriceDescription,\n\t\tPriceListTypeId,\n\t\tWkSourceComment\n\t)) ~> sink1"
                }
            },
            "dependsOn": []
        },
        {
            "name": "[concat(parameters('factoryName'), '/UnspscType_SingleSink_DF')]",
            "type": "Microsoft.DataFactory/factories/dataflows",
            "apiVersion": "2018-06-01",
            "properties": {
                "folder": {
                    "name": "UNSPSC"
                },
                "type": "MappingDataFlow",
                "typeProperties": {
                    "sources": [
                        {
                            "dataset": {
                                "referenceName": "UnspscType_Source_New1",
                                "type": "DatasetReference"
                            },
                            "name": "source1"
                        }
                    ],
                    "sinks": [
                        {
                            "dataset": {
                                "referenceName": "UnspscType_Target_Configurable",
                                "type": "DatasetReference"
                            },
                            "name": "sink1"
                        }
                    ],
                    "transformations": [
                        {
                            "name": "AlterRow1"
                        }
                    ],
                    "script": "source(output(\n\t\tUnspscTypeId as integer,\n\t\tUnspscType as string,\n\t\tUnspscTypeDescription as string,\n\t\tUnspscLevel as integer\n\t),\n\tallowSchemaDrift: true,\n\tvalidateSchema: false,\n\tisolationLevel: 'READ_UNCOMMITTED',\n\tformat: 'table') ~> source1\nsource1 alterRow(upsertIf(true())) ~> AlterRow1\nAlterRow1 sink(allowSchemaDrift: true,\n\tvalidateSchema: false,\n\tinput(\n\t\tUnspscTypeId as integer,\n\t\tUnspscType as string,\n\t\tUnspscTypeDescription as string,\n\t\tUnspscLevel as integer\n\t),\n\tdeletable:false,\n\tinsertable:false,\n\tupdateable:false,\n\tupsertable:true,\n\tkeys:['UnspscTypeId'],\n\tformat: 'table',\n\tskipDuplicateMapInputs: true,\n\tskipDuplicateMapOutputs: true,\n\terrorHandlingOption: 'stopOnFirstError',\n\tmapColumn(\n\t\tUnspscTypeId,\n\t\tUnspscType,\n\t\tUnspscTypeDescription,\n\t\tUnspscLevel\n\t)) ~> sink1"
                }
            },
            "dependsOn": []
        },
        {
            "name": "[concat(parameters('factoryName'), '/PharmacyItemAhfs_SingleSink_DF')]",
            "type": "Microsoft.DataFactory/factories/dataflows",
            "apiVersion": "2018-06-01",
            "properties": {
                "folder": {
                    "name": "ItemTables"
                },
                "type": "MappingDataFlow",
                "typeProperties": {
                    "sources": [
                        {
                            "dataset": {
                                "referenceName": "PharmacyItemAhfs_Source_New1",
                                "type": "DatasetReference"
                            },
                            "name": "PharmacyItemAHFSSource"
                        },
                        {
                            "dataset": {
                                "referenceName": "ItemMaster_Join_Configurable",
                                "type": "DatasetReference"
                            },
                            "name": "ItemMasterSource"
                        }
                    ],
                    "sinks": [
                        {
                            "dataset": {
                                "referenceName": "PharmacyItemAHFS_Target_Configurable",
                                "type": "DatasetReference"
                            },
                            "name": "sink1"
                        }
                    ],
                    "transformations": [
                        {
                            "name": "Join1"
                        },
                        {
                            "name": "AlterRow1"
                        }
                    ],
                    "script": "parameters{\n\tFullLoad as string ('false')\n}\nsource(output(\n\t\tItemUId as string,\n\t\tItemId as integer,\n\t\tAhfsId as integer,\n\t\tNdc as string,\n\t\tAhfsCode as integer,\n\t\tStatus as string,\n\t\tDateAdded as timestamp,\n\t\tDateChanged as timestamp,\n\t\tDataSourceId as integer\n\t),\n\tallowSchemaDrift: true,\n\tvalidateSchema: false,\n\tisolationLevel: 'READ_UNCOMMITTED',\n\tquery: (iif(lower($FullLoad) == 'true','select * from [Sync].[vw_PharmacyItemAhfs]','select * from [Sync].[vw_PharmacyItemAhfs] WHERE (DateChanged > DATEADD(d, - 10, GETDATE()))')),\n\tformat: 'query') ~> PharmacyItemAHFSSource\nsource(output(\n\t\tItemId as integer,\n\t\tItemTypeId as integer,\n\t\tItemCode as string,\n\t\tItemDescription as string,\n\t\tMfrId as integer,\n\t\tGtin as long,\n\t\tItemMasterItemId as integer,\n\t\tDateAdded as timestamp,\n\t\tDateChanged as timestamp,\n\t\tItemUId as string,\n\t\tDataSourceId as integer\n\t),\n\tallowSchemaDrift: true,\n\tvalidateSchema: false,\n\tisolationLevel: 'READ_UNCOMMITTED',\n\tformat: 'table') ~> ItemMasterSource\nPharmacyItemAHFSSource, ItemMasterSource join(PharmacyItemAHFSSource@ItemUId == ItemMasterSource@ItemUId,\n\tjoinType:'inner',\n\tmatchType:'exact',\n\tignoreSpaces: false,\n\tbroadcast: 'auto')~> Join1\nJoin1 alterRow(upsertIf(true())) ~> AlterRow1\nAlterRow1 sink(allowSchemaDrift: true,\n\tvalidateSchema: false,\n\tinput(\n\t\tItemId as integer,\n\t\tAhfsId as integer,\n\t\tNdc as string,\n\t\tAhfsCode as integer,\n\t\tStatus as string,\n\t\tItemMasterItemId as integer,\n\t\tDateAdded as timestamp,\n\t\tDateChanged as timestamp,\n\t\tDataSourceId as integer,\n\t\tItemUId as string\n\t),\n\tdeletable:false,\n\tinsertable:false,\n\tupdateable:false,\n\tupsertable:true,\n\tkeys:['ItemMasterItemId','AhfsId'],\n\tformat: 'table',\n\tskipDuplicateMapInputs: true,\n\tskipDuplicateMapOutputs: true,\n\terrorHandlingOption: 'stopOnFirstError',\n\tmapColumn(\n\t\tItemId = ItemMasterSource@ItemId,\n\t\tAhfsId,\n\t\tNdc,\n\t\tAhfsCode,\n\t\tStatus,\n\t\tItemMasterItemId = PharmacyItemAHFSSource@ItemId,\n\t\tDateAdded = PharmacyItemAHFSSource@DateAdded,\n\t\tDateChanged = PharmacyItemAHFSSource@DateChanged,\n\t\tDataSourceId = PharmacyItemAHFSSource@DataSourceId,\n\t\tItemUId = PharmacyItemAHFSSource@ItemUId\n\t)) ~> sink1"
                }
            },
            "dependsOn": []
        },
        {
            "name": "[concat(parameters('factoryName'), '/RecallV2ApplicationNumber')]",
            "type": "Microsoft.DataFactory/factories/dataflows",
            "apiVersion": "2018-06-01",
            "properties": {
                "folder": {
                    "name": "FdaRecallV2"
                },
                "type": "MappingDataFlow",
                "typeProperties": {
                    "sources": [
                        {
                            "dataset": {
                                "referenceName": "RecallV2ApplicationNumberSource",
                                "type": "DatasetReference"
                            },
                            "name": "RecallV2ApplicationNumberSource"
                        }
                    ],
                    "sinks": [
                        {
                            "dataset": {
                                "referenceName": "RecallV2ApplicationNumberTarget",
                                "type": "DatasetReference"
                            },
                            "name": "RecallV2ApplicationNumberTarget"
                        }
                    ],
                    "transformations": [
                        {
                            "name": "AlterRow1"
                        }
                    ],
                    "script": "source(output(\n\t\tRecallApplicationNumberId as integer,\n\t\tRecallId as integer,\n\t\tRecallNumber as string,\n\t\tFdaEventId as string,\n\t\tApplicationNumber as string,\n\t\tDateAdded as timestamp,\n\t\tDateChanged as timestamp,\n\t\tPipelineRunId as string,\n\t\tImportedDate as timestamp,\n\t\tStatus as string\n\t),\n\tallowSchemaDrift: true,\n\tvalidateSchema: false,\n\tisolationLevel: 'READ_UNCOMMITTED',\n\tformat: 'table') ~> RecallV2ApplicationNumberSource\nRecallV2ApplicationNumberSource alterRow(upsertIf(true())) ~> AlterRow1\nAlterRow1 sink(allowSchemaDrift: true,\n\tvalidateSchema: false,\n\tinput(\n\t\tRecallApplicationNumberId as integer,\n\t\tRecallId as integer,\n\t\tRecallNumber as string,\n\t\tFdaEventId as string,\n\t\tApplicationNumber as string,\n\t\tDateAdded as timestamp,\n\t\tDateChanged as timestamp,\n\t\tPipelineRunId as string,\n\t\tImportedDate as timestamp,\n\t\tStatus as string\n\t),\n\tdeletable:false,\n\tinsertable:false,\n\tupdateable:false,\n\tupsertable:true,\n\tkeys:['RecallApplicationNumberId'],\n\tformat: 'table',\n\tpreSQLs:['SET IDENTITY_INSERT  [Fda].[RecallV2ApplicationNumber] ON'],\n\tskipDuplicateMapInputs: true,\n\tskipDuplicateMapOutputs: true,\n\terrorHandlingOption: 'stopOnFirstError') ~> RecallV2ApplicationNumberTarget"
                }
            },
            "dependsOn": []
        },
        {
            "name": "[concat(parameters('factoryName'), '/NationalPricePrediction_SingleSink_DataFlow')]",
            "type": "Microsoft.DataFactory/factories/dataflows",
            "apiVersion": "2018-06-01",
            "properties": {
                "description": "Copy data from ItemMaster NationalPricePrediction to App dbs\n",
                "type": "MappingDataFlow",
                "typeProperties": {
                    "sources": [
                        {
                            "dataset": {
                                "referenceName": "NationalPricePrediction_source",
                                "type": "DatasetReference"
                            },
                            "name": "source1"
                        }
                    ],
                    "sinks": [
                        {
                            "dataset": {
                                "referenceName": "NationalPricePrediction_sink",
                                "type": "DatasetReference"
                            },
                            "name": "sink1"
                        }
                    ],
                    "transformations": [],
                    "script": "source(output(\n\t\tNationalPricePredictionId as integer,\n\t\tNationalPricePredictionGuid as string,\n\t\tRecordSyncDate as timestamp,\n\t\tIsActive as boolean,\n\t\tNdc as string,\n\t\tPriceDate as date,\n\t\tRunDate as date,\n\t\tTrainDate as date,\n\t\tWacUnitPrice as decimal(13,6),\n\t\tPeriodFirstIdentified as date,\n\t\tMonth0ProbabilityOfIncrease as decimal(4,3),\n\t\tMonth0PredictedWacUnitPrice as decimal(13,6),\n\t\tMonth1ProbabilityOfIncrease as decimal(4,3),\n\t\tMonth1PredictedWacUnitPrice as decimal(13,6),\n\t\tMonth1PercentIncrease as decimal(7,4),\n\t\tMonth1Period as date,\n\t\tMonth2ProbabilityOfIncrease as decimal(4,3),\n\t\tMonth2PredictedWacUnitPrice as decimal(13,6),\n\t\tMonth2PercentIncrease as decimal(7,4),\n\t\tMonth2Period as date,\n\t\tMonth3ProbabilityOfIncrease as decimal(4,3),\n\t\tMonth3PredictedWacUnitPrice as decimal(13,6),\n\t\tMonth3PercentIncrease as decimal(7,4),\n\t\tMonth3Period as date\n\t),\n\tallowSchemaDrift: true,\n\tvalidateSchema: false,\n\tisolationLevel: 'READ_UNCOMMITTED',\n\tformat: 'table') ~> source1\nsource1 sink(allowSchemaDrift: true,\n\tvalidateSchema: false,\n\tdeletable:false,\n\tinsertable:true,\n\tupdateable:false,\n\tupsertable:false,\n\ttruncate:true,\n\tformat: 'table',\n\tskipDuplicateMapInputs: true,\n\tskipDuplicateMapOutputs: true,\n\terrorHandlingOption: 'stopOnFirstError') ~> sink1"
                }
            },
            "dependsOn": []
        },
        {
            "name": "[concat(parameters('factoryName'), '/RecallV2Route_copy1')]",
            "type": "Microsoft.DataFactory/factories/dataflows",
            "apiVersion": "2018-06-01",
            "properties": {
                "folder": {
                    "name": "FdaRecallV2/FdaRecallV2-Mem"
                },
                "type": "MappingDataFlow",
                "typeProperties": {
                    "sources": [
                        {
                            "dataset": {
                                "referenceName": "RecallV2RouteSource",
                                "type": "DatasetReference"
                            },
                            "name": "RecallV2RouteSource"
                        }
                    ],
                    "sinks": [
                        {
                            "dataset": {
                                "referenceName": "RecallV2RouteTarget_copy1",
                                "type": "DatasetReference"
                            },
                            "name": "RecallV2RouteTarget"
                        }
                    ],
                    "transformations": [
                        {
                            "name": "AlterRow1"
                        }
                    ],
                    "script": "source(output(\n\t\tRecallRouteId as integer,\n\t\tRecallId as integer,\n\t\tRecallNumber as string,\n\t\tFdaEventId as string,\n\t\tRoute as string,\n\t\tDateAdded as timestamp,\n\t\tDateChanged as timestamp,\n\t\tPipelineRunId as string,\n\t\tImportedDate as timestamp,\n\t\tStatus as string\n\t),\n\tallowSchemaDrift: true,\n\tvalidateSchema: false,\n\tisolationLevel: 'READ_UNCOMMITTED',\n\tformat: 'table') ~> RecallV2RouteSource\nRecallV2RouteSource alterRow(upsertIf(true())) ~> AlterRow1\nAlterRow1 sink(allowSchemaDrift: true,\n\tvalidateSchema: false,\n\tinput(\n\t\tRecallRouteId as integer,\n\t\tRecallId as integer,\n\t\tRecallNumber as string,\n\t\tFdaEventId as string,\n\t\tRoute as string,\n\t\tDateAdded as timestamp,\n\t\tDateChanged as timestamp,\n\t\tPipelineRunId as string,\n\t\tImportedDate as timestamp,\n\t\tStatus as string\n\t),\n\tdeletable:false,\n\tinsertable:false,\n\tupdateable:false,\n\tupsertable:true,\n\tkeys:['RecallRouteId'],\n\tformat: 'table',\n\tpreSQLs:['SET IDENTITY_INSERT  [Fda].[RecallV2Route] ON'],\n\tskipDuplicateMapInputs: true,\n\tskipDuplicateMapOutputs: true,\n\terrorHandlingOption: 'stopOnFirstError') ~> RecallV2RouteTarget"
                }
            },
            "dependsOn": []
        },
        {
            "name": "[concat(parameters('factoryName'), '/RecallV2ProductNdc_copy1')]",
            "type": "Microsoft.DataFactory/factories/dataflows",
            "apiVersion": "2018-06-01",
            "properties": {
                "folder": {
                    "name": "FdaRecallV2/FdaRecallV2-Mem"
                },
                "type": "MappingDataFlow",
                "typeProperties": {
                    "sources": [
                        {
                            "dataset": {
                                "referenceName": "RecallV2ProductNdcSource",
                                "type": "DatasetReference"
                            },
                            "name": "RecallV2ProductNdcSource"
                        }
                    ],
                    "sinks": [
                        {
                            "dataset": {
                                "referenceName": "RecallV2ProductNdcTarget_copy1",
                                "type": "DatasetReference"
                            },
                            "name": "RecallV2ProductNdcTarget"
                        }
                    ],
                    "transformations": [
                        {
                            "name": "AlterRow1"
                        }
                    ],
                    "script": "source(output(\n\t\tRecallProductNdcId as integer,\n\t\tRecallId as integer,\n\t\tRecallNumber as string,\n\t\tFdaEventId as string,\n\t\tProductNdc as string,\n\t\tDateAdded as timestamp,\n\t\tDateChanged as timestamp,\n\t\tPipelineRunId as string,\n\t\tImportedDate as timestamp,\n\t\tStatus as string\n\t),\n\tallowSchemaDrift: true,\n\tvalidateSchema: false,\n\tisolationLevel: 'READ_UNCOMMITTED',\n\tformat: 'table') ~> RecallV2ProductNdcSource\nRecallV2ProductNdcSource alterRow(upsertIf(true())) ~> AlterRow1\nAlterRow1 sink(allowSchemaDrift: true,\n\tvalidateSchema: false,\n\tinput(\n\t\tRecallProductNdcId as integer,\n\t\tRecallId as integer,\n\t\tRecallNumber as string,\n\t\tFdaEventId as string,\n\t\tProductNdc as string,\n\t\tDateAdded as timestamp,\n\t\tDateChanged as timestamp,\n\t\tPipelineRunId as string,\n\t\tImportedDate as timestamp,\n\t\tStatus as string\n\t),\n\tdeletable:false,\n\tinsertable:false,\n\tupdateable:false,\n\tupsertable:true,\n\tkeys:['RecallProductNdcId'],\n\tformat: 'table',\n\tpreSQLs:['SET IDENTITY_INSERT  [Fda].[RecallV2ProductNdc] ON'],\n\tskipDuplicateMapInputs: true,\n\tskipDuplicateMapOutputs: true,\n\terrorHandlingOption: 'stopOnFirstError') ~> RecallV2ProductNdcTarget"
                }
            },
            "dependsOn": []
        },
        {
            "name": "[concat(parameters('factoryName'), '/RecallV2OriginalPackagerProductNdc_copy1')]",
            "type": "Microsoft.DataFactory/factories/dataflows",
            "apiVersion": "2018-06-01",
            "properties": {
                "folder": {
                    "name": "FdaRecallV2/FdaRecallV2-Mem"
                },
                "type": "MappingDataFlow",
                "typeProperties": {
                    "sources": [
                        {
                            "dataset": {
                                "referenceName": "RecallV2OriginalPackagerProductNdcSource",
                                "type": "DatasetReference"
                            },
                            "name": "RecallV2OriginalPackagerProductNdcSource"
                        }
                    ],
                    "sinks": [
                        {
                            "dataset": {
                                "referenceName": "RecallV2OriginalPackagerProductNdcTarget_copy1",
                                "type": "DatasetReference"
                            },
                            "name": "RecallV2OriginalPackagerProductNdcTarget"
                        }
                    ],
                    "transformations": [
                        {
                            "name": "AlterRow1"
                        }
                    ],
                    "script": "source(output(\n\t\tRecallOriginalPackagerProductNdcId as integer,\n\t\tRecallId as integer,\n\t\tRecallNumber as string,\n\t\tFdaEventId as string,\n\t\tOriginalPackagerProductNdc as string,\n\t\tDateAdded as timestamp,\n\t\tDateChanged as timestamp,\n\t\tPipelineRunId as string,\n\t\tImportedDate as timestamp,\n\t\tStatus as string\n\t),\n\tallowSchemaDrift: true,\n\tvalidateSchema: false,\n\tisolationLevel: 'READ_UNCOMMITTED',\n\tformat: 'table') ~> RecallV2OriginalPackagerProductNdcSource\nRecallV2OriginalPackagerProductNdcSource alterRow(upsertIf(true())) ~> AlterRow1\nAlterRow1 sink(allowSchemaDrift: true,\n\tvalidateSchema: false,\n\tinput(\n\t\tRecallOriginalPackagerProductNdcId as integer,\n\t\tRecallId as integer,\n\t\tRecallNumber as string,\n\t\tFdaEventId as string,\n\t\tOriginalPackagerProductNdc as string,\n\t\tDateAdded as timestamp,\n\t\tDateChanged as timestamp,\n\t\tPipelineRunId as string,\n\t\tImportedDate as timestamp,\n\t\tStatus as string\n\t),\n\tdeletable:false,\n\tinsertable:false,\n\tupdateable:false,\n\tupsertable:true,\n\tkeys:['RecallOriginalPackagerProductNdcId'],\n\tformat: 'table',\n\tpreSQLs:['SET IDENTITY_INSERT  [Fda].[RecallV2OriginalPackagerProductNdc] ON'],\n\tskipDuplicateMapInputs: true,\n\tskipDuplicateMapOutputs: true,\n\terrorHandlingOption: 'stopOnFirstError') ~> RecallV2OriginalPackagerProductNdcTarget"
                }
            },
            "dependsOn": []
        },
        {
            "name": "[concat(parameters('factoryName'), '/RecallV2BrandName_copy1')]",
            "type": "Microsoft.DataFactory/factories/dataflows",
            "apiVersion": "2018-06-01",
            "properties": {
                "folder": {
                    "name": "FdaRecallV2/FdaRecallV2-Mem"
                },
                "type": "MappingDataFlow",
                "typeProperties": {
                    "sources": [
                        {
                            "dataset": {
                                "referenceName": "RecallV2BrandNameSource",
                                "type": "DatasetReference"
                            },
                            "name": "RecallV2BrandName"
                        }
                    ],
                    "sinks": [
                        {
                            "dataset": {
                                "referenceName": "RecallV2BrandNameTarget_copy1",
                                "type": "DatasetReference"
                            },
                            "name": "RecallV2BrandNameTarget"
                        }
                    ],
                    "transformations": [
                        {
                            "name": "AlterRow1"
                        }
                    ],
                    "script": "source(output(\n\t\tRecallBrandNameId as integer,\n\t\tRecallId as integer,\n\t\tRecallNumber as string,\n\t\tFdaEventId as string,\n\t\tBrandName as string,\n\t\tDateAdded as timestamp,\n\t\tDateChanged as timestamp,\n\t\tPipelineRunId as string,\n\t\tImportedDate as timestamp,\n\t\tStatus as string\n\t),\n\tallowSchemaDrift: true,\n\tvalidateSchema: false,\n\tisolationLevel: 'READ_UNCOMMITTED',\n\tformat: 'table') ~> RecallV2BrandName\nRecallV2BrandName alterRow(upsertIf(true())) ~> AlterRow1\nAlterRow1 sink(allowSchemaDrift: true,\n\tvalidateSchema: false,\n\tinput(\n\t\tRecallBrandNameId as integer,\n\t\tRecallId as integer,\n\t\tRecallNumber as string,\n\t\tFdaEventId as string,\n\t\tBrandName as string,\n\t\tDateAdded as timestamp,\n\t\tDateChanged as timestamp,\n\t\tPipelineRunId as string,\n\t\tImportedDate as timestamp,\n\t\tStatus as string\n\t),\n\tdeletable:false,\n\tinsertable:false,\n\tupdateable:false,\n\tupsertable:true,\n\tkeys:['RecallBrandNameId'],\n\tformat: 'table',\n\tpreSQLs:['SET IDENTITY_INSERT  [Fda].[RecallV2BrandName] ON'],\n\tskipDuplicateMapInputs: true,\n\tskipDuplicateMapOutputs: true,\n\terrorHandlingOption: 'stopOnFirstError') ~> RecallV2BrandNameTarget"
                }
            },
            "dependsOn": []
        },
        {
            "name": "[concat(parameters('factoryName'), '/RecallV2_copy1')]",
            "type": "Microsoft.DataFactory/factories/dataflows",
            "apiVersion": "2018-06-01",
            "properties": {
                "folder": {
                    "name": "FdaRecallV2/FdaRecallV2-Mem"
                },
                "type": "MappingDataFlow",
                "typeProperties": {
                    "sources": [
                        {
                            "dataset": {
                                "referenceName": "RecallV2Source",
                                "type": "DatasetReference"
                            },
                            "name": "RecallV2Source"
                        }
                    ],
                    "sinks": [
                        {
                            "dataset": {
                                "referenceName": "RecallV2Target_copy1",
                                "type": "DatasetReference"
                            },
                            "name": "RecallV2Target"
                        }
                    ],
                    "transformations": [
                        {
                            "name": "AlterRow1"
                        }
                    ],
                    "script": "source(output(\n\t\tRecallId as integer,\n\t\tRecallNumber as string,\n\t\tFdaEventId as string,\n\t\tRecallEventId as integer,\n\t\tReportDate as timestamp,\n\t\tRecallInitiationDate as timestamp,\n\t\tCenterClassificationDate as timestamp,\n\t\tTerminationDate as timestamp,\n\t\tStatus as string,\n\t\tClassification as string,\n\t\tProductCode as string,\n\t\tProductDescription as string,\n\t\tReasonForRecall as string,\n\t\tProductQuantity as string,\n\t\tCodeInfo as string,\n\t\tMoreCodeInfo as string,\n\t\tArray_ProductNdc as string,\n\t\tArray_PackageNdc as string,\n\t\tArray_GenericName as string,\n\t\tArray_SplSetId as string,\n\t\tArray_IsOriginalPackager as string,\n\t\tArray_BrandName as string,\n\t\tArray_PharmClassCs as string,\n\t\tArray_PharmClassEpc as string,\n\t\tArray_PharmClassPe as string,\n\t\tArray_PharmClassMoa as string,\n\t\tArray_Nui as string,\n\t\tArray_OriginalPackagerProductNdc as string,\n\t\tArray_ManufacturerName as string,\n\t\tArray_Rxcui as string,\n\t\tArray_Unii as string,\n\t\tArray_SplId as string,\n\t\tArray_Upc as string,\n\t\tArray_SubstanceName as string,\n\t\tArray_ProductType as string,\n\t\tArray_Route as string,\n\t\tArray_ApplicationNumber as string,\n\t\tDateAdded as timestamp,\n\t\tDateChanged as timestamp,\n\t\tPipelineRunId as string,\n\t\tImportedDate as timestamp\n\t),\n\tallowSchemaDrift: true,\n\tvalidateSchema: false,\n\tisolationLevel: 'READ_UNCOMMITTED',\n\tformat: 'table') ~> RecallV2Source\nRecallV2Source alterRow(upsertIf(true())) ~> AlterRow1\nAlterRow1 sink(allowSchemaDrift: true,\n\tvalidateSchema: false,\n\tinput(\n\t\tRecallId as integer,\n\t\tRecallNumber as string,\n\t\tFdaEventId as string,\n\t\tRecallEventId as integer,\n\t\tReportDate as timestamp,\n\t\tRecallInitiationDate as timestamp,\n\t\tCenterClassificationDate as timestamp,\n\t\tTerminationDate as timestamp,\n\t\tStatus as string,\n\t\tClassification as string,\n\t\tProductCode as string,\n\t\tProductDescription as string,\n\t\tReasonForRecall as string,\n\t\tProductQuantity as string,\n\t\tCodeInfo as string,\n\t\tMoreCodeInfo as string,\n\t\tArray_ProductNdc as string,\n\t\tArray_PackageNdc as string,\n\t\tArray_GenericName as string,\n\t\tArray_SplSetId as string,\n\t\tArray_IsOriginalPackager as string,\n\t\tArray_BrandName as string,\n\t\tArray_PharmClassCs as string,\n\t\tArray_PharmClassEpc as string,\n\t\tArray_PharmClassPe as string,\n\t\tArray_PharmClassMoa as string,\n\t\tArray_Nui as string,\n\t\tArray_OriginalPackagerProductNdc as string,\n\t\tArray_ManufacturerName as string,\n\t\tArray_Rxcui as string,\n\t\tArray_Unii as string,\n\t\tArray_SplId as string,\n\t\tArray_Upc as string,\n\t\tArray_SubstanceName as string,\n\t\tArray_ProductType as string,\n\t\tArray_Route as string,\n\t\tArray_ApplicationNumber as string,\n\t\tDateAdded as timestamp,\n\t\tDateChanged as timestamp,\n\t\tPipelineRunId as string,\n\t\tImportedDate as timestamp,\n\t\tSyncDate as timestamp\n\t),\n\tdeletable:false,\n\tinsertable:false,\n\tupdateable:false,\n\tupsertable:true,\n\tkeys:['RecallId'],\n\tformat: 'table',\n\tpreSQLs:['SET IDENTITY_INSERT  [Fda].[RecallV2] ON'],\n\tskipDuplicateMapInputs: true,\n\tskipDuplicateMapOutputs: true,\n\terrorHandlingOption: 'stopOnFirstError',\n\tmapColumn(\n\t\tRecallId,\n\t\tRecallNumber,\n\t\tFdaEventId,\n\t\tRecallEventId,\n\t\tReportDate,\n\t\tRecallInitiationDate,\n\t\tCenterClassificationDate,\n\t\tTerminationDate,\n\t\tStatus,\n\t\tClassification,\n\t\tProductCode,\n\t\tProductDescription,\n\t\tReasonForRecall,\n\t\tProductQuantity,\n\t\tCodeInfo,\n\t\tMoreCodeInfo,\n\t\tArray_ProductNdc,\n\t\tArray_PackageNdc,\n\t\tArray_GenericName,\n\t\tArray_SplSetId,\n\t\tArray_IsOriginalPackager,\n\t\tArray_BrandName,\n\t\tArray_PharmClassCs,\n\t\tArray_PharmClassEpc,\n\t\tArray_PharmClassPe,\n\t\tArray_PharmClassMoa,\n\t\tArray_Nui,\n\t\tArray_OriginalPackagerProductNdc,\n\t\tArray_ManufacturerName,\n\t\tArray_Rxcui,\n\t\tArray_Unii,\n\t\tArray_SplId,\n\t\tArray_Upc,\n\t\tArray_SubstanceName,\n\t\tArray_ProductType,\n\t\tArray_Route,\n\t\tArray_ApplicationNumber,\n\t\tDateAdded,\n\t\tDateChanged,\n\t\tPipelineRunId,\n\t\tImportedDate,\n\t\tSyncDate = DateChanged\n\t)) ~> RecallV2Target"
                }
            },
            "dependsOn": []
        },
        {
            "name": "[concat(parameters('factoryName'), '/RecallV2Ndc_copy1')]",
            "type": "Microsoft.DataFactory/factories/dataflows",
            "apiVersion": "2018-06-01",
            "properties": {
                "folder": {
                    "name": "FdaRecallV2/FdaRecallV2-Mem"
                },
                "type": "MappingDataFlow",
                "typeProperties": {
                    "sources": [
                        {
                            "dataset": {
                                "referenceName": "RecallV2NdcSource",
                                "type": "DatasetReference"
                            },
                            "name": "RecallV2NdcSource"
                        },
                        {
                            "dataset": {
                                "referenceName": "CognitiveRx_PharmacyItem_SQL_Configurable_copy1",
                                "type": "DatasetReference"
                            },
                            "name": "CogRxItems"
                        }
                    ],
                    "sinks": [
                        {
                            "dataset": {
                                "referenceName": "RecallV2NdcTarget_copy1",
                                "type": "DatasetReference"
                            },
                            "name": "RecallV2NdcTarget"
                        }
                    ],
                    "transformations": [
                        {
                            "name": "Join1"
                        },
                        {
                            "name": "AlterRow1"
                        }
                    ],
                    "script": "source(output(\n\t\tRecallNdcId as integer,\n\t\tRecallId as integer,\n\t\tRecallNumber as string,\n\t\tFdaEventId as string,\n\t\tNDC as string,\n\t\tItemId as integer,\n\t\tDateAdded as timestamp,\n\t\tDateChanged as timestamp,\n\t\tPipelineRunId as string,\n\t\tImportedDate as timestamp,\n\t\tStatus as string\n\t),\n\tallowSchemaDrift: true,\n\tvalidateSchema: false,\n\tisolationLevel: 'READ_UNCOMMITTED',\n\tformat: 'table') ~> RecallV2NdcSource\nsource(output(\n\t\tItemId as integer,\n\t\tItemDescription as string,\n\t\tItemShortDescription as string,\n\t\tGtin as long,\n\t\tNdc as string,\n\t\tNdc10 as string,\n\t\tNdc11 as string,\n\t\tNdcFormatCode as integer,\n\t\tPreviousNdc as string,\n\t\tReplacedByNdc as string,\n\t\tCasePack as string,\n\t\tPackageSize as decimal(8,3),\n\t\tPackageDescription as string,\n\t\tDrugStrength as string,\n\t\tDrugStrengthUom as string,\n\t\tIsGenericDrug as boolean,\n\t\tDrugName as string,\n\t\tIngredients as string,\n\t\tBrandNameTypeId as integer,\n\t\tUnitDoseId as integer,\n\t\tDosageFormId as integer,\n\t\tIsItemMultiSourced as boolean,\n\t\tStorageConditionId as integer,\n\t\tRxNormNumber as string,\n\t\tIsItemRepackaged as boolean,\n\t\tIsItemHazardouMaterial as boolean,\n\t\tLabelerId as integer,\n\t\tMfrId as integer,\n\t\tDeaClassId as integer,\n\t\tOrangeBookId as integer,\n\t\tPackageSizeUomId as integer,\n\t\tUnitOfMeasureId as integer,\n\t\tPurpleBookId as integer,\n\t\tGPI as string,\n\t\tTypeOfBrandDesciption as string,\n\t\tItemMasterItemId as integer,\n\t\tDrugDescriptorId as integer,\n\t\tBioEquivalenceId as integer,\n\t\tDateAdded as timestamp,\n\t\tDateChanged as timestamp,\n\t\tDataSourceId as integer,\n\t\tManufacturer as string,\n\t\tEqKey as string,\n\t\tPricingKey as string,\n\t\tPharmaceuticalEqKey as string,\n\t\tBioEqKey as string,\n\t\tTherapeuticEqKey as string,\n\t\tDirectEqKey as string,\n\t\tItemUId as string\n\t),\n\tallowSchemaDrift: true,\n\tvalidateSchema: false,\n\tisolationLevel: 'READ_UNCOMMITTED',\n\tformat: 'table') ~> CogRxItems\nRecallV2NdcSource, CogRxItems join(RecallV2NdcSource@NDC == CogRxItems@Ndc,\n\tjoinType:'left',\n\tmatchType:'exact',\n\tignoreSpaces: false,\n\tbroadcast: 'auto')~> Join1\nJoin1 alterRow(upsertIf(true())) ~> AlterRow1\nAlterRow1 sink(allowSchemaDrift: true,\n\tvalidateSchema: false,\n\tinput(\n\t\tRecallNdcId as integer,\n\t\tRecallId as integer,\n\t\tRecallNumber as string,\n\t\tFdaEventId as string,\n\t\tNDC as string,\n\t\tItemId as integer,\n\t\tDateAdded as timestamp,\n\t\tDateChanged as timestamp,\n\t\tPipelineRunId as string,\n\t\tImportedDate as timestamp,\n\t\tStatus as string\n\t),\n\tdeletable:false,\n\tinsertable:false,\n\tupdateable:false,\n\tupsertable:true,\n\tkeys:['RecallNdcId'],\n\tformat: 'table',\n\tpreSQLs:['SET IDENTITY_INSERT  [Fda].[RecallV2Ndc] ON'],\n\tskipDuplicateMapInputs: true,\n\tskipDuplicateMapOutputs: true,\n\terrorHandlingOption: 'stopOnFirstError',\n\tmapColumn(\n\t\tRecallNdcId,\n\t\tRecallId,\n\t\tRecallNumber,\n\t\tFdaEventId,\n\t\tNDC = RecallV2NdcSource@NDC,\n\t\tItemId = CogRxItems@ItemId,\n\t\tDateAdded = RecallV2NdcSource@DateAdded,\n\t\tDateChanged = RecallV2NdcSource@DateChanged,\n\t\tPipelineRunId,\n\t\tImportedDate,\n\t\tStatus\n\t)) ~> RecallV2NdcTarget"
                }
            },
            "dependsOn": []
        },
        {
            "name": "[concat(parameters('factoryName'), '/RecallV2ManufacturerName_copy1')]",
            "type": "Microsoft.DataFactory/factories/dataflows",
            "apiVersion": "2018-06-01",
            "properties": {
                "folder": {
                    "name": "FdaRecallV2/FdaRecallV2-Mem"
                },
                "type": "MappingDataFlow",
                "typeProperties": {
                    "sources": [
                        {
                            "dataset": {
                                "referenceName": "RecallV2ManufacturerNameSource",
                                "type": "DatasetReference"
                            },
                            "name": "RecallV2ManufacturerNameSource"
                        }
                    ],
                    "sinks": [
                        {
                            "dataset": {
                                "referenceName": "RecallV2ManufacturerNameTarget_copy1",
                                "type": "DatasetReference"
                            },
                            "name": "RecallV2ManufacturerNameTarget"
                        }
                    ],
                    "transformations": [
                        {
                            "name": "AlterRow1"
                        }
                    ],
                    "script": "source(output(\n\t\tRecallManufacturerNameId as integer,\n\t\tRecallId as integer,\n\t\tRecallNumber as string,\n\t\tFdaEventId as string,\n\t\tManufacturerName as string,\n\t\tDateAdded as timestamp,\n\t\tDateChanged as timestamp,\n\t\tPipelineRunId as string,\n\t\tImportedDate as timestamp,\n\t\tStatus as string\n\t),\n\tallowSchemaDrift: true,\n\tvalidateSchema: false,\n\tisolationLevel: 'READ_UNCOMMITTED',\n\tformat: 'table') ~> RecallV2ManufacturerNameSource\nRecallV2ManufacturerNameSource alterRow(upsertIf(true())) ~> AlterRow1\nAlterRow1 sink(allowSchemaDrift: true,\n\tvalidateSchema: false,\n\tinput(\n\t\tRecallManufacturerNameId as integer,\n\t\tRecallId as integer,\n\t\tRecallNumber as string,\n\t\tFdaEventId as string,\n\t\tManufacturerName as string,\n\t\tDateAdded as timestamp,\n\t\tDateChanged as timestamp,\n\t\tPipelineRunId as string,\n\t\tImportedDate as timestamp,\n\t\tStatus as string\n\t),\n\tdeletable:false,\n\tinsertable:false,\n\tupdateable:false,\n\tupsertable:true,\n\tkeys:['RecallManufacturerNameId'],\n\tformat: 'table',\n\tpreSQLs:['SET IDENTITY_INSERT  [Fda].[RecallV2ManufacturerName] ON'],\n\tskipDuplicateMapInputs: true,\n\tskipDuplicateMapOutputs: true,\n\terrorHandlingOption: 'stopOnFirstError') ~> RecallV2ManufacturerNameTarget"
                }
            },
            "dependsOn": []
        },
        {
            "name": "[concat(parameters('factoryName'), '/RecallV2SubstanceName_copy1')]",
            "type": "Microsoft.DataFactory/factories/dataflows",
            "apiVersion": "2018-06-01",
            "properties": {
                "folder": {
                    "name": "FdaRecallV2/FdaRecallV2-Mem"
                },
                "type": "MappingDataFlow",
                "typeProperties": {
                    "sources": [
                        {
                            "dataset": {
                                "referenceName": "RecallV2SubstanceNameSource",
                                "type": "DatasetReference"
                            },
                            "name": "RecallV2SubstanceNameSource"
                        }
                    ],
                    "sinks": [
                        {
                            "dataset": {
                                "referenceName": "RecallV2SubstanceNameTarget_copy1",
                                "type": "DatasetReference"
                            },
                            "name": "RecallV2SubstanceNameTarget"
                        }
                    ],
                    "transformations": [
                        {
                            "name": "AlterRow1"
                        }
                    ],
                    "script": "source(output(\n\t\tRecallSubstanceNameId as integer,\n\t\tRecallId as integer,\n\t\tRecallNumber as string,\n\t\tFdaEventId as string,\n\t\tSubstanceName as string,\n\t\tDateAdded as timestamp,\n\t\tDateChanged as timestamp,\n\t\tPipelineRunId as string,\n\t\tImportedDate as timestamp,\n\t\tStatus as string\n\t),\n\tallowSchemaDrift: true,\n\tvalidateSchema: false,\n\tisolationLevel: 'READ_UNCOMMITTED',\n\tformat: 'table') ~> RecallV2SubstanceNameSource\nRecallV2SubstanceNameSource alterRow(upsertIf(true())) ~> AlterRow1\nAlterRow1 sink(allowSchemaDrift: true,\n\tvalidateSchema: false,\n\tinput(\n\t\tRecallSubstanceNameId as integer,\n\t\tRecallId as integer,\n\t\tRecallNumber as string,\n\t\tFdaEventId as string,\n\t\tSubstanceName as string,\n\t\tDateAdded as timestamp,\n\t\tDateChanged as timestamp,\n\t\tPipelineRunId as string,\n\t\tImportedDate as timestamp,\n\t\tStatus as string\n\t),\n\tdeletable:false,\n\tinsertable:false,\n\tupdateable:false,\n\tupsertable:true,\n\tkeys:['RecallSubstanceNameId'],\n\tformat: 'table',\n\tpreSQLs:['SET IDENTITY_INSERT  [Fda].[RecallV2SubstanceName] ON'],\n\tskipDuplicateMapInputs: true,\n\tskipDuplicateMapOutputs: true,\n\terrorHandlingOption: 'stopOnFirstError') ~> RecallV2SubstanceNameTarget"
                }
            },
            "dependsOn": []
        },
        {
            "name": "[concat(parameters('factoryName'), '/RecallV2ApplicationNumber_copy1')]",
            "type": "Microsoft.DataFactory/factories/dataflows",
            "apiVersion": "2018-06-01",
            "properties": {
                "folder": {
                    "name": "FdaRecallV2/FdaRecallV2-Mem"
                },
                "type": "MappingDataFlow",
                "typeProperties": {
                    "sources": [
                        {
                            "dataset": {
                                "referenceName": "RecallV2ApplicationNumberSource",
                                "type": "DatasetReference"
                            },
                            "name": "RecallV2ApplicationNumberSource"
                        }
                    ],
                    "sinks": [
                        {
                            "dataset": {
                                "referenceName": "RecallV2ApplicationNumberTarget_copy1",
                                "type": "DatasetReference"
                            },
                            "name": "RecallV2ApplicationNumberTarget"
                        }
                    ],
                    "transformations": [
                        {
                            "name": "AlterRow1"
                        }
                    ],
                    "script": "source(output(\n\t\tRecallApplicationNumberId as integer,\n\t\tRecallId as integer,\n\t\tRecallNumber as string,\n\t\tFdaEventId as string,\n\t\tApplicationNumber as string,\n\t\tDateAdded as timestamp,\n\t\tDateChanged as timestamp,\n\t\tPipelineRunId as string,\n\t\tImportedDate as timestamp,\n\t\tStatus as string\n\t),\n\tallowSchemaDrift: true,\n\tvalidateSchema: false,\n\tisolationLevel: 'READ_UNCOMMITTED',\n\tformat: 'table') ~> RecallV2ApplicationNumberSource\nRecallV2ApplicationNumberSource alterRow(upsertIf(true())) ~> AlterRow1\nAlterRow1 sink(allowSchemaDrift: true,\n\tvalidateSchema: false,\n\tinput(\n\t\tRecallApplicationNumberId as integer,\n\t\tRecallId as integer,\n\t\tRecallNumber as string,\n\t\tFdaEventId as string,\n\t\tApplicationNumber as string,\n\t\tDateAdded as timestamp,\n\t\tDateChanged as timestamp,\n\t\tPipelineRunId as string,\n\t\tImportedDate as timestamp,\n\t\tStatus as string\n\t),\n\tdeletable:false,\n\tinsertable:false,\n\tupdateable:false,\n\tupsertable:true,\n\tkeys:['RecallApplicationNumberId'],\n\tformat: 'table',\n\tpreSQLs:['SET IDENTITY_INSERT  [Fda].[RecallV2ApplicationNumber] ON'],\n\tskipDuplicateMapInputs: true,\n\tskipDuplicateMapOutputs: true,\n\terrorHandlingOption: 'stopOnFirstError') ~> RecallV2ApplicationNumberTarget"
                }
            },
            "dependsOn": []
        },
        {
            "name": "[concat(parameters('factoryName'), '/RecallV2IsOriginalPackager_copy1')]",
            "type": "Microsoft.DataFactory/factories/dataflows",
            "apiVersion": "2018-06-01",
            "properties": {
                "folder": {
                    "name": "FdaRecallV2/FdaRecallV2-Mem"
                },
                "type": "MappingDataFlow",
                "typeProperties": {
                    "sources": [
                        {
                            "dataset": {
                                "referenceName": "RecallV2IsOriginalPackagerSource",
                                "type": "DatasetReference"
                            },
                            "name": "RecallV2IsOriginalPackagerSource"
                        }
                    ],
                    "sinks": [
                        {
                            "dataset": {
                                "referenceName": "RecallV2IsOriginalPackagerTarget_copy1",
                                "type": "DatasetReference"
                            },
                            "name": "RecallV2IsOriginalPackagerTarget"
                        }
                    ],
                    "transformations": [
                        {
                            "name": "AlterRow1"
                        }
                    ],
                    "script": "source(output(\n\t\tRecallIsOriginalPackagerId as integer,\n\t\tRecallId as integer,\n\t\tRecallNumber as string,\n\t\tFdaEventId as string,\n\t\tIsOriginalPackager as string,\n\t\tDateAdded as timestamp,\n\t\tDateChanged as timestamp,\n\t\tPipelineRunId as string,\n\t\tImportedDate as timestamp,\n\t\tStatus as string\n\t),\n\tallowSchemaDrift: true,\n\tvalidateSchema: false,\n\tisolationLevel: 'READ_UNCOMMITTED',\n\tformat: 'table') ~> RecallV2IsOriginalPackagerSource\nRecallV2IsOriginalPackagerSource alterRow(upsertIf(true())) ~> AlterRow1\nAlterRow1 sink(allowSchemaDrift: true,\n\tvalidateSchema: false,\n\tinput(\n\t\tRecallIsOriginalPackagerId as integer,\n\t\tRecallId as integer,\n\t\tRecallNumber as string,\n\t\tFdaEventId as string,\n\t\tIsOriginalPackager as string,\n\t\tDateAdded as timestamp,\n\t\tDateChanged as timestamp,\n\t\tPipelineRunId as string,\n\t\tImportedDate as timestamp,\n\t\tStatus as string\n\t),\n\tdeletable:false,\n\tinsertable:false,\n\tupdateable:false,\n\tupsertable:true,\n\tkeys:['RecallIsOriginalPackagerId'],\n\tformat: 'table',\n\tpreSQLs:['SET IDENTITY_INSERT  [Fda].[RecallV2IsOriginalPackager] ON'],\n\tskipDuplicateMapInputs: true,\n\tskipDuplicateMapOutputs: true,\n\terrorHandlingOption: 'stopOnFirstError') ~> RecallV2IsOriginalPackagerTarget"
                }
            },
            "dependsOn": []
        },
        {
            "name": "[concat(parameters('factoryName'), '/RecallV2GenericName_copy1')]",
            "type": "Microsoft.DataFactory/factories/dataflows",
            "apiVersion": "2018-06-01",
            "properties": {
                "folder": {
                    "name": "FdaRecallV2/FdaRecallV2-Mem"
                },
                "type": "MappingDataFlow",
                "typeProperties": {
                    "sources": [
                        {
                            "dataset": {
                                "referenceName": "RecallV2GenericNameSource",
                                "type": "DatasetReference"
                            },
                            "name": "RecallV2GenericNameSource"
                        }
                    ],
                    "sinks": [
                        {
                            "dataset": {
                                "referenceName": "RecallV2GenericNameTarget_copy1",
                                "type": "DatasetReference"
                            },
                            "name": "RecallV2GenericNameTarget"
                        }
                    ],
                    "transformations": [
                        {
                            "name": "AlterRow1"
                        }
                    ],
                    "script": "source(output(\n\t\tRecallGenericNameId as integer,\n\t\tRecallId as integer,\n\t\tRecallNumber as string,\n\t\tFdaEventId as string,\n\t\tGenericName as string,\n\t\tDateAdded as timestamp,\n\t\tDateChanged as timestamp,\n\t\tPipelineRunId as string,\n\t\tImportedDate as timestamp,\n\t\tStatus as string\n\t),\n\tallowSchemaDrift: true,\n\tvalidateSchema: false,\n\tisolationLevel: 'READ_UNCOMMITTED',\n\tformat: 'table') ~> RecallV2GenericNameSource\nRecallV2GenericNameSource alterRow(upsertIf(true())) ~> AlterRow1\nAlterRow1 sink(allowSchemaDrift: true,\n\tvalidateSchema: false,\n\tinput(\n\t\tRecallGenericNameId as integer,\n\t\tRecallId as integer,\n\t\tRecallNumber as string,\n\t\tFdaEventId as string,\n\t\tGenericName as string,\n\t\tDateAdded as timestamp,\n\t\tDateChanged as timestamp,\n\t\tPipelineRunId as string,\n\t\tImportedDate as timestamp,\n\t\tStatus as string\n\t),\n\tdeletable:false,\n\tinsertable:false,\n\tupdateable:false,\n\tupsertable:true,\n\tkeys:['RecallGenericNameId'],\n\tformat: 'table',\n\tpreSQLs:['SET IDENTITY_INSERT  [Fda].[RecallV2GenericName] ON'],\n\tskipDuplicateMapInputs: true,\n\tskipDuplicateMapOutputs: true,\n\terrorHandlingOption: 'stopOnFirstError') ~> RecallV2GenericNameTarget"
                }
            },
            "dependsOn": []
        },
        {
            "name": "[concat(parameters('factoryName'), '/RecallV2Event_copy1')]",
            "type": "Microsoft.DataFactory/factories/dataflows",
            "apiVersion": "2018-06-01",
            "properties": {
                "folder": {
                    "name": "FdaRecallV2/FdaRecallV2-Mem"
                },
                "type": "MappingDataFlow",
                "typeProperties": {
                    "sources": [
                        {
                            "dataset": {
                                "referenceName": "RecallV2EventSource",
                                "type": "DatasetReference"
                            },
                            "name": "RecallV2EventSource"
                        }
                    ],
                    "sinks": [
                        {
                            "dataset": {
                                "referenceName": "RecallV2EventTarget_copy1",
                                "type": "DatasetReference"
                            },
                            "name": "RecallV2EventTarget"
                        }
                    ],
                    "transformations": [
                        {
                            "name": "AlterRow1"
                        }
                    ],
                    "script": "source(output(\n\t\tRecallEventId as integer,\n\t\tFdaEventId as string,\n\t\tReportDate as timestamp,\n\t\tRecallInitiationDate as timestamp,\n\t\tCenterClassificationDate as timestamp,\n\t\tTerminationDate as timestamp,\n\t\tStatus as string,\n\t\tProductType as string,\n\t\tVoluntaryMandated as string,\n\t\tRecallingFirm as string,\n\t\tInitialFirmNotification as string,\n\t\tAddress1 as string,\n\t\tAddress2 as string,\n\t\tCity as string,\n\t\tState as string,\n\t\tPostalCode as string,\n\t\tCountry as string,\n\t\tDistributionPattern as string,\n\t\tRecallEventUid as string,\n\t\tDateAdded as timestamp,\n\t\tDateChanged as timestamp,\n\t\tPipelineRunId as string,\n\t\tImportedDate as timestamp\n\t),\n\tallowSchemaDrift: true,\n\tvalidateSchema: false,\n\tisolationLevel: 'READ_UNCOMMITTED',\n\tformat: 'table') ~> RecallV2EventSource\nRecallV2EventSource alterRow(upsertIf(true())) ~> AlterRow1\nAlterRow1 sink(allowSchemaDrift: true,\n\tvalidateSchema: false,\n\tinput(\n\t\tRecallEventId as integer,\n\t\tFdaEventId as string,\n\t\tReportDate as timestamp,\n\t\tRecallInitiationDate as timestamp,\n\t\tCenterClassificationDate as timestamp,\n\t\tTerminationDate as timestamp,\n\t\tStatus as string,\n\t\tProductType as string,\n\t\tVoluntaryMandated as string,\n\t\tRecallingFirm as string,\n\t\tInitialFirmNotification as string,\n\t\tAddress1 as string,\n\t\tAddress2 as string,\n\t\tCity as string,\n\t\tState as string,\n\t\tPostalCode as string,\n\t\tCountry as string,\n\t\tDistributionPattern as string,\n\t\tRecallEventUid as string,\n\t\tDateAdded as timestamp,\n\t\tDateChanged as timestamp,\n\t\tPipelineRunId as string,\n\t\tImportedDate as timestamp\n\t),\n\tdeletable:false,\n\tinsertable:false,\n\tupdateable:false,\n\tupsertable:true,\n\tkeys:['RecallEventId'],\n\tformat: 'table',\n\tpreSQLs:['SET IDENTITY_INSERT  [Fda].[RecallV2Event] ON'],\n\tskipDuplicateMapInputs: true,\n\tskipDuplicateMapOutputs: true,\n\terrorHandlingOption: 'stopOnFirstError') ~> RecallV2EventTarget"
                }
            },
            "dependsOn": []
        },
        {
            "name": "[concat(parameters('factoryName'), '/RecallV2UPC_copy1')]",
            "type": "Microsoft.DataFactory/factories/dataflows",
            "apiVersion": "2018-06-01",
            "properties": {
                "folder": {
                    "name": "FdaRecallV2/FdaRecallV2-Mem"
                },
                "type": "MappingDataFlow",
                "typeProperties": {
                    "sources": [
                        {
                            "dataset": {
                                "referenceName": "RecallV2UPCSource",
                                "type": "DatasetReference"
                            },
                            "name": "RecallV2UPCSource"
                        }
                    ],
                    "sinks": [
                        {
                            "dataset": {
                                "referenceName": "RecallV2UPCTarget_copy1",
                                "type": "DatasetReference"
                            },
                            "name": "RecallV2UPCTarget"
                        }
                    ],
                    "transformations": [
                        {
                            "name": "AlterRow1"
                        }
                    ],
                    "script": "source(output(\n\t\tRecallUpcId as integer,\n\t\tRecallId as integer,\n\t\tRecallNumber as string,\n\t\tFdaEventId as string,\n\t\tUPC as string,\n\t\tDateAdded as timestamp,\n\t\tDateChanged as timestamp,\n\t\tPipelineRunId as string,\n\t\tImportedDate as timestamp,\n\t\tStatus as string\n\t),\n\tallowSchemaDrift: true,\n\tvalidateSchema: false,\n\tisolationLevel: 'READ_UNCOMMITTED',\n\tformat: 'table') ~> RecallV2UPCSource\nRecallV2UPCSource alterRow(upsertIf(true())) ~> AlterRow1\nAlterRow1 sink(allowSchemaDrift: true,\n\tvalidateSchema: false,\n\tinput(\n\t\tRecallUpcId as integer,\n\t\tRecallId as integer,\n\t\tRecallNumber as string,\n\t\tFdaEventId as string,\n\t\tUPC as string,\n\t\tDateAdded as timestamp,\n\t\tDateChanged as timestamp,\n\t\tPipelineRunId as string,\n\t\tImportedDate as timestamp,\n\t\tStatus as string\n\t),\n\tdeletable:false,\n\tinsertable:false,\n\tupdateable:false,\n\tupsertable:true,\n\tkeys:['RecallUpcId'],\n\tformat: 'table',\n\tpreSQLs:['SET IDENTITY_INSERT  [Fda].[RecallV2UPC] ON'],\n\tskipDuplicateMapInputs: true,\n\tskipDuplicateMapOutputs: true,\n\terrorHandlingOption: 'stopOnFirstError') ~> RecallV2UPCTarget"
                }
            },
            "dependsOn": []
        }
    ]
}