{
    "$schema": "http://schema.management.azure.com/schemas/2015-01-01/deploymentTemplate.json#",
    "contentVersion": "1.0.0.0",
    "parameters": {
        "factoryName": {
            "type": "string",
            "metadata": "Data Factory name",
            "defaultValue": "adf-ItemMasterDataSync-prod"
        }
    },
    "variables": {
        "factoryId": "[concat('Microsoft.DataFactory/factories/', parameters('factoryName'))]"
    },
    "resources": [
        {
            "name": "[concat(parameters('factoryName'), '/NdcFormatCodes_Source_New1')]",
            "type": "Microsoft.DataFactory/factories/datasets",
            "apiVersion": "2018-06-01",
            "properties": {
                "linkedServiceName": {
                    "referenceName": "ItemMaster",
                    "type": "LinkedServiceReference"
                },
                "folder": {
                    "name": "NdcFormatCodes"
                },
                "annotations": [],
                "type": "AzureSqlTable",
                "schema": [
                    {
                        "name": "IdNumberFormatId",
                        "type": "int",
                        "precision": 10
                    },
                    {
                        "name": "RepresentsFormat",
                        "type": "varchar"
                    },
                    {
                        "name": "IdType",
                        "type": "varchar"
                    },
                    {
                        "name": "NdcFormat",
                        "type": "varchar"
                    },
                    {
                        "name": "ToNdcStandard11",
                        "type": "varchar"
                    },
                    {
                        "name": "ToNdc11",
                        "type": "varchar"
                    }
                ],
                "typeProperties": {
                    "tableName": "[[WoltersKluwer].[NdcFormatCodes]"
                }
            },
            "dependsOn": []
        },
        {
            "name": "[concat(parameters('factoryName'), '/AhfsMaster_Source_New1')]",
            "type": "Microsoft.DataFactory/factories/datasets",
            "apiVersion": "2018-06-01",
            "properties": {
                "linkedServiceName": {
                    "referenceName": "ItemMaster",
                    "type": "LinkedServiceReference"
                },
                "folder": {
                    "name": "AHFSMaster"
                },
                "annotations": [],
                "type": "AzureSqlTable",
                "schema": [
                    {
                        "name": "AhfsId",
                        "type": "int",
                        "precision": 10
                    },
                    {
                        "name": "AhfsCode",
                        "type": "float",
                        "precision": 15
                    },
                    {
                        "name": "TherapeuticClassDescription",
                        "type": "varchar"
                    },
                    {
                        "name": "FdbAhfs8",
                        "type": "float",
                        "precision": 15
                    },
                    {
                        "name": "Status",
                        "type": "char"
                    },
                    {
                        "name": "DateAdded",
                        "type": "datetime",
                        "precision": 23,
                        "scale": 3
                    },
                    {
                        "name": "DateChanged",
                        "type": "datetime",
                        "precision": 23,
                        "scale": 3
                    },
                    {
                        "name": "DataSourceId",
                        "type": "int",
                        "precision": 10
                    }
                ],
                "typeProperties": {
                    "tableName": "[[dbo].[AHFS]"
                }
            },
            "dependsOn": []
        },
        {
            "name": "[concat(parameters('factoryName'), '/DataFeedType_Target_Configurable')]",
            "type": "Microsoft.DataFactory/factories/datasets",
            "apiVersion": "2018-06-01",
            "properties": {
                "linkedServiceName": {
                    "referenceName": "CognitiveRx_Configurable",
                    "type": "LinkedServiceReference",
                    "parameters": {
                        "KeyVaultSecret": "@dataset().SecretName"
                    }
                },
                "parameters": {
                    "SecretName": {
                        "type": "string"
                    }
                },
                "annotations": [],
                "type": "AzureSqlTable",
                "schema": [
                    {
                        "name": "DataFeedTypeId",
                        "type": "int",
                        "precision": 10
                    },
                    {
                        "name": "DataFeedTypeCode",
                        "type": "varchar"
                    },
                    {
                        "name": "Name",
                        "type": "varchar"
                    },
                    {
                        "name": "DataFeedTypeUId",
                        "type": "uniqueidentifier"
                    }
                ],
                "typeProperties": {
                    "schema": "dbo",
                    "table": "DataFeedType"
                }
            },
            "dependsOn": []
        },
        {
            "name": "[concat(parameters('factoryName'), '/NationalNdcPricePrediction_Target_Configurable')]",
            "type": "Microsoft.DataFactory/factories/datasets",
            "apiVersion": "2018-06-01",
            "properties": {
                "linkedServiceName": {
                    "referenceName": "CognitiveRx_Configurable",
                    "type": "LinkedServiceReference",
                    "parameters": {
                        "KeyVaultSecret": "@dataset().SecretName"
                    }
                },
                "parameters": {
                    "SecretName": {
                        "type": "string"
                    }
                },
                "annotations": [],
                "type": "AzureSqlTable",
                "schema": [
                    {
                        "name": "NationalNdcPricePredictionID",
                        "type": "int",
                        "precision": 10
                    },
                    {
                        "name": "PredictionUId",
                        "type": "uniqueidentifier"
                    },
                    {
                        "name": "NDC",
                        "type": "char"
                    },
                    {
                        "name": "ItemId",
                        "type": "int",
                        "precision": 10
                    },
                    {
                        "name": "PredictedPriceDate",
                        "type": "date"
                    },
                    {
                        "name": "RaiseAlert",
                        "type": "char"
                    },
                    {
                        "name": "AlertProbability",
                        "type": "float",
                        "precision": 15
                    },
                    {
                        "name": "Month1AlertProbability",
                        "type": "float",
                        "precision": 15
                    },
                    {
                        "name": "Month2AlertProbability",
                        "type": "float",
                        "precision": 15
                    },
                    {
                        "name": "Month3AlertProbability",
                        "type": "float",
                        "precision": 15
                    },
                    {
                        "name": "Month4AlertProbability",
                        "type": "float",
                        "precision": 15
                    },
                    {
                        "name": "DateOfPrediction",
                        "type": "date"
                    },
                    {
                        "name": "CurrentWAC",
                        "type": "float",
                        "precision": 15
                    },
                    {
                        "name": "PredictedWAC",
                        "type": "float",
                        "precision": 15
                    },
                    {
                        "name": "PredictedPercentIncrease",
                        "type": "float",
                        "precision": 15
                    },
                    {
                        "name": "meanPerc",
                        "type": "decimal",
                        "precision": 22,
                        "scale": 22
                    },
                    {
                        "name": "highPerc",
                        "type": "decimal",
                        "precision": 18,
                        "scale": 18
                    },
                    {
                        "name": "lowPerc",
                        "type": "decimal",
                        "precision": 18,
                        "scale": 18
                    },
                    {
                        "name": "num_changes",
                        "type": "bigint",
                        "precision": 19
                    },
                    {
                        "name": "DateLoaded",
                        "type": "datetime",
                        "precision": 23,
                        "scale": 3
                    }
                ],
                "typeProperties": {
                    "schema": "Predictive",
                    "table": "NationalNdcPricePrediction"
                }
            },
            "dependsOn": []
        },
        {
            "name": "[concat(parameters('factoryName'), '/PharmacyItemAhfs_Source_New1')]",
            "type": "Microsoft.DataFactory/factories/datasets",
            "apiVersion": "2018-06-01",
            "properties": {
                "linkedServiceName": {
                    "referenceName": "ItemMaster",
                    "type": "LinkedServiceReference"
                },
                "annotations": [],
                "type": "AzureSqlTable",
                "schema": [
                    {
                        "name": "ItemUId",
                        "type": "uniqueidentifier"
                    },
                    {
                        "name": "ItemId",
                        "type": "int",
                        "precision": 10
                    },
                    {
                        "name": "AhfsId",
                        "type": "int",
                        "precision": 10
                    },
                    {
                        "name": "Ndc",
                        "type": "varchar"
                    },
                    {
                        "name": "AhfsCode",
                        "type": "int",
                        "precision": 10
                    },
                    {
                        "name": "Status",
                        "type": "char"
                    },
                    {
                        "name": "DateAdded",
                        "type": "datetime",
                        "precision": 23,
                        "scale": 3
                    },
                    {
                        "name": "DateChanged",
                        "type": "datetime",
                        "precision": 23,
                        "scale": 3
                    },
                    {
                        "name": "DataSourceId",
                        "type": "int",
                        "precision": 10
                    }
                ],
                "typeProperties": {
                    "tableName": "[[Sync].[vw_PharmacyItemAhfs]"
                }
            },
            "dependsOn": []
        },
        {
            "name": "[concat(parameters('factoryName'), '/FdaExclusivityCodes_Source_New1')]",
            "type": "Microsoft.DataFactory/factories/datasets",
            "apiVersion": "2018-06-01",
            "properties": {
                "linkedServiceName": {
                    "referenceName": "ItemMaster",
                    "type": "LinkedServiceReference"
                },
                "annotations": [],
                "type": "AzureSqlTable",
                "schema": [
                    {
                        "name": "ExclusivityId",
                        "type": "int",
                        "precision": 10
                    },
                    {
                        "name": "ExclusivityCode",
                        "type": "varchar"
                    },
                    {
                        "name": "ExclusivityDefinition",
                        "type": "varchar"
                    }
                ],
                "typeProperties": {
                    "tableName": "[[Fda].[FdaExclusivityCodes]"
                }
            },
            "dependsOn": []
        },
        {
            "name": "[concat(parameters('factoryName'), '/GPIRecordTypeCode_Target_Configurable')]",
            "type": "Microsoft.DataFactory/factories/datasets",
            "apiVersion": "2018-06-01",
            "properties": {
                "linkedServiceName": {
                    "referenceName": "CognitiveRx_Configurable",
                    "type": "LinkedServiceReference",
                    "parameters": {
                        "KeyVaultSecret": "@dataset().SecretName"
                    }
                },
                "parameters": {
                    "SecretName": {
                        "type": "string"
                    }
                },
                "annotations": [],
                "type": "AzureSqlTable",
                "schema": [
                    {
                        "name": "GPIRecordTypeId",
                        "type": "int",
                        "precision": 10
                    },
                    {
                        "name": "GPIRecordTypeDescription",
                        "type": "varchar"
                    },
                    {
                        "name": "GPIRecordTypeLevelCode",
                        "type": "char"
                    },
                    {
                        "name": "GPIRecordTypeLevelKey",
                        "type": "varchar"
                    }
                ],
                "typeProperties": {
                    "schema": "ItemMaster",
                    "table": "GPIRecordTypeCode"
                }
            },
            "dependsOn": []
        },
        {
            "name": "[concat(parameters('factoryName'), '/AspPriceAndLimits_Source_New1')]",
            "type": "Microsoft.DataFactory/factories/datasets",
            "apiVersion": "2018-06-01",
            "properties": {
                "linkedServiceName": {
                    "referenceName": "ItemMaster",
                    "type": "LinkedServiceReference"
                },
                "annotations": [],
                "type": "AzureSqlTable",
                "schema": [
                    {
                        "name": "ItemUId",
                        "type": "uniqueidentifier"
                    },
                    {
                        "name": "AspPriceId",
                        "type": "int",
                        "precision": 10
                    },
                    {
                        "name": "Ndc",
                        "type": "varchar"
                    },
                    {
                        "name": "itemId",
                        "type": "int",
                        "precision": 10
                    },
                    {
                        "name": "QuarterDate",
                        "type": "varchar"
                    },
                    {
                        "name": "RevisionDate",
                        "type": "varchar"
                    },
                    {
                        "name": "HcpcsCode",
                        "type": "char"
                    },
                    {
                        "name": "HCPCSDescription",
                        "type": "varchar"
                    },
                    {
                        "name": "HcpcsCodeDosage",
                        "type": "varchar"
                    },
                    {
                        "name": "AspUnitPrice",
                        "type": "decimal",
                        "precision": 13,
                        "scale": 6
                    },
                    {
                        "name": "PaymentLimit",
                        "type": "decimal",
                        "precision": 13,
                        "scale": 5
                    },
                    {
                        "name": "IndependentEsrdLimit",
                        "type": "decimal",
                        "precision": 13,
                        "scale": 5
                    },
                    {
                        "name": "VaccineLimit",
                        "type": "decimal",
                        "precision": 13,
                        "scale": 5
                    },
                    {
                        "name": "DMEInfusionLimit",
                        "type": "decimal",
                        "precision": 13,
                        "scale": 5
                    },
                    {
                        "name": "BloodLimit",
                        "type": "decimal",
                        "precision": 13,
                        "scale": 5
                    },
                    {
                        "name": "PackageSize",
                        "type": "decimal",
                        "precision": 15,
                        "scale": 5
                    },
                    {
                        "name": "PackageQuantity",
                        "type": "decimal",
                        "precision": 15,
                        "scale": 5
                    },
                    {
                        "name": "BillableUnitsPerPackage",
                        "type": "decimal",
                        "precision": 15,
                        "scale": 5
                    },
                    {
                        "name": "BillableUnitsPer11DigitNDC",
                        "type": "decimal",
                        "precision": 15,
                        "scale": 5
                    },
                    {
                        "name": "IsCurrentRecords",
                        "type": "bit"
                    },
                    {
                        "name": "DateAdded",
                        "type": "datetime",
                        "precision": 23,
                        "scale": 3
                    },
                    {
                        "name": "DateChanged",
                        "type": "datetime",
                        "precision": 23,
                        "scale": 3
                    },
                    {
                        "name": "DataSourceId",
                        "type": "int",
                        "precision": 10
                    }
                ],
                "typeProperties": {
                    "tableName": "[[Sync].[vw_AspPriceAndLimits]"
                }
            },
            "dependsOn": []
        },
        {
            "name": "[concat(parameters('factoryName'), '/ImportFileFrequencyType_Source_New1')]",
            "type": "Microsoft.DataFactory/factories/datasets",
            "apiVersion": "2018-06-01",
            "properties": {
                "linkedServiceName": {
                    "referenceName": "ItemMaster",
                    "type": "LinkedServiceReference"
                },
                "annotations": [],
                "type": "AzureSqlTable",
                "schema": [
                    {
                        "name": "ImportFileFrequencyTypeId",
                        "type": "int",
                        "precision": 10
                    },
                    {
                        "name": "Description",
                        "type": "varchar"
                    },
                    {
                        "name": "ImportFileFrequencyTypeUId",
                        "type": "uniqueidentifier"
                    }
                ],
                "typeProperties": {
                    "tableName": "[[dbo].[ImportFileFrequencyType]"
                }
            },
            "dependsOn": []
        },
        {
            "name": "[concat(parameters('factoryName'), '/DataFeedLog_Target_Configurable')]",
            "type": "Microsoft.DataFactory/factories/datasets",
            "apiVersion": "2018-06-01",
            "properties": {
                "linkedServiceName": {
                    "referenceName": "CognitiveRx_Configurable",
                    "type": "LinkedServiceReference",
                    "parameters": {
                        "KeyVaultSecret": "@dataset().SecretName"
                    }
                },
                "parameters": {
                    "SecretName": {
                        "type": "string"
                    }
                },
                "annotations": [],
                "type": "AzureSqlTable",
                "schema": [
                    {
                        "name": "DataFeedID",
                        "type": "int",
                        "precision": 10
                    },
                    {
                        "name": "DataFeedTypeId",
                        "type": "int",
                        "precision": 10
                    },
                    {
                        "name": "ImportFileMapId",
                        "type": "int",
                        "precision": 10
                    },
                    {
                        "name": "ImportedDate",
                        "type": "datetime",
                        "precision": 23,
                        "scale": 3
                    },
                    {
                        "name": "BeginDate",
                        "type": "datetime",
                        "precision": 23,
                        "scale": 3
                    },
                    {
                        "name": "EndDate",
                        "type": "datetime",
                        "precision": 23,
                        "scale": 3
                    },
                    {
                        "name": "DataFeedUId",
                        "type": "uniqueidentifier"
                    }
                ],
                "typeProperties": {
                    "schema": "dbo",
                    "table": "DataFeedLog"
                }
            },
            "dependsOn": []
        },
        {
            "name": "[concat(parameters('factoryName'), '/DataSource_Join_Source')]",
            "type": "Microsoft.DataFactory/factories/datasets",
            "apiVersion": "2018-06-01",
            "properties": {
                "linkedServiceName": {
                    "referenceName": "CognitiveRx_Configurable",
                    "type": "LinkedServiceReference",
                    "parameters": {
                        "KeyVaultSecret": "@dataset().SecretName"
                    }
                },
                "parameters": {
                    "SecretName": {
                        "type": "string"
                    }
                },
                "annotations": [],
                "type": "AzureSqlTable",
                "schema": [
                    {
                        "name": "DataSourceId",
                        "type": "int",
                        "precision": 10
                    },
                    {
                        "name": "DataSourceDesciption",
                        "type": "varchar"
                    },
                    {
                        "name": "DataSourceUID",
                        "type": "uniqueidentifier"
                    }
                ],
                "typeProperties": {
                    "schema": "dbo",
                    "table": "DataSource"
                }
            },
            "dependsOn": []
        },
        {
            "name": "[concat(parameters('factoryName'), '/LabelerTypes_Target_Configurable')]",
            "type": "Microsoft.DataFactory/factories/datasets",
            "apiVersion": "2018-06-01",
            "properties": {
                "linkedServiceName": {
                    "referenceName": "CognitiveRx_Configurable",
                    "type": "LinkedServiceReference",
                    "parameters": {
                        "KeyVaultSecret": "@dataset().SecretName"
                    }
                },
                "parameters": {
                    "SecretName": {
                        "type": "string"
                    }
                },
                "folder": {
                    "name": "LabelerTypes"
                },
                "annotations": [],
                "type": "AzureSqlTable",
                "schema": [
                    {
                        "name": "LabelerTypeId",
                        "type": "int",
                        "precision": 10
                    },
                    {
                        "name": "LabelerTypeCode",
                        "type": "char"
                    },
                    {
                        "name": "LabelerTypeDescription",
                        "type": "varchar"
                    },
                    {
                        "name": "LabelerTypeDefinition",
                        "type": "varchar"
                    }
                ],
                "typeProperties": {
                    "schema": "ItemMaster",
                    "table": "LabelerTypes"
                }
            },
            "dependsOn": []
        },
        {
            "name": "[concat(parameters('factoryName'), '/PackageDescription_Target_Configurable')]",
            "type": "Microsoft.DataFactory/factories/datasets",
            "apiVersion": "2018-06-01",
            "properties": {
                "linkedServiceName": {
                    "referenceName": "CognitiveRx_Configurable",
                    "type": "LinkedServiceReference",
                    "parameters": {
                        "KeyVaultSecret": "@dataset().SecretName"
                    }
                },
                "parameters": {
                    "SecretName": {
                        "type": "string"
                    }
                },
                "annotations": [],
                "type": "AzureSqlTable",
                "schema": [
                    {
                        "name": "PackageDesciptionId",
                        "type": "int",
                        "precision": 10
                    },
                    {
                        "name": "PackageDescriptionCode",
                        "type": "char"
                    },
                    {
                        "name": "PackageDescription",
                        "type": "varchar"
                    }
                ],
                "typeProperties": {
                    "schema": "ItemMaster",
                    "table": "PackageDescription"
                }
            },
            "dependsOn": []
        },
        {
            "name": "[concat(parameters('factoryName'), '/RecallV2ManufacturerNameTarget')]",
            "type": "Microsoft.DataFactory/factories/datasets",
            "apiVersion": "2018-06-01",
            "properties": {
                "linkedServiceName": {
                    "referenceName": "CognitiveRx_Configurable",
                    "type": "LinkedServiceReference",
                    "parameters": {
                        "KeyVaultSecret": "@dataset().Secret"
                    }
                },
                "parameters": {
                    "Secret": {
                        "type": "string"
                    }
                },
                "folder": {
                    "name": "FdaRecallV2"
                },
                "annotations": [],
                "type": "AzureSqlTable",
                "schema": [
                    {
                        "name": "RecallManufacturerNameId",
                        "type": "int",
                        "precision": 10
                    },
                    {
                        "name": "RecallId",
                        "type": "int",
                        "precision": 10
                    },
                    {
                        "name": "RecallNumber",
                        "type": "varchar"
                    },
                    {
                        "name": "FdaEventId",
                        "type": "varchar"
                    },
                    {
                        "name": "ManufacturerName",
                        "type": "varchar"
                    },
                    {
                        "name": "DateAdded",
                        "type": "datetime",
                        "precision": 23,
                        "scale": 3
                    },
                    {
                        "name": "DateChanged",
                        "type": "datetime",
                        "precision": 23,
                        "scale": 3
                    },
                    {
                        "name": "PipelineRunId",
                        "type": "varchar"
                    },
                    {
                        "name": "ImportedDate",
                        "type": "datetime",
                        "precision": 23,
                        "scale": 3
                    },
                    {
                        "name": "Status",
                        "type": "char"
                    }
                ],
                "typeProperties": {
                    "schema": "Fda",
                    "table": "RecallV2ManufacturerName"
                }
            },
            "dependsOn": []
        },
        {
            "name": "[concat(parameters('factoryName'), '/RecallV2ProductTypeTarget')]",
            "type": "Microsoft.DataFactory/factories/datasets",
            "apiVersion": "2018-06-01",
            "properties": {
                "linkedServiceName": {
                    "referenceName": "CognitiveRx_Configurable",
                    "type": "LinkedServiceReference",
                    "parameters": {
                        "KeyVaultSecret": "@dataset().Secret"
                    }
                },
                "parameters": {
                    "Secret": {
                        "type": "string"
                    }
                },
                "folder": {
                    "name": "FdaRecallV2"
                },
                "annotations": [],
                "type": "AzureSqlTable",
                "schema": [
                    {
                        "name": "RecallProductTypeId",
                        "type": "int",
                        "precision": 10
                    },
                    {
                        "name": "RecallId",
                        "type": "int",
                        "precision": 10
                    },
                    {
                        "name": "RecallNumber",
                        "type": "varchar"
                    },
                    {
                        "name": "FdaEventId",
                        "type": "varchar"
                    },
                    {
                        "name": "ProductType",
                        "type": "varchar"
                    },
                    {
                        "name": "DateAdded",
                        "type": "datetime",
                        "precision": 23,
                        "scale": 3
                    },
                    {
                        "name": "DateChanged",
                        "type": "datetime",
                        "precision": 23,
                        "scale": 3
                    },
                    {
                        "name": "PipelineRunId",
                        "type": "varchar"
                    },
                    {
                        "name": "ImportedDate",
                        "type": "datetime",
                        "precision": 23,
                        "scale": 3
                    },
                    {
                        "name": "Status",
                        "type": "char"
                    }
                ],
                "typeProperties": {
                    "schema": "Fda",
                    "table": "RecallV2ProductType"
                }
            },
            "dependsOn": []
        },
        {
            "name": "[concat(parameters('factoryName'), '/ItemMaster_Target_Configurable')]",
            "type": "Microsoft.DataFactory/factories/datasets",
            "apiVersion": "2018-06-01",
            "properties": {
                "linkedServiceName": {
                    "referenceName": "CognitiveRx_Configurable",
                    "type": "LinkedServiceReference",
                    "parameters": {
                        "KeyVaultSecret": "@dataset().SecretName"
                    }
                },
                "parameters": {
                    "SecretName": {
                        "type": "string"
                    }
                },
                "annotations": [],
                "type": "AzureSqlTable",
                "schema": [
                    {
                        "name": "ItemId",
                        "type": "int",
                        "precision": 10
                    },
                    {
                        "name": "ItemTypeId",
                        "type": "int",
                        "precision": 10
                    },
                    {
                        "name": "ItemCode",
                        "type": "varchar"
                    },
                    {
                        "name": "ItemDescription",
                        "type": "varchar"
                    },
                    {
                        "name": "MfrId",
                        "type": "int",
                        "precision": 10
                    },
                    {
                        "name": "Gtin",
                        "type": "bigint",
                        "precision": 19
                    },
                    {
                        "name": "ItemMasterItemId",
                        "type": "int",
                        "precision": 10
                    },
                    {
                        "name": "DateAdded",
                        "type": "datetime",
                        "precision": 23,
                        "scale": 3
                    },
                    {
                        "name": "DateChanged",
                        "type": "datetime",
                        "precision": 23,
                        "scale": 3
                    },
                    {
                        "name": "ItemUId",
                        "type": "uniqueidentifier"
                    },
                    {
                        "name": "DataSourceId",
                        "type": "int",
                        "precision": 10
                    }
                ],
                "typeProperties": {
                    "schema": "dbo",
                    "table": "ItemMaster"
                }
            },
            "dependsOn": []
        },
        {
            "name": "[concat(parameters('factoryName'), '/RecallV2ProductNdcTarget')]",
            "type": "Microsoft.DataFactory/factories/datasets",
            "apiVersion": "2018-06-01",
            "properties": {
                "linkedServiceName": {
                    "referenceName": "CognitiveRx_Configurable",
                    "type": "LinkedServiceReference",
                    "parameters": {
                        "KeyVaultSecret": "@dataset().Secret"
                    }
                },
                "parameters": {
                    "Secret": {
                        "type": "string"
                    }
                },
                "folder": {
                    "name": "FdaRecallV2"
                },
                "annotations": [],
                "type": "AzureSqlTable",
                "schema": [
                    {
                        "name": "RecallProductNdcId",
                        "type": "int",
                        "precision": 10
                    },
                    {
                        "name": "RecallId",
                        "type": "int",
                        "precision": 10
                    },
                    {
                        "name": "RecallNumber",
                        "type": "varchar"
                    },
                    {
                        "name": "FdaEventId",
                        "type": "varchar"
                    },
                    {
                        "name": "ProductNdc",
                        "type": "varchar"
                    },
                    {
                        "name": "DateAdded",
                        "type": "datetime",
                        "precision": 23,
                        "scale": 3
                    },
                    {
                        "name": "DateChanged",
                        "type": "datetime",
                        "precision": 23,
                        "scale": 3
                    },
                    {
                        "name": "PipelineRunId",
                        "type": "varchar"
                    },
                    {
                        "name": "ImportedDate",
                        "type": "datetime",
                        "precision": 23,
                        "scale": 3
                    },
                    {
                        "name": "Status",
                        "type": "char"
                    }
                ],
                "typeProperties": {
                    "schema": "Fda",
                    "table": "RecallV2ProductNdc"
                }
            },
            "dependsOn": []
        },
        {
            "name": "[concat(parameters('factoryName'), '/RecallV2IsOriginalPackagerTarget')]",
            "type": "Microsoft.DataFactory/factories/datasets",
            "apiVersion": "2018-06-01",
            "properties": {
                "linkedServiceName": {
                    "referenceName": "CognitiveRx_Configurable",
                    "type": "LinkedServiceReference",
                    "parameters": {
                        "KeyVaultSecret": "@dataset().Source"
                    }
                },
                "parameters": {
                    "Source": {
                        "type": "string"
                    }
                },
                "folder": {
                    "name": "FdaRecallV2"
                },
                "annotations": [],
                "type": "AzureSqlTable",
                "schema": [
                    {
                        "name": "RecallIsOriginalPackagerId",
                        "type": "int",
                        "precision": 10
                    },
                    {
                        "name": "RecallId",
                        "type": "int",
                        "precision": 10
                    },
                    {
                        "name": "RecallNumber",
                        "type": "varchar"
                    },
                    {
                        "name": "FdaEventId",
                        "type": "varchar"
                    },
                    {
                        "name": "IsOriginalPackager",
                        "type": "varchar"
                    },
                    {
                        "name": "DateAdded",
                        "type": "datetime",
                        "precision": 23,
                        "scale": 3
                    },
                    {
                        "name": "DateChanged",
                        "type": "datetime",
                        "precision": 23,
                        "scale": 3
                    },
                    {
                        "name": "PipelineRunId",
                        "type": "varchar"
                    },
                    {
                        "name": "ImportedDate",
                        "type": "datetime",
                        "precision": 23,
                        "scale": 3
                    },
                    {
                        "name": "Status",
                        "type": "char"
                    }
                ],
                "typeProperties": {
                    "schema": "Fda",
                    "table": "RecallV2IsOriginalPackager"
                }
            },
            "dependsOn": []
        },
        {
            "name": "[concat(parameters('factoryName'), '/StorageCondition_Source_New1')]",
            "type": "Microsoft.DataFactory/factories/datasets",
            "apiVersion": "2018-06-01",
            "properties": {
                "linkedServiceName": {
                    "referenceName": "ItemMaster",
                    "type": "LinkedServiceReference"
                },
                "annotations": [],
                "type": "AzureSqlTable",
                "schema": [
                    {
                        "name": "StorageConditionId",
                        "type": "int",
                        "precision": 10
                    },
                    {
                        "name": "StorageConditionCode",
                        "type": "char"
                    },
                    {
                        "name": "StorageConditionDescription",
                        "type": "varchar"
                    }
                ],
                "typeProperties": {
                    "tableName": "[[WoltersKluwer].[StorageCondition]"
                }
            },
            "dependsOn": []
        },
        {
            "name": "[concat(parameters('factoryName'), '/PackageSizeUom_Target_Configurable')]",
            "type": "Microsoft.DataFactory/factories/datasets",
            "apiVersion": "2018-06-01",
            "properties": {
                "linkedServiceName": {
                    "referenceName": "CognitiveRx_Configurable",
                    "type": "LinkedServiceReference",
                    "parameters": {
                        "KeyVaultSecret": "@dataset().SecretName"
                    }
                },
                "parameters": {
                    "SecretName": {
                        "type": "string"
                    }
                },
                "annotations": [],
                "type": "AzureSqlTable",
                "schema": [
                    {
                        "name": "PackageSizeUomId",
                        "type": "int",
                        "precision": 10
                    },
                    {
                        "name": "PackageSizeUomCode",
                        "type": "char"
                    },
                    {
                        "name": "PackageSizeUomDescription",
                        "type": "varchar"
                    }
                ],
                "typeProperties": {
                    "schema": "ItemMaster",
                    "table": "PackageSizeUom"
                }
            },
            "dependsOn": []
        }
    ]
}