NPPId,NationalPricePredictionId,NationalPricePredictionGuid,RecordSyncDate,IsActive,IsShort,Ndc,ItemId,ItemDescription,PriceDate,RunDate,TrainDate,WacUnitPrice,PeriodFirstIdentified,CpSupplierId,Wholesaler,ClientId,CustomerId,PremierRelation,FacilityName,Division,UnitPrice,AccountType,YearQty,QuarterQty,QuarterCost,StorageConditionDescription,GpiDrugGroup,Month0ProbabilityOfIncrease,Month0PredictedWacUnitPrice,Month1ProbabilityOfIncrease,Month1PredictedWacUnitPrice,Month1PercentIncrease,Month1Period,Month1PredictedUnitPrice,Month1PredictedQuarterCost,Month1PredictedQuarterSavings,Month2ProbabilityOfIncrease,Month2PredictedWacUnitPrice,Month2PercentIncrease,Month2Period,Month2PredictedUnitPrice,Month2PredictedQuarterCost,Month2PredictedQuarterSavings,Month3ProbabilityOfIncrease,Month3PredictedWacUnitPrice,Month3PercentIncrease,Month3Period,Month3PredictedUnitPrice,Month3PredictedQuarterCost,Month3PredictedQuarterSavings,wholesalerAccountNumber
18,18750,fa7d9bde-8fae-4d43-aa38-31e377b5240f,2022-02-02 15:25:00,1,0,00299382230,612931,"Oracea 40MG Capsule Delayed
Release GALDERMA 1X30EA",2022-01-01,2022-02-01,2022-02-01,812.800000,2022-02-01,2,Cardinal Health,6,18,OLM,VIVO HEALTH PHARMACY AT CFAM - 760758 - FT5327615,COMMONSPIRIT HEALTH AT HOME3 - AB7319,764.03,GPO,1,0.250000,191.007500,Normal (room temperature),90 - DERMATOLOGICALS,0.850,812.800000,0.730,812.800000,0.0000,2022-02-01,764.030000,191.007500,0.000000,0.720,812.800000,0.0000,2022-03-01,764.030000,191.007500,0.000000,0.750,853.440000,0.0500,2022-04-01,802.231500,200.557500,9.550000,2052031066-33254
19,18750,fa7d9bde-8fae-4d43-aa38-31e377b5240f,2022-02-02 15:25:00,1,0,00299382230,612931,"Oracea 40MG Capsule Delayed
Release GALDERMA 1X30EA",2022-01-01,2022-02-01,2022-02-01,812.800000,2022-02-01,2,Cardinal Health,6,34,AFFILIATE,JOHN T. MATHER MEMORIAL HOSPITAL - NY2243 - AM3429316,COMMONSPIRIT HEALTH AT HOME4 - AB7320,775.33,GPO,4,1.000000,775.330000,Normal (room temperature),90 - DERMATOLOGICALS,0.850,812.800000,0.730,812.800000,0.0000,2022-02-01,775.330000,775.330000,0.000000,0.720,812.800000,0.0000,2022-03-01,775.330000,775.330000,0.000000,0.750,853.440000,0.0500,2022-04-01,814.096500,814.100000,38.770000,00000000000000622061
20,18750,fa7d9bde-8fae-4d43-aa38-31e377b5240f,2022-02-02 15:25:00,1,0,00299382230,612931,"Oracea 40MG Capsule Delayed
Release GALDERMA 1X30EA",2022-01-01,2022-02-01,2022-02-01,812.800000,2022-02-01,26,Kinray,6,18,OLM,VIVO HEALTH PHARMACY AT CFAM - 760758 - FT5327615,COMMONSPIRIT HEALTH AT HOME3 - AB7319,765.17,UNK,1,0.250000,191.292500,Normal (room temperature),90 - DERMATOLOGICALS,0.850,812.800000,0.730,812.800000,0.0000,2022-02-01,765.170000,191.292500,0.000000,0.720,812.800000,0.0000,2022-03-01,765.170000,191.292500,0.000000,0.750,853.440000,0.0500,2022-04-01,803.428500,200.857500,9.565000,2052031066-33254
78,18783,71286e58-8c1e-4447-aa88-834330f2a42e,2022-02-02 15:25:00,1,0,00299382345,612933,Soolantra 1% Cream GALDERMA 1X45GM,2022-01-01,2022-02-01,2022-02-01,631.700000,2022-02-01,2,Cardinal Health,6,20,OLM,LONG ISLAND JEWISH MEDICAL CENTER - VIVO HEALTH - 765139 - FL4865107,COMMONSPIRIT HEALTH AT HOME3 - AB7319,601.69,WAC,2,0.500000,300.845000,Normal (room temperature),90 - DERMATOLOGICALS,0.790,631.700000,0.780,631.700000,0.0000,2022-02-01,601.690000,300.845000,0.000000,0.860,631.700000,0.0000,2022-03-01,601.690000,300.845000,0.000000,0.870,663.285000,0.0500,2022-04-01,631.774500,315.885000,15.040000,00000000000000634323
79,18783,71286e58-8c1e-4447-aa88-834330f2a42e,2022-02-02 15:25:00,1,0,00299382345,612933,Soolantra 1% Cream GALDERMA 1X45GM,2022-01-01,2022-02-01,2022-02-01,631.700000,2022-02-01,3,AmerisourceBergen Drug Corporation,6,18,OLM,VIVO HEALTH PHARMACY AT CFAM - 760758 - FT5327615,COMMONSPIRIT HEALTH AT HOME3 - AB7319,610.92,GPO,1,0.250000,152.730000,Normal (room temperature),90 - DERMATOLOGICALS,0.790,631.700000,0.780,631.700000,0.0000,2022-02-01,610.920000,152.730000,0.000000,0.860,631.700000,0.0000,2022-03-01,610.920000,152.730000,0.000000,0.870,663.285000,0.0500,2022-04-01,641.466000,160.367500,7.637500,00000000000000634388-100121151-33254
80,18783,71286e58-8c1e-4447-aa88-834330f2a42e,2022-02-02 15:25:00,1,0,00299382345,612933,Soolantra 1% Cream GALDERMA 1X45GM,2022-01-01,2022-02-01,2022-02-01,631.700000,2022-02-01,26,Kinray,6,18,OLM,VIVO HEALTH PHARMACY AT CFAM - 760758 - FT5327615,COMMONSPIRIT HEALTH AT HOME3 - AB7319,594.69,UNK,3,0.750000,446.017500,Normal (room temperature),90 - DERMATOLOGICALS,0.790,631.700000,0.780,631.700000,0.0000,2022-02-01,594.690000,446.017500,0.000000,0.860,631.700000,0.0000,2022-03-01,594.690000,446.017500,0.000000,0.870,663.285000,0.0500,2022-04-01,624.424500,468.315000,22.297500,00000000000000634388-100121151-33254
118,18813,5c1bef1b-c03c-45a0-adfb-c6956bc15ebe,2022-02-02 15:25:00,1,0,00299590645,612974,Epiduo Forte 0.3-2.5% Gel GALDERMA 1X45GM,2022-01-01,2022-02-01,2022-02-01,609.600000,2022-02-01,1,McKesson,6,24,AFFILIATE,VIVO SPECIALTY PHARMACY - 826003 - FL7273193,COMMONSPIRIT HEALTH AT HOME3 - AB7319,0.42,340B,2,0.500000,0.210000,Normal (room temperature),90 - DERMATOLOGICALS,0.790,609.600000,0.780,609.600000,0.0000,2022-02-01,0.420000,0.210000,0.000000,0.860,609.600000,0.0000,2022-03-01,0.420000,0.210000,0.000000,0.870,640.080000,0.0500,2022-04-01,0.441000,0.220000,0.010000,00000000000000635144-187447-2052031249-905492
119,18813,5c1bef1b-c03c-45a0-adfb-c6956bc15ebe,2022-02-02 15:25:00,1,0,00299590645,612974,Epiduo Forte 0.3-2.5% Gel GALDERMA 1X45GM,2022-01-01,2022-02-01,2022-02-01,609.600000,2022-02-01,1,McKesson,6,24,AFFILIATE,VIVO SPECIALTY PHARMACY - 826003 - FL7273193,COMMONSPIRIT HEALTH AT HOME3 - AB7319,566.93,GPO,7,1.750000,992.127500,Normal (room temperature),90 - DERMATOLOGICALS,0.790,609.600000,0.780,609.600000,0.0000,2022-02-01,566.930000,992.127500,0.000000,0.860,609.600000,0.0000,2022-03-01,566.930000,992.127500,0.000000,0.870,640.080000,0.0500,2022-04-01,595.276500,1041.740000,49.612500,00000000000000635144-187447-2052031249-905492
120,18813,5c1bef1b-c03c-45a0-adfb-c6956bc15ebe,2022-02-02 15:25:00,1,0,00299590645,612974,Epiduo Forte 0.3-2.5% Gel GALDERMA 1X45GM,2022-01-01,2022-02-01,2022-02-01,609.600000,2022-02-01,2,Cardinal Health,6,24,AFFILIATE,VIVO SPECIALTY PHARMACY - 826003 - FL7273193,COMMONSPIRIT HEALTH AT HOME3 - AB7319,561.93,GPO,1,0.250000,140.482500,Normal (room temperature),90 - DERMATOLOGICALS,0.790,609.600000,0.780,609.600000,0.0000,2022-02-01,561.930000,140.482500,0.000000,0.860,609.600000,0.0000,2022-03-01,561.930000,140.482500,0.000000,0.870,640.080000,0.0500,2022-04-01,590.026500,147.507500,7.025000,00000000000000635144-187447-2052031249-905492
121,18813,5c1bef1b-c03c-45a0-adfb-c6956bc15ebe,2022-02-02 15:25:00,1,0,00299590645,612974,Epiduo Forte 0.3-2.5% Gel GALDERMA 1X45GM,2022-01-01,2022-02-01,2022-02-01,609.600000,2022-02-01,2,Cardinal Health,6,34,AFFILIATE,JOHN T. MATHER MEMORIAL HOSPITAL - NY2243 - AM3429316,COMMONSPIRIT HEALTH AT HOME4 - AB7320,584.48,GPO,2,0.500000,292.240000,Normal (room temperature),90 - DERMATOLOGICALS,0.790,609.600000,0.780,609.600000,0.0000,2022-02-01,584.480000,292.240000,0.000000,0.860,609.600000,0.0000,2022-03-01,584.480000,292.240000,0.000000,0.870,640.080000,0.0500,2022-04-01,613.704000,306.850000,14.610000,00000000000000622061-2057198541
89,18803,8930b676-9d5b-4cb0-90a9-ae4cada70165,2022-02-02 15:25:00,1,0,00832107130,639596,"Topiramate ER 25MG Capsule ER 24
Hour Sprinkle UPSHER-SMITH 1X30EA",2022-01-01,2022-02-01,2022-02-01,219.300000,2022-02-01,1,McKesson,6,24,AFFILIATE,VIVO SPECIALTY PHARMACY - 826003 - FL7273193,COMMONSPIRIT HEALTH AT HOME3 - AB7319,167.83,GPO,9,2.250000,377.617500,Normal (room temperature),72 - ANTICONVULSANTS,0.850,219.300000,0.850,232.458000,0.0600,2022-02-01,177.899800,400.275000,22.657500,0.810,219.300000,0.0000,2022-03-01,167.830000,377.617500,0.000000,0.830,219.300000,0.0000,2022-04-01,167.830000,377.617500,0.000000,00000000000000635144-905492
22,18756,8de3e233-09f3-424a-bec1-4283a10bdc84,2022-02-02 15:25:00,1,0,00832107330,639600,"Topiramate ER 200MG Capsule ER 24
Hour Sprinkle UPSHER-SMITH 1X30EA",2022-01-01,2022-02-01,2022-02-01,774.200000,2022-02-01,2,Cardinal Health,6,24,AFFILIATE,VIVO SPECIALTY PHARMACY - 826003 - FL7273193,COMMONSPIRIT HEALTH AT HOME3 - AB7319,949.40,GPO,4,1.000000,949.400000,Normal (room temperature),72 - ANTICONVULSANTS,0.850,781.942000,0.780,820.652000,0.0600,2022-02-01,1006.364000,1006.360000,56.960000,0.730,774.200000,0.0000,2022-03-01,949.400000,949.400000,0.000000,0.740,774.200000,0.0000,2022-04-01,949.400000,949.400000,0.000000,00000000000000635144-2052031249
143,18829,5b7376c1-3cf5-4cb5-aeca-f0d76557fcde,2022-02-02 15:25:00,1,1,13533080012,561474,Gamunex-C 1GM/10ML Solution GRIFOLS USA 1X10ML,2022-01-01,2022-02-01,2022-02-01,130.120000,2022-02-01,4,FFF,6,36,AFFILIATE,"REGIONCARE, INC. - NY2326 - BR3697135",COMMONSPIRIT HEALTH AT HOME4 - AB7320,101.663,UNK,44,11.000000,1118.293000,Refrigerated,19 - PASSIVE IMMUNIZING AND TREATMENT AGENTS,0.850,131.421200,0.900,137.927200,0.0600,2022-02-01,107.762780,1185.360000,67.067000,0.870,130.120000,0.0000,2022-03-01,101.663000,1118.260000,-0.033000,0.540,130.120000,0.0000,2022-04-01,101.663000,1118.260000,-0.033000,FNY05761
142,18829,5b7376c1-3cf5-4cb5-aeca-f0d76557fcde,2022-02-02 15:25:00,1,1,13533080012,561474,Gamunex-C 1GM/10ML Solution GRIFOLS USA 1X10ML,2022-01-01,2022-02-01,2022-02-01,130.120000,2022-02-01,4,FFF,6,36,AFFILIATE,"REGIONCARE, INC. - NY2326 - BR3697135",COMMONSPIRIT HEALTH AT HOME4 - AB7320,101.663,GPO,16,4.000000,406.652000,Refrigerated,19 - PASSIVE IMMUNIZING AND TREATMENT AGENTS,0.850,131.421200,0.900,137.927200,0.0600,2022-02-01,107.762780,431.040000,24.388000,0.870,130.120000,0.0000,2022-03-01,101.663000,406.640000,-0.012000,0.540,130.120000,0.0000,2022-04-01,101.663000,406.640000,-0.012000,FNY05761
62,18772,3587cd48-fbc8-462c-941d-6589de730539,2022-02-02 15:25:00,1,1,13533080020,561478,Gamunex-C 5GM/50ML Solution GRIFOLS USA 1X50ML,2022-01-01,2022-02-01,2022-02-01,650.600000,2021-11-01,4,FFF,6,48,AFFILIATE,LONG ISLAND JEWISH HOSPITAL - NY5073 - AL4849622,COMMONSPIRIT HEALTH AT HOME1 - AB7317,297.16,UNK,30,7.500000,2228.700000,Refrigerated,19 - PASSIVE IMMUNIZING AND TREATMENT AGENTS,0.860,650.600000,0.930,689.636000,0.0600,2022-02-01,314.989600,2362.425000,133.725000,0.820,650.600000,0.0000,2022-03-01,297.160000,2228.700000,0.000000,0.730,650.600000,0.0000,2022-04-01,297.160000,2228.700000,0.000000,FNY03686A-FNY03686B
61,18772,3587cd48-fbc8-462c-941d-6589de730539,2022-02-02 15:25:00,1,1,13533080020,561478,Gamunex-C 5GM/50ML Solution GRIFOLS USA 1X50ML,2022-01-01,2022-02-01,2022-02-01,650.600000,2021-11-01,4,FFF,6,27,AFFILIATE,STATEN ISLAND UNIVERSITY HOSPITAL - NORTH SITE - NY2007 - AT8612966,COMMONSPIRIT HEALTH AT HOME3 - AB7319,325.03,UNK,10,2.500000,812.575000,Refrigerated,19 - PASSIVE IMMUNIZING AND TREATMENT AGENTS,0.860,650.600000,0.930,689.636000,0.0600,2022-02-01,344.531800,861.325000,48.750000,0.820,650.600000,0.0000,2022-03-01,325.030000,812.575000,0.000000,0.730,650.600000,0.0000,2022-04-01,325.030000,812.575000,0.000000,FNY05717A-FNY05717B
60,18772,3587cd48-fbc8-462c-941d-6589de730539,2022-02-02 15:25:00,1,1,13533080020,561478,Gamunex-C 5GM/50ML Solution GRIFOLS USA 1X50ML,2022-01-01,2022-02-01,2022-02-01,650.600000,2021-11-01,4,FFF,6,7,AFFILIATE,MONTER CANCER CENTER LIJMC - 636176 - FM1916785,COMMONSPIRIT HEALTH AT HOME3 - AB7319,297.16,UNK,13,3.250000,965.770000,Refrigerated,19 - PASSIVE IMMUNIZING AND TREATMENT AGENTS,0.860,650.600000,0.930,689.636000,0.0600,2022-02-01,314.989600,1023.717500,57.947500,0.820,650.600000,0.0000,2022-03-01,297.160000,965.770000,0.000000,0.730,650.600000,0.0000,2022-04-01,297.160000,965.770000,0.000000,FNY00677B
59,18772,3587cd48-fbc8-462c-941d-6589de730539,2022-02-02 15:25:00,1,1,13533080020,561478,Gamunex-C 5GM/50ML Solution GRIFOLS USA 1X50ML,2022-01-01,2022-02-01,2022-02-01,650.600000,2021-11-01,4,FFF,6,36,AFFILIATE,"REGIONCARE, INC. - NY2326 - BR3697135",COMMONSPIRIT HEALTH AT HOME4 - AB7320,508.317,GPO,31,7.750000,3939.456750,Refrigerated,19 - PASSIVE IMMUNIZING AND TREATMENT AGENTS,0.860,650.600000,0.930,689.636000,0.0600,2022-02-01,538.816020,4175.855000,236.398250,0.820,650.600000,0.0000,2022-03-01,508.317000,3939.480000,0.023250,0.730,650.600000,0.0000,2022-04-01,508.317000,3939.480000,0.023250,FNY05761
58,18772,3587cd48-fbc8-462c-941d-6589de730539,2022-02-02 15:25:00,1,1,13533080020,561478,Gamunex-C 5GM/50ML Solution GRIFOLS USA 1X50ML,2022-01-01,2022-02-01,2022-02-01,650.600000,2021-11-01,4,FFF,6,34,AFFILIATE,JOHN T. MATHER MEMORIAL HOSPITAL - NY2243 - AM3429316,COMMONSPIRIT HEALTH AT HOME4 - AB7320,507.19,GPO,5,1.250000,633.987500,Refrigerated,19 - PASSIVE IMMUNIZING AND TREATMENT AGENTS,0.860,650.600000,0.930,689.636000,0.0600,2022-02-01,537.621400,672.025000,38.037500,0.820,650.600000,0.0000,2022-03-01,507.190000,633.987500,0.000000,0.730,650.600000,0.0000,2022-04-01,507.190000,633.987500,0.000000,FNY03212
57,18772,3587cd48-fbc8-462c-941d-6589de730539,2022-02-02 15:25:00,1,1,13533080020,561478,Gamunex-C 5GM/50ML Solution GRIFOLS USA 1X50ML,2022-01-01,2022-02-01,2022-02-01,650.600000,2021-11-01,4,FFF,6,48,AFFILIATE,LONG ISLAND JEWISH HOSPITAL - NY5073 - AL4849622,COMMONSPIRIT HEALTH AT HOME1 - AB7317,325.65,340B,60,15.000000,4884.750000,Refrigerated,19 - PASSIVE IMMUNIZING AND TREATMENT AGENTS,0.860,650.600000,0.930,689.636000,0.0600,2022-02-01,345.189000,5177.850000,293.100000,0.820,650.600000,0.0000,2022-03-01,325.650000,4884.750000,0.000000,0.730,650.600000,0.0000,2022-04-01,325.650000,4884.750000,0.000000,FNY03686A-FNY03686B
56,18772,3587cd48-fbc8-462c-941d-6589de730539,2022-02-02 15:25:00,1,1,13533080020,561478,Gamunex-C 5GM/50ML Solution GRIFOLS USA 1X50ML,2022-01-01,2022-02-01,2022-02-01,650.600000,2021-11-01,4,FFF,6,7,AFFILIATE,MONTER CANCER CENTER LIJMC - 636176 - FM1916785,COMMONSPIRIT HEALTH AT HOME3 - AB7319,297.16,340B,8,2.000000,594.320000,Refrigerated,19 - PASSIVE IMMUNIZING AND TREATMENT AGENTS,0.860,650.600000,0.930,689.636000,0.0600,2022-02-01,314.989600,629.980000,35.660000,0.820,650.600000,0.0000,2022-03-01,297.160000,594.320000,0.000000,0.730,650.600000,0.0000,2022-04-01,297.160000,594.320000,0.000000,FNY00677B
95,18810,0cdc9921-e930-4ea3-88ab-c20a31bb612a,2022-02-02 15:25:00,1,1,13533080024,561480,Gamunex-C 20GM/200ML Solution GRIFOLS USA 1X200ML,2022-01-01,2022-02-01,2022-02-01,2602.400000,2022-01-01,2,Cardinal Health,6,6,AFFILIATE,PHELPS MEMORIAL HOSPITAL CENTER - 630984 - AP1866423,COMMONSPIRIT HEALTH AT HOME3 - AB7319,1302.60,WAC,26,6.500000,8466.900000,Refrigerated,19 - PASSIVE IMMUNIZING AND TREATMENT AGENTS,0.790,2602.400000,0.790,2758.544000,0.0600,2022-02-01,1380.756000,8974.940000,508.040000,0.750,2602.400000,0.0000,2022-03-01,1302.600000,8466.900000,0.000000,0.770,2602.400000,0.0000,2022-04-01,1302.600000,8466.900000,0.000000,00000000000000625995-00000000000000635331-2150127385
96,18810,0cdc9921-e930-4ea3-88ab-c20a31bb612a,2022-02-02 15:25:00,1,1,13533080024,561480,Gamunex-C 20GM/200ML Solution GRIFOLS USA 1X200ML,2022-01-01,2022-02-01,2022-02-01,2602.400000,2022-01-01,2,Cardinal Health,6,6,AFFILIATE,PHELPS MEMORIAL HOSPITAL CENTER - 630984 - AP1866423,COMMONSPIRIT HEALTH AT HOME3 - AB7319,1282.38,340B,45,11.250000,14426.775000,Refrigerated,19 - PASSIVE IMMUNIZING AND TREATMENT AGENTS,0.790,2602.400000,0.790,2758.544000,0.0600,2022-02-01,1359.322800,15292.350000,865.575000,0.750,2602.400000,0.0000,2022-03-01,1282.380000,14426.775000,0.000000,0.770,2602.400000,0.0000,2022-04-01,1282.380000,14426.775000,0.000000,00000000000000625995-00000000000000635331-2150127385
97,18810,0cdc9921-e930-4ea3-88ab-c20a31bb612a,2022-02-02 15:25:00,1,1,13533080024,561480,Gamunex-C 20GM/200ML Solution GRIFOLS USA 1X200ML,2022-01-01,2022-02-01,2022-02-01,2602.400000,2022-01-01,4,FFF,6,7,AFFILIATE,MONTER CANCER CENTER LIJMC - 636176 - FM1916785,COMMONSPIRIT HEALTH AT HOME3 - AB7319,1282.38,340B,8,2.000000,2564.760000,Refrigerated,19 - PASSIVE IMMUNIZING AND TREATMENT AGENTS,0.790,2602.400000,0.790,2758.544000,0.0600,2022-02-01,1359.322800,2718.640000,153.880000,0.750,2602.400000,0.0000,2022-03-01,1282.380000,2564.760000,0.000000,0.770,2602.400000,0.0000,2022-04-01,1282.380000,2564.760000,0.000000,FNY00677B
98,18810,0cdc9921-e930-4ea3-88ab-c20a31bb612a,2022-02-02 15:25:00,1,1,13533080024,561480,Gamunex-C 20GM/200ML Solution GRIFOLS USA 1X200ML,2022-01-01,2022-02-01,2022-02-01,2602.400000,2022-01-01,4,FFF,6,27,AFFILIATE,STATEN ISLAND UNIVERSITY HOSPITAL - NORTH SITE - NY2007 - AT8612966,COMMONSPIRIT HEALTH AT HOME3 - AB7319,1302.60,340B,4,1.000000,1302.600000,Refrigerated,19 - PASSIVE IMMUNIZING AND TREATMENT AGENTS,0.790,2602.400000,0.790,2758.544000,0.0600,2022-02-01,1380.756000,1380.760000,78.160000,0.750,2602.400000,0.0000,2022-03-01,1302.600000,1302.600000,0.000000,0.770,2602.400000,0.0000,2022-04-01,1302.600000,1302.600000,0.000000,FNY05717A-FNY05717B
99,18810,0cdc9921-e930-4ea3-88ab-c20a31bb612a,2022-02-02 15:25:00,1,1,13533080024,561480,Gamunex-C 20GM/200ML Solution GRIFOLS USA 1X200ML,2022-01-01,2022-02-01,2022-02-01,2602.400000,2022-01-01,4,FFF,6,30,AFFILIATE,LENOX HILL HOSPITAL - NY2059 - FL1071276,COMMONSPIRIT HEALTH AT HOME4 - AB7320,1282.38,340B,4,1.000000,1282.380000,Refrigerated,19 - PASSIVE IMMUNIZING AND TREATMENT AGENTS,0.790,2602.400000,0.790,2758.544000,0.0600,2022-02-01,1359.322800,1359.320000,76.940000,0.750,2602.400000,0.0000,2022-03-01,1282.380000,1282.380000,0.000000,0.770,2602.400000,0.0000,2022-04-01,1282.380000,1282.380000,0.000000,FNY05850B
100,18810,0cdc9921-e930-4ea3-88ab-c20a31bb612a,2022-02-02 15:25:00,1,1,13533080024,561480,Gamunex-C 20GM/200ML Solution GRIFOLS USA 1X200ML,2022-01-01,2022-02-01,2022-02-01,2602.400000,2022-01-01,4,FFF,6,43,OLM,LENOX HILL HOSPITAL - NY5029 - AL4088604,COMMONSPIRIT HEALTH AT HOME1 - AB7317,1302.60,340B,9,2.250000,2930.850000,Refrigerated,19 - PASSIVE IMMUNIZING AND TREATMENT AGENTS,0.790,2602.400000,0.790,2758.544000,0.0600,2022-02-01,1380.756000,3106.710000,175.860000,0.750,2602.400000,0.0000,2022-03-01,1302.600000,2930.850000,0.000000,0.770,2602.400000,0.0000,2022-04-01,1302.600000,2930.850000,0.000000,FNY00814-FNY00814B
108,18810,0cdc9921-e930-4ea3-88ab-c20a31bb612a,2022-02-02 15:25:00,1,1,13533080024,561480,Gamunex-C 20GM/200ML Solution GRIFOLS USA 1X200ML,2022-01-01,2022-02-01,2022-02-01,2602.400000,2022-01-01,4,FFF,6,48,AFFILIATE,LONG ISLAND JEWISH HOSPITAL - NY5073 - AL4849622,COMMONSPIRIT HEALTH AT HOME1 - AB7317,1188.64,UNK,80,20.000000,23772.800000,Refrigerated,19 - PASSIVE IMMUNIZING AND TREATMENT AGENTS,0.790,2602.400000,0.790,2758.544000,0.0600,2022-02-01,1259.958400,25199.200000,1426.400000,0.750,2602.400000,0.0000,2022-03-01,1188.640000,23772.800000,0.000000,0.770,2602.400000,0.0000,2022-04-01,1188.640000,23772.800000,0.000000,FNY03686A-FNY03686B-FNY03686W
107,18810,0cdc9921-e930-4ea3-88ab-c20a31bb612a,2022-02-02 15:25:00,1,1,13533080024,561480,Gamunex-C 20GM/200ML Solution GRIFOLS USA 1X200ML,2022-01-01,2022-02-01,2022-02-01,2602.400000,2022-01-01,4,FFF,6,36,AFFILIATE,"REGIONCARE, INC. - NY2326 - BR3697135",COMMONSPIRIT HEALTH AT HOME4 - AB7320,2033.26,UNK,2,0.500000,1016.630000,Refrigerated,19 - PASSIVE IMMUNIZING AND TREATMENT AGENTS,0.790,2602.400000,0.790,2758.544000,0.0600,2022-02-01,2155.255600,1077.630000,61.000000,0.750,2602.400000,0.0000,2022-03-01,2033.260000,1016.630000,0.000000,0.770,2602.400000,0.0000,2022-04-01,2033.260000,1016.630000,0.000000,FNY05761
106,18810,0cdc9921-e930-4ea3-88ab-c20a31bb612a,2022-02-02 15:25:00,1,1,13533080024,561480,Gamunex-C 20GM/200ML Solution GRIFOLS USA 1X200ML,2022-01-01,2022-02-01,2022-02-01,2602.400000,2022-01-01,4,FFF,6,27,AFFILIATE,STATEN ISLAND UNIVERSITY HOSPITAL - NORTH SITE - NY2007 - AT8612966,COMMONSPIRIT HEALTH AT HOME3 - AB7319,1300.13,UNK,10,2.500000,3250.325000,Refrigerated,19 - PASSIVE IMMUNIZING AND TREATMENT AGENTS,0.790,2602.400000,0.790,2758.544000,0.0600,2022-02-01,1378.137800,3445.350000,195.025000,0.750,2602.400000,0.0000,2022-03-01,1300.130000,3250.325000,0.000000,0.770,2602.400000,0.0000,2022-04-01,1300.130000,3250.325000,0.000000,FNY05717A-FNY05717B
105,18810,0cdc9921-e930-4ea3-88ab-c20a31bb612a,2022-02-02 15:25:00,1,1,13533080024,561480,Gamunex-C 20GM/200ML Solution GRIFOLS USA 1X200ML,2022-01-01,2022-02-01,2022-02-01,2602.400000,2022-01-01,4,FFF,6,7,AFFILIATE,MONTER CANCER CENTER LIJMC - 636176 - FM1916785,COMMONSPIRIT HEALTH AT HOME3 - AB7319,1188.64,UNK,6,1.500000,1782.960000,Refrigerated,19 - PASSIVE IMMUNIZING AND TREATMENT AGENTS,0.790,2602.400000,0.790,2758.544000,0.0600,2022-02-01,1259.958400,1889.940000,106.980000,0.750,2602.400000,0.0000,2022-03-01,1188.640000,1782.960000,0.000000,0.770,2602.400000,0.0000,2022-04-01,1188.640000,1782.960000,0.000000,FNY00677B
104,18810,0cdc9921-e930-4ea3-88ab-c20a31bb612a,2022-02-02 15:25:00,1,1,13533080024,561480,Gamunex-C 20GM/200ML Solution GRIFOLS USA 1X200ML,2022-01-01,2022-02-01,2022-02-01,2602.400000,2022-01-01,4,FFF,6,44,AFFILIATE,GLEN COVE HOSPITAL - NY5062 - AC0783767,MERCYONE HEALTH - IOWA DIVISION - AB2904,2028.75,GPO,1,0.250000,507.187500,Refrigerated,19 - PASSIVE IMMUNIZING AND TREATMENT AGENTS,0.790,2602.400000,0.790,2758.544000,0.0600,2022-02-01,2150.475000,537.620000,30.432500,0.750,2602.400000,0.0000,2022-03-01,2028.750000,507.187500,0.000000,0.770,2602.400000,0.0000,2022-04-01,2028.750000,507.187500,0.000000,FNY03226
103,18810,0cdc9921-e930-4ea3-88ab-c20a31bb612a,2022-02-02 15:25:00,1,1,13533080024,561480,Gamunex-C 20GM/200ML Solution GRIFOLS USA 1X200ML,2022-01-01,2022-02-01,2022-02-01,2602.400000,2022-01-01,4,FFF,6,36,AFFILIATE,"REGIONCARE, INC. - NY2326 - BR3697135",COMMONSPIRIT HEALTH AT HOME4 - AB7320,2033.261,GPO,71,17.750000,36090.382750,Refrigerated,19 - PASSIVE IMMUNIZING AND TREATMENT AGENTS,0.790,2602.400000,0.790,2758.544000,0.0600,2022-02-01,2155.256660,38255.865000,2165.482250,0.750,2602.400000,0.0000,2022-03-01,2033.261000,36090.365000,-0.017750,0.770,2602.400000,0.0000,2022-04-01,2033.261000,36090.365000,-0.017750,FNY05761
102,18810,0cdc9921-e930-4ea3-88ab-c20a31bb612a,2022-02-02 15:25:00,1,1,13533080024,561480,Gamunex-C 20GM/200ML Solution GRIFOLS USA 1X200ML,2022-01-01,2022-02-01,2022-02-01,2602.400000,2022-01-01,4,FFF,6,34,AFFILIATE,JOHN T. MATHER MEMORIAL HOSPITAL - NY2243 - AM3429316,COMMONSPIRIT HEALTH AT HOME4 - AB7320,2028.755,GPO,28,7.000000,14201.285000,Refrigerated,19 - PASSIVE IMMUNIZING AND TREATMENT AGENTS,0.790,2602.400000,0.790,2758.544000,0.0600,2022-02-01,2150.480300,15053.360000,852.075000,0.750,2602.400000,0.0000,2022-03-01,2028.755000,14201.320000,0.035000,0.770,2602.400000,0.0000,2022-04-01,2028.755000,14201.320000,0.035000,FNY03212
101,18810,0cdc9921-e930-4ea3-88ab-c20a31bb612a,2022-02-02 15:25:00,1,1,13533080024,561480,Gamunex-C 20GM/200ML Solution GRIFOLS USA 1X200ML,2022-01-01,2022-02-01,2022-02-01,2602.400000,2022-01-01,4,FFF,6,48,AFFILIATE,LONG ISLAND JEWISH HOSPITAL - NY5073 - AL4849622,COMMONSPIRIT HEALTH AT HOME1 - AB7317,1302.60,340B,130,32.500000,42334.500000,Refrigerated,19 - PASSIVE IMMUNIZING AND TREATMENT AGENTS,0.790,2602.400000,0.790,2758.544000,0.0600,2022-02-01,1380.756000,44874.700000,2540.200000,0.750,2602.400000,0.0000,2022-03-01,1302.600000,42334.500000,0.000000,0.770,2602.400000,0.0000,2022-04-01,1302.600000,42334.500000,0.000000,FNY03686A-FNY03686B-FNY03686W
5,18736,99ef7b7b-f976-4c70-ae8d-0df1f8aa21cb,2022-02-02 15:25:00,1,1,13533080071,561484,Gamunex-C 10GM/100ML Solution GRIFOLS USA 1X100ML,2022-01-01,2022-02-01,2022-02-01,1301.200000,2022-01-01,4,FFF,6,7,AFFILIATE,MONTER CANCER CENTER LIJMC - 636176 - FM1916785,COMMONSPIRIT HEALTH AT HOME3 - AB7319,594.32,340B,2,0.500000,297.160000,Refrigerated,19 - PASSIVE IMMUNIZING AND TREATMENT AGENTS,0.850,1301.200000,0.770,1379.272000,0.0600,2022-02-01,629.979200,314.990000,17.830000,0.750,1301.200000,0.0000,2022-03-01,594.320000,297.160000,0.000000,0.770,1301.200000,0.0000,2022-04-01,594.320000,297.160000,0.000000,FNY00677B
6,18736,99ef7b7b-f976-4c70-ae8d-0df1f8aa21cb,2022-02-02 15:25:00,1,1,13533080071,561484,Gamunex-C 10GM/100ML Solution GRIFOLS USA 1X100ML,2022-01-01,2022-02-01,2022-02-01,1301.200000,2022-01-01,4,FFF,6,48,AFFILIATE,LONG ISLAND JEWISH HOSPITAL - NY5073 - AL4849622,COMMONSPIRIT HEALTH AT HOME1 - AB7317,651.30,340B,30,7.500000,4884.750000,Refrigerated,19 - PASSIVE IMMUNIZING AND TREATMENT AGENTS,0.850,1301.200000,0.770,1379.272000,0.0600,2022-02-01,690.378000,5177.850000,293.100000,0.750,1301.200000,0.0000,2022-03-01,651.300000,4884.750000,0.000000,0.770,1301.200000,0.0000,2022-04-01,651.300000,4884.750000,0.000000,FNY03686A-FNY03686B-FNY03686W
7,18736,99ef7b7b-f976-4c70-ae8d-0df1f8aa21cb,2022-02-02 15:25:00,1,1,13533080071,561484,Gamunex-C 10GM/100ML Solution GRIFOLS USA 1X100ML,2022-01-01,2022-02-01,2022-02-01,1301.200000,2022-01-01,4,FFF,6,34,AFFILIATE,JOHN T. MATHER MEMORIAL HOSPITAL - NY2243 - AM3429316,COMMONSPIRIT HEALTH AT HOME4 - AB7320,1014.378,GPO,28,7.000000,7100.646000,Refrigerated,19 - PASSIVE IMMUNIZING AND TREATMENT AGENTS,0.850,1301.200000,0.770,1379.272000,0.0600,2022-02-01,1075.240680,7526.680000,426.034000,0.750,1301.200000,0.0000,2022-03-01,1014.378000,7100.660000,0.014000,0.770,1301.200000,0.0000,2022-04-01,1014.378000,7100.660000,0.014000,FNY03212
8,18736,99ef7b7b-f976-4c70-ae8d-0df1f8aa21cb,2022-02-02 15:25:00,1,1,13533080071,561484,Gamunex-C 10GM/100ML Solution GRIFOLS USA 1X100ML,2022-01-01,2022-02-01,2022-02-01,1301.200000,2022-01-01,4,FFF,6,36,AFFILIATE,"REGIONCARE, INC. - NY2326 - BR3697135",COMMONSPIRIT HEALTH AT HOME4 - AB7320,1016.63,GPO,29,7.250000,7370.567500,Refrigerated,19 - PASSIVE IMMUNIZING AND TREATMENT AGENTS,0.850,1301.200000,0.770,1379.272000,0.0600,2022-02-01,1077.627800,7812.817500,442.250000,0.750,1301.200000,0.0000,2022-03-01,1016.630000,7370.567500,0.000000,0.770,1301.200000,0.0000,2022-04-01,1016.630000,7370.567500,0.000000,FNY05761
9,18736,99ef7b7b-f976-4c70-ae8d-0df1f8aa21cb,2022-02-02 15:25:00,1,1,13533080071,561484,Gamunex-C 10GM/100ML Solution GRIFOLS USA 1X100ML,2022-01-01,2022-02-01,2022-02-01,1301.200000,2022-01-01,4,FFF,6,44,AFFILIATE,GLEN COVE HOSPITAL - NY5062 - AC0783767,MERCYONE HEALTH - IOWA DIVISION - AB2904,1014.38,GPO,1,0.250000,253.595000,Refrigerated,19 - PASSIVE IMMUNIZING AND TREATMENT AGENTS,0.850,1301.200000,0.770,1379.272000,0.0600,2022-02-01,1075.242800,268.810000,15.215000,0.750,1301.200000,0.0000,2022-03-01,1014.380000,253.595000,0.000000,0.770,1301.200000,0.0000,2022-04-01,1014.380000,253.595000,0.000000,FNY03226
10,18736,99ef7b7b-f976-4c70-ae8d-0df1f8aa21cb,2022-02-02 15:25:00,1,1,13533080071,561484,Gamunex-C 10GM/100ML Solution GRIFOLS USA 1X100ML,2022-01-01,2022-02-01,2022-02-01,1301.200000,2022-01-01,4,FFF,6,7,AFFILIATE,MONTER CANCER CENTER LIJMC - 636176 - FM1916785,COMMONSPIRIT HEALTH AT HOME3 - AB7319,594.32,UNK,26,6.500000,3863.080000,Refrigerated,19 - PASSIVE IMMUNIZING AND TREATMENT AGENTS,0.850,1301.200000,0.770,1379.272000,0.0600,2022-02-01,629.979200,4094.870000,231.790000,0.750,1301.200000,0.0000,2022-03-01,594.320000,3863.080000,0.000000,0.770,1301.200000,0.0000,2022-04-01,594.320000,3863.080000,0.000000,FNY00677B
11,18736,99ef7b7b-f976-4c70-ae8d-0df1f8aa21cb,2022-02-02 15:25:00,1,1,13533080071,561484,Gamunex-C 10GM/100ML Solution GRIFOLS USA 1X100ML,2022-01-01,2022-02-01,2022-02-01,1301.200000,2022-01-01,4,FFF,6,27,AFFILIATE,STATEN ISLAND UNIVERSITY HOSPITAL - NORTH SITE - NY2007 - AT8612966,COMMONSPIRIT HEALTH AT HOME3 - AB7319,650.06,UNK,10,2.500000,1625.150000,Refrigerated,19 - PASSIVE IMMUNIZING AND TREATMENT AGENTS,0.850,1301.200000,0.770,1379.272000,0.0600,2022-02-01,689.063600,1722.650000,97.500000,0.750,1301.200000,0.0000,2022-03-01,650.060000,1625.150000,0.000000,0.770,1301.200000,0.0000,2022-04-01,650.060000,1625.150000,0.000000,FNY05717A-FNY05717B
12,18736,99ef7b7b-f976-4c70-ae8d-0df1f8aa21cb,2022-02-02 15:25:00,1,1,13533080071,561484,Gamunex-C 10GM/100ML Solution GRIFOLS USA 1X100ML,2022-01-01,2022-02-01,2022-02-01,1301.200000,2022-01-01,4,FFF,6,48,AFFILIATE,LONG ISLAND JEWISH HOSPITAL - NY5073 - AL4849622,COMMONSPIRIT HEALTH AT HOME1 - AB7317,650.06,UNK,5,1.250000,812.575000,Refrigerated,19 - PASSIVE IMMUNIZING AND TREATMENT AGENTS,0.850,1301.200000,0.770,1379.272000,0.0600,2022-02-01,689.063600,861.325000,48.750000,0.750,1301.200000,0.0000,2022-03-01,650.060000,812.575000,0.000000,0.770,1301.200000,0.0000,2022-04-01,650.060000,812.575000,0.000000,FNY03686A-FNY03686B-FNY03686W
141,18822,6376684f-c1c1-4046-89c7-e08ee64388fe,2022-02-02 15:25:00,1,0,30237890006,590804,Provenge  Suspension DENDREON CORPORATION 1X250ML,2022-01-01,2022-02-01,2022-02-01,62602.520000,2022-02-01,2,Cardinal Health,6,7,AFFILIATE,MONTER CANCER CENTER LIJMC - 636176 - FM1916785,COMMONSPIRIT HEALTH AT HOME3 - AB7319,27111.09,340B,13,3.250000,88111.042500,Refrigerated,21 - ANTINEOPLASTICS AND ADJUNCTIVE THERAPIES,0.780,62602.520000,0.740,62602.520000,0.0000,2022-02-01,27111.090000,88111.042500,0.000000,0.790,62602.520000,0.0000,2022-03-01,27111.090000,88111.042500,0.000000,0.640,66358.671200,0.0600,2022-04-01,28737.755400,93397.720000,5286.677500,00000000000000626606-2052001662
140,18818,06afda5b-93c1-44c6-86fe-d1fab8dd34dd,2022-02-02 15:25:00,1,0,42023016425,658963,Vasostrict 20UNIT/ML Solution PAR STERILE PRODUCTS 25X1ML,2022-01-01,2022-02-01,2022-02-01,5309.430000,2022-01-01,2,Cardinal Health,6,48,AFFILIATE,LONG ISLAND JEWISH HOSPITAL - NY5073 - AL4849622,COMMONSPIRIT HEALTH AT HOME1 - AB7317,3853.99,GPO,29,7.250000,27941.427500,Refrigerated,30 - ENDOCRINE AND METABOLIC AGENTS - MISC.,0.840,5309.430000,0.800,5734.184400,0.0800,2022-02-01,4162.309200,30176.747500,2235.320000,0.760,5309.430000,0.0000,2022-03-01,3853.990000,27941.427500,0.000000,0.770,5309.430000,0.0000,2022-04-01,3853.990000,27941.427500,0.000000,00000000000000621260-00000000000000626199-00000000000000626619-00000000000000631612-00000000000000631681-00000000000000633118-2057190526-2057191217-2150137742
139,18818,06afda5b-93c1-44c6-86fe-d1fab8dd34dd,2022-02-02 15:25:00,1,0,42023016425,658963,Vasostrict 20UNIT/ML Solution PAR STERILE PRODUCTS 25X1ML,2022-01-01,2022-02-01,2022-02-01,5309.430000,2022-01-01,2,Cardinal Health,6,43,OLM,LENOX HILL HOSPITAL - NY5029 - AL4088604,COMMONSPIRIT HEALTH AT HOME1 - AB7317,5042.90,GPO,15,3.750000,18910.875000,Refrigerated,30 - ENDOCRINE AND METABOLIC AGENTS - MISC.,0.840,5309.430000,0.800,5734.184400,0.0800,2022-02-01,5446.332000,20423.737500,1512.862500,0.760,5309.430000,0.0000,2022-03-01,5042.900000,18910.875000,0.000000,0.770,5309.430000,0.0000,2022-04-01,5042.900000,18910.875000,0.000000,00000000000000634038
138,18818,06afda5b-93c1-44c6-86fe-d1fab8dd34dd,2022-02-02 15:25:00,1,0,42023016425,658963,Vasostrict 20UNIT/ML Solution PAR STERILE PRODUCTS 25X1ML,2022-01-01,2022-02-01,2022-02-01,5309.430000,2022-01-01,2,Cardinal Health,6,27,AFFILIATE,STATEN ISLAND UNIVERSITY HOSPITAL - NORTH SITE - NY2007 - AT8612966,COMMONSPIRIT HEALTH AT HOME3 - AB7319,5079.96,GPO,70,17.500000,88899.300000,Refrigerated,30 - ENDOCRINE AND METABOLIC AGENTS - MISC.,0.840,5309.430000,0.800,5734.184400,0.0800,2022-02-01,5486.356800,96011.300000,7112.000000,0.760,5309.430000,0.0000,2022-03-01,5079.960000,88899.300000,0.000000,0.770,5309.430000,0.0000,2022-04-01,5079.960000,88899.300000,0.000000,00000000000000621035-00000000000000622760-00000000000000631603-100084455-2057190152
137,18818,06afda5b-93c1-44c6-86fe-d1fab8dd34dd,2022-02-02 15:25:00,1,0,42023016425,658963,Vasostrict 20UNIT/ML Solution PAR STERILE PRODUCTS 25X1ML,2022-01-01,2022-02-01,2022-02-01,5309.430000,2022-01-01,2,Cardinal Health,6,6,AFFILIATE,PHELPS MEMORIAL HOSPITAL CENTER - 630984 - AP1866423,COMMONSPIRIT HEALTH AT HOME3 - AB7319,5079.96,GPO,27,6.750000,34289.730000,Refrigerated,30 - ENDOCRINE AND METABOLIC AGENTS - MISC.,0.840,5309.430000,0.800,5734.184400,0.0800,2022-02-01,5486.356800,37032.930000,2743.200000,0.760,5309.430000,0.0000,2022-03-01,5079.960000,34289.730000,0.000000,0.770,5309.430000,0.0000,2022-04-01,5079.960000,34289.730000,0.000000,00000000000000000361-00000000000000625995-00000000000000631909-2057190853-2057199433
136,18818,06afda5b-93c1-44c6-86fe-d1fab8dd34dd,2022-02-02 15:25:00,1,0,42023016425,658963,Vasostrict 20UNIT/ML Solution PAR STERILE PRODUCTS 25X1ML,2022-01-01,2022-02-01,2022-02-01,5309.430000,2022-01-01,2,Cardinal Health,6,1,AFFILIATE,NUHEALTH - 602097 - BN6756223,COMMONSPIRIT HEALTH AT HOME3 - AB7319,3934.84,GPO,11,2.750000,10820.810000,Refrigerated,30 - ENDOCRINE AND METABOLIC AGENTS - MISC.,0.840,5309.430000,0.800,5734.184400,0.0800,2022-02-01,4249.627200,11686.482500,865.672500,0.760,5309.430000,0.0000,2022-03-01,3934.840000,10820.810000,0.000000,0.770,5309.430000,0.0000,2022-04-01,3934.840000,10820.810000,0.000000,00000000000000623107-00000000000000631658-2057190292-2057199326
135,18818,06afda5b-93c1-44c6-86fe-d1fab8dd34dd,2022-02-02 15:25:00,1,0,42023016425,658963,Vasostrict 20UNIT/ML Solution PAR STERILE PRODUCTS 25X1ML,2022-01-01,2022-02-01,2022-02-01,5309.430000,2022-01-01,1,McKesson,6,34,AFFILIATE,JOHN T. MATHER MEMORIAL HOSPITAL - NY2243 - AM3429316,COMMONSPIRIT HEALTH AT HOME4 - AB7320,5265.26,GPO,5,1.250000,6581.575000,Refrigerated,30 - ENDOCRINE AND METABOLIC AGENTS - MISC.,0.840,5309.430000,0.800,5734.184400,0.0800,2022-02-01,5686.480800,7108.100000,526.525000,0.760,5309.430000,0.0000,2022-03-01,5265.260000,6581.575000,0.000000,0.770,5309.430000,0.0000,2022-04-01,5265.260000,6581.575000,0.000000,00000000000000622073-036780
128,18818,06afda5b-93c1-44c6-86fe-d1fab8dd34dd,2022-02-02 15:25:00,1,0,42023016425,658963,Vasostrict 20UNIT/ML Solution PAR STERILE PRODUCTS 25X1ML,2022-01-01,2022-02-01,2022-02-01,5309.430000,2022-01-01,2,Cardinal Health,6,1,AFFILIATE,NUHEALTH - 602097 - BN6756223,COMMONSPIRIT HEALTH AT HOME3 - AB7319,5066.19,WAC,22,5.500000,27864.045000,Refrigerated,30 - ENDOCRINE AND METABOLIC AGENTS - MISC.,0.840,5309.430000,0.800,5734.184400,0.0800,2022-02-01,5471.485200,30093.195000,2229.150000,0.760,5309.430000,0.0000,2022-03-01,5066.190000,27864.045000,0.000000,0.770,5309.430000,0.0000,2022-04-01,5066.190000,27864.045000,0.000000,00000000000000623107-00000000000000631658-2057190292-2057199326
129,18818,06afda5b-93c1-44c6-86fe-d1fab8dd34dd,2022-02-02 15:25:00,1,0,42023016425,658963,Vasostrict 20UNIT/ML Solution PAR STERILE PRODUCTS 25X1ML,2022-01-01,2022-02-01,2022-02-01,5309.430000,2022-01-01,2,Cardinal Health,6,6,AFFILIATE,PHELPS MEMORIAL HOSPITAL CENTER - 630984 - AP1866423,COMMONSPIRIT HEALTH AT HOME3 - AB7319,5076.25,WAC,4,1.000000,5076.250000,Refrigerated,30 - ENDOCRINE AND METABOLIC AGENTS - MISC.,0.840,5309.430000,0.800,5734.184400,0.0800,2022-02-01,5482.350000,5482.350000,406.100000,0.760,5309.430000,0.0000,2022-03-01,5076.250000,5076.250000,0.000000,0.770,5309.430000,0.0000,2022-04-01,5076.250000,5076.250000,0.000000,00000000000000000361-00000000000000625995-00000000000000631909-2057190853-2057199433
130,18818,06afda5b-93c1-44c6-86fe-d1fab8dd34dd,2022-02-02 15:25:00,1,0,42023016425,658963,Vasostrict 20UNIT/ML Solution PAR STERILE PRODUCTS 25X1ML,2022-01-01,2022-02-01,2022-02-01,5309.430000,2022-01-01,2,Cardinal Health,6,27,AFFILIATE,STATEN ISLAND UNIVERSITY HOSPITAL - NORTH SITE - NY2007 - AT8612966,COMMONSPIRIT HEALTH AT HOME3 - AB7319,5079.96,WAC,4,1.000000,5079.960000,Refrigerated,30 - ENDOCRINE AND METABOLIC AGENTS - MISC.,0.840,5309.430000,0.800,5734.184400,0.0800,2022-02-01,5486.356800,5486.360000,406.400000,0.760,5309.430000,0.0000,2022-03-01,5079.960000,5079.960000,0.000000,0.770,5309.430000,0.0000,2022-04-01,5079.960000,5079.960000,0.000000,00000000000000621035-00000000000000622760-00000000000000631603-100084455-2057190152
131,18818,06afda5b-93c1-44c6-86fe-d1fab8dd34dd,2022-02-02 15:25:00,1,0,42023016425,658963,Vasostrict 20UNIT/ML Solution PAR STERILE PRODUCTS 25X1ML,2022-01-01,2022-02-01,2022-02-01,5309.430000,2022-01-01,2,Cardinal Health,6,30,AFFILIATE,LENOX HILL HOSPITAL - NY2059 - FL1071276,COMMONSPIRIT HEALTH AT HOME4 - AB7320,159.98,WAC,4,1.000000,159.980000,Refrigerated,30 - ENDOCRINE AND METABOLIC AGENTS - MISC.,0.840,5309.430000,0.800,5734.184400,0.0800,2022-02-01,172.778400,172.780000,12.800000,0.760,5309.430000,0.0000,2022-03-01,159.980000,159.980000,0.000000,0.770,5309.430000,0.0000,2022-04-01,159.980000,159.980000,0.000000,00000000000000634034-00000000000000634537-2057188569
132,18818,06afda5b-93c1-44c6-86fe-d1fab8dd34dd,2022-02-02 15:25:00,1,0,42023016425,658963,Vasostrict 20UNIT/ML Solution PAR STERILE PRODUCTS 25X1ML,2022-01-01,2022-02-01,2022-02-01,5309.430000,2022-01-01,2,Cardinal Health,6,48,AFFILIATE,LONG ISLAND JEWISH HOSPITAL - NY5073 - AL4849622,COMMONSPIRIT HEALTH AT HOME1 - AB7317,5076.25,WAC,94,23.500000,119291.875000,Refrigerated,30 - ENDOCRINE AND METABOLIC AGENTS - MISC.,0.840,5309.430000,0.800,5734.184400,0.0800,2022-02-01,5482.350000,128835.225000,9543.350000,0.760,5309.430000,0.0000,2022-03-01,5076.250000,119291.875000,0.000000,0.770,5309.430000,0.0000,2022-04-01,5076.250000,119291.875000,0.000000,00000000000000621260-00000000000000626199-00000000000000626619-00000000000000631612-00000000000000631681-00000000000000633118-2057190526-2057191217-2150137742
133,18818,06afda5b-93c1-44c6-86fe-d1fab8dd34dd,2022-02-02 15:25:00,1,0,42023016425,658963,Vasostrict 20UNIT/ML Solution PAR STERILE PRODUCTS 25X1ML,2022-01-01,2022-02-01,2022-02-01,5309.430000,2022-01-01,2,Cardinal Health,6,6,AFFILIATE,PHELPS MEMORIAL HOSPITAL CENTER - 630984 - AP1866423,COMMONSPIRIT HEALTH AT HOME3 - AB7319,197.51,340B,1,0.250000,49.377500,Refrigerated,30 - ENDOCRINE AND METABOLIC AGENTS - MISC.,0.840,5309.430000,0.800,5734.184400,0.0800,2022-02-01,213.310800,53.327500,3.950000,0.760,5309.430000,0.0000,2022-03-01,197.510000,49.377500,0.000000,0.770,5309.430000,0.0000,2022-04-01,197.510000,49.377500,0.000000,00000000000000000361-00000000000000625995-00000000000000631909-2057190853-2057199433
134,18818,06afda5b-93c1-44c6-86fe-d1fab8dd34dd,2022-02-02 15:25:00,1,0,42023016425,658963,Vasostrict 20UNIT/ML Solution PAR STERILE PRODUCTS 25X1ML,2022-01-01,2022-02-01,2022-02-01,5309.430000,2022-01-01,2,Cardinal Health,6,48,AFFILIATE,LONG ISLAND JEWISH HOSPITAL - NY5073 - AL4849622,COMMONSPIRIT HEALTH AT HOME1 - AB7317,153.78,340B,4,1.000000,153.780000,Refrigerated,30 - ENDOCRINE AND METABOLIC AGENTS - MISC.,0.840,5309.430000,0.800,5734.184400,0.0800,2022-02-01,166.082400,166.080000,12.300000,0.760,5309.430000,0.0000,2022-03-01,153.780000,153.780000,0.000000,0.770,5309.430000,0.0000,2022-04-01,153.780000,153.780000,0.000000,00000000000000621260-00000000000000626199-00000000000000626619-00000000000000631612-00000000000000631681-00000000000000633118-2057190526-2057191217-2150137742
64,18776,15124b55-df72-4b93-849b-77d4b272ab00,2022-02-02 15:25:00,1,0,42023019001,658977,Vasostrict 20UNIT/ML Solution PAR STERILE PRODUCTS 1X10ML,2022-01-01,2022-02-01,2022-02-01,2123.770000,2021-12-01,2,Cardinal Health,6,37,AFFILIATE,SOUTHSIDE HOSPITAL - NY2327 - AS0779441,COMMONSPIRIT HEALTH AT HOME4 - AB7320,2031.98,WAC,4,1.000000,2031.980000,Refrigerated,30 - ENDOCRINE AND METABOLIC AGENTS - MISC.,0.860,2123.770000,0.920,2272.433900,0.0700,2022-02-01,2174.218600,2174.220000,142.240000,0.870,2123.770000,0.0000,2022-03-01,2031.980000,2031.980000,0.000000,0.880,2123.770000,0.0000,2022-04-01,2031.980000,2031.980000,0.000000,00000000000000403369-00000000000000622942-00000000000000631607-2057190146
65,18776,15124b55-df72-4b93-849b-77d4b272ab00,2022-02-02 15:25:00,1,0,42023019001,658977,Vasostrict 20UNIT/ML Solution PAR STERILE PRODUCTS 1X10ML,2022-01-01,2022-02-01,2022-02-01,2123.770000,2021-12-01,2,Cardinal Health,6,46,AFFILIATE,LONG ISLAND JEWISH VALLEY STREAM - NY5064 - AF5712509,COMMONSPIRIT HEALTH AT HOME1 - AB7317,67.11,WAC,26,6.500000,436.215000,Refrigerated,30 - ENDOCRINE AND METABOLIC AGENTS - MISC.,0.860,2123.770000,0.920,2272.433900,0.0700,2022-02-01,71.807700,466.765000,30.550000,0.870,2123.770000,0.0000,2022-03-01,67.110000,436.215000,0.000000,0.880,2123.770000,0.0000,2022-04-01,67.110000,436.215000,0.000000,00000000000000403221-00000000000000632480-00000000000000632510-2057199585-2150124841-2150131113
66,18776,15124b55-df72-4b93-849b-77d4b272ab00,2022-02-02 15:25:00,1,0,42023019001,658977,Vasostrict 20UNIT/ML Solution PAR STERILE PRODUCTS 1X10ML,2022-01-01,2022-02-01,2022-02-01,2123.770000,2021-12-01,2,Cardinal Health,6,48,AFFILIATE,LONG ISLAND JEWISH HOSPITAL - NY5073 - AL4849622,COMMONSPIRIT HEALTH AT HOME1 - AB7317,63.99,WAC,11,2.750000,175.972500,Refrigerated,30 - ENDOCRINE AND METABOLIC AGENTS - MISC.,0.860,2123.770000,0.920,2272.433900,0.0700,2022-02-01,68.469300,188.292500,12.320000,0.870,2123.770000,0.0000,2022-03-01,63.990000,175.972500,0.000000,0.880,2123.770000,0.0000,2022-04-01,63.990000,175.972500,0.000000,00000000000000621260-00000000000000626619-00000000000000631612-00000000000000631681-2150126933-2150137742
67,18776,15124b55-df72-4b93-849b-77d4b272ab00,2022-02-02 15:25:00,1,0,42023019001,658977,Vasostrict 20UNIT/ML Solution PAR STERILE PRODUCTS 1X10ML,2022-01-01,2022-02-01,2022-02-01,2123.770000,2021-12-01,2,Cardinal Health,6,37,AFFILIATE,SOUTHSIDE HOSPITAL - NY2327 - AS0779441,COMMONSPIRIT HEALTH AT HOME4 - AB7320,79.14,340B,1,0.250000,19.785000,Refrigerated,30 - ENDOCRINE AND METABOLIC AGENTS - MISC.,0.860,2123.770000,0.920,2272.433900,0.0700,2022-02-01,84.679800,21.170000,1.385000,0.870,2123.770000,0.0000,2022-03-01,79.140000,19.785000,0.000000,0.880,2123.770000,0.0000,2022-04-01,79.140000,19.785000,0.000000,00000000000000403369-00000000000000622942-00000000000000631607-2057190146
68,18776,15124b55-df72-4b93-849b-77d4b272ab00,2022-02-02 15:25:00,1,0,42023019001,658977,Vasostrict 20UNIT/ML Solution PAR STERILE PRODUCTS 1X10ML,2022-01-01,2022-02-01,2022-02-01,2123.770000,2021-12-01,2,Cardinal Health,6,46,AFFILIATE,LONG ISLAND JEWISH VALLEY STREAM - NY5064 - AF5712509,COMMONSPIRIT HEALTH AT HOME1 - AB7317,52.91,340B,2,0.500000,26.455000,Refrigerated,30 - ENDOCRINE AND METABOLIC AGENTS - MISC.,0.860,2123.770000,0.920,2272.433900,0.0700,2022-02-01,56.613700,28.305000,1.850000,0.870,2123.770000,0.0000,2022-03-01,52.910000,26.455000,0.000000,0.880,2123.770000,0.0000,2022-04-01,52.910000,26.455000,0.000000,00000000000000403221-00000000000000632480-00000000000000632510-2057199585-2150124841-2150131113
69,18776,15124b55-df72-4b93-849b-77d4b272ab00,2022-02-02 15:25:00,1,0,42023019001,658977,Vasostrict 20UNIT/ML Solution PAR STERILE PRODUCTS 1X10ML,2022-01-01,2022-02-01,2022-02-01,2123.770000,2021-12-01,2,Cardinal Health,6,32,AFFILIATE,NORTH SHORE UNIVERSITY HOSPITAL - NY2179 - AN0768917,COMMONSPIRIT HEALTH AT HOME4 - AB7320,1541.60,GPO,26,6.500000,10020.400000,Refrigerated,30 - ENDOCRINE AND METABOLIC AGENTS - MISC.,0.860,2123.770000,0.920,2272.433900,0.0700,2022-02-01,1649.512000,10721.815000,701.415000,0.870,2123.770000,0.0000,2022-03-01,1541.600000,10020.400000,0.000000,0.880,2123.770000,0.0000,2022-04-01,1541.600000,10020.400000,0.000000,00000000000000399543-00000000000000635192-100083867-2057199823
70,18776,15124b55-df72-4b93-849b-77d4b272ab00,2022-02-02 15:25:00,1,0,42023019001,658977,Vasostrict 20UNIT/ML Solution PAR STERILE PRODUCTS 1X10ML,2022-01-01,2022-02-01,2022-02-01,2123.770000,2021-12-01,2,Cardinal Health,6,34,AFFILIATE,JOHN T. MATHER MEMORIAL HOSPITAL - NY2243 - AM3429316,COMMONSPIRIT HEALTH AT HOME4 - AB7320,2031.98,GPO,2,0.500000,1015.990000,Refrigerated,30 - ENDOCRINE AND METABOLIC AGENTS - MISC.,0.860,2123.770000,0.920,2272.433900,0.0700,2022-02-01,2174.218600,1087.110000,71.120000,0.870,2123.770000,0.0000,2022-03-01,2031.980000,1015.990000,0.000000,0.880,2123.770000,0.0000,2022-04-01,2031.980000,1015.990000,0.000000,2057198540
71,18776,15124b55-df72-4b93-849b-77d4b272ab00,2022-02-02 15:25:00,1,0,42023019001,658977,Vasostrict 20UNIT/ML Solution PAR STERILE PRODUCTS 1X10ML,2022-01-01,2022-02-01,2022-02-01,2123.770000,2021-12-01,2,Cardinal Health,6,37,AFFILIATE,SOUTHSIDE HOSPITAL - NY2327 - AS0779441,COMMONSPIRIT HEALTH AT HOME4 - AB7320,2019.17,GPO,47,11.750000,23725.247500,Refrigerated,30 - ENDOCRINE AND METABOLIC AGENTS - MISC.,0.860,2123.770000,0.920,2272.433900,0.0700,2022-02-01,2160.511900,25385.992500,1660.745000,0.870,2123.770000,0.0000,2022-03-01,2019.170000,23725.247500,0.000000,0.880,2123.770000,0.0000,2022-04-01,2019.170000,23725.247500,0.000000,00000000000000403369-00000000000000622942-00000000000000631607-2057190146
72,18776,15124b55-df72-4b93-849b-77d4b272ab00,2022-02-02 15:25:00,1,0,42023019001,658977,Vasostrict 20UNIT/ML Solution PAR STERILE PRODUCTS 1X10ML,2022-01-01,2022-02-01,2022-02-01,2123.770000,2021-12-01,2,Cardinal Health,6,46,AFFILIATE,LONG ISLAND JEWISH VALLEY STREAM - NY5064 - AF5712509,COMMONSPIRIT HEALTH AT HOME1 - AB7317,1582.02,GPO,2,0.500000,791.010000,Refrigerated,30 - ENDOCRINE AND METABOLIC AGENTS - MISC.,0.860,2123.770000,0.920,2272.433900,0.0700,2022-02-01,1692.761400,846.380000,55.370000,0.870,2123.770000,0.0000,2022-03-01,1582.020000,791.010000,0.000000,0.880,2123.770000,0.0000,2022-04-01,1582.020000,791.010000,0.000000,00000000000000403221-00000000000000632480-00000000000000632510-2057199585-2150124841-2150131113
73,18776,15124b55-df72-4b93-849b-77d4b272ab00,2022-02-02 15:25:00,1,0,42023019001,658977,Vasostrict 20UNIT/ML Solution PAR STERILE PRODUCTS 1X10ML,2022-01-01,2022-02-01,2022-02-01,2123.770000,2021-12-01,2,Cardinal Health,6,48,AFFILIATE,LONG ISLAND JEWISH HOSPITAL - NY5073 - AL4849622,COMMONSPIRIT HEALTH AT HOME1 - AB7317,1541.60,GPO,14,3.500000,5395.600000,Refrigerated,30 - ENDOCRINE AND METABOLIC AGENTS - MISC.,0.860,2123.770000,0.920,2272.433900,0.0700,2022-02-01,1649.512000,5773.285000,377.685000,0.870,2123.770000,0.0000,2022-03-01,1541.600000,5395.600000,0.000000,0.880,2123.770000,0.0000,2022-04-01,1541.600000,5395.600000,0.000000,00000000000000621260-00000000000000626619-00000000000000631612-00000000000000631681-2150126933-2150137742
88,18794,fb65a495-e61b-4492-97c8-93b7c739d8a1,2022-02-02 15:25:00,1,0,42747072601,579211,Sancuso 3.1MG/24HR Patch KYOWA KIRIN 1X1EA,2022-01-01,2022-02-01,2022-02-01,605.850000,2022-01-01,2,Cardinal Health,6,34,AFFILIATE,JOHN T. MATHER MEMORIAL HOSPITAL - NY2243 - AM3429316,COMMONSPIRIT HEALTH AT HOME4 - AB7320,577.92,GPO,1,0.250000,144.480000,Normal (room temperature),50 - ANTIEMETICS,0.890,605.850000,0.840,636.142500,0.0500,2022-02-01,606.816000,151.705000,7.225000,0.730,605.850000,0.0000,2022-03-01,577.920000,144.480000,0.000000,0.790,605.850000,0.0000,2022-04-01,577.920000,144.480000,0.000000,00000000000000622073-036780
87,18794,fb65a495-e61b-4492-97c8-93b7c739d8a1,2022-02-02 15:25:00,1,0,42747072601,579211,Sancuso 3.1MG/24HR Patch KYOWA KIRIN 1X1EA,2022-01-01,2022-02-01,2022-02-01,605.850000,2022-01-01,2,Cardinal Health,6,18,OLM,VIVO HEALTH PHARMACY AT CFAM - 760758 - FT5327615,COMMONSPIRIT HEALTH AT HOME3 - AB7319,569.50,GPO,1,0.250000,142.375000,Normal (room temperature),50 - ANTIEMETICS,0.890,605.850000,0.840,636.142500,0.0500,2022-02-01,597.975000,149.495000,7.120000,0.730,605.850000,0.0000,2022-03-01,569.500000,142.375000,0.000000,0.790,605.850000,0.0000,2022-04-01,569.500000,142.375000,0.000000,00000000000000634388-00000000000000634447-2052031066-33254
86,18794,fb65a495-e61b-4492-97c8-93b7c739d8a1,2022-02-02 15:25:00,1,0,42747072601,579211,Sancuso 3.1MG/24HR Patch KYOWA KIRIN 1X1EA,2022-01-01,2022-02-01,2022-02-01,605.850000,2022-01-01,2,Cardinal Health,6,22,AFFILIATE,PHELPS MEMORIAL HOSPITAL RETAIL PHARMACY - 798995 - FP0048137,COMMONSPIRIT HEALTH AT HOME3 - ABC77,220.93,340B,35,8.750000,1933.137500,Normal (room temperature),50 - ANTIEMETICS,0.890,605.850000,0.840,636.142500,0.0500,2022-02-01,231.976500,2029.825000,96.687500,0.730,605.850000,0.0000,2022-03-01,220.930000,1933.137500,0.000000,0.790,605.850000,0.0000,2022-04-01,220.930000,1933.137500,0.000000,00000000000000634414-23897
85,18794,fb65a495-e61b-4492-97c8-93b7c739d8a1,2022-02-02 15:25:00,1,0,42747072601,579211,Sancuso 3.1MG/24HR Patch KYOWA KIRIN 1X1EA,2022-01-01,2022-02-01,2022-02-01,605.850000,2022-01-01,2,Cardinal Health,6,18,OLM,VIVO HEALTH PHARMACY AT CFAM - 760758 - FT5327615,COMMONSPIRIT HEALTH AT HOME3 - AB7319,220.93,340B,3,0.750000,165.697500,Normal (room temperature),50 - ANTIEMETICS,0.890,605.850000,0.840,636.142500,0.0500,2022-02-01,231.976500,173.985000,8.287500,0.730,605.850000,0.0000,2022-03-01,220.930000,165.697500,0.000000,0.790,605.850000,0.0000,2022-04-01,220.930000,165.697500,0.000000,00000000000000634388-00000000000000634447-2052031066-33254
84,18794,fb65a495-e61b-4492-97c8-93b7c739d8a1,2022-02-02 15:25:00,1,0,42747072601,579211,Sancuso 3.1MG/24HR Patch KYOWA KIRIN 1X1EA,2022-01-01,2022-02-01,2022-02-01,605.850000,2022-01-01,2,Cardinal Health,6,20,OLM,LONG ISLAND JEWISH MEDICAL CENTER - VIVO HEALTH - 765139 - FL4865107,COMMONSPIRIT HEALTH AT HOME3 - AB7319,220.76,WAC,4,1.000000,220.760000,Normal (room temperature),50 - ANTIEMETICS,0.890,605.850000,0.840,636.142500,0.0500,2022-02-01,231.798000,231.800000,11.040000,0.730,605.850000,0.0000,2022-03-01,220.760000,220.760000,0.000000,0.790,605.850000,0.0000,2022-04-01,220.760000,220.760000,0.000000,00000000000000634290-2150122426-44889
122,18815,093eedb3-060d-43ac-ab18-c7c4d655e741,2022-02-02 15:25:00,1,0,50742051530,636742,Nitro-Dur 0.3MG/HR Patch 24 HR INGENUS PHARMACEUTICALS 1X30EA,2022-01-01,2022-02-01,2022-02-01,1177.580000,2021-12-01,2,Cardinal Health,6,6,AFFILIATE,PHELPS MEMORIAL HOSPITAL CENTER - 630984 - AP1866423,COMMONSPIRIT HEALTH AT HOME3 - AB7319,1121.64,WAC,1,0.250000,280.410000,Normal (room temperature),32 - ANTIANGINAL AGENTS,0.840,1177.580000,0.790,1471.975000,0.2500,2022-02-01,1402.050000,350.512500,70.102500,0.740,1177.580000,0.0000,2022-03-01,1121.640000,280.410000,0.000000,0.760,1177.580000,0.0000,2022-04-01,1121.640000,280.410000,0.000000,00000000000000631909
123,18815,093eedb3-060d-43ac-ab18-c7c4d655e741,2022-02-02 15:25:00,1,0,50742051530,636742,Nitro-Dur 0.3MG/HR Patch 24 HR INGENUS PHARMACEUTICALS 1X30EA,2022-01-01,2022-02-01,2022-02-01,1177.580000,2021-12-01,2,Cardinal Health,6,37,AFFILIATE,SOUTHSIDE HOSPITAL - NY2327 - AS0779441,COMMONSPIRIT HEALTH AT HOME4 - AB7320,1121.64,WAC,1,0.250000,280.410000,Normal (room temperature),32 - ANTIANGINAL AGENTS,0.840,1177.580000,0.790,1471.975000,0.2500,2022-02-01,1402.050000,350.512500,70.102500,0.740,1177.580000,0.0000,2022-03-01,1121.640000,280.410000,0.000000,0.760,1177.580000,0.0000,2022-04-01,1121.640000,280.410000,0.000000,00000000000000631607
124,18815,093eedb3-060d-43ac-ab18-c7c4d655e741,2022-02-02 15:25:00,1,0,50742051530,636742,Nitro-Dur 0.3MG/HR Patch 24 HR INGENUS PHARMACEUTICALS 1X30EA,2022-01-01,2022-02-01,2022-02-01,1177.580000,2021-12-01,2,Cardinal Health,6,46,AFFILIATE,LONG ISLAND JEWISH VALLEY STREAM - NY5064 - AF5712509,COMMONSPIRIT HEALTH AT HOME1 - AB7317,1100.21,WAC,1,0.250000,275.052500,Normal (room temperature),32 - ANTIANGINAL AGENTS,0.840,1177.580000,0.790,1471.975000,0.2500,2022-02-01,1375.262500,343.815000,68.762500,0.740,1177.580000,0.0000,2022-03-01,1100.210000,275.052500,0.000000,0.760,1177.580000,0.0000,2022-04-01,1100.210000,275.052500,0.000000,00000000000000632510-2150131113
125,18815,093eedb3-060d-43ac-ab18-c7c4d655e741,2022-02-02 15:25:00,1,0,50742051530,636742,Nitro-Dur 0.3MG/HR Patch 24 HR INGENUS PHARMACEUTICALS 1X30EA,2022-01-01,2022-02-01,2022-02-01,1177.580000,2021-12-01,1,McKesson,6,34,AFFILIATE,JOHN T. MATHER MEMORIAL HOSPITAL - NY2243 - AM3429316,COMMONSPIRIT HEALTH AT HOME4 - AB7320,1114.58,GPO,1,0.250000,278.645000,Normal (room temperature),32 - ANTIANGINAL AGENTS,0.840,1177.580000,0.790,1471.975000,0.2500,2022-02-01,1393.225000,348.307500,69.662500,0.740,1177.580000,0.0000,2022-03-01,1114.580000,278.645000,0.000000,0.760,1177.580000,0.0000,2022-04-01,1114.580000,278.645000,0.000000,036780
126,18815,093eedb3-060d-43ac-ab18-c7c4d655e741,2022-02-02 15:25:00,1,0,50742051530,636742,Nitro-Dur 0.3MG/HR Patch 24 HR INGENUS PHARMACEUTICALS 1X30EA,2022-01-01,2022-02-01,2022-02-01,1177.580000,2021-12-01,2,Cardinal Health,6,31,AFFILIATE,NORTH SHORE UNIVERSITY HOSPITAL AT SYOSSET - NY2170 - BN5716545,COMMONSPIRIT HEALTH AT HOME4 - AB7320,1123.29,GPO,1,0.250000,280.822500,Normal (room temperature),32 - ANTIANGINAL AGENTS,0.840,1177.580000,0.790,1471.975000,0.2500,2022-02-01,1404.112500,351.027500,70.205000,0.740,1177.580000,0.0000,2022-03-01,1123.290000,280.822500,0.000000,0.760,1177.580000,0.0000,2022-04-01,1123.290000,280.822500,0.000000,00000000000000635196
127,18815,093eedb3-060d-43ac-ab18-c7c4d655e741,2022-02-02 15:25:00,1,0,50742051530,636742,Nitro-Dur 0.3MG/HR Patch 24 HR INGENUS PHARMACEUTICALS 1X30EA,2022-01-01,2022-02-01,2022-02-01,1177.580000,2021-12-01,2,Cardinal Health,6,32,AFFILIATE,NORTH SHORE UNIVERSITY HOSPITAL - NY2179 - AN0768917,COMMONSPIRIT HEALTH AT HOME4 - AB7320,1125.30,GPO,1,0.250000,281.325000,Normal (room temperature),32 - ANTIANGINAL AGENTS,0.840,1177.580000,0.790,1471.975000,0.2500,2022-02-01,1406.625000,351.657500,70.332500,0.740,1177.580000,0.0000,2022-03-01,1125.300000,281.325000,0.000000,0.760,1177.580000,0.0000,2022-04-01,1125.300000,281.325000,0.000000,00000000000000399543
49,18767,9b18e7a7-8d18-41b4-9067-54eb570010ea,2022-02-02 15:25:00,1,0,55566280001,674069,Cervidil 10MG Insert FERRING 1X1EA,2022-01-01,2022-02-01,2022-02-01,456.990000,2022-02-01,3,AmerisourceBergen Drug Corporation,6,27,AFFILIATE,STATEN ISLAND UNIVERSITY HOSPITAL - NORTH SITE - NY2007 - AT8612966,COMMONSPIRIT HEALTH AT HOME3 - AB7319,430.91,GPO,6,1.500000,646.365000,Frozen,29 - OXYTOCICS,0.760,456.990000,0.740,456.990000,0.0000,2022-02-01,430.910000,646.365000,0.000000,0.830,456.990000,0.0000,2022-03-01,430.910000,646.365000,0.000000,0.690,479.839500,0.0500,2022-04-01,452.455500,678.690000,32.325000,00000000000000621035-00000000000000631603-100084455-2057202456
48,18767,9b18e7a7-8d18-41b4-9067-54eb570010ea,2022-02-02 15:25:00,1,0,55566280001,674069,Cervidil 10MG Insert FERRING 1X1EA,2022-01-01,2022-02-01,2022-02-01,456.990000,2022-02-01,2,Cardinal Health,6,45,AFFILIATE,HUNTINGTON HOSPITAL - NY5063 - AH0768296,COMMONSPIRIT HEALTH AT HOME1 - AB7317,416.30,GPO,195,48.750000,20294.625000,Frozen,29 - OXYTOCICS,0.760,456.990000,0.740,456.990000,0.0000,2022-02-01,416.300000,20294.625000,0.000000,0.830,456.990000,0.0000,2022-03-01,416.300000,20294.625000,0.000000,0.690,479.839500,0.0500,2022-04-01,437.115000,21309.600000,1014.975000,00000000000000403231-00000000000000635190-100083493-2057199586
47,18767,9b18e7a7-8d18-41b4-9067-54eb570010ea,2022-02-02 15:25:00,1,0,55566280001,674069,Cervidil 10MG Insert FERRING 1X1EA,2022-01-01,2022-02-01,2022-02-01,456.990000,2022-02-01,2,Cardinal Health,6,43,OLM,LENOX HILL HOSPITAL - NY5029 - AL4088604,COMMONSPIRIT HEALTH AT HOME1 - AB7317,416.30,GPO,219,54.750000,22792.425000,Frozen,29 - OXYTOCICS,0.760,456.990000,0.740,456.990000,0.0000,2022-02-01,416.300000,22792.425000,0.000000,0.830,456.990000,0.0000,2022-03-01,416.300000,22792.425000,0.000000,0.690,479.839500,0.0500,2022-04-01,437.115000,23932.320000,1139.895000,00000000000000634038-00000000000000634536-100061498-2057188568-2057193921
46,18767,9b18e7a7-8d18-41b4-9067-54eb570010ea,2022-02-02 15:25:00,1,0,55566280001,674069,Cervidil 10MG Insert FERRING 1X1EA,2022-01-01,2022-02-01,2022-02-01,456.990000,2022-02-01,2,Cardinal Health,6,37,AFFILIATE,SOUTHSIDE HOSPITAL - NY2327 - AS0779441,COMMONSPIRIT HEALTH AT HOME4 - AB7320,427.21,GPO,28,7.000000,2990.470000,Frozen,29 - OXYTOCICS,0.760,456.990000,0.740,456.990000,0.0000,2022-02-01,427.210000,2990.470000,0.000000,0.830,456.990000,0.0000,2022-03-01,427.210000,2990.470000,0.000000,0.690,479.839500,0.0500,2022-04-01,448.570500,3139.990000,149.520000,00000000000000403369-00000000000000631607-2057199694
45,18767,9b18e7a7-8d18-41b4-9067-54eb570010ea,2022-02-02 15:25:00,1,0,55566280001,674069,Cervidil 10MG Insert FERRING 1X1EA,2022-01-01,2022-02-01,2022-02-01,456.990000,2022-02-01,2,Cardinal Health,6,27,AFFILIATE,STATEN ISLAND UNIVERSITY HOSPITAL - NORTH SITE - NY2007 - AT8612966,COMMONSPIRIT HEALTH AT HOME3 - AB7319,416.30,GPO,248,62.000000,25810.600000,Frozen,29 - OXYTOCICS,0.760,456.990000,0.740,456.990000,0.0000,2022-02-01,416.300000,25810.600000,0.000000,0.830,456.990000,0.0000,2022-03-01,416.300000,25810.600000,0.000000,0.690,479.839500,0.0500,2022-04-01,437.115000,27101.440000,1290.840000,00000000000000621035-00000000000000631603-100084455-2057202456
44,18767,9b18e7a7-8d18-41b4-9067-54eb570010ea,2022-02-02 15:25:00,1,0,55566280001,674069,Cervidil 10MG Insert FERRING 1X1EA,2022-01-01,2022-02-01,2022-02-01,456.990000,2022-02-01,2,Cardinal Health,6,6,AFFILIATE,PHELPS MEMORIAL HOSPITAL CENTER - 630984 - AP1866423,COMMONSPIRIT HEALTH AT HOME3 - AB7319,416.30,GPO,122,30.500000,12697.150000,Frozen,29 - OXYTOCICS,0.760,456.990000,0.740,456.990000,0.0000,2022-02-01,416.300000,12697.150000,0.000000,0.830,456.990000,0.0000,2022-03-01,416.300000,12697.150000,0.000000,0.690,479.839500,0.0500,2022-04-01,437.115000,13332.160000,635.010000,00000000000000000361-00000000000000631909-2057190853-2057199433
43,18767,9b18e7a7-8d18-41b4-9067-54eb570010ea,2022-02-02 15:25:00,1,0,55566280001,674069,Cervidil 10MG Insert FERRING 1X1EA,2022-01-01,2022-02-01,2022-02-01,456.990000,2022-02-01,2,Cardinal Health,6,5,AFFILIATE,NORTHERN WESTCHESTER HOSPITAL - 630983 - AN1797692,COMMONSPIRIT HEALTH AT HOME3 - AB7319,427.21,GPO,36,9.000000,3844.890000,Frozen,29 - OXYTOCICS,0.760,456.990000,0.740,456.990000,0.0000,2022-02-01,427.210000,3844.890000,0.000000,0.830,456.990000,0.0000,2022-03-01,427.210000,3844.890000,0.000000,0.690,479.839500,0.0500,2022-04-01,448.570500,4037.130000,192.240000,00000000000000003916-2057199317
42,18767,9b18e7a7-8d18-41b4-9067-54eb570010ea,2022-02-02 15:25:00,1,0,55566280001,674069,Cervidil 10MG Insert FERRING 1X1EA,2022-01-01,2022-02-01,2022-02-01,456.990000,2022-02-01,2,Cardinal Health,6,4,AFFILIATE,PECONIC BAY MEDICAL CENTER - 606222 - BC9945570,COMMONSPIRIT HEALTH AT HOME3 - AB7319,427.52,GPO,1,0.250000,106.880000,Frozen,29 - OXYTOCICS,0.760,456.990000,0.740,456.990000,0.0000,2022-02-01,427.520000,106.880000,0.000000,0.830,456.990000,0.0000,2022-03-01,427.520000,106.880000,0.000000,0.690,479.839500,0.0500,2022-04-01,448.896000,112.225000,5.345000,00000000000000623470-00000000000000635199-2057199853
41,18767,9b18e7a7-8d18-41b4-9067-54eb570010ea,2022-02-02 15:25:00,1,0,55566280001,674069,Cervidil 10MG Insert FERRING 1X1EA,2022-01-01,2022-02-01,2022-02-01,456.990000,2022-02-01,2,Cardinal Health,6,43,OLM,LENOX HILL HOSPITAL - NY5029 - AL4088604,COMMONSPIRIT HEALTH AT HOME1 - AB7317,129.75,340B,32,8.000000,1038.000000,Frozen,29 - OXYTOCICS,0.760,456.990000,0.740,456.990000,0.0000,2022-02-01,129.750000,1038.000000,0.000000,0.830,456.990000,0.0000,2022-03-01,129.750000,1038.000000,0.000000,0.690,479.839500,0.0500,2022-04-01,136.237500,1089.920000,51.920000,00000000000000634038-00000000000000634536-100061498-2057188568-2057193921
40,18767,9b18e7a7-8d18-41b4-9067-54eb570010ea,2022-02-02 15:25:00,1,0,55566280001,674069,Cervidil 10MG Insert FERRING 1X1EA,2022-01-01,2022-02-01,2022-02-01,456.990000,2022-02-01,2,Cardinal Health,6,43,OLM,LENOX HILL HOSPITAL - NY5029 - AL4088604,COMMONSPIRIT HEALTH AT HOME1 - AB7317,128.60,WAC,5,1.250000,160.750000,Frozen,29 - OXYTOCICS,0.760,456.990000,0.740,456.990000,0.0000,2022-02-01,128.600000,160.750000,0.000000,0.830,456.990000,0.0000,2022-03-01,128.600000,160.750000,0.000000,0.690,479.839500,0.0500,2022-04-01,135.030000,168.787500,8.037500,00000000000000634038-00000000000000634536-100061498-2057188568-2057193921
39,18767,9b18e7a7-8d18-41b4-9067-54eb570010ea,2022-02-02 15:25:00,1,0,55566280001,674069,Cervidil 10MG Insert FERRING 1X1EA,2022-01-01,2022-02-01,2022-02-01,456.990000,2022-02-01,2,Cardinal Health,6,27,AFFILIATE,STATEN ISLAND UNIVERSITY HOSPITAL - NORTH SITE - NY2007 - AT8612966,COMMONSPIRIT HEALTH AT HOME3 - AB7319,435.28,WAC,8,2.000000,870.560000,Frozen,29 - OXYTOCICS,0.760,456.990000,0.740,456.990000,0.0000,2022-02-01,435.280000,870.560000,0.000000,0.830,456.990000,0.0000,2022-03-01,435.280000,870.560000,0.000000,0.690,479.839500,0.0500,2022-04-01,457.044000,914.080000,43.520000,00000000000000621035-00000000000000631603-100084455-2057202456
38,18767,9b18e7a7-8d18-41b4-9067-54eb570010ea,2022-02-02 15:25:00,1,0,55566280001,674069,Cervidil 10MG Insert FERRING 1X1EA,2022-01-01,2022-02-01,2022-02-01,456.990000,2022-02-01,2,Cardinal Health,6,6,AFFILIATE,PHELPS MEMORIAL HOSPITAL CENTER - 630984 - AP1866423,COMMONSPIRIT HEALTH AT HOME3 - AB7319,426.97,WAC,44,11.000000,4696.670000,Frozen,29 - OXYTOCICS,0.760,456.990000,0.740,456.990000,0.0000,2022-02-01,426.970000,4696.670000,0.000000,0.830,456.990000,0.0000,2022-03-01,426.970000,4696.670000,0.000000,0.690,479.839500,0.0500,2022-04-01,448.318500,4931.520000,234.850000,00000000000000000361-00000000000000631909-2057190853-2057199433
77,18781,fe82825a-a771-43e3-8f69-7bc85f0853fb,2022-02-02 15:25:00,1,0,55566750102,674077,"Menopur 75UNIT Solution
Reconstituted FERRING 5X1EA",2022-01-01,2022-02-01,2022-02-01,1089.450000,2022-02-01,1,McKesson,6,24,AFFILIATE,VIVO SPECIALTY PHARMACY - 826003 - FL7273193,COMMONSPIRIT HEALTH AT HOME3 - AB7319,1062.21,GPO,10,2.500000,2655.525000,Normal (room temperature),30 - ENDOCRINE AND METABOLIC AGENTS - MISC.,0.850,1100.344500,0.730,1089.450000,0.0000,2022-02-01,1062.210000,2655.525000,0.000000,0.740,1089.450000,0.0000,2022-03-01,1062.210000,2655.525000,0.000000,0.750,1133.028000,0.0400,2022-04-01,1104.698400,2761.750000,106.225000,905492
76,18781,fe82825a-a771-43e3-8f69-7bc85f0853fb,2022-02-02 15:25:00,1,0,55566750102,674077,"Menopur 75UNIT Solution
Reconstituted FERRING 5X1EA",2022-01-01,2022-02-01,2022-02-01,1089.450000,2022-02-01,2,Cardinal Health,6,37,AFFILIATE,SOUTHSIDE HOSPITAL - NY2327 - AS0779441,COMMONSPIRIT HEALTH AT HOME4 - AB7320,0.05,340B,4,1.000000,0.050000,Normal (room temperature),30 - ENDOCRINE AND METABOLIC AGENTS - MISC.,0.850,1100.344500,0.730,1089.450000,0.0000,2022-02-01,0.050000,0.050000,0.000000,0.740,1089.450000,0.0000,2022-03-01,0.050000,0.050000,0.000000,0.750,1133.028000,0.0400,2022-04-01,0.052000,0.050000,0.000000,00000000000000634902-00000000000000634917
75,18781,fe82825a-a771-43e3-8f69-7bc85f0853fb,2022-02-02 15:25:00,1,0,55566750102,674077,"Menopur 75UNIT Solution
Reconstituted FERRING 5X1EA",2022-01-01,2022-02-01,2022-02-01,1089.450000,2022-02-01,2,Cardinal Health,6,37,AFFILIATE,SOUTHSIDE HOSPITAL - NY2327 - AS0779441,COMMONSPIRIT HEALTH AT HOME4 - AB7320,1039.23,WAC,2,0.500000,519.615000,Normal (room temperature),30 - ENDOCRINE AND METABOLIC AGENTS - MISC.,0.850,1100.344500,0.730,1089.450000,0.0000,2022-02-01,1039.230000,519.615000,0.000000,0.740,1089.450000,0.0000,2022-03-01,1039.230000,519.615000,0.000000,0.750,1133.028000,0.0400,2022-04-01,1080.799200,540.400000,20.785000,00000000000000634902-00000000000000634917
74,18781,fe82825a-a771-43e3-8f69-7bc85f0853fb,2022-02-02 15:25:00,1,0,55566750102,674077,"Menopur 75UNIT Solution
Reconstituted FERRING 5X1EA",2022-01-01,2022-02-01,2022-02-01,1089.450000,2022-02-01,2,Cardinal Health,6,22,AFFILIATE,PHELPS MEMORIAL HOSPITAL RETAIL PHARMACY - 798995 - FP0048137,COMMONSPIRIT HEALTH AT HOME3 - ABC77,1037.70,WAC,3,0.750000,778.275000,Normal (room temperature),30 - ENDOCRINE AND METABOLIC AGENTS - MISC.,0.850,1100.344500,0.730,1089.450000,0.0000,2022-02-01,1037.700000,778.275000,0.000000,0.740,1089.450000,0.0000,2022-03-01,1037.700000,778.275000,0.000000,0.750,1133.028000,0.0400,2022-04-01,1079.208000,809.407500,31.132500,00000000000000634442-23897
63,18775,0e7939ab-8a7c-45e1-bd4a-70eadc84756b,2022-02-02 15:25:00,1,0,64896066101,703410,"Rytary 23.75-95MG Capsule Extended
Release* AMNEAL SPECIALTY 1X100EA",2022-01-01,2022-02-01,2022-02-01,350.050000,2022-02-01,2,Cardinal Health,6,32,AFFILIATE,NORTH SHORE UNIVERSITY HOSPITAL - NY2179 - AN0768917,COMMONSPIRIT HEALTH AT HOME4 - AB7320,335.87,GPO,3,0.750000,251.902500,Normal (room temperature),73 - ANTIPARKINSON AND RELATED THERAPY AGENTS,0.840,350.050000,0.770,364.052000,0.0400,2022-02-01,349.304800,261.975000,10.072500,0.810,350.050000,0.0000,2022-03-01,335.870000,251.902500,0.000000,0.820,350.050000,0.0000,2022-04-01,335.870000,251.902500,0.000000,00000000000000399543
32,18766,70500203-25ec-4b32-8cf7-4fbd41d11f41,2022-02-02 15:25:00,1,0,64896066201,703421,"Rytary 36.25-145MG Capsule Extended
Release* AMNEAL SPECIALTY 1X100EA",2022-01-01,2022-02-01,2022-02-01,350.050000,2022-02-01,2,Cardinal Health,6,27,AFFILIATE,STATEN ISLAND UNIVERSITY HOSPITAL - NORTH SITE - NY2007 - AT8612966,COMMONSPIRIT HEALTH AT HOME3 - AB7319,335.87,WAC,4,1.000000,335.870000,Normal (room temperature),73 - ANTIPARKINSON AND RELATED THERAPY AGENTS,0.840,350.050000,0.770,364.052000,0.0400,2022-02-01,349.304800,349.300000,13.430000,0.810,350.050000,0.0000,2022-03-01,335.870000,335.870000,0.000000,0.820,350.050000,0.0000,2022-04-01,335.870000,335.870000,0.000000,00000000000000631603-2057190152
33,18766,70500203-25ec-4b32-8cf7-4fbd41d11f41,2022-02-02 15:25:00,1,0,64896066201,703421,"Rytary 36.25-145MG Capsule Extended
Release* AMNEAL SPECIALTY 1X100EA",2022-01-01,2022-02-01,2022-02-01,350.050000,2022-02-01,1,McKesson,6,24,AFFILIATE,VIVO SPECIALTY PHARMACY - 826003 - FL7273193,COMMONSPIRIT HEALTH AT HOME3 - AB7319,98.65,340B,6,1.500000,147.975000,Normal (room temperature),73 - ANTIPARKINSON AND RELATED THERAPY AGENTS,0.840,350.050000,0.770,364.052000,0.0400,2022-02-01,102.596000,153.900000,5.925000,0.810,350.050000,0.0000,2022-03-01,98.650000,147.975000,0.000000,0.820,350.050000,0.0000,2022-04-01,98.650000,147.975000,0.000000,00000000000000635144-00000000000000635253-176284-905492
34,18766,70500203-25ec-4b32-8cf7-4fbd41d11f41,2022-02-02 15:25:00,1,0,64896066201,703421,"Rytary 36.25-145MG Capsule Extended
Release* AMNEAL SPECIALTY 1X100EA",2022-01-01,2022-02-01,2022-02-01,350.050000,2022-02-01,1,McKesson,6,24,AFFILIATE,VIVO SPECIALTY PHARMACY - 826003 - FL7273193,COMMONSPIRIT HEALTH AT HOME3 - AB7319,357.77,GPO,10,2.500000,894.425000,Normal (room temperature),73 - ANTIPARKINSON AND RELATED THERAPY AGENTS,0.840,350.050000,0.770,364.052000,0.0400,2022-02-01,372.080800,930.200000,35.775000,0.810,350.050000,0.0000,2022-03-01,357.770000,894.425000,0.000000,0.820,350.050000,0.0000,2022-04-01,357.770000,894.425000,0.000000,00000000000000635144-00000000000000635253-176284-905492
35,18766,70500203-25ec-4b32-8cf7-4fbd41d11f41,2022-02-02 15:25:00,1,0,64896066201,703421,"Rytary 36.25-145MG Capsule Extended
Release* AMNEAL SPECIALTY 1X100EA",2022-01-01,2022-02-01,2022-02-01,350.050000,2022-02-01,2,Cardinal Health,6,32,AFFILIATE,NORTH SHORE UNIVERSITY HOSPITAL - NY2179 - AN0768917,COMMONSPIRIT HEALTH AT HOME4 - AB7320,359.43,GPO,7,1.750000,629.002500,Normal (room temperature),73 - ANTIPARKINSON AND RELATED THERAPY AGENTS,0.840,350.050000,0.770,364.052000,0.0400,2022-02-01,373.807200,654.167500,25.165000,0.810,350.050000,0.0000,2022-03-01,359.430000,629.002500,0.000000,0.820,350.050000,0.0000,2022-04-01,359.430000,629.002500,0.000000,00000000000000399543-00000000000000635192-2057199823
36,18766,70500203-25ec-4b32-8cf7-4fbd41d11f41,2022-02-02 15:25:00,1,0,64896066201,703421,"Rytary 36.25-145MG Capsule Extended
Release* AMNEAL SPECIALTY 1X100EA",2022-01-01,2022-02-01,2022-02-01,350.050000,2022-02-01,2,Cardinal Health,6,44,AFFILIATE,GLEN COVE HOSPITAL - NY5062 - AC0783767,MERCYONE HEALTH - IOWA DIVISION - AB2904,333.42,GPO,1,0.250000,83.355000,Normal (room temperature),73 - ANTIPARKINSON AND RELATED THERAPY AGENTS,0.840,350.050000,0.770,364.052000,0.0400,2022-02-01,346.756800,86.690000,3.335000,0.810,350.050000,0.0000,2022-03-01,333.420000,83.355000,0.000000,0.820,350.050000,0.0000,2022-04-01,333.420000,83.355000,0.000000,00000000000000401497-00000000000000635189
37,18766,70500203-25ec-4b32-8cf7-4fbd41d11f41,2022-02-02 15:25:00,1,0,64896066201,703421,"Rytary 36.25-145MG Capsule Extended
Release* AMNEAL SPECIALTY 1X100EA",2022-01-01,2022-02-01,2022-02-01,350.050000,2022-02-01,2,Cardinal Health,6,45,AFFILIATE,HUNTINGTON HOSPITAL - NY5063 - AH0768296,COMMONSPIRIT HEALTH AT HOME1 - AB7317,333.42,GPO,2,0.500000,166.710000,Normal (room temperature),73 - ANTIPARKINSON AND RELATED THERAPY AGENTS,0.840,350.050000,0.770,364.052000,0.0400,2022-02-01,346.756800,173.380000,6.670000,0.810,350.050000,0.0000,2022-03-01,333.420000,166.710000,0.000000,0.820,350.050000,0.0000,2022-04-01,333.420000,166.710000,0.000000,00000000000000403231-00000000000000635190
90,18805,d10a5cd8-5741-43b1-8a4d-b43e3a7b6765,2022-02-02 15:25:00,1,0,64896066301,703414,"Rytary 48.75-195MG Capsule Extended
Release* AMNEAL SPECIALTY 1X100EA",2022-01-01,2022-02-01,2022-02-01,350.050000,2022-02-01,2,Cardinal Health,6,6,AFFILIATE,PHELPS MEMORIAL HOSPITAL CENTER - 630984 - AP1866423,COMMONSPIRIT HEALTH AT HOME3 - AB7319,368.85,WAC,3,0.750000,276.637500,Normal (room temperature),73 - ANTIPARKINSON AND RELATED THERAPY AGENTS,0.840,350.050000,0.770,364.052000,0.0400,2022-02-01,383.604000,287.700000,11.062500,0.810,350.050000,0.0000,2022-03-01,368.850000,276.637500,0.000000,0.820,350.050000,0.0000,2022-04-01,368.850000,276.637500,0.000000,00000000000000000361-2057190853
91,18805,d10a5cd8-5741-43b1-8a4d-b43e3a7b6765,2022-02-02 15:25:00,1,0,64896066301,703414,"Rytary 48.75-195MG Capsule Extended
Release* AMNEAL SPECIALTY 1X100EA",2022-01-01,2022-02-01,2022-02-01,350.050000,2022-02-01,2,Cardinal Health,6,27,AFFILIATE,STATEN ISLAND UNIVERSITY HOSPITAL - NORTH SITE - NY2007 - AT8612966,COMMONSPIRIT HEALTH AT HOME3 - AB7319,333.42,WAC,1,0.250000,83.355000,Normal (room temperature),73 - ANTIPARKINSON AND RELATED THERAPY AGENTS,0.840,350.050000,0.770,364.052000,0.0400,2022-02-01,346.756800,86.690000,3.335000,0.810,350.050000,0.0000,2022-03-01,333.420000,83.355000,0.000000,0.820,350.050000,0.0000,2022-04-01,333.420000,83.355000,0.000000,00000000000000621035-00000000000000631603
92,18805,d10a5cd8-5741-43b1-8a4d-b43e3a7b6765,2022-02-02 15:25:00,1,0,64896066301,703414,"Rytary 48.75-195MG Capsule Extended
Release* AMNEAL SPECIALTY 1X100EA",2022-01-01,2022-02-01,2022-02-01,350.050000,2022-02-01,1,McKesson,6,34,AFFILIATE,JOHN T. MATHER MEMORIAL HOSPITAL - NY2243 - AM3429316,COMMONSPIRIT HEALTH AT HOME4 - AB7320,382.58,GPO,1,0.250000,95.645000,Normal (room temperature),73 - ANTIPARKINSON AND RELATED THERAPY AGENTS,0.840,350.050000,0.770,364.052000,0.0400,2022-02-01,397.883200,99.470000,3.825000,0.810,350.050000,0.0000,2022-03-01,382.580000,95.645000,0.000000,0.820,350.050000,0.0000,2022-04-01,382.580000,95.645000,0.000000,036780
93,18805,d10a5cd8-5741-43b1-8a4d-b43e3a7b6765,2022-02-02 15:25:00,1,0,64896066301,703414,"Rytary 48.75-195MG Capsule Extended
Release* AMNEAL SPECIALTY 1X100EA",2022-01-01,2022-02-01,2022-02-01,350.050000,2022-02-01,2,Cardinal Health,6,32,AFFILIATE,NORTH SHORE UNIVERSITY HOSPITAL - NY2179 - AN0768917,COMMONSPIRIT HEALTH AT HOME4 - AB7320,335.87,GPO,3,0.750000,251.902500,Normal (room temperature),73 - ANTIPARKINSON AND RELATED THERAPY AGENTS,0.840,350.050000,0.770,364.052000,0.0400,2022-02-01,349.304800,261.975000,10.072500,0.810,350.050000,0.0000,2022-03-01,335.870000,251.902500,0.000000,0.820,350.050000,0.0000,2022-04-01,335.870000,251.902500,0.000000,00000000000000399543-00000000000000635192-2057199823
94,18805,d10a5cd8-5741-43b1-8a4d-b43e3a7b6765,2022-02-02 15:25:00,1,0,64896066301,703414,"Rytary 48.75-195MG Capsule Extended
Release* AMNEAL SPECIALTY 1X100EA",2022-01-01,2022-02-01,2022-02-01,350.050000,2022-02-01,2,Cardinal Health,6,44,AFFILIATE,GLEN COVE HOSPITAL - NY5062 - AC0783767,MERCYONE HEALTH - IOWA DIVISION - AB2904,333.91,GPO,2,0.500000,166.955000,Normal (room temperature),73 - ANTIPARKINSON AND RELATED THERAPY AGENTS,0.840,350.050000,0.770,364.052000,0.0400,2022-02-01,347.266400,173.635000,6.680000,0.810,350.050000,0.0000,2022-03-01,333.910000,166.955000,0.000000,0.820,350.050000,0.0000,2022-04-01,333.910000,166.955000,0.000000,00000000000000401497-00000000000000635189
26,18765,8d29fc17-c8d5-4d40-8608-4d145dea17f4,2022-02-02 15:25:00,1,0,64896066401,703429,"Rytary 61.25-245MG Capsule Extended
Release* AMNEAL SPECIALTY 1X100EA",2022-01-01,2022-02-01,2022-02-01,439.860000,2022-02-01,2,Cardinal Health,6,26,AFFILIATE,THE ZUCKER HILLSIDE HOSPITAL - NY2003 - AL5146584,COMMONSPIRIT HEALTH AT HOME3 - ABC77,418.97,WAC,1,0.250000,104.742500,Normal (room temperature),73 - ANTIPARKINSON AND RELATED THERAPY AGENTS,0.860,439.860000,0.910,457.454400,0.0400,2022-02-01,435.728800,108.932500,4.190000,0.800,439.860000,0.0000,2022-03-01,418.970000,104.742500,0.000000,0.800,439.860000,0.0000,2022-04-01,418.970000,104.742500,0.000000,00000000000000631630
27,18765,8d29fc17-c8d5-4d40-8608-4d145dea17f4,2022-02-02 15:25:00,1,0,64896066401,703429,"Rytary 61.25-245MG Capsule Extended
Release* AMNEAL SPECIALTY 1X100EA",2022-01-01,2022-02-01,2022-02-01,439.860000,2022-02-01,2,Cardinal Health,6,27,AFFILIATE,STATEN ISLAND UNIVERSITY HOSPITAL - NORTH SITE - NY2007 - AT8612966,COMMONSPIRIT HEALTH AT HOME3 - AB7319,463.49,WAC,1,0.250000,115.872500,Normal (room temperature),73 - ANTIPARKINSON AND RELATED THERAPY AGENTS,0.860,439.860000,0.910,457.454400,0.0400,2022-02-01,482.029600,120.507500,4.635000,0.800,439.860000,0.0000,2022-03-01,463.490000,115.872500,0.000000,0.800,439.860000,0.0000,2022-04-01,463.490000,115.872500,0.000000,00000000000000631603-2057190152
28,18765,8d29fc17-c8d5-4d40-8608-4d145dea17f4,2022-02-02 15:25:00,1,0,64896066401,703429,"Rytary 61.25-245MG Capsule Extended
Release* AMNEAL SPECIALTY 1X100EA",2022-01-01,2022-02-01,2022-02-01,439.860000,2022-02-01,2,Cardinal Health,6,42,OLM,FOREST HILLS HOSPITAL - NY5028 - FL6360147,NORTH - 4,418.97,WAC,2,0.500000,209.485000,Normal (room temperature),73 - ANTIPARKINSON AND RELATED THERAPY AGENTS,0.860,439.860000,0.910,457.454400,0.0400,2022-02-01,435.728800,217.865000,8.380000,0.800,439.860000,0.0000,2022-03-01,418.970000,209.485000,0.000000,0.800,439.860000,0.0000,2022-04-01,418.970000,209.485000,0.000000,00000000000000631632
29,18765,8d29fc17-c8d5-4d40-8608-4d145dea17f4,2022-02-02 15:25:00,1,0,64896066401,703429,"Rytary 61.25-245MG Capsule Extended
Release* AMNEAL SPECIALTY 1X100EA",2022-01-01,2022-02-01,2022-02-01,439.860000,2022-02-01,1,McKesson,6,24,AFFILIATE,VIVO SPECIALTY PHARMACY - 826003 - FL7273193,COMMONSPIRIT HEALTH AT HOME3 - AB7319,409.07,GPO,14,3.500000,1431.745000,Normal (room temperature),73 - ANTIPARKINSON AND RELATED THERAPY AGENTS,0.860,439.860000,0.910,457.454400,0.0400,2022-02-01,425.432800,1489.005000,57.260000,0.800,439.860000,0.0000,2022-03-01,409.070000,1431.745000,0.000000,0.800,439.860000,0.0000,2022-04-01,409.070000,1431.745000,0.000000,905492
30,18765,8d29fc17-c8d5-4d40-8608-4d145dea17f4,2022-02-02 15:25:00,1,0,64896066401,703429,"Rytary 61.25-245MG Capsule Extended
Release* AMNEAL SPECIALTY 1X100EA",2022-01-01,2022-02-01,2022-02-01,439.860000,2022-02-01,2,Cardinal Health,6,32,AFFILIATE,NORTH SHORE UNIVERSITY HOSPITAL - NY2179 - AN0768917,COMMONSPIRIT HEALTH AT HOME4 - AB7320,419.58,GPO,1,0.250000,104.895000,Normal (room temperature),73 - ANTIPARKINSON AND RELATED THERAPY AGENTS,0.860,439.860000,0.910,457.454400,0.0400,2022-02-01,436.363200,109.090000,4.195000,0.800,439.860000,0.0000,2022-03-01,419.580000,104.895000,0.000000,0.800,439.860000,0.0000,2022-04-01,419.580000,104.895000,0.000000,00000000000000399543
31,18765,8d29fc17-c8d5-4d40-8608-4d145dea17f4,2022-02-02 15:25:00,1,0,64896066401,703429,"Rytary 61.25-245MG Capsule Extended
Release* AMNEAL SPECIALTY 1X100EA",2022-01-01,2022-02-01,2022-02-01,439.860000,2022-02-01,2,Cardinal Health,6,44,AFFILIATE,GLEN COVE HOSPITAL - NY5062 - AC0783767,MERCYONE HEALTH - IOWA DIVISION - AB2904,422.05,GPO,2,0.500000,211.025000,Normal (room temperature),73 - ANTIPARKINSON AND RELATED THERAPY AGENTS,0.860,439.860000,0.910,457.454400,0.0400,2022-02-01,438.932000,219.465000,8.440000,0.800,439.860000,0.0000,2022-03-01,422.050000,211.025000,0.000000,0.800,439.860000,0.0000,2022-04-01,422.050000,211.025000,0.000000,00000000000000401497-00000000000000635189-2057199576
1,18733,01e8d7b7-7e81-4127-bdcb-008abdae4c97,2022-02-02 15:25:00,1,0,65757040103,704790,Aristada 441MG/1.6ML Prefilled Syringe ALKERMES 1X1.6ML,2022-01-01,2022-02-01,2022-02-01,1413.580000,2022-01-01,2,Cardinal Health,6,6,AFFILIATE,PHELPS MEMORIAL HOSPITAL CENTER - 630984 - AP1866423,COMMONSPIRIT HEALTH AT HOME3 - AB7319,1356.33,WAC,1,0.250000,339.082500,Normal (room temperature),59 - ANTIPSYCHOTICS/ANTIMANIC AGENTS,0.800,1413.580000,0.780,1413.580000,0.0000,2022-02-01,1356.330000,339.082500,0.000000,0.860,1413.580000,0.0000,2022-03-01,1356.330000,339.082500,0.000000,0.880,1455.987400,0.0300,2022-04-01,1397.019900,349.255000,10.172500,00000000000000000361-2057190853
2,18733,01e8d7b7-7e81-4127-bdcb-008abdae4c97,2022-02-02 15:25:00,1,0,65757040103,704790,Aristada 441MG/1.6ML Prefilled Syringe ALKERMES 1X1.6ML,2022-01-01,2022-02-01,2022-02-01,1413.580000,2022-01-01,2,Cardinal Health,6,26,AFFILIATE,THE ZUCKER HILLSIDE HOSPITAL - NY2003 - AL5146584,COMMONSPIRIT HEALTH AT HOME3 - ABC77,856.65,WAC,3,0.750000,642.487500,Normal (room temperature),59 - ANTIPSYCHOTICS/ANTIMANIC AGENTS,0.800,1413.580000,0.780,1413.580000,0.0000,2022-02-01,856.650000,642.487500,0.000000,0.860,1413.580000,0.0000,2022-03-01,856.650000,642.487500,0.000000,0.880,1455.987400,0.0300,2022-04-01,882.349500,661.762500,19.275000,00000000000000623815-00000000000000631630-2057189471
3,18733,01e8d7b7-7e81-4127-bdcb-008abdae4c97,2022-02-02 15:25:00,1,0,65757040103,704790,Aristada 441MG/1.6ML Prefilled Syringe ALKERMES 1X1.6ML,2022-01-01,2022-02-01,2022-02-01,1413.580000,2022-01-01,2,Cardinal Health,6,48,AFFILIATE,LONG ISLAND JEWISH HOSPITAL - NY5073 - AL4849622,COMMONSPIRIT HEALTH AT HOME1 - AB7317,857.27,WAC,1,0.250000,214.317500,Normal (room temperature),59 - ANTIPSYCHOTICS/ANTIMANIC AGENTS,0.800,1413.580000,0.780,1413.580000,0.0000,2022-02-01,857.270000,214.317500,0.000000,0.860,1413.580000,0.0000,2022-03-01,857.270000,214.317500,0.000000,0.880,1455.987400,0.0300,2022-04-01,882.988100,220.747500,6.430000,2057188312
4,18733,01e8d7b7-7e81-4127-bdcb-008abdae4c97,2022-02-02 15:25:00,1,0,65757040103,704790,Aristada 441MG/1.6ML Prefilled Syringe ALKERMES 1X1.6ML,2022-01-01,2022-02-01,2022-02-01,1413.580000,2022-01-01,2,Cardinal Health,6,26,AFFILIATE,THE ZUCKER HILLSIDE HOSPITAL - NY2003 - AL5146584,COMMONSPIRIT HEALTH AT HOME3 - ABC77,827.98,340B,8,2.000000,1655.960000,Normal (room temperature),59 - ANTIPSYCHOTICS/ANTIMANIC AGENTS,0.800,1413.580000,0.780,1413.580000,0.0000,2022-02-01,827.980000,1655.960000,0.000000,0.860,1413.580000,0.0000,2022-03-01,827.980000,1655.960000,0.000000,0.880,1455.987400,0.0300,2022-04-01,852.819400,1705.640000,49.680000,00000000000000623815-00000000000000631630-2057189471
25,18758,8fb20d4e-48c5-430f-8f03-4379e1536b88,2022-02-02 15:25:00,1,0,65757040203,704808,Aristada 662MG/2.4ML Prefilled Syringe ALKERMES 1X2.4ML,2022-01-01,2022-02-01,2022-02-01,2121.980000,2022-02-01,2,Cardinal Health,6,26,AFFILIATE,THE ZUCKER HILLSIDE HOSPITAL - NY2003 - AL5146584,COMMONSPIRIT HEALTH AT HOME3 - ABC77,1216.52,340B,1,0.250000,304.130000,Normal (room temperature),59 - ANTIPSYCHOTICS/ANTIMANIC AGENTS,0.850,2121.980000,0.730,2121.980000,0.0000,2022-02-01,1216.520000,304.130000,0.000000,0.730,2121.980000,0.0000,2022-03-01,1216.520000,304.130000,0.000000,0.750,2185.639400,0.0300,2022-04-01,1253.015600,313.255000,9.125000,00000000000000623815-00000000000000631630
24,18758,8fb20d4e-48c5-430f-8f03-4379e1536b88,2022-02-02 15:25:00,1,0,65757040203,704808,Aristada 662MG/2.4ML Prefilled Syringe ALKERMES 1X2.4ML,2022-01-01,2022-02-01,2022-02-01,2121.980000,2022-02-01,2,Cardinal Health,6,48,AFFILIATE,LONG ISLAND JEWISH HOSPITAL - NY5073 - AL4849622,COMMONSPIRIT HEALTH AT HOME1 - AB7317,1222.94,WAC,1,0.250000,305.735000,Normal (room temperature),59 - ANTIPSYCHOTICS/ANTIMANIC AGENTS,0.850,2121.980000,0.730,2121.980000,0.0000,2022-02-01,1222.940000,305.735000,0.000000,0.730,2121.980000,0.0000,2022-03-01,1222.940000,305.735000,0.000000,0.750,2185.639400,0.0300,2022-04-01,1259.628200,314.907500,9.172500,2057188312
23,18758,8fb20d4e-48c5-430f-8f03-4379e1536b88,2022-02-02 15:25:00,1,0,65757040203,704808,Aristada 662MG/2.4ML Prefilled Syringe ALKERMES 1X2.4ML,2022-01-01,2022-02-01,2022-02-01,2121.980000,2022-02-01,2,Cardinal Health,6,6,AFFILIATE,PHELPS MEMORIAL HOSPITAL CENTER - 630984 - AP1866423,COMMONSPIRIT HEALTH AT HOME3 - AB7319,2036.04,WAC,1,0.250000,509.010000,Normal (room temperature),59 - ANTIPSYCHOTICS/ANTIMANIC AGENTS,0.850,2121.980000,0.730,2121.980000,0.0000,2022-02-01,2036.040000,509.010000,0.000000,0.730,2121.980000,0.0000,2022-03-01,2036.040000,509.010000,0.000000,0.750,2185.639400,0.0300,2022-04-01,2097.121200,524.280000,15.270000,00000000000000000361-2057190853
50,18771,a9f3c6d0-12a0-459e-b5cb-5f107f9c190a,2022-02-02 15:25:00,1,0,65757040303,704875,Aristada 882MG/3.2ML Prefilled Syringe ALKERMES 1X3.2ML,2022-01-01,2022-02-01,2022-02-01,2827.160000,2022-02-01,2,Cardinal Health,6,20,OLM,LONG ISLAND JEWISH MEDICAL CENTER - VIVO HEALTH - 765139 - FL4865107,COMMONSPIRIT HEALTH AT HOME3 - AB7319,2696.83,WAC,1,0.250000,674.207500,Normal (room temperature),59 - ANTIPSYCHOTICS/ANTIMANIC AGENTS,0.800,2827.160000,0.780,2827.160000,0.0000,2022-02-01,2696.830000,674.207500,0.000000,0.860,2827.160000,0.0000,2022-03-01,2696.830000,674.207500,0.000000,0.880,2911.974800,0.0300,2022-04-01,2777.734900,694.432500,20.225000,00000000000000634290-00000000000000634323
51,18771,a9f3c6d0-12a0-459e-b5cb-5f107f9c190a,2022-02-02 15:25:00,1,0,65757040303,704875,Aristada 882MG/3.2ML Prefilled Syringe ALKERMES 1X3.2ML,2022-01-01,2022-02-01,2022-02-01,2827.160000,2022-02-01,2,Cardinal Health,6,26,AFFILIATE,THE ZUCKER HILLSIDE HOSPITAL - NY2003 - AL5146584,COMMONSPIRIT HEALTH AT HOME3 - ABC77,1704.48,WAC,7,1.750000,2982.840000,Normal (room temperature),59 - ANTIPSYCHOTICS/ANTIMANIC AGENTS,0.800,2827.160000,0.780,2827.160000,0.0000,2022-02-01,1704.480000,2982.840000,0.000000,0.860,2827.160000,0.0000,2022-03-01,1704.480000,2982.840000,0.000000,0.880,2911.974800,0.0300,2022-04-01,1755.614400,3072.317500,89.477500,00000000000000621261-00000000000000623815-00000000000000631630-2057189471
52,18771,a9f3c6d0-12a0-459e-b5cb-5f107f9c190a,2022-02-02 15:25:00,1,0,65757040303,704875,Aristada 882MG/3.2ML Prefilled Syringe ALKERMES 1X3.2ML,2022-01-01,2022-02-01,2022-02-01,2827.160000,2022-02-01,2,Cardinal Health,6,20,OLM,LONG ISLAND JEWISH MEDICAL CENTER - VIVO HEALTH - 765139 - FL4865107,COMMONSPIRIT HEALTH AT HOME3 - AB7319,1612.76,340B,1,0.250000,403.190000,Normal (room temperature),59 - ANTIPSYCHOTICS/ANTIMANIC AGENTS,0.800,2827.160000,0.780,2827.160000,0.0000,2022-02-01,1612.760000,403.190000,0.000000,0.860,2827.160000,0.0000,2022-03-01,1612.760000,403.190000,0.000000,0.880,2911.974800,0.0300,2022-04-01,1661.142800,415.285000,12.095000,00000000000000634290-00000000000000634323
53,18771,a9f3c6d0-12a0-459e-b5cb-5f107f9c190a,2022-02-02 15:25:00,1,0,65757040303,704875,Aristada 882MG/3.2ML Prefilled Syringe ALKERMES 1X3.2ML,2022-01-01,2022-02-01,2022-02-01,2827.160000,2022-02-01,2,Cardinal Health,6,26,AFFILIATE,THE ZUCKER HILLSIDE HOSPITAL - NY2003 - AL5146584,COMMONSPIRIT HEALTH AT HOME3 - ABC77,1647.67,340B,23,5.750000,9474.102500,Normal (room temperature),59 - ANTIPSYCHOTICS/ANTIMANIC AGENTS,0.800,2827.160000,0.780,2827.160000,0.0000,2022-02-01,1647.670000,9474.102500,0.000000,0.860,2827.160000,0.0000,2022-03-01,1647.670000,9474.102500,0.000000,0.880,2911.974800,0.0300,2022-04-01,1697.100100,9758.325000,284.222500,00000000000000621261-00000000000000623815-00000000000000631630-2057189471
54,18771,a9f3c6d0-12a0-459e-b5cb-5f107f9c190a,2022-02-02 15:25:00,1,0,65757040303,704875,Aristada 882MG/3.2ML Prefilled Syringe ALKERMES 1X3.2ML,2022-01-01,2022-02-01,2022-02-01,2827.160000,2022-02-01,2,Cardinal Health,6,6,AFFILIATE,PHELPS MEMORIAL HOSPITAL CENTER - 630984 - AP1866423,COMMONSPIRIT HEALTH AT HOME3 - AB7319,1790.36,GPO,4,1.000000,1790.360000,Normal (room temperature),59 - ANTIPSYCHOTICS/ANTIMANIC AGENTS,0.800,2827.160000,0.780,2827.160000,0.0000,2022-02-01,1790.360000,1790.360000,0.000000,0.860,2827.160000,0.0000,2022-03-01,1790.360000,1790.360000,0.000000,0.880,2911.974800,0.0300,2022-04-01,1844.070800,1844.070000,53.710000,00000000000000000361-00000000000000631909-2057199433
55,18771,a9f3c6d0-12a0-459e-b5cb-5f107f9c190a,2022-02-02 15:25:00,1,0,65757040303,704875,Aristada 882MG/3.2ML Prefilled Syringe ALKERMES 1X3.2ML,2022-01-01,2022-02-01,2022-02-01,2827.160000,2022-02-01,2,Cardinal Health,6,26,AFFILIATE,THE ZUCKER HILLSIDE HOSPITAL - NY2003 - AL5146584,COMMONSPIRIT HEALTH AT HOME3 - ABC77,1779.91,GPO,1,0.250000,444.977500,Normal (room temperature),59 - ANTIPSYCHOTICS/ANTIMANIC AGENTS,0.800,2827.160000,0.780,2827.160000,0.0000,2022-02-01,1779.910000,444.977500,0.000000,0.860,2827.160000,0.0000,2022-03-01,1779.910000,444.977500,0.000000,0.880,2911.974800,0.0300,2022-04-01,1833.307300,458.327500,13.350000,00000000000000621261-00000000000000623815-00000000000000631630-2057189471
15,18742,4cbb61c0-4ed2-40b1-adf1-191527aa7f29,2022-02-02 15:25:00,1,0,65757040403,704879,Aristada 1064MG/3.9ML Prefilled Syringe ALKERMES 1X3.9ML,2022-01-01,2022-02-01,2022-02-01,3410.550000,2022-02-01,2,Cardinal Health,6,26,AFFILIATE,THE ZUCKER HILLSIDE HOSPITAL - NY2003 - AL5146584,COMMONSPIRIT HEALTH AT HOME3 - ABC77,1799.83,GPO,5,1.250000,2249.787500,Normal (room temperature),59 - ANTIPSYCHOTICS/ANTIMANIC AGENTS,0.790,3410.550000,0.730,3410.550000,0.0000,2022-02-01,1799.830000,2249.787500,0.000000,0.740,3410.550000,0.0000,2022-03-01,1799.830000,2249.787500,0.000000,0.750,3512.866500,0.0300,2022-04-01,1853.824900,2317.275000,67.487500,00000000000000621261-00000000000000631630-2052008027-2057189471
14,18742,4cbb61c0-4ed2-40b1-adf1-191527aa7f29,2022-02-02 15:25:00,1,0,65757040403,704879,Aristada 1064MG/3.9ML Prefilled Syringe ALKERMES 1X3.9ML,2022-01-01,2022-02-01,2022-02-01,3410.550000,2022-02-01,2,Cardinal Health,6,6,AFFILIATE,PHELPS MEMORIAL HOSPITAL CENTER - 630984 - AP1866423,COMMONSPIRIT HEALTH AT HOME3 - AB7319,1792.51,GPO,1,0.250000,448.127500,Normal (room temperature),59 - ANTIPSYCHOTICS/ANTIMANIC AGENTS,0.790,3410.550000,0.730,3410.550000,0.0000,2022-02-01,1792.510000,448.127500,0.000000,0.740,3410.550000,0.0000,2022-03-01,1792.510000,448.127500,0.000000,0.750,3512.866500,0.0300,2022-04-01,1846.285300,461.572500,13.445000,00000000000000000361
13,18742,4cbb61c0-4ed2-40b1-adf1-191527aa7f29,2022-02-02 15:25:00,1,0,65757040403,704879,Aristada 1064MG/3.9ML Prefilled Syringe ALKERMES 1X3.9ML,2022-01-01,2022-02-01,2022-02-01,3410.550000,2022-02-01,2,Cardinal Health,6,26,AFFILIATE,THE ZUCKER HILLSIDE HOSPITAL - NY2003 - AL5146584,COMMONSPIRIT HEALTH AT HOME3 - ABC77,2153.33,WAC,2,0.500000,1076.665000,Normal (room temperature),59 - ANTIPSYCHOTICS/ANTIMANIC AGENTS,0.790,3410.550000,0.730,3410.550000,0.0000,2022-02-01,2153.330000,1076.665000,0.000000,0.740,3410.550000,0.0000,2022-03-01,2153.330000,1076.665000,0.000000,0.750,3512.866500,0.0300,2022-04-01,2217.929900,1108.965000,32.300000,00000000000000621261-00000000000000631630-2052008027-2057189471
117,18812,080f2ad3-809c-4cc8-8325-c63b14596845,2022-02-02 15:25:00,1,0,67157010150,708101,Ascor 25000MG/50ML Solution MCGUFF PHARMACEUTICALS 1X50ML,2022-01-01,2022-02-01,2022-02-01,246.000000,2022-02-01,2,Cardinal Health,6,43,OLM,LENOX HILL HOSPITAL - NY5029 - AL4088604,COMMONSPIRIT HEALTH AT HOME1 - AB7317,235.86,GPO,5,1.250000,294.825000,Refrigerated,77 - VITAMINS,0.830,246.000000,0.800,263.220000,0.0700,2022-02-01,252.370200,315.462500,20.637500,0.790,246.000000,0.0000,2022-03-01,235.860000,294.825000,0.000000,0.780,246.000000,0.0000,2022-04-01,235.860000,294.825000,0.000000,00000000000000634038-2057193921
116,18812,080f2ad3-809c-4cc8-8325-c63b14596845,2022-02-02 15:25:00,1,0,67157010150,708101,Ascor 25000MG/50ML Solution MCGUFF PHARMACEUTICALS 1X50ML,2022-01-01,2022-02-01,2022-02-01,246.000000,2022-02-01,2,Cardinal Health,6,32,AFFILIATE,NORTH SHORE UNIVERSITY HOSPITAL - NY2179 - AN0768917,COMMONSPIRIT HEALTH AT HOME4 - AB7320,252.82,GPO,10,2.500000,632.050000,Refrigerated,77 - VITAMINS,0.830,246.000000,0.800,263.220000,0.0700,2022-02-01,270.517400,676.300000,44.250000,0.790,246.000000,0.0000,2022-03-01,252.820000,632.050000,0.000000,0.780,246.000000,0.0000,2022-04-01,252.820000,632.050000,0.000000,00000000000000399543-00000000000000635192-00000000000000636523-100083867-2057199823
115,18812,080f2ad3-809c-4cc8-8325-c63b14596845,2022-02-02 15:25:00,1,0,67157010150,708101,Ascor 25000MG/50ML Solution MCGUFF PHARMACEUTICALS 1X50ML,2022-01-01,2022-02-01,2022-02-01,246.000000,2022-02-01,2,Cardinal Health,6,6,AFFILIATE,PHELPS MEMORIAL HOSPITAL CENTER - 630984 - AP1866423,COMMONSPIRIT HEALTH AT HOME3 - AB7319,259.64,GPO,1,0.250000,64.910000,Refrigerated,77 - VITAMINS,0.830,246.000000,0.800,263.220000,0.0700,2022-02-01,277.814800,69.452500,4.542500,0.790,246.000000,0.0000,2022-03-01,259.640000,64.910000,0.000000,0.780,246.000000,0.0000,2022-04-01,259.640000,64.910000,0.000000,00000000000000000361-00000000000000625995-00000000000000631909-2057190853-2057199433
114,18812,080f2ad3-809c-4cc8-8325-c63b14596845,2022-02-02 15:25:00,1,0,67157010150,708101,Ascor 25000MG/50ML Solution MCGUFF PHARMACEUTICALS 1X50ML,2022-01-01,2022-02-01,2022-02-01,246.000000,2022-02-01,1,McKesson,6,34,AFFILIATE,JOHN T. MATHER MEMORIAL HOSPITAL - NY2243 - AM3429316,COMMONSPIRIT HEALTH AT HOME4 - AB7320,269.11,GPO,37,9.250000,2489.267500,Refrigerated,77 - VITAMINS,0.830,246.000000,0.800,263.220000,0.0700,2022-02-01,287.947700,2663.537500,174.270000,0.790,246.000000,0.0000,2022-03-01,269.110000,2489.267500,0.000000,0.780,246.000000,0.0000,2022-04-01,269.110000,2489.267500,0.000000,00000000000000622061-036780
113,18812,080f2ad3-809c-4cc8-8325-c63b14596845,2022-02-02 15:25:00,1,0,67157010150,708101,Ascor 25000MG/50ML Solution MCGUFF PHARMACEUTICALS 1X50ML,2022-01-01,2022-02-01,2022-02-01,246.000000,2022-02-01,2,Cardinal Health,6,48,AFFILIATE,LONG ISLAND JEWISH HOSPITAL - NY5073 - AL4849622,COMMONSPIRIT HEALTH AT HOME1 - AB7317,252.82,WAC,8,2.000000,505.640000,Refrigerated,77 - VITAMINS,0.830,246.000000,0.800,263.220000,0.0700,2022-02-01,270.517400,541.040000,35.400000,0.790,246.000000,0.0000,2022-03-01,252.820000,505.640000,0.000000,0.780,246.000000,0.0000,2022-04-01,252.820000,505.640000,0.000000,00000000000000621260-00000000000000626199-00000000000000631612-00000000000000631681-2057190526
112,18812,080f2ad3-809c-4cc8-8325-c63b14596845,2022-02-02 15:25:00,1,0,67157010150,708101,Ascor 25000MG/50ML Solution MCGUFF PHARMACEUTICALS 1X50ML,2022-01-01,2022-02-01,2022-02-01,246.000000,2022-02-01,2,Cardinal Health,6,37,AFFILIATE,SOUTHSIDE HOSPITAL - NY2327 - AS0779441,COMMONSPIRIT HEALTH AT HOME4 - AB7320,259.45,WAC,10,2.500000,648.625000,Refrigerated,77 - VITAMINS,0.830,246.000000,0.800,263.220000,0.0700,2022-02-01,277.611500,694.025000,45.400000,0.790,246.000000,0.0000,2022-03-01,259.450000,648.625000,0.000000,0.780,246.000000,0.0000,2022-04-01,259.450000,648.625000,0.000000,00000000000000403369-00000000000000631607-2057190146
111,18812,080f2ad3-809c-4cc8-8325-c63b14596845,2022-02-02 15:25:00,1,0,67157010150,708101,Ascor 25000MG/50ML Solution MCGUFF PHARMACEUTICALS 1X50ML,2022-01-01,2022-02-01,2022-02-01,246.000000,2022-02-01,2,Cardinal Health,6,27,AFFILIATE,STATEN ISLAND UNIVERSITY HOSPITAL - NORTH SITE - NY2007 - AT8612966,COMMONSPIRIT HEALTH AT HOME3 - AB7319,252.82,WAC,3,0.750000,189.615000,Refrigerated,77 - VITAMINS,0.830,246.000000,0.800,263.220000,0.0700,2022-02-01,270.517400,202.890000,13.275000,0.790,246.000000,0.0000,2022-03-01,252.820000,189.615000,0.000000,0.780,246.000000,0.0000,2022-04-01,252.820000,189.615000,0.000000,2057190152
110,18812,080f2ad3-809c-4cc8-8325-c63b14596845,2022-02-02 15:25:00,1,0,67157010150,708101,Ascor 25000MG/50ML Solution MCGUFF PHARMACEUTICALS 1X50ML,2022-01-01,2022-02-01,2022-02-01,246.000000,2022-02-01,2,Cardinal Health,6,6,AFFILIATE,PHELPS MEMORIAL HOSPITAL CENTER - 630984 - AP1866423,COMMONSPIRIT HEALTH AT HOME3 - AB7319,252.82,WAC,5,1.250000,316.025000,Refrigerated,77 - VITAMINS,0.830,246.000000,0.800,263.220000,0.0700,2022-02-01,270.517400,338.150000,22.125000,0.790,246.000000,0.0000,2022-03-01,252.820000,316.025000,0.000000,0.780,246.000000,0.0000,2022-04-01,252.820000,316.025000,0.000000,00000000000000000361-00000000000000625995-00000000000000631909-2057190853-2057199433
109,18812,080f2ad3-809c-4cc8-8325-c63b14596845,2022-02-02 15:25:00,1,0,67157010150,708101,Ascor 25000MG/50ML Solution MCGUFF PHARMACEUTICALS 1X50ML,2022-01-01,2022-02-01,2022-02-01,246.000000,2022-02-01,2,Cardinal Health,6,1,AFFILIATE,NUHEALTH - 602097 - BN6756223,COMMONSPIRIT HEALTH AT HOME3 - AB7319,235.40,WAC,59,14.750000,3472.150000,Refrigerated,77 - VITAMINS,0.830,246.000000,0.800,263.220000,0.0700,2022-02-01,251.878000,3715.230000,243.080000,0.790,246.000000,0.0000,2022-03-01,235.400000,3472.150000,0.000000,0.780,246.000000,0.0000,2022-04-01,235.400000,3472.150000,0.000000,00000000000000623107-00000000000000631658-2057190292
17,18747,a582ddc8-135d-4083-bcae-2dbb8d4ed515,2022-02-02 15:25:00,1,0,67157010151,708187,Ascor 25000MG/50ML Solution MCGUFF PHARMACEUTICALS 25X50ML,2022-01-01,2022-02-01,2022-02-01,6075.000000,2022-01-01,3,AmerisourceBergen Drug Corporation,6,36,AFFILIATE,"REGIONCARE, INC. - NY2326 - BR3697135",COMMONSPIRIT HEALTH AT HOME4 - AB7320,6462.65,GPO,5,1.250000,8078.312500,Refrigerated,77 - VITAMINS,0.760,6075.000000,0.800,6439.500000,0.0600,2022-02-01,6850.409000,8563.012500,484.700000,0.750,6075.000000,0.0000,2022-03-01,6462.650000,8078.312500,0.000000,0.760,6075.000000,0.0000,2022-04-01,6462.650000,8078.312500,0.000000,00000000000000401166-100073981-2057199829
16,18747,a582ddc8-135d-4083-bcae-2dbb8d4ed515,2022-02-02 15:25:00,1,0,67157010151,708187,Ascor 25000MG/50ML Solution MCGUFF PHARMACEUTICALS 25X50ML,2022-01-01,2022-02-01,2022-02-01,6075.000000,2022-01-01,2,Cardinal Health,6,36,AFFILIATE,"REGIONCARE, INC. - NY2326 - BR3697135",COMMONSPIRIT HEALTH AT HOME4 - AB7320,6166.13,GPO,1,0.250000,1541.532500,Refrigerated,77 - VITAMINS,0.760,6075.000000,0.800,6439.500000,0.0600,2022-02-01,6536.097800,1634.025000,92.492500,0.750,6075.000000,0.0000,2022-03-01,6166.130000,1541.532500,0.000000,0.760,6075.000000,0.0000,2022-04-01,6166.130000,1541.532500,0.000000,00000000000000401166-100073981-2057199829
21,18755,b6478c6a-e99e-472a-842d-3d55e2be5e3c,2022-02-02 15:25:00,1,0,69660020291,721792,Rubraca 250MG Tablet CLOVIS ONCOLOGY 1X60EA,2022-01-01,2022-02-01,2022-02-01,8685.000000,2022-02-01,42,ASD Specialty Healthcare,6,18,OLM,VIVO HEALTH PHARMACY AT CFAM - 760758 - FT5327615,COMMONSPIRIT HEALTH AT HOME3 - AB7319,5263.31,GPO,2,0.500000,2631.655000,Normal (room temperature),21 - ANTINEOPLASTICS AND ADJUNCTIVE THERAPIES,0.790,8685.000000,0.730,8685.000000,0.0000,2022-02-01,5263.310000,2631.655000,0.000000,0.730,8685.000000,0.0000,2022-03-01,5263.310000,2631.655000,0.000000,0.740,9032.400000,0.0400,2022-04-01,5473.842400,2736.920000,105.265000,00000000000000634388-00000000000000634447-100121145-448285-448392
83,18789,82145cdd-da52-487a-85cf-8dbd2d3bae90,2022-02-02 15:25:00,1,0,75987008010,736108,Krystexxa 8MG/ML Solution HORIZON THERAPEUTICS USA 1X1ML,2022-01-01,2022-02-01,2022-02-01,24847.560000,2021-07-01,2,Cardinal Health,6,34,AFFILIATE,JOHN T. MATHER MEMORIAL HOSPITAL - NY2243 - AM3429316,COMMONSPIRIT HEALTH AT HOME4 - AB7320,24847.56,GPO,2,0.500000,12423.780000,Refrigerated,68 - GOUT AGENTS,0.860,24847.560000,0.910,26089.938000,0.0500,2022-02-01,26089.938000,13044.970000,621.190000,0.860,24847.560000,0.0000,2022-03-01,24847.560000,12423.780000,0.000000,0.870,24847.560000,0.0000,2022-04-01,24847.560000,12423.780000,0.000000,00000000000000622061-00000000000000622073
82,18789,82145cdd-da52-487a-85cf-8dbd2d3bae90,2022-02-02 15:25:00,1,0,75987008010,736108,Krystexxa 8MG/ML Solution HORIZON THERAPEUTICS USA 1X1ML,2022-01-01,2022-02-01,2022-02-01,24847.560000,2021-07-01,2,Cardinal Health,6,32,AFFILIATE,NORTH SHORE UNIVERSITY HOSPITAL - NY2179 - AN0768917,COMMONSPIRIT HEALTH AT HOME4 - AB7320,24847.56,GPO,1,0.250000,6211.890000,Refrigerated,68 - GOUT AGENTS,0.860,24847.560000,0.910,26089.938000,0.0500,2022-02-01,26089.938000,6522.485000,310.595000,0.860,24847.560000,0.0000,2022-03-01,24847.560000,6211.890000,0.000000,0.870,24847.560000,0.0000,2022-04-01,24847.560000,6211.890000,0.000000,2057199823
81,18789,82145cdd-da52-487a-85cf-8dbd2d3bae90,2022-02-02 15:25:00,1,0,75987008010,736108,Krystexxa 8MG/ML Solution HORIZON THERAPEUTICS USA 1X1ML,2022-01-01,2022-02-01,2022-02-01,24847.560000,2021-07-01,2,Cardinal Health,6,19,OLM,VIVO HEALTH PHARMACY SPECIALTY PHARMACY - 760759 - FT5343594,COMMONSPIRIT HEALTH AT HOME3 - AB7319,26040.25,WAC,2,0.500000,13020.125000,Refrigerated,68 - GOUT AGENTS,0.860,24847.560000,0.910,26089.938000,0.0500,2022-02-01,27342.262500,13671.130000,651.005000,0.860,24847.560000,0.0000,2022-03-01,26040.250000,13020.125000,0.000000,0.870,24847.560000,0.0000,2022-04-01,26040.250000,13020.125000,0.000000,2150131226
