{
    "$schema": "http://schema.management.azure.com/schemas/2015-01-01/deploymentTemplate.json#",
    "contentVersion": "1.0.0.0",
    "parameters": {
        "factoryName": {
            "type": "string",
            "metadata": "Data Factory name",
            "defaultValue": "adf-CognitiveRx-Daily-prod"
        },
        "CentralDataFactoryComponentStorageAccount_connectionString": {
            "type": "secureString",
            "metadata": "Secure string for 'connectionString' of 'CentralDataFactoryComponentStorageAccount'"
        },
        "LS_Gen2_Export_accountKey": {
            "type": "secureString",
            "metadata": "Secure string for 'accountKey' of 'LS_Gen2_Export'"
        },
        "LS_MemberTenant_AzureSQL_connectionString": {
            "type": "secureString",
            "metadata": "Secure string for 'connectionString' of 'LS_MemberTenant_AzureSQL'"
        },
        "CognitiveRx_keyvault_properties_typeProperties_baseUrl": {
            "type": "string",
            "defaultValue": "https://kv-cognitiverx-prod.vault.azure.net/"
        },
        "CognitiveRx_properties_typeProperties_connectionString_secretName": {
            "type": "string",
            "defaultValue": "@linkedService().Secret"
        },
        "MasterDataSyncControl_properties_typeProperties_connectionString_secretName": {
            "type": "string",
            "defaultValue": "Secret-ItemMaster-DB-MasterDataSync"
        },
        "Ls_AA_properties_typeProperties_connectionString_secretName": {
            "type": "string",
            "defaultValue": "Secret-CogRX-DB-AdvocateAurora"
        },
        "linkedService1_properties_typeProperties_connectionString_secretName": {
            "type": "string",
            "defaultValue": "Secret-CogRX-DB-stluke"
        },
        "AzureSqlDatabase1_properties_typeProperties_connectionString_secretName": {
            "type": "string",
            "defaultValue": "Secret-CogRX-DB-stluke"
        },
        "AzureSqlDatabase2_properties_typeProperties_connectionString_secretName": {
            "type": "string",
            "defaultValue": "Secret-CogRX-DB-AdvocateAurora"
        },
        "LS_Gen2_Export_properties_typeProperties_url": {
            "type": "string",
            "defaultValue": "https://cogrxpremierdatastore.dfs.core.windows.net"
        },
        "LS_MemberTenant_AzureSQL_properties_typeProperties_servicePrincipalId": {
            "type": "string",
            "defaultValue": "@{linkedService().lsdbserviceprincipal}"
        },
        "LS_MemberTenant_AzureSQL_properties_typeProperties_tenant": {
            "type": "string",
            "defaultValue": "@{linkedService().lsdbtenant}"
        },
        "t_d_ScalingUp_properties_Scale Up - Loop_parameters_datasetGuid": {
            "type": "array",
            "defaultValue": [
                "UPMC",
                "StLukes",
                "Northwell",
                "Fairview",
                "CommonSpirit",
                "Demo",
                "AdvocateAurora"
            ]
        },
        "t_w_ScalingDown_properties_Scale Down - Loop_parameters_datasetGuid": {
            "type": "array",
            "defaultValue": [
                "UPMC",
                "StLukes",
                "Northwell",
                "Fairview",
                "CommonSpirit",
                "Demo",
                "AdvocateAurora"
            ]
        },
        "t_d_ScalingDown_properties_Scale Down - Loop_parameters_datasetGuid": {
            "type": "array",
            "defaultValue": [
                "UPMC",
                "StLukes",
                "Northwell",
                "Fairview",
                "CommonSpirit",
                "Demo",
                "AdvocateAurora"
            ]
        },
        "t_wholesaler_properties_typeProperties_scope": {
            "type": "string",
            "defaultValue": "/subscriptions/d0521c58-92af-4b80-9809-8cd793aa9393/resourceGroups/CognitiveRx-PROD/providers/Microsoft.Storage/storageAccounts/stcogrxexternalprod"
        },
        "containerUri": {
            "type": "string",
            "metadata": "URI to storage account containing linked ARM templates"
        },
        "containerSasToken": {
            "type": "string",
            "metadata": "Sas token to storage account containing linked ARM templates"
        }
    },
    "variables": {
        "factoryId": "[concat('Microsoft.DataFactory/factories/', parameters('factoryName'))]"
    },
    "resources": [
        {
            "name": "adf-CognitiveRx-Daily-prod_ArmTemplate_0",
            "type": "Microsoft.Resources/deployments",
            "apiVersion": "2018-02-01",
            "properties": {
                "mode": "incremental",
                "templateLink": {
                    "uri": "[concat(parameters('containerUri'), '/ArmTemplate_0.json', parameters('containerSasToken'))]",
                    "contentVersion": "1.0.0.0"
                },
                "parameters": {
                    "factoryName": {
                        "value": "[parameters('factoryName')]"
                    },
                    "CentralDataFactoryComponentStorageAccount_connectionString": {
                        "value": "[parameters('CentralDataFactoryComponentStorageAccount_connectionString')]"
                    },
                    "LS_Gen2_Export_accountKey": {
                        "value": "[parameters('LS_Gen2_Export_accountKey')]"
                    },
                    "CognitiveRx_keyvault_properties_typeProperties_baseUrl": {
                        "value": "[parameters('CognitiveRx_keyvault_properties_typeProperties_baseUrl')]"
                    },
                    "LS_Gen2_Export_properties_typeProperties_url": {
                        "value": "[parameters('LS_Gen2_Export_properties_typeProperties_url')]"
                    },
                    "CognitiveRx_properties_typeProperties_connectionString_secretName": {
                        "value": "[parameters('CognitiveRx_properties_typeProperties_connectionString_secretName')]"
                    },
                    "MasterDataSyncControl_properties_typeProperties_connectionString_secretName": {
                        "value": "[parameters('MasterDataSyncControl_properties_typeProperties_connectionString_secretName')]"
                    },
                    "Ls_AA_properties_typeProperties_connectionString_secretName": {
                        "value": "[parameters('Ls_AA_properties_typeProperties_connectionString_secretName')]"
                    },
                    "linkedService1_properties_typeProperties_connectionString_secretName": {
                        "value": "[parameters('linkedService1_properties_typeProperties_connectionString_secretName')]"
                    },
                    "AzureSqlDatabase1_properties_typeProperties_connectionString_secretName": {
                        "value": "[parameters('AzureSqlDatabase1_properties_typeProperties_connectionString_secretName')]"
                    }
                }
            },
            "dependsOn": []
        },
        {
            "name": "adf-CognitiveRx-Daily-prod_ArmTemplate_1",
            "type": "Microsoft.Resources/deployments",
            "apiVersion": "2018-02-01",
            "properties": {
                "mode": "incremental",
                "templateLink": {
                    "uri": "[concat(parameters('containerUri'), '/ArmTemplate_1.json', parameters('containerSasToken'))]",
                    "contentVersion": "1.0.0.0"
                },
                "parameters": {
                    "factoryName": {
                        "value": "[parameters('factoryName')]"
                    },
                    "LS_MemberTenant_AzureSQL_connectionString": {
                        "value": "[parameters('LS_MemberTenant_AzureSQL_connectionString')]"
                    },
                    "AzureSqlDatabase2_properties_typeProperties_connectionString_secretName": {
                        "value": "[parameters('AzureSqlDatabase2_properties_typeProperties_connectionString_secretName')]"
                    },
                    "LS_MemberTenant_AzureSQL_properties_typeProperties_servicePrincipalId": {
                        "value": "[parameters('LS_MemberTenant_AzureSQL_properties_typeProperties_servicePrincipalId')]"
                    },
                    "LS_MemberTenant_AzureSQL_properties_typeProperties_tenant": {
                        "value": "[parameters('LS_MemberTenant_AzureSQL_properties_typeProperties_tenant')]"
                    },
                    "t_wholesaler_properties_typeProperties_scope": {
                        "value": "[parameters('t_wholesaler_properties_typeProperties_scope')]"
                    },
                    "t_d_ScalingUp_properties_Scale Up - Loop_parameters_datasetGuid": {
                        "value": "[parameters('t_d_ScalingUp_properties_Scale Up - Loop_parameters_datasetGuid')]"
                    },
                    "t_w_ScalingDown_properties_Scale Down - Loop_parameters_datasetGuid": {
                        "value": "[parameters('t_w_ScalingDown_properties_Scale Down - Loop_parameters_datasetGuid')]"
                    }
                }
            },
            "dependsOn": [
                "[resourceId('Microsoft.Resources/deployments', 'adf-CognitiveRx-Daily-prod_ArmTemplate_0')]"
            ]
        },
        {
            "name": "adf-CognitiveRx-Daily-prod_ArmTemplate_2",
            "type": "Microsoft.Resources/deployments",
            "apiVersion": "2018-02-01",
            "properties": {
                "mode": "incremental",
                "templateLink": {
                    "uri": "[concat(parameters('containerUri'), '/ArmTemplate_2.json', parameters('containerSasToken'))]",
                    "contentVersion": "1.0.0.0"
                },
                "parameters": {
                    "factoryName": {
                        "value": "[parameters('factoryName')]"
                    },
                    "t_d_ScalingDown_properties_Scale Down - Loop_parameters_datasetGuid": {
                        "value": "[parameters('t_d_ScalingDown_properties_Scale Down - Loop_parameters_datasetGuid')]"
                    }
                }
            },
            "dependsOn": [
                "[resourceId('Microsoft.Resources/deployments', 'adf-CognitiveRx-Daily-prod_ArmTemplate_1')]"
            ]
        },
        {
            "name": "adf-CognitiveRx-Daily-prod_ArmTemplate_3",
            "type": "Microsoft.Resources/deployments",
            "apiVersion": "2018-02-01",
            "properties": {
                "mode": "incremental",
                "templateLink": {
                    "uri": "[concat(parameters('containerUri'), '/ArmTemplate_3.json', parameters('containerSasToken'))]",
                    "contentVersion": "1.0.0.0"
                },
                "parameters": {
                    "factoryName": {
                        "value": "[parameters('factoryName')]"
                    }
                }
            },
            "dependsOn": [
                "[resourceId('Microsoft.Resources/deployments', 'adf-CognitiveRx-Daily-prod_ArmTemplate_2')]"
            ]
        }
    ]
}