{
    "$schema": "http://schema.management.azure.com/schemas/2015-01-01/deploymentTemplate.json#",
    "contentVersion": "1.0.0.0",
    "parameters": {
        "factoryName": {
            "type": "string",
            "metadata": "Data Factory name",
            "defaultValue": "adf-CognitiveRx-Daily-prod"
        },
        "LS_MemberTenant_AzureSQL_connectionString": {
            "type": "secureString",
            "metadata": "Secure string for 'connectionString' of 'LS_MemberTenant_AzureSQL'"
        },
        "AzureSqlDatabase2_properties_typeProperties_connectionString_secretName": {
            "type": "string",
            "defaultValue": "Secret-CogRX-DB-AdvocateAurora"
        },
        "LS_MemberTenant_AzureSQL_properties_typeProperties_servicePrincipalId": {
            "type": "string",
            "defaultValue": "@{linkedService().lsdbserviceprincipal}"
        },
        "LS_MemberTenant_AzureSQL_properties_typeProperties_tenant": {
            "type": "string",
            "defaultValue": "@{linkedService().lsdbtenant}"
        },
        "t_wholesaler_properties_typeProperties_scope": {
            "type": "string",
            "defaultValue": "/subscriptions/d0521c58-92af-4b80-9809-8cd793aa9393/resourceGroups/CognitiveRx-PROD/providers/Microsoft.Storage/storageAccounts/stcogrxexternalprod"
        },
        "t_d_ScalingUp_properties_Scale Up - Loop_parameters_datasetGuid": {
            "type": "array",
            "defaultValue": [
                "UPMC",
                "StLukes",
                "Northwell",
                "Fairview",
                "CommonSpirit",
                "Demo",
                "AdvocateAurora"
            ]
        },
        "t_w_ScalingDown_properties_Scale Down - Loop_parameters_datasetGuid": {
            "type": "array",
            "defaultValue": [
                "UPMC",
                "StLukes",
                "Northwell",
                "Fairview",
                "CommonSpirit",
                "Demo",
                "AdvocateAurora"
            ]
        }
    },
    "variables": {
        "factoryId": "[concat('Microsoft.DataFactory/factories/', parameters('factoryName'))]"
    },
    "resources": [
        {
            "name": "[concat(parameters('factoryName'), '/AzureSqlDatabase2')]",
            "type": "Microsoft.DataFactory/factories/linkedServices",
            "apiVersion": "2018-06-01",
            "properties": {
                "annotations": [],
                "type": "AzureSqlDatabase",
                "typeProperties": {
                    "connectionString": {
                        "type": "AzureKeyVaultSecret",
                        "store": {
                            "referenceName": "CognitiveRx_keyvault",
                            "type": "LinkedServiceReference"
                        },
                        "secretName": "[parameters('AzureSqlDatabase2_properties_typeProperties_connectionString_secretName')]"
                    }
                }
            },
            "dependsOn": []
        },
        {
            "name": "[concat(parameters('factoryName'), '/LS_MemberTenant_AzureSQL')]",
            "type": "Microsoft.DataFactory/factories/linkedServices",
            "apiVersion": "2018-06-01",
            "properties": {
                "parameters": {
                    "lsdburl": {
                        "type": "string",
                        "defaultValue": "@pipeline().parameters.pldburl"
                    },
                    "lsdbname": {
                        "type": "string",
                        "defaultValue": "@pipeline().parameters.pldbname"
                    },
                    "lsdbtenant": {
                        "type": "string",
                        "defaultValue": "@pipeline().parameters.pldbtenant"
                    },
                    "lsdbserviceprincipal": {
                        "type": "string",
                        "defaultValue": "@pipeline().parameters.pldbserviceprincipal"
                    },
                    "lsdbsecret": {
                        "type": "string",
                        "defaultValue": "@pipeline().parameters.pldbsecret"
                    }
                },
                "annotations": [],
                "type": "AzureSqlDatabase",
                "typeProperties": {
                    "connectionString": "[parameters('LS_MemberTenant_AzureSQL_connectionString')]",
                    "servicePrincipalId": "[parameters('LS_MemberTenant_AzureSQL_properties_typeProperties_servicePrincipalId')]",
                    "servicePrincipalKey": {
                        "type": "AzureKeyVaultSecret",
                        "store": {
                            "referenceName": "CognitiveRx_keyvault",
                            "type": "LinkedServiceReference"
                        },
                        "secretName": {
                            "value": "@linkedService().lsdbsecret",
                            "type": "Expression"
                        }
                    },
                    "tenant": "[parameters('LS_MemberTenant_AzureSQL_properties_typeProperties_tenant')]"
                }
            },
            "dependsOn": []
        },
        {
            "name": "[concat(parameters('factoryName'), '/t_wholesaler')]",
            "type": "Microsoft.DataFactory/factories/triggers",
            "apiVersion": "2018-06-01",
            "properties": {
                "annotations": [],
                "runtimeState": "Stopped",
                "pipelines": [
                    {
                        "pipelineReference": {
                            "referenceName": "Trigger testing",
                            "type": "PipelineReference"
                        },
                        "parameters": {}
                    }
                ],
                "type": "BlobEventsTrigger",
                "typeProperties": {
                    "blobPathBeginsWith": "/premierdata/blobs/WholeSaleData/WholesaleDataEOF/",
                    "blobPathEndsWith": "EndofFiles.done",
                    "ignoreEmptyBlobs": false,
                    "scope": "[parameters('t_wholesaler_properties_typeProperties_scope')]",
                    "events": [
                        "Microsoft.Storage.BlobCreated"
                    ]
                }
            },
            "dependsOn": []
        },
        {
            "name": "[concat(parameters('factoryName'), '/PowerBI-Daily-Refresh-Loop')]",
            "type": "Microsoft.DataFactory/factories/pipelines",
            "apiVersion": "2018-06-01",
            "properties": {
                "activities": [
                    {
                        "name": "ForEach Dataset",
                        "type": "ForEach",
                        "dependsOn": [
                            {
                                "activity": "SendAlertStart",
                                "dependencyConditions": [
                                    "Succeeded"
                                ]
                            }
                        ],
                        "userProperties": [],
                        "typeProperties": {
                            "items": {
                                "value": "@pipeline().parameters.datasetGuid",
                                "type": "Expression"
                            },
                            "isSequential": true,
                            "activities": [
                                {
                                    "name": "PowerBI-Daily-Refresh",
                                    "type": "ExecutePipeline",
                                    "dependsOn": [],
                                    "userProperties": [],
                                    "typeProperties": {
                                        "pipeline": {
                                            "referenceName": "PowerBI-Daily-Refresh",
                                            "type": "PipelineReference"
                                        },
                                        "waitOnCompletion": true,
                                        "parameters": {
                                            "SecretName_TenantId": {
                                                "value": "@pipeline().parameters.SecretName_TenantId",
                                                "type": "Expression"
                                            },
                                            "SecretName_SPClientId": {
                                                "value": "@pipeline().parameters.SecretName_SPClientId",
                                                "type": "Expression"
                                            },
                                            "SecretName_SPSecret": {
                                                "value": "@pipeline().parameters.SecretName_SPSecret",
                                                "type": "Expression"
                                            },
                                            "KeyVaultDNSName": {
                                                "value": "@pipeline().parameters.KeyVaultDNSName",
                                                "type": "Expression"
                                            },
                                            "workspaceGuid": {
                                                "value": "@pipeline().parameters.workspaceGuid",
                                                "type": "Expression"
                                            },
                                            "datasetGuid": {
                                                "value": "@item()",
                                                "type": "Expression"
                                            }
                                        }
                                    }
                                }
                            ]
                        }
                    },
                    {
                        "name": "SendAlertStart",
                        "type": "WebActivity",
                        "dependsOn": [],
                        "policy": {
                            "timeout": "7.00:00:00",
                            "retry": 0,
                            "retryIntervalInSeconds": 30,
                            "secureOutput": false,
                            "secureInput": false
                        },
                        "userProperties": [],
                        "typeProperties": {
                            "url": "https://prod-94.eastus.logic.azure.com:443/workflows/316d16528e9944948d822175d3c33cb4/triggers/manual/paths/invoke?api-version=2016-10-01&sp=%2Ftriggers%2Fmanual%2Frun&sv=1.0&sig=mGaVYPGMjAh5zK5ZW5dstMQS4AaOLDd3dWmzuzLLUxo",
                            "method": "POST",
                            "headers": {
                                "Content-Type": "application/json"
                            },
                            "body": {
                                "subject": "CogRx Alerts | STARTED - PowerBI Dataset refresh",
                                "introBody": "TEST",
                                "emailAddresses": [
                                    "informaticsitcogrxdev@premierinc.com"
                                ],
                                "headerImage": "TEST"
                            }
                        }
                    },
                    {
                        "name": "SendAlertComplete",
                        "type": "WebActivity",
                        "dependsOn": [
                            {
                                "activity": "ForEach Dataset",
                                "dependencyConditions": [
                                    "Succeeded"
                                ]
                            }
                        ],
                        "policy": {
                            "timeout": "7.00:00:00",
                            "retry": 0,
                            "retryIntervalInSeconds": 30,
                            "secureOutput": false,
                            "secureInput": false
                        },
                        "userProperties": [],
                        "typeProperties": {
                            "url": "https://prod-94.eastus.logic.azure.com:443/workflows/316d16528e9944948d822175d3c33cb4/triggers/manual/paths/invoke?api-version=2016-10-01&sp=%2Ftriggers%2Fmanual%2Frun&sv=1.0&sig=mGaVYPGMjAh5zK5ZW5dstMQS4AaOLDd3dWmzuzLLUxo",
                            "method": "POST",
                            "headers": {
                                "Content-Type": "application/json"
                            },
                            "body": {
                                "subject": "CogRx Alerts | COMPLETED - PowerBI Dataset refresh",
                                "introBody": "TEST",
                                "emailAddresses": [
                                    "informaticsitcogrxdev@premierinc.com"
                                ],
                                "headerImage": "TEST"
                            }
                        }
                    }
                ],
                "policy": {
                    "elapsedTimeMetric": {},
                    "cancelAfter": {}
                },
                "parameters": {
                    "SecretName_TenantId": {
                        "type": "String",
                        "defaultValue": "SecretName-TenantId"
                    },
                    "SecretName_SPClientId": {
                        "type": "String",
                        "defaultValue": "SecretName-SPClientId"
                    },
                    "SecretName_SPSecret": {
                        "type": "String",
                        "defaultValue": "SecretName-SPSecret"
                    },
                    "KeyVaultDNSName": {
                        "type": "string",
                        "defaultValue": "https://kv-cognitiverx-prod.vault.azure.net/"
                    },
                    "workspaceGuid": {
                        "type": "string",
                        "defaultValue": "684d0fdb-3cd8-4109-80fb-e22ce69b775c"
                    },
                    "datasetGuid": {
                        "type": "array",
                        "defaultValue": [
                            "1e56ee8a-4d6d-4a7d-a8f1-5595fdbf2685",
                            "6f1de5d2-8553-42eb-8b32-bac1349edf6f",
                            "587e9216-0a97-4314-af69-dc8039e44540",
                            "ad1a0165-bcd0-4c07-b24e-fb65bb231e66",
                            "6ed00f30-dfc8-4767-9b88-92aaaf9eae50",
                            "00a21348-d6e3-45e4-b837-ad57969166bd",
                            "bfe17258-50f9-421d-badf-95f190000f96",
                            "1a29b973-41f6-4ed3-aad6-eb8353d88520",
                            "c4a12614-f42c-4f5d-8037-a6712878e602",
                            "2acfc7b0-a1dd-48d9-b35c-37d103d63e07",
                            "8ad9e9d3-9d9d-4372-b4e5-902b9e3f6b08",
                            "3676cf13-600b-4641-bb84-8330c6304344",
                            "edc25049-de75-4c67-a1a6-cec13bf8b0c0",
                            "d65cde8d-9660-4949-bd1b-cf4d68b7ab2e",
                            "83c83881-fa45-4878-9c82-a2f5ba3426d9",
                            "ce4bef88-d554-4d33-bdc3-99254467bbb7",
                            "3f70e64d-a194-436b-9f32-25ca31c77e6a",
                            "43c857db-0ea3-42f6-9de3-433b1bdbe246",
                            "118ce6b4-dafb-46c3-9491-f7609d6f83dc"
                        ]
                    }
                },
                "variables": {
                    "ProcessingErrors": {
                        "type": "Boolean"
                    }
                },
                "folder": {
                    "name": "PowerBI-Refresh"
                },
                "annotations": [],
                "lastPublishTime": "2022-09-22T18:06:20Z"
            },
            "dependsOn": []
        },
        {
            "name": "[concat(parameters('factoryName'), '/Scale Down - Loop')]",
            "type": "Microsoft.DataFactory/factories/pipelines",
            "apiVersion": "2018-06-01",
            "properties": {
                "activities": [
                    {
                        "name": "Scale Down for Client DBs - Loop",
                        "type": "ForEach",
                        "dependsOn": [],
                        "userProperties": [],
                        "typeProperties": {
                            "items": {
                                "value": "@pipeline().parameters.datasetGuid",
                                "type": "Expression"
                            },
                            "isSequential": true,
                            "activities": [
                                {
                                    "name": "Execute Pipeline for Client DBs",
                                    "type": "ExecutePipeline",
                                    "dependsOn": [],
                                    "userProperties": [],
                                    "typeProperties": {
                                        "pipeline": {
                                            "referenceName": "Scale Down for Client DBs",
                                            "type": "PipelineReference"
                                        },
                                        "waitOnCompletion": true,
                                        "parameters": {
                                            "datasetGuid": {
                                                "value": "@item()",
                                                "type": "Expression"
                                            }
                                        }
                                    }
                                }
                            ]
                        }
                    },
                    {
                        "name": "Scale Down for MasterdataSync",
                        "type": "WebActivity",
                        "dependsOn": [
                            {
                                "activity": "Scale Down for ItemMaster",
                                "dependencyConditions": [
                                    "Succeeded"
                                ]
                            }
                        ],
                        "policy": {
                            "timeout": "7.00:00:00",
                            "retry": 0,
                            "retryIntervalInSeconds": 30,
                            "secureOutput": false,
                            "secureInput": false
                        },
                        "userProperties": [],
                        "typeProperties": {
                            "url": "https://management.azure.com/subscriptions/d0521c58-92af-4b80-9809-8cd793aa9393/resourceGroups/CognitiveRx-PROD/providers/Microsoft.Sql/servers/sqlcogrxproditemmaster/databases/sqldbCogRxProdMasterdataSync?api-version=2017-10-01-preview",
                            "method": "PUT",
                            "headers": {
                                "Content-Type": "application/json"
                            },
                            "body": {
                                "sku": {
                                    "name": "S0",
                                    "tier": "Standard"
                                },
                                "location": "East US"
                            },
                            "authentication": {
                                "type": "MSI",
                                "resource": "https://management.azure.com/"
                            }
                        }
                    },
                    {
                        "name": "Scale Down for ItemMaster",
                        "type": "WebActivity",
                        "dependsOn": [
                            {
                                "activity": "Scale Down for Client DBs - Loop",
                                "dependencyConditions": [
                                    "Succeeded"
                                ]
                            }
                        ],
                        "policy": {
                            "timeout": "7.00:00:00",
                            "retry": 0,
                            "retryIntervalInSeconds": 30,
                            "secureOutput": false,
                            "secureInput": false
                        },
                        "userProperties": [],
                        "typeProperties": {
                            "url": "https://management.azure.com/subscriptions/d0521c58-92af-4b80-9809-8cd793aa9393/resourceGroups/CognitiveRx-PROD/providers/Microsoft.Sql/servers/sqlcogrxproditemmaster/databases/sqldbCogRxProdItemMaster?api-version=2017-10-01-preview",
                            "method": "PUT",
                            "headers": {
                                "Content-Type": "application/json"
                            },
                            "body": {
                                "sku": {
                                    "name": "S0",
                                    "tier": "Standard"
                                },
                                "location": "East US"
                            },
                            "authentication": {
                                "type": "MSI",
                                "resource": "https://management.azure.com/"
                            }
                        }
                    },
                    {
                        "name": "ScaleDown-DailyLoad Complete Mail Alert",
                        "type": "WebActivity",
                        "dependsOn": [
                            {
                                "activity": "Scale Down for MasterdataSync",
                                "dependencyConditions": [
                                    "Succeeded"
                                ]
                            }
                        ],
                        "policy": {
                            "timeout": "7.00:00:00",
                            "retry": 0,
                            "retryIntervalInSeconds": 30,
                            "secureOutput": false,
                            "secureInput": false
                        },
                        "userProperties": [],
                        "typeProperties": {
                            "url": "https://prod-94.eastus.logic.azure.com:443/workflows/316d16528e9944948d822175d3c33cb4/triggers/manual/paths/invoke?api-version=2016-10-01&sp=%2Ftriggers%2Fmanual%2Frun&sv=1.0&sig=mGaVYPGMjAh5zK5ZW5dstMQS4AaOLDd3dWmzuzLLUxo",
                            "method": "POST",
                            "headers": {
                                "Content-Type": "application/json"
                            },
                            "body": {
                                "subject": "CogRx Alerts | COMPLETED - Scaling Down Resources Completed",
                                "introBody": "TEST",
                                "emailAddresses": [
                                    "informaticsitcogrxdev@premierinc.com"
                                ],
                                "headerImage": "TEST"
                            }
                        }
                    }
                ],
                "policy": {
                    "elapsedTimeMetric": {},
                    "cancelAfter": {}
                },
                "parameters": {
                    "datasetGuid": {
                        "type": "array",
                        "defaultValue": [
                            "UPMC",
                            "StLukes",
                            "Northwell",
                            "Fairview",
                            "CommonSpirit",
                            "Demo"
                        ]
                    }
                },
                "folder": {
                    "name": "PowerBI-Refresh/Scaling"
                },
                "annotations": [],
                "lastPublishTime": "2021-08-04T17:18:32Z"
            },
            "dependsOn": []
        },
        {
            "name": "[concat(parameters('factoryName'), '/Scale Up - Loop')]",
            "type": "Microsoft.DataFactory/factories/pipelines",
            "apiVersion": "2018-06-01",
            "properties": {
                "activities": [
                    {
                        "name": "Scale Up for Client DBs- Loop",
                        "type": "ForEach",
                        "dependsOn": [
                            {
                                "activity": "SendAlertStartForAll",
                                "dependencyConditions": [
                                    "Succeeded"
                                ]
                            }
                        ],
                        "userProperties": [],
                        "typeProperties": {
                            "items": {
                                "value": "@pipeline().parameters.datasetGuid",
                                "type": "Expression"
                            },
                            "isSequential": true,
                            "activities": [
                                {
                                    "name": "Execute Pipeline for Client DBs",
                                    "type": "ExecutePipeline",
                                    "dependsOn": [],
                                    "userProperties": [],
                                    "typeProperties": {
                                        "pipeline": {
                                            "referenceName": "Scale Up for Client DBs",
                                            "type": "PipelineReference"
                                        },
                                        "waitOnCompletion": true,
                                        "parameters": {
                                            "datasetGuid": {
                                                "value": "@item()",
                                                "type": "Expression"
                                            }
                                        }
                                    }
                                }
                            ]
                        }
                    },
                    {
                        "name": "Scale Up for MasterdataSync",
                        "type": "WebActivity",
                        "dependsOn": [
                            {
                                "activity": "Scale Up for ItemMaster",
                                "dependencyConditions": [
                                    "Succeeded"
                                ]
                            }
                        ],
                        "policy": {
                            "timeout": "7.00:00:00",
                            "retry": 0,
                            "retryIntervalInSeconds": 30,
                            "secureOutput": false,
                            "secureInput": false
                        },
                        "userProperties": [],
                        "typeProperties": {
                            "url": "https://management.azure.com/subscriptions/d0521c58-92af-4b80-9809-8cd793aa9393/resourceGroups/CognitiveRx-PROD/providers/Microsoft.Sql/servers/sqlcogrxproditemmaster/databases/sqldbCogRxProdMasterdataSync?api-version=2017-10-01-preview",
                            "method": "PUT",
                            "headers": {
                                "Content-Type": "application/json"
                            },
                            "body": {
                                "sku": {
                                    "name": "GP_Gen5",
                                    "tier": "GeneralPurpose",
                                    "family": "Gen5",
                                    "capacity": 2
                                },
                                "location": "East US"
                            },
                            "authentication": {
                                "type": "MSI",
                                "resource": "https://management.azure.com/"
                            }
                        }
                    },
                    {
                        "name": "Scale Up for ItemMaster",
                        "type": "WebActivity",
                        "dependsOn": [
                            {
                                "activity": "Scale Up for Client DBs- Loop",
                                "dependencyConditions": [
                                    "Succeeded"
                                ]
                            }
                        ],
                        "policy": {
                            "timeout": "7.00:00:00",
                            "retry": 0,
                            "retryIntervalInSeconds": 30,
                            "secureOutput": false,
                            "secureInput": false
                        },
                        "userProperties": [],
                        "typeProperties": {
                            "url": "https://management.azure.com/subscriptions/d0521c58-92af-4b80-9809-8cd793aa9393/resourceGroups/CognitiveRx-PROD/providers/Microsoft.Sql/servers/sqlcogrxproditemmaster/databases/sqldbCogRxProdItemMaster?api-version=2017-10-01-preview",
                            "method": "PUT",
                            "headers": {
                                "Content-Type": "application/json"
                            },
                            "body": {
                                "sku": {
                                    "name": "GP_Gen5",
                                    "tier": "GeneralPurpose",
                                    "family": "Gen5",
                                    "capacity": 4
                                },
                                "location": "East US"
                            },
                            "authentication": {
                                "type": "MSI",
                                "resource": "https://management.azure.com/"
                            }
                        }
                    },
                    {
                        "name": "SendAlertStartForAll",
                        "type": "WebActivity",
                        "dependsOn": [],
                        "policy": {
                            "timeout": "7.00:00:00",
                            "retry": 0,
                            "retryIntervalInSeconds": 30,
                            "secureOutput": false,
                            "secureInput": false
                        },
                        "userProperties": [],
                        "typeProperties": {
                            "url": "https://prod-94.eastus.logic.azure.com:443/workflows/316d16528e9944948d822175d3c33cb4/triggers/manual/paths/invoke?api-version=2016-10-01&sp=%2Ftriggers%2Fmanual%2Frun&sv=1.0&sig=mGaVYPGMjAh5zK5ZW5dstMQS4AaOLDd3dWmzuzLLUxo",
                            "method": "POST",
                            "headers": {
                                "Content-Type": "application/json"
                            },
                            "body": {
                                "subject": "CogRx Alerts | STARTED - Scaling Up Resources",
                                "introBody": "TEST",
                                "emailAddresses": [
                                    "informaticsitcogrxdev@premierinc.com"
                                ],
                                "headerImage": "TEST"
                            }
                        }
                    }
                ],
                "policy": {
                    "elapsedTimeMetric": {},
                    "cancelAfter": {}
                },
                "parameters": {
                    "datasetGuid": {
                        "type": "array",
                        "defaultValue": [
                            "UPMC",
                            "StLukes",
                            "Northwell",
                            "Fairview",
                            "CommonSpirit",
                            "Demo"
                        ]
                    }
                },
                "folder": {
                    "name": "PowerBI-Refresh/Scaling"
                },
                "annotations": [],
                "lastPublishTime": "2021-08-04T17:18:32Z"
            },
            "dependsOn": []
        },
        {
            "name": "[concat(parameters('factoryName'), '/Scale Up - Loop_bkp')]",
            "type": "Microsoft.DataFactory/factories/pipelines",
            "apiVersion": "2018-06-01",
            "properties": {
                "activities": [
                    {
                        "name": "Scale Up for Client DBs- Loop",
                        "type": "ForEach",
                        "dependsOn": [],
                        "userProperties": [],
                        "typeProperties": {
                            "items": {
                                "value": "@pipeline().parameters.datasetGuid",
                                "type": "Expression"
                            },
                            "isSequential": true,
                            "activities": [
                                {
                                    "name": "Execute Pipeline for Client DBs",
                                    "type": "ExecutePipeline",
                                    "dependsOn": [],
                                    "userProperties": [],
                                    "typeProperties": {
                                        "pipeline": {
                                            "referenceName": "Scale Up for Client DBs",
                                            "type": "PipelineReference"
                                        },
                                        "waitOnCompletion": true,
                                        "parameters": {
                                            "datasetGuid": {
                                                "value": "@item()",
                                                "type": "Expression"
                                            }
                                        }
                                    }
                                }
                            ]
                        }
                    },
                    {
                        "name": "Scale Up for MasterdataSync",
                        "type": "WebActivity",
                        "dependsOn": [
                            {
                                "activity": "Scale Up for ItemMaster",
                                "dependencyConditions": [
                                    "Succeeded"
                                ]
                            }
                        ],
                        "policy": {
                            "timeout": "7.00:00:00",
                            "retry": 0,
                            "retryIntervalInSeconds": 30,
                            "secureOutput": false,
                            "secureInput": false
                        },
                        "userProperties": [],
                        "typeProperties": {
                            "url": "https://management.azure.com/subscriptions/d0521c58-92af-4b80-9809-8cd793aa9393/resourceGroups/CognitiveRx-PROD/providers/Microsoft.Sql/servers/sqlcogrxproditemmaster/databases/sqldbCogRxProdMasterdataSync?api-version=2017-10-01-preview",
                            "method": "PUT",
                            "headers": {
                                "Content-Type": "application/json"
                            },
                            "body": {
                                "sku": {
                                    "name": "GP_Gen5",
                                    "tier": "GeneralPurpose",
                                    "family": "Gen5",
                                    "capacity": 2
                                },
                                "location": "East US"
                            },
                            "authentication": {
                                "type": "MSI",
                                "resource": "https://management.azure.com/"
                            }
                        }
                    },
                    {
                        "name": "Scale Up for NationalWholesaler",
                        "type": "WebActivity",
                        "dependsOn": [
                            {
                                "activity": "Scale Up for MasterdataSync",
                                "dependencyConditions": [
                                    "Succeeded"
                                ]
                            }
                        ],
                        "policy": {
                            "timeout": "7.00:00:00",
                            "retry": 0,
                            "retryIntervalInSeconds": 30,
                            "secureOutput": false,
                            "secureInput": false
                        },
                        "userProperties": [],
                        "typeProperties": {
                            "url": "https://management.azure.com/subscriptions/d0521c58-92af-4b80-9809-8cd793aa9393/resourceGroups/CognitiveRx-PROD/providers/Microsoft.Sql/servers/sqlcogrxproditemmaster/databases/sqldbCogRxProdNationalWholesaler?api-version=2017-10-01-preview",
                            "method": "PUT",
                            "headers": {
                                "Content-Type": "application/json"
                            },
                            "body": {
                                "sku": {
                                    "name": "GP_Gen5",
                                    "tier": "GeneralPurpose",
                                    "family": "Gen5",
                                    "capacity": 4
                                },
                                "location": "East US"
                            },
                            "authentication": {
                                "type": "MSI",
                                "resource": "https://management.azure.com/"
                            }
                        }
                    },
                    {
                        "name": "Scale Up for ItemMaster",
                        "type": "WebActivity",
                        "dependsOn": [
                            {
                                "activity": "Scale Up for Client DBs- Loop",
                                "dependencyConditions": [
                                    "Succeeded"
                                ]
                            }
                        ],
                        "policy": {
                            "timeout": "7.00:00:00",
                            "retry": 0,
                            "retryIntervalInSeconds": 30,
                            "secureOutput": false,
                            "secureInput": false
                        },
                        "userProperties": [],
                        "typeProperties": {
                            "url": "https://management.azure.com/subscriptions/d0521c58-92af-4b80-9809-8cd793aa9393/resourceGroups/CognitiveRx-PROD/providers/Microsoft.Sql/servers/sqlcogrxproditemmaster/databases/sqldbCogRxProdItemMaster?api-version=2017-10-01-preview",
                            "method": "PUT",
                            "headers": {
                                "Content-Type": "application/json"
                            },
                            "body": {
                                "sku": {
                                    "name": "GP_Gen5",
                                    "tier": "GeneralPurpose",
                                    "family": "Gen5",
                                    "capacity": 4
                                },
                                "location": "East US"
                            },
                            "authentication": {
                                "type": "MSI",
                                "resource": "https://management.azure.com/"
                            }
                        }
                    }
                ],
                "policy": {
                    "elapsedTimeMetric": {},
                    "cancelAfter": {}
                },
                "parameters": {
                    "datasetGuid": {
                        "type": "array",
                        "defaultValue": [
                            "UPMC",
                            "StLukes",
                            "Northwell",
                            "Fairview",
                            "CommonSpirit"
                        ]
                    }
                },
                "folder": {
                    "name": "PowerBI-Refresh/Scaling"
                },
                "annotations": [],
                "lastPublishTime": "2021-02-15T13:12:25Z"
            },
            "dependsOn": []
        },
        {
            "name": "[concat(parameters('factoryName'), '/Scale Down for DEV DBs - Loop')]",
            "type": "Microsoft.DataFactory/factories/pipelines",
            "apiVersion": "2018-06-01",
            "properties": {
                "activities": [
                    {
                        "name": "Scale Down for DEV DBs - Loop",
                        "type": "ForEach",
                        "dependsOn": [],
                        "userProperties": [],
                        "typeProperties": {
                            "items": {
                                "value": "@pipeline().parameters.datasetGuid",
                                "type": "Expression"
                            },
                            "isSequential": true,
                            "activities": [
                                {
                                    "name": "Execute Pipeline for DEV DBs",
                                    "type": "ExecutePipeline",
                                    "dependsOn": [],
                                    "userProperties": [],
                                    "typeProperties": {
                                        "pipeline": {
                                            "referenceName": "Scale Down for DEV DBs",
                                            "type": "PipelineReference"
                                        },
                                        "waitOnCompletion": true,
                                        "parameters": {
                                            "datasetGuid": {
                                                "value": "@item()",
                                                "type": "Expression"
                                            }
                                        }
                                    }
                                }
                            ]
                        }
                    },
                    {
                        "name": "Scale Down for DEV DBs - Loop_Addons",
                        "type": "ForEach",
                        "dependsOn": [
                            {
                                "activity": "Scale Down for DEV DBs - Loop",
                                "dependencyConditions": [
                                    "Succeeded"
                                ]
                            }
                        ],
                        "userProperties": [],
                        "typeProperties": {
                            "items": {
                                "value": "@pipeline().parameters.datasetGuidaddons",
                                "type": "Expression"
                            },
                            "isSequential": true,
                            "activities": [
                                {
                                    "name": "Execute Pipeline for DEV DBs_Addons",
                                    "type": "ExecutePipeline",
                                    "dependsOn": [],
                                    "userProperties": [],
                                    "typeProperties": {
                                        "pipeline": {
                                            "referenceName": "Scale Down for DEV DBs_Addons",
                                            "type": "PipelineReference"
                                        },
                                        "waitOnCompletion": true,
                                        "parameters": {
                                            "datasetGuidaddons": {
                                                "value": "@item()",
                                                "type": "Expression"
                                            }
                                        }
                                    }
                                }
                            ]
                        }
                    },
                    {
                        "name": "Scale Down for CognitiveWorkbenchDev",
                        "type": "WebActivity",
                        "dependsOn": [
                            {
                                "activity": "Scale Down for DEV DBs - Loop_Addons",
                                "dependencyConditions": [
                                    "Succeeded"
                                ]
                            }
                        ],
                        "policy": {
                            "timeout": "7.00:00:00",
                            "retry": 0,
                            "retryIntervalInSeconds": 30,
                            "secureOutput": false,
                            "secureInput": false
                        },
                        "userProperties": [],
                        "typeProperties": {
                            "url": "https://management.azure.com/subscriptions/d0521c58-92af-4b80-9809-8cd793aa9393/resourceGroups/PENS-DataScience/providers/Microsoft.Sql/servers/pensdatasciencesqlserverpre/databases/CognitiveWorkbenchDev?api-version=2017-10-01-preview",
                            "method": "PUT",
                            "headers": {
                                "Content-Type": "application/json"
                            },
                            "body": {
                                "sku": {
                                    "name": "S0",
                                    "tier": "Standard"
                                },
                                "location": "East US"
                            },
                            "authentication": {
                                "type": "MSI",
                                "resource": "https://management.azure.com/"
                            }
                        }
                    }
                ],
                "policy": {
                    "elapsedTimeMetric": {},
                    "cancelAfter": {}
                },
                "parameters": {
                    "datasetGuid": {
                        "type": "array",
                        "defaultValue": [
                            "NationalWholeSaler",
                            "Masterdata_Sync",
                            "ItemMaster_Temp",
                            "ItemMaster"
                        ]
                    },
                    "datasetGuidaddons": {
                        "type": "array",
                        "defaultValue": [
                            "CogRxStage",
                            "CogRxDev",
                            "CognitiveRxSQLStg"
                        ]
                    }
                },
                "folder": {
                    "name": "Scaling DEV"
                },
                "annotations": [],
                "lastPublishTime": "2021-02-16T09:30:28Z"
            },
            "dependsOn": []
        },
        {
            "name": "[concat(parameters('factoryName'), '/GenericLookupMasterData')]",
            "type": "Microsoft.DataFactory/factories/datasets",
            "apiVersion": "2018-06-01",
            "properties": {
                "linkedServiceName": {
                    "referenceName": "MasterDataSyncControl",
                    "type": "LinkedServiceReference"
                },
                "annotations": [],
                "type": "AzureSqlTable",
                "schema": [],
                "typeProperties": {}
            },
            "dependsOn": []
        },
        {
            "name": "[concat(parameters('factoryName'), '/CogRx_QueryResults')]",
            "type": "Microsoft.DataFactory/factories/datasets",
            "apiVersion": "2018-06-01",
            "properties": {
                "linkedServiceName": {
                    "referenceName": "CognitiveRx",
                    "type": "LinkedServiceReference",
                    "parameters": {
                        "Secret": {
                            "value": "@dataset().Secret",
                            "type": "Expression"
                        }
                    }
                },
                "parameters": {
                    "Secret": {
                        "type": "string"
                    }
                },
                "folder": {
                    "name": "DataCheck"
                },
                "annotations": [],
                "type": "AzureSqlTable",
                "schema": [],
                "typeProperties": {}
            },
            "dependsOn": []
        },
        {
            "name": "[concat(parameters('factoryName'), '/CogRx_PharmacyItemShortage_SQL')]",
            "type": "Microsoft.DataFactory/factories/datasets",
            "apiVersion": "2018-06-01",
            "properties": {
                "linkedServiceName": {
                    "referenceName": "CognitiveRx",
                    "type": "LinkedServiceReference",
                    "parameters": {
                        "Secret": {
                            "value": "@dataset().Secret",
                            "type": "Expression"
                        }
                    }
                },
                "parameters": {
                    "Secret": {
                        "type": "string"
                    }
                },
                "annotations": [],
                "type": "AzureSqlTable",
                "schema": [
                    {
                        "name": "Id",
                        "type": "int",
                        "precision": 10
                    },
                    {
                        "name": "Ndc",
                        "type": "varchar"
                    },
                    {
                        "name": "ItemId",
                        "type": "int",
                        "precision": 10
                    },
                    {
                        "name": "ExternalId",
                        "type": "varchar"
                    },
                    {
                        "name": "Source",
                        "type": "varchar"
                    },
                    {
                        "name": "UpdatedDate",
                        "type": "datetime",
                        "precision": 23,
                        "scale": 3
                    },
                    {
                        "name": "ExternalLink",
                        "type": "varchar"
                    },
                    {
                        "name": "Status",
                        "type": "char"
                    },
                    {
                        "name": "AvailableNdcs",
                        "type": "varchar"
                    },
                    {
                        "name": "Reasons",
                        "type": "varchar"
                    },
                    {
                        "name": "EstimatedResupply",
                        "type": "varchar"
                    },
                    {
                        "name": "SysStartTime",
                        "type": "datetime2",
                        "scale": 0
                    },
                    {
                        "name": "SysEndTime",
                        "type": "datetime2",
                        "scale": 0
                    }
                ],
                "typeProperties": {
                    "schema": "dbo",
                    "table": "PharmacyItemShortage"
                }
            },
            "dependsOn": []
        },
        {
            "name": "[concat(parameters('factoryName'), '/ds_aurora_cogrx_target')]",
            "type": "Microsoft.DataFactory/factories/datasets",
            "apiVersion": "2018-06-01",
            "properties": {
                "linkedServiceName": {
                    "referenceName": "AzureSqlDatabase2",
                    "type": "LinkedServiceReference"
                },
                "parameters": {
                    "dstableschema2": {
                        "type": "string"
                    },
                    "dstablename2": {
                        "type": "string"
                    }
                },
                "annotations": [],
                "type": "AzureSqlTable",
                "schema": [],
                "typeProperties": {
                    "schema": {
                        "value": "@dataset().dstableschema2",
                        "type": "Expression"
                    },
                    "table": {
                        "value": "@dataset().dstablename2",
                        "type": "Expression"
                    }
                }
            },
            "dependsOn": [
                "[concat(variables('factoryId'), '/linkedServices/AzureSqlDatabase2')]"
            ]
        },
        {
            "name": "[concat(parameters('factoryName'), '/ls_stlukes_sql')]",
            "type": "Microsoft.DataFactory/factories/datasets",
            "apiVersion": "2018-06-01",
            "properties": {
                "linkedServiceName": {
                    "referenceName": "AzureSqlDatabase1",
                    "type": "LinkedServiceReference"
                },
                "annotations": [],
                "type": "AzureSqlTable",
                "schema": [],
                "typeProperties": {}
            },
            "dependsOn": []
        },
        {
            "name": "[concat(parameters('factoryName'), '/ds_source_cogrx_stlukes')]",
            "type": "Microsoft.DataFactory/factories/datasets",
            "apiVersion": "2018-06-01",
            "properties": {
                "linkedServiceName": {
                    "referenceName": "AzureSqlDatabase1",
                    "type": "LinkedServiceReference"
                },
                "parameters": {
                    "dstableschema1": {
                        "type": "string"
                    },
                    "dstablename1": {
                        "type": "string"
                    }
                },
                "annotations": [],
                "type": "AzureSqlTable",
                "schema": [],
                "typeProperties": {
                    "schema": {
                        "value": "@dataset().dstableschema1",
                        "type": "Expression"
                    },
                    "table": {
                        "value": "@dataset().dstablename1",
                        "type": "Expression"
                    }
                }
            },
            "dependsOn": []
        },
        {
            "name": "[concat(parameters('factoryName'), '/AzureSqlTable2')]",
            "type": "Microsoft.DataFactory/factories/datasets",
            "apiVersion": "2018-06-01",
            "properties": {
                "linkedServiceName": {
                    "referenceName": "AzureSqlDatabase2",
                    "type": "LinkedServiceReference"
                },
                "annotations": [],
                "type": "AzureSqlTable",
                "schema": [
                    {
                        "name": "PaymentMethodId",
                        "type": "int",
                        "precision": 10
                    },
                    {
                        "name": "PaymentMethodDescription",
                        "type": "varchar"
                    },
                    {
                        "name": "DateAdded",
                        "type": "datetime",
                        "precision": 23,
                        "scale": 3
                    },
                    {
                        "name": "UserAddedUserDataId",
                        "type": "int",
                        "precision": 10
                    }
                ],
                "typeProperties": {
                    "schema": "dbo",
                    "table": "GxImport"
                }
            },
            "dependsOn": [
                "[concat(variables('factoryId'), '/linkedServices/AzureSqlDatabase2')]"
            ]
        },
        {
            "name": "[concat(parameters('factoryName'), '/AzureSqlTable1')]",
            "type": "Microsoft.DataFactory/factories/datasets",
            "apiVersion": "2018-06-01",
            "properties": {
                "linkedServiceName": {
                    "referenceName": "AzureSqlDatabase1",
                    "type": "LinkedServiceReference"
                },
                "annotations": [],
                "type": "AzureSqlTable",
                "schema": [
                    {
                        "name": "PaymentMethodId",
                        "type": "int",
                        "precision": 10
                    },
                    {
                        "name": "PaymentMethodDescription",
                        "type": "varchar"
                    },
                    {
                        "name": "DateAdded",
                        "type": "datetime",
                        "precision": 23,
                        "scale": 3
                    },
                    {
                        "name": "UserAddedUserDataId",
                        "type": "int",
                        "precision": 10
                    }
                ],
                "typeProperties": {
                    "schema": "dbo",
                    "table": "GxImport"
                }
            },
            "dependsOn": []
        },
        {
            "name": "[concat(parameters('factoryName'), '/ds_aurora_cogrx_target_sp1')]",
            "type": "Microsoft.DataFactory/factories/datasets",
            "apiVersion": "2018-06-01",
            "properties": {
                "linkedServiceName": {
                    "referenceName": "AzureSqlDatabase2",
                    "type": "LinkedServiceReference"
                },
                "parameters": {
                    "dstableschema2": {
                        "type": "string"
                    },
                    "dstablename2": {
                        "type": "string"
                    }
                },
                "folder": {
                    "name": "Corporate Tenant"
                },
                "annotations": [],
                "type": "AzureSqlTable",
                "schema": [],
                "typeProperties": {
                    "schema": {
                        "value": "@dataset().dstableschema2",
                        "type": "Expression"
                    },
                    "table": {
                        "value": "@dataset().dstablename2",
                        "type": "Expression"
                    }
                }
            },
            "dependsOn": [
                "[concat(variables('factoryId'), '/linkedServices/AzureSqlDatabase2')]"
            ]
        },
        {
            "name": "[concat(parameters('factoryName'), '/ds_source_cogrx_stlukes_sp1')]",
            "type": "Microsoft.DataFactory/factories/datasets",
            "apiVersion": "2018-06-01",
            "properties": {
                "linkedServiceName": {
                    "referenceName": "AzureSqlDatabase1",
                    "type": "LinkedServiceReference"
                },
                "parameters": {
                    "dstableschema1": {
                        "type": "string"
                    },
                    "dstablename1": {
                        "type": "string"
                    }
                },
                "folder": {
                    "name": "Corporate Tenant"
                },
                "annotations": [],
                "type": "AzureSqlTable",
                "schema": [],
                "typeProperties": {
                    "schema": {
                        "value": "@dataset().dstableschema1",
                        "type": "Expression"
                    },
                    "table": {
                        "value": "@dataset().dstablename1",
                        "type": "Expression"
                    }
                }
            },
            "dependsOn": []
        },
        {
            "name": "[concat(parameters('factoryName'), '/t_d_ScalingUp')]",
            "type": "Microsoft.DataFactory/factories/triggers",
            "apiVersion": "2018-06-01",
            "properties": {
                "annotations": [],
                "runtimeState": "Started",
                "pipelines": [
                    {
                        "pipelineReference": {
                            "referenceName": "Scale Up - Loop",
                            "type": "PipelineReference"
                        },
                        "parameters": {
                            "datasetGuid": "[parameters('t_d_ScalingUp_properties_Scale Up - Loop_parameters_datasetGuid')]"
                        }
                    }
                ],
                "type": "ScheduleTrigger",
                "typeProperties": {
                    "recurrence": {
                        "frequency": "Day",
                        "interval": 1,
                        "startTime": "2021-02-11T18:04:00Z",
                        "timeZone": "UTC",
                        "schedule": {
                            "minutes": [
                                45
                            ],
                            "hours": [
                                4
                            ]
                        }
                    }
                }
            },
            "dependsOn": [
                "[concat(variables('factoryId'), '/pipelines/Scale Up - Loop')]"
            ]
        },
        {
            "name": "[concat(parameters('factoryName'), '/t_w_ScalingDown')]",
            "type": "Microsoft.DataFactory/factories/triggers",
            "apiVersion": "2018-06-01",
            "properties": {
                "annotations": [],
                "runtimeState": "Stopped",
                "pipelines": [
                    {
                        "pipelineReference": {
                            "referenceName": "Scale Down - Loop",
                            "type": "PipelineReference"
                        },
                        "parameters": {
                            "datasetGuid": "[parameters('t_w_ScalingDown_properties_Scale Down - Loop_parameters_datasetGuid')]"
                        }
                    }
                ],
                "type": "ScheduleTrigger",
                "typeProperties": {
                    "recurrence": {
                        "frequency": "Week",
                        "interval": 1,
                        "startTime": "2021-02-24T08:34:00Z",
                        "timeZone": "UTC",
                        "schedule": {
                            "minutes": [
                                45
                            ],
                            "hours": [
                                10
                            ],
                            "weekDays": [
                                "Sunday",
                                "Saturday"
                            ]
                        }
                    }
                }
            },
            "dependsOn": [
                "[concat(variables('factoryId'), '/pipelines/Scale Down - Loop')]"
            ]
        }
    ]
}