{
    "$schema": "http://schema.management.azure.com/schemas/2015-01-01/deploymentTemplate.json#",
    "contentVersion": "1.0.0.0",
    "parameters": {
        "factoryName": {
            "type": "string",
            "metadata": "Data Factory name",
            "defaultValue": "adf-CognitiveRx-Daily-prod"
        },
        "CentralDataFactoryComponentStorageAccount_connectionString": {
            "type": "secureString",
            "metadata": "Secure string for 'connectionString' of 'CentralDataFactoryComponentStorageAccount'"
        },
        "LS_Gen2_Export_accountKey": {
            "type": "secureString",
            "metadata": "Secure string for 'accountKey' of 'LS_Gen2_Export'"
        },
        "CognitiveRx_keyvault_properties_typeProperties_baseUrl": {
            "type": "string",
            "defaultValue": "https://kv-cognitiverx-prod.vault.azure.net/"
        },
        "LS_Gen2_Export_properties_typeProperties_url": {
            "type": "string",
            "defaultValue": "https://cogrxpremierdatastore.dfs.core.windows.net"
        },
        "CognitiveRx_properties_typeProperties_connectionString_secretName": {
            "type": "string",
            "defaultValue": "@linkedService().Secret"
        },
        "MasterDataSyncControl_properties_typeProperties_connectionString_secretName": {
            "type": "string",
            "defaultValue": "Secret-ItemMaster-DB-MasterDataSync"
        },
        "Ls_AA_properties_typeProperties_connectionString_secretName": {
            "type": "string",
            "defaultValue": "Secret-CogRX-DB-AdvocateAurora"
        },
        "linkedService1_properties_typeProperties_connectionString_secretName": {
            "type": "string",
            "defaultValue": "Secret-CogRX-DB-stluke"
        },
        "AzureSqlDatabase1_properties_typeProperties_connectionString_secretName": {
            "type": "string",
            "defaultValue": "Secret-CogRX-DB-stluke"
        }
    },
    "variables": {
        "factoryId": "[concat('Microsoft.DataFactory/factories/', parameters('factoryName'))]"
    },
    "resources": [
        {
            "name": "[concat(parameters('factoryName'), '/CognitiveRx_keyvault')]",
            "type": "Microsoft.DataFactory/factories/linkedServices",
            "apiVersion": "2018-06-01",
            "properties": {
                "annotations": [],
                "type": "AzureKeyVault",
                "typeProperties": {
                    "baseUrl": "[parameters('CognitiveRx_keyvault_properties_typeProperties_baseUrl')]"
                }
            },
            "dependsOn": []
        },
        {
            "name": "[concat(parameters('factoryName'), '/CentralDataFactoryComponentStorageAccount')]",
            "type": "Microsoft.DataFactory/factories/linkedServices",
            "apiVersion": "2018-06-01",
            "properties": {
                "annotations": [],
                "type": "AzureBlobStorage",
                "typeProperties": {
                    "connectionString": "[parameters('CentralDataFactoryComponentStorageAccount_connectionString')]"
                }
            },
            "dependsOn": []
        },
        {
            "name": "[concat(parameters('factoryName'), '/LS_Gen2_Export')]",
            "type": "Microsoft.DataFactory/factories/linkedServices",
            "apiVersion": "2018-06-01",
            "properties": {
                "annotations": [],
                "type": "AzureBlobFS",
                "typeProperties": {
                    "url": "[parameters('LS_Gen2_Export_properties_typeProperties_url')]",
                    "accountKey": {
                        "type": "SecureString",
                        "value": "[parameters('LS_Gen2_Export_accountKey')]"
                    }
                }
            },
            "dependsOn": []
        },
        {
            "name": "[concat(parameters('factoryName'), '/MonthlyRun')]",
            "type": "Microsoft.DataFactory/factories/triggers",
            "apiVersion": "2018-06-01",
            "properties": {
                "annotations": [],
                "runtimeState": "Stopped",
                "pipelines": [],
                "type": "ScheduleTrigger",
                "typeProperties": {
                    "recurrence": {
                        "frequency": "Month",
                        "interval": 1,
                        "startTime": "2019-04-24T20:23:00Z",
                        "timeZone": "UTC",
                        "schedule": {
                            "minutes": [
                                0
                            ],
                            "hours": [
                                8
                            ],
                            "monthDays": [
                                1
                            ]
                        }
                    }
                }
            },
            "dependsOn": []
        },
        {
            "name": "[concat(parameters('factoryName'), '/DailyRun')]",
            "type": "Microsoft.DataFactory/factories/triggers",
            "apiVersion": "2018-06-01",
            "properties": {
                "annotations": [],
                "runtimeState": "Stopped",
                "pipelines": [],
                "type": "ScheduleTrigger",
                "typeProperties": {
                    "recurrence": {
                        "frequency": "Day",
                        "interval": 1,
                        "startTime": "2018-04-03T10:00:00Z",
                        "timeZone": "UTC",
                        "schedule": {
                            "minutes": [
                                0
                            ],
                            "hours": [
                                10
                            ]
                        }
                    }
                }
            },
            "dependsOn": []
        },
        {
            "name": "[concat(parameters('factoryName'), '/PowerBI-Daily-Refresh')]",
            "type": "Microsoft.DataFactory/factories/pipelines",
            "apiVersion": "2018-06-01",
            "properties": {
                "activities": [
                    {
                        "name": "Until dataset refresh completion",
                        "type": "Until",
                        "dependsOn": [
                            {
                                "activity": "Call dataset refresh",
                                "dependencyConditions": [
                                    "Succeeded"
                                ]
                            }
                        ],
                        "userProperties": [],
                        "typeProperties": {
                            "expression": {
                                "value": "@not(equals(first(json(string(activity('Get dataset refresh status').output)).value).status,'Unknown'))",
                                "type": "Expression"
                            },
                            "activities": [
                                {
                                    "name": "Wait 180 seconds",
                                    "type": "Wait",
                                    "dependsOn": [],
                                    "userProperties": [],
                                    "typeProperties": {
                                        "waitTimeInSeconds": 180
                                    }
                                },
                                {
                                    "name": "Get dataset refresh status",
                                    "type": "WebActivity",
                                    "dependsOn": [
                                        {
                                            "activity": "Wait 180 seconds",
                                            "dependencyConditions": [
                                                "Succeeded"
                                            ]
                                        }
                                    ],
                                    "policy": {
                                        "timeout": "7.00:00:00",
                                        "retry": 0,
                                        "retryIntervalInSeconds": 30,
                                        "secureOutput": false,
                                        "secureInput": true
                                    },
                                    "userProperties": [],
                                    "typeProperties": {
                                        "url": {
                                            "value": "@concat('https://api.powerbi.com/v1.0/myorg/groups/',pipeline().parameters.workspaceGuid,'/datasets/',pipeline().parameters.datasetGuid,'/refreshes?$top=1')",
                                            "type": "Expression"
                                        },
                                        "method": "GET",
                                        "headers": {
                                            "Authorization": {
                                                "value": "@concat(string(activity('Get AAD Token').output.token_type),' ',string(activity('Get AAD Token').output.access_token))",
                                                "type": "Expression"
                                            },
                                            "Content-Type": "application/json"
                                        }
                                    }
                                }
                            ],
                            "timeout": "0.03:00:00"
                        }
                    },
                    {
                        "name": "If dataset refresh failed",
                        "type": "IfCondition",
                        "dependsOn": [
                            {
                                "activity": "Until dataset refresh completion",
                                "dependencyConditions": [
                                    "Succeeded"
                                ]
                            }
                        ],
                        "userProperties": [],
                        "typeProperties": {
                            "expression": {
                                "value": "@equals(first(json(string(activity('Get dataset refresh status').output)).value).status,'Failed')",
                                "type": "Expression"
                            },
                            "ifTrueActivities": [
                                {
                                    "name": "SaveErrorMessages",
                                    "description": "In case of an error in processing of the dataset, the actual messages are saved in the pipeline variable \"ProcessingErrors\".",
                                    "type": "SetVariable",
                                    "dependsOn": [],
                                    "userProperties": [],
                                    "typeProperties": {
                                        "variableName": "ProcessingErrors",
                                        "value": {
                                            "value": "@string(json(first(json(string(activity('Get dataset refresh status').output)).value).serviceExceptionJson))",
                                            "type": "Expression"
                                        }
                                    }
                                }
                            ]
                        }
                    },
                    {
                        "name": "Call dataset refresh",
                        "type": "WebActivity",
                        "dependsOn": [
                            {
                                "activity": "Get AAD Token",
                                "dependencyConditions": [
                                    "Succeeded"
                                ]
                            }
                        ],
                        "policy": {
                            "timeout": "7.00:00:00",
                            "retry": 0,
                            "retryIntervalInSeconds": 30,
                            "secureOutput": false,
                            "secureInput": false
                        },
                        "userProperties": [],
                        "typeProperties": {
                            "url": {
                                "value": "@concat('https://api.powerbi.com/v1.0/myorg/groups/',pipeline().parameters.workspaceGuid,'/datasets/',pipeline().parameters.datasetGuid,'/refreshes')",
                                "type": "Expression"
                            },
                            "method": "POST",
                            "headers": {
                                "Authorization": {
                                    "value": "@concat(string(activity('Get AAD Token').output.token_type),' ',string(activity('Get AAD Token').output.access_token))",
                                    "type": "Expression"
                                }
                            },
                            "body": {
                                "notifyOption": "NoNotification"
                            }
                        }
                    },
                    {
                        "name": "Get AAD Token",
                        "type": "WebActivity",
                        "dependsOn": [
                            {
                                "activity": "Get TenantId from AKV",
                                "dependencyConditions": [
                                    "Succeeded"
                                ]
                            },
                            {
                                "activity": "Get ClientId from AKV",
                                "dependencyConditions": [
                                    "Succeeded"
                                ]
                            },
                            {
                                "activity": "Get Secret from AKV",
                                "dependencyConditions": [
                                    "Succeeded"
                                ]
                            }
                        ],
                        "policy": {
                            "timeout": "7.00:00:00",
                            "retry": 0,
                            "retryIntervalInSeconds": 30,
                            "secureOutput": false,
                            "secureInput": false
                        },
                        "userProperties": [],
                        "typeProperties": {
                            "url": {
                                "value": "@concat('https://login.microsoftonline.com/',activity('Get TenantId from AKV').output.value,'/oauth2/token')",
                                "type": "Expression"
                            },
                            "method": "POST",
                            "headers": {
                                "Content-Type": "application/x-www-form-urlencoded"
                            },
                            "body": {
                                "value": "@concat('grant_type=client_credentials&resource=https://analysis.windows.net/powerbi/api&client_id=',activity('Get ClientId from AKV').output.value,'&client_secret=',encodeUriComponent(activity('Get Secret from AKV').output.value))",
                                "type": "Expression"
                            }
                        }
                    },
                    {
                        "name": "Get TenantId from AKV",
                        "type": "WebActivity",
                        "dependsOn": [],
                        "policy": {
                            "timeout": "7.00:00:00",
                            "retry": 0,
                            "retryIntervalInSeconds": 30,
                            "secureOutput": false,
                            "secureInput": false
                        },
                        "userProperties": [],
                        "typeProperties": {
                            "url": {
                                "value": "@concat(pipeline().parameters.KeyVaultDNSName,'secrets/',pipeline().parameters.SecretName_TenantId,'/?api-version=7.0')",
                                "type": "Expression"
                            },
                            "method": "GET",
                            "headers": {},
                            "body": {
                                "simple": "body"
                            },
                            "authentication": {
                                "type": "MSI",
                                "resource": "https://vault.azure.net"
                            }
                        }
                    },
                    {
                        "name": "Get ClientId from AKV",
                        "type": "WebActivity",
                        "dependsOn": [],
                        "policy": {
                            "timeout": "7.00:00:00",
                            "retry": 0,
                            "retryIntervalInSeconds": 30,
                            "secureOutput": false,
                            "secureInput": false
                        },
                        "userProperties": [],
                        "typeProperties": {
                            "url": {
                                "value": "@concat(pipeline().parameters.KeyVaultDNSName,'secrets/',pipeline().parameters.SecretName_SPClientId,'/?api-version=7.0')",
                                "type": "Expression"
                            },
                            "method": "GET",
                            "headers": {},
                            "body": {
                                "simple": "body"
                            },
                            "authentication": {
                                "type": "MSI",
                                "resource": "https://vault.azure.net"
                            }
                        }
                    },
                    {
                        "name": "Get Secret from AKV",
                        "type": "WebActivity",
                        "dependsOn": [],
                        "policy": {
                            "timeout": "7.00:00:00",
                            "retry": 0,
                            "retryIntervalInSeconds": 30,
                            "secureOutput": false,
                            "secureInput": false
                        },
                        "userProperties": [],
                        "typeProperties": {
                            "url": {
                                "value": "@concat(pipeline().parameters.KeyVaultDNSName,'secrets/',pipeline().parameters.SecretName_SPSecret,'/?api-version=7.0')",
                                "type": "Expression"
                            },
                            "method": "GET",
                            "headers": {},
                            "body": {
                                "simple": "body"
                            },
                            "authentication": {
                                "type": "MSI",
                                "resource": "https://vault.azure.net"
                            }
                        }
                    }
                ],
                "policy": {
                    "elapsedTimeMetric": {},
                    "cancelAfter": {}
                },
                "parameters": {
                    "SecretName_TenantId": {
                        "type": "String",
                        "defaultValue": "SecretName-TenantId"
                    },
                    "SecretName_SPClientId": {
                        "type": "String",
                        "defaultValue": "SecretName-SPClientId"
                    },
                    "SecretName_SPSecret": {
                        "type": "String",
                        "defaultValue": "SecretName-SPSecret"
                    },
                    "KeyVaultDNSName": {
                        "type": "string",
                        "defaultValue": "https://kv-cognitiverx-prod.vault.azure.net/"
                    },
                    "workspaceGuid": {
                        "type": "string",
                        "defaultValue": "684d0fdb-3cd8-4109-80fb-e22ce69b775c"
                    },
                    "datasetGuid": {
                        "type": "string"
                    }
                },
                "variables": {
                    "ProcessingErrors": {
                        "type": "String"
                    }
                },
                "folder": {
                    "name": "PowerBI-Refresh"
                },
                "annotations": [],
                "lastPublishTime": "2022-06-13T17:39:57Z"
            },
            "dependsOn": []
        },
        {
            "name": "[concat(parameters('factoryName'), '/Scale Down for Client DBs')]",
            "type": "Microsoft.DataFactory/factories/pipelines",
            "apiVersion": "2018-06-01",
            "properties": {
                "activities": [
                    {
                        "name": "Scale Down for Client DBs",
                        "type": "WebActivity",
                        "dependsOn": [],
                        "policy": {
                            "timeout": "7.00:00:00",
                            "retry": 0,
                            "retryIntervalInSeconds": 30,
                            "secureOutput": false,
                            "secureInput": false
                        },
                        "userProperties": [],
                        "typeProperties": {
                            "url": {
                                "value": "@concat('https://management.azure.com/subscriptions/d0521c58-92af-4b80-9809-8cd793aa9393/resourceGroups/rg-CognitiveRx-',pipeline().parameters.datasetGuid,'-Prod/providers/Microsoft.Sql/servers/sqlcogrxprod',toLower(pipeline().parameters.datasetGuid),'/databases/sqldbCogRxProd',pipeline().parameters.datasetGuid,'?api-version=2017-10-01-preview')",
                                "type": "Expression"
                            },
                            "method": "PUT",
                            "headers": {
                                "Content-Type": "application/json"
                            },
                            "body": {
                                "sku": {
                                    "name": "GP_Gen5",
                                    "tier": "GeneralPurpose",
                                    "family": "Gen5",
                                    "capacity": 2
                                },
                                "location": "East US"
                            },
                            "authentication": {
                                "type": "MSI",
                                "resource": "https://management.azure.com/"
                            }
                        }
                    }
                ],
                "policy": {
                    "elapsedTimeMetric": {},
                    "cancelAfter": {}
                },
                "parameters": {
                    "datasetGuid": {
                        "type": "string",
                        "defaultValue": [
                            "UPMC"
                        ]
                    }
                },
                "folder": {
                    "name": "PowerBI-Refresh/Scaling"
                },
                "annotations": [],
                "lastPublishTime": "2021-02-11T14:46:53Z"
            },
            "dependsOn": []
        },
        {
            "name": "[concat(parameters('factoryName'), '/Scale Up for Client DBs')]",
            "type": "Microsoft.DataFactory/factories/pipelines",
            "apiVersion": "2018-06-01",
            "properties": {
                "activities": [
                    {
                        "name": "Scale Up for Client DBs",
                        "type": "WebActivity",
                        "dependsOn": [],
                        "policy": {
                            "timeout": "7.00:00:00",
                            "retry": 0,
                            "retryIntervalInSeconds": 30,
                            "secureOutput": false,
                            "secureInput": false
                        },
                        "userProperties": [],
                        "typeProperties": {
                            "url": {
                                "value": "@concat('https://management.azure.com/subscriptions/d0521c58-92af-4b80-9809-8cd793aa9393/resourceGroups/rg-CognitiveRx-',pipeline().parameters.datasetGuid,'-Prod/providers/Microsoft.Sql/servers/sqlcogrxprod',toLower(pipeline().parameters.datasetGuid),'/databases/sqldbCogRxProd',pipeline().parameters.datasetGuid,'?api-version=2017-10-01-preview')",
                                "type": "Expression"
                            },
                            "method": "PUT",
                            "headers": {
                                "Content-Type": "application/json"
                            },
                            "body": {
                                "sku": {
                                    "name": "GP_Gen5",
                                    "tier": "GeneralPurpose",
                                    "family": "Gen5",
                                    "capacity": 4
                                },
                                "location": "East US"
                            },
                            "authentication": {
                                "type": "MSI",
                                "resource": "https://management.azure.com/"
                            }
                        }
                    }
                ],
                "policy": {
                    "elapsedTimeMetric": {},
                    "cancelAfter": {}
                },
                "parameters": {
                    "datasetGuid": {
                        "type": "string",
                        "defaultValue": [
                            "UPMC"
                        ]
                    }
                },
                "folder": {
                    "name": "PowerBI-Refresh/Scaling"
                },
                "annotations": [],
                "lastPublishTime": "2022-02-28T04:52:46Z"
            },
            "dependsOn": []
        },
        {
            "name": "[concat(parameters('factoryName'), '/Scale Down for DEV DBs_Addons')]",
            "type": "Microsoft.DataFactory/factories/pipelines",
            "apiVersion": "2018-06-01",
            "properties": {
                "activities": [
                    {
                        "name": "Scale Down for DEV DBs_Addons",
                        "type": "WebActivity",
                        "dependsOn": [],
                        "policy": {
                            "timeout": "7.00:00:00",
                            "retry": 0,
                            "retryIntervalInSeconds": 30,
                            "secureOutput": false,
                            "secureInput": false
                        },
                        "userProperties": [],
                        "typeProperties": {
                            "url": {
                                "value": "@concat('https://management.azure.com/subscriptions/d0521c58-92af-4b80-9809-8cd793aa9393/resourceGroups/ITEMMASTER-Stg/providers/Microsoft.Sql/servers/itemmasterstgsqlserverpre/databases/',pipeline().parameters.datasetGuidaddons,'?api-version=2017-10-01-preview')",
                                "type": "Expression"
                            },
                            "method": "PUT",
                            "headers": {
                                "Content-Type": "application/json"
                            },
                            "body": {
                                "sku": {
                                    "name": "S0",
                                    "tier": "Standard"
                                },
                                "location": "East US"
                            },
                            "authentication": {
                                "type": "MSI",
                                "resource": "https://management.azure.com/"
                            }
                        }
                    }
                ],
                "policy": {
                    "elapsedTimeMetric": {},
                    "cancelAfter": {}
                },
                "parameters": {
                    "datasetGuidaddons": {
                        "type": "string",
                        "defaultValue": [
                            "CogRxStage"
                        ]
                    }
                },
                "folder": {
                    "name": "Scaling DEV"
                },
                "annotations": [],
                "lastPublishTime": "2021-02-16T09:30:28Z"
            },
            "dependsOn": []
        },
        {
            "name": "[concat(parameters('factoryName'), '/Scale Down for DEV DBs')]",
            "type": "Microsoft.DataFactory/factories/pipelines",
            "apiVersion": "2018-06-01",
            "properties": {
                "activities": [
                    {
                        "name": "Scale Down for DEV DBs",
                        "type": "WebActivity",
                        "dependsOn": [],
                        "policy": {
                            "timeout": "7.00:00:00",
                            "retry": 0,
                            "retryIntervalInSeconds": 30,
                            "secureOutput": false,
                            "secureInput": false
                        },
                        "userProperties": [],
                        "typeProperties": {
                            "url": {
                                "value": "@concat('https://management.azure.com/subscriptions/d0521c58-92af-4b80-9809-8cd793aa9393/resourceGroups/ITEMMASTER-Stg/providers/Microsoft.Sql/servers/itemmasterstgsqlserverpre/databases/',pipeline().parameters.datasetGuid,'?api-version=2017-10-01-preview')",
                                "type": "Expression"
                            },
                            "method": "PUT",
                            "headers": {
                                "Content-Type": "application/json"
                            },
                            "body": {
                                "sku": {
                                    "name": "S0",
                                    "tier": "Standard"
                                },
                                "location": "East US"
                            },
                            "authentication": {
                                "type": "MSI",
                                "resource": "https://management.azure.com/"
                            }
                        }
                    }
                ],
                "policy": {
                    "elapsedTimeMetric": {},
                    "cancelAfter": {}
                },
                "parameters": {
                    "datasetGuid": {
                        "type": "string",
                        "defaultValue": [
                            "NationalWholeSaler"
                        ]
                    }
                },
                "folder": {
                    "name": "Scaling DEV"
                },
                "annotations": [],
                "lastPublishTime": "2021-02-16T09:30:28Z"
            },
            "dependsOn": []
        },
        {
            "name": "[concat(parameters('factoryName'), '/adhoc fix')]",
            "type": "Microsoft.DataFactory/factories/pipelines",
            "apiVersion": "2018-06-01",
            "properties": {
                "activities": [
                    {
                        "name": "Get Subscription",
                        "type": "WebActivity",
                        "dependsOn": [],
                        "policy": {
                            "timeout": "7.00:00:00",
                            "retry": 0,
                            "retryIntervalInSeconds": 30,
                            "secureOutput": false,
                            "secureInput": false
                        },
                        "userProperties": [],
                        "typeProperties": {
                            "url": "https://management.azure.com/subscriptions?api-version=2020-01-01",
                            "method": "GET",
                            "headers": {},
                            "authentication": {
                                "type": "MSI",
                                "resource": "https://management.core.windows.net/"
                            }
                        }
                    },
                    {
                        "name": "Set Parsed Subscription",
                        "type": "SetVariable",
                        "dependsOn": [
                            {
                                "activity": "Get Subscription",
                                "dependencyConditions": [
                                    "Succeeded"
                                ]
                            }
                        ],
                        "userProperties": [],
                        "typeProperties": {
                            "variableName": "Subscription",
                            "value": {
                                "value": "@replace(activity('Get Subscription').output.value[0].id,'/subscriptions/','')",
                                "type": "Expression"
                            }
                        }
                    },
                    {
                        "name": "Stopping trigger",
                        "type": "WebActivity",
                        "dependsOn": [
                            {
                                "activity": "Set Parsed Subscription",
                                "dependencyConditions": [
                                    "Succeeded"
                                ]
                            }
                        ],
                        "policy": {
                            "timeout": "7.00:00:00",
                            "retry": 0,
                            "retryIntervalInSeconds": 30,
                            "secureOutput": false,
                            "secureInput": false
                        },
                        "userProperties": [],
                        "typeProperties": {
                            "url": {
                                "value": "https://management.azure.com/subscriptions/@{variables('Subscription')}/resourceGroups/@{pipeline().parameters.RG}/providers/Microsoft.DataFactory/factories/@{pipeline().DataFactory}/triggers/@{pipeline().parameters.Trigger}/stop?api-version=2018-06-01",
                                "type": "Expression"
                            },
                            "method": "POST",
                            "headers": {
                                "Content-Type": "application/json"
                            },
                            "body": {},
                            "authentication": {
                                "type": "MSI",
                                "resource": "https://management.core.windows.net/"
                            }
                        }
                    },
                    {
                        "name": "Stopping trigger_copy1",
                        "type": "WebActivity",
                        "dependsOn": [
                            {
                                "activity": "Set Parsed Subscription",
                                "dependencyConditions": [
                                    "Succeeded"
                                ]
                            }
                        ],
                        "policy": {
                            "timeout": "7.00:00:00",
                            "retry": 0,
                            "retryIntervalInSeconds": 30,
                            "secureOutput": false,
                            "secureInput": false
                        },
                        "userProperties": [],
                        "typeProperties": {
                            "url": {
                                "value": "https://management.azure.com/subscriptions/d0521c58-92af-4b80-9809-8cd793aa9393/resourceGroups/cognitiverx-prod/providers/Microsoft.DataFactory/factories/adf-CognitiveRx-Daily-prod/triggers/t_d_ScalingUp/stop?api-version=2018-06-01",
                                "type": "Expression"
                            },
                            "method": "POST",
                            "headers": {},
                            "body": {}
                        }
                    }
                ],
                "policy": {
                    "elapsedTimeMetric": {},
                    "cancelAfter": {}
                },
                "parameters": {
                    "RG": {
                        "type": "string",
                        "defaultValue": "cognitiverx-prod"
                    },
                    "Trigger": {
                        "type": "string",
                        "defaultValue": "t_d_ScalingUp"
                    }
                },
                "variables": {
                    "Subscription": {
                        "type": "String"
                    }
                },
                "annotations": [],
                "lastPublishTime": "2022-01-25T06:52:54Z"
            },
            "dependsOn": []
        },
        {
            "name": "[concat(parameters('factoryName'), '/Trigger testing')]",
            "type": "Microsoft.DataFactory/factories/pipelines",
            "apiVersion": "2018-06-01",
            "properties": {
                "activities": [
                    {
                        "name": "Wait1",
                        "type": "Wait",
                        "dependsOn": [],
                        "userProperties": [],
                        "typeProperties": {
                            "waitTimeInSeconds": 1
                        }
                    }
                ],
                "policy": {
                    "elapsedTimeMetric": {},
                    "cancelAfter": {}
                },
                "annotations": [],
                "lastPublishTime": "2022-02-08T11:46:29Z"
            },
            "dependsOn": []
        },
        {
            "name": "[concat(parameters('factoryName'), '/PowerBI-Daily-Refresh_bkp')]",
            "type": "Microsoft.DataFactory/factories/pipelines",
            "apiVersion": "2018-06-01",
            "properties": {
                "activities": [
                    {
                        "name": "Until dataset refresh completion",
                        "type": "Until",
                        "dependsOn": [
                            {
                                "activity": "Call dataset refresh",
                                "dependencyConditions": [
                                    "Succeeded"
                                ]
                            }
                        ],
                        "userProperties": [],
                        "typeProperties": {
                            "expression": {
                                "value": "@not(equals(first(json(string(activity('Get dataset refresh status').output)).value).status,'Unknown'))",
                                "type": "Expression"
                            },
                            "activities": [
                                {
                                    "name": "Wait 180 seconds",
                                    "type": "Wait",
                                    "dependsOn": [],
                                    "userProperties": [],
                                    "typeProperties": {
                                        "waitTimeInSeconds": 180
                                    }
                                },
                                {
                                    "name": "Get dataset refresh status",
                                    "type": "WebActivity",
                                    "dependsOn": [
                                        {
                                            "activity": "Wait 180 seconds",
                                            "dependencyConditions": [
                                                "Succeeded"
                                            ]
                                        }
                                    ],
                                    "policy": {
                                        "timeout": "7.00:00:00",
                                        "retry": 0,
                                        "retryIntervalInSeconds": 30,
                                        "secureOutput": false,
                                        "secureInput": true
                                    },
                                    "userProperties": [],
                                    "typeProperties": {
                                        "url": {
                                            "value": "@concat('https://api.powerbi.com/v1.0/myorg/groups/',pipeline().parameters.workspaceGuid,'/datasets/',pipeline().parameters.datasetGuid,'/refreshes?$top=1')",
                                            "type": "Expression"
                                        },
                                        "method": "GET",
                                        "headers": {
                                            "Authorization": {
                                                "value": "@concat(string(activity('Get AAD Token').output.token_type),' ',string(activity('Get AAD Token').output.access_token))",
                                                "type": "Expression"
                                            },
                                            "Content-Type": "application/json"
                                        }
                                    }
                                }
                            ],
                            "timeout": "0.03:00:00"
                        }
                    },
                    {
                        "name": "If dataset refresh failed",
                        "type": "IfCondition",
                        "dependsOn": [
                            {
                                "activity": "Until dataset refresh completion",
                                "dependencyConditions": [
                                    "Succeeded"
                                ]
                            }
                        ],
                        "userProperties": [],
                        "typeProperties": {
                            "expression": {
                                "value": "@equals(first(json(string(activity('Get dataset refresh status').output)).value).status,'Failed')",
                                "type": "Expression"
                            },
                            "ifTrueActivities": [
                                {
                                    "name": "SaveErrorMessages",
                                    "description": "In case of an error in processing of the dataset, the actual messages are saved in the pipeline variable \"ProcessingErrors\".",
                                    "type": "SetVariable",
                                    "dependsOn": [],
                                    "userProperties": [],
                                    "typeProperties": {
                                        "variableName": "ProcessingErrors",
                                        "value": {
                                            "value": "@string(json(first(json(string(activity('Get dataset refresh status').output)).value).serviceExceptionJson))",
                                            "type": "Expression"
                                        }
                                    }
                                }
                            ]
                        }
                    },
                    {
                        "name": "Call dataset refresh",
                        "type": "WebActivity",
                        "dependsOn": [
                            {
                                "activity": "Get AAD Token",
                                "dependencyConditions": [
                                    "Succeeded"
                                ]
                            }
                        ],
                        "policy": {
                            "timeout": "7.00:00:00",
                            "retry": 0,
                            "retryIntervalInSeconds": 30,
                            "secureOutput": false,
                            "secureInput": true
                        },
                        "userProperties": [],
                        "typeProperties": {
                            "url": {
                                "value": "@concat('https://api.powerbi.com/v1.0/myorg/groups/',pipeline().parameters.workspaceGuid,'/datasets/',pipeline().parameters.datasetGuid,'/refreshes')",
                                "type": "Expression"
                            },
                            "method": "POST",
                            "headers": {
                                "Authorization": {
                                    "value": "@concat(string(activity('Get AAD Token').output.token_type),' ',string(activity('Get AAD Token').output.access_token))",
                                    "type": "Expression"
                                }
                            },
                            "body": {
                                "notifyOption": "NoNotification"
                            }
                        }
                    },
                    {
                        "name": "Get AAD Token",
                        "type": "WebActivity",
                        "dependsOn": [
                            {
                                "activity": "Get TenantId from AKV",
                                "dependencyConditions": [
                                    "Succeeded"
                                ]
                            },
                            {
                                "activity": "Get ClientId from AKV",
                                "dependencyConditions": [
                                    "Succeeded"
                                ]
                            },
                            {
                                "activity": "Get Secret from AKV",
                                "dependencyConditions": [
                                    "Succeeded"
                                ]
                            }
                        ],
                        "policy": {
                            "timeout": "7.00:00:00",
                            "retry": 0,
                            "retryIntervalInSeconds": 30,
                            "secureOutput": true,
                            "secureInput": true
                        },
                        "userProperties": [],
                        "typeProperties": {
                            "url": {
                                "value": "@concat('https://login.microsoftonline.com/',activity('Get TenantId from AKV').output.value,'/oauth2/token')",
                                "type": "Expression"
                            },
                            "method": "POST",
                            "headers": {
                                "Content-Type": "application/x-www-form-urlencoded"
                            },
                            "body": {
                                "value": "@concat('grant_type=client_credentials&resource=https://analysis.windows.net/powerbi/api&client_id=',activity('Get ClientId from AKV').output.value,'&client_secret=',encodeUriComponent(activity('Get Secret from AKV').output.value))",
                                "type": "Expression"
                            }
                        }
                    },
                    {
                        "name": "Get TenantId from AKV",
                        "type": "WebActivity",
                        "dependsOn": [],
                        "policy": {
                            "timeout": "7.00:00:00",
                            "retry": 0,
                            "retryIntervalInSeconds": 30,
                            "secureOutput": true,
                            "secureInput": false
                        },
                        "userProperties": [],
                        "typeProperties": {
                            "url": {
                                "value": "@concat(pipeline().parameters.KeyVaultDNSName,'secrets/',pipeline().parameters.SecretName_TenantId,'/?api-version=7.0')",
                                "type": "Expression"
                            },
                            "method": "GET",
                            "headers": {},
                            "body": {
                                "simple": "body"
                            },
                            "authentication": {
                                "type": "MSI",
                                "resource": "https://vault.azure.net"
                            }
                        }
                    },
                    {
                        "name": "Get ClientId from AKV",
                        "type": "WebActivity",
                        "dependsOn": [],
                        "policy": {
                            "timeout": "7.00:00:00",
                            "retry": 0,
                            "retryIntervalInSeconds": 30,
                            "secureOutput": true,
                            "secureInput": false
                        },
                        "userProperties": [],
                        "typeProperties": {
                            "url": {
                                "value": "@concat(pipeline().parameters.KeyVaultDNSName,'secrets/',pipeline().parameters.SecretName_SPClientId,'/?api-version=7.0')",
                                "type": "Expression"
                            },
                            "method": "GET",
                            "headers": {},
                            "body": {
                                "simple": "body"
                            },
                            "authentication": {
                                "type": "MSI",
                                "resource": "https://vault.azure.net"
                            }
                        }
                    },
                    {
                        "name": "Get Secret from AKV",
                        "type": "WebActivity",
                        "dependsOn": [],
                        "policy": {
                            "timeout": "7.00:00:00",
                            "retry": 0,
                            "retryIntervalInSeconds": 30,
                            "secureOutput": true,
                            "secureInput": false
                        },
                        "userProperties": [],
                        "typeProperties": {
                            "url": {
                                "value": "@concat(pipeline().parameters.KeyVaultDNSName,'secrets/',pipeline().parameters.SecretName_SPSecret,'/?api-version=7.0')",
                                "type": "Expression"
                            },
                            "method": "GET",
                            "headers": {},
                            "body": {
                                "simple": "body"
                            },
                            "authentication": {
                                "type": "MSI",
                                "resource": "https://vault.azure.net"
                            }
                        }
                    }
                ],
                "policy": {
                    "elapsedTimeMetric": {},
                    "cancelAfter": {}
                },
                "parameters": {
                    "SecretName_TenantId": {
                        "type": "String",
                        "defaultValue": "SecretName-TenantId"
                    },
                    "SecretName_SPClientId": {
                        "type": "String",
                        "defaultValue": "SecretName-SPClientId"
                    },
                    "SecretName_SPSecret": {
                        "type": "String",
                        "defaultValue": "SecretName-SPSecret"
                    },
                    "KeyVaultDNSName": {
                        "type": "string",
                        "defaultValue": "https://kv-cognitiverx-prod.vault.azure.net/"
                    },
                    "workspaceGuid": {
                        "type": "string",
                        "defaultValue": "684d0fdb-3cd8-4109-80fb-e22ce69b775c"
                    },
                    "datasetGuid": {
                        "type": "string"
                    }
                },
                "variables": {
                    "ProcessingErrors": {
                        "type": "Boolean"
                    }
                },
                "folder": {
                    "name": "PowerBI-Refresh"
                },
                "annotations": [],
                "lastPublishTime": "2022-03-03T11:54:31Z"
            },
            "dependsOn": []
        },
        {
            "name": "[concat(parameters('factoryName'), '/Trigger_testing_copy1')]",
            "type": "Microsoft.DataFactory/factories/pipelines",
            "apiVersion": "2018-06-01",
            "properties": {
                "activities": [
                    {
                        "name": "Wait1",
                        "type": "Wait",
                        "dependsOn": [],
                        "userProperties": [],
                        "typeProperties": {
                            "waitTimeInSeconds": 1
                        }
                    }
                ],
                "policy": {
                    "elapsedTimeMetric": {},
                    "cancelAfter": {}
                },
                "annotations": [],
                "lastPublishTime": "2022-10-27T05:58:51Z"
            },
            "dependsOn": []
        },
        {
            "name": "[concat(parameters('factoryName'), '/gen2_export')]",
            "type": "Microsoft.DataFactory/factories/datasets",
            "apiVersion": "2018-06-01",
            "properties": {
                "linkedServiceName": {
                    "referenceName": "LS_Gen2_Export",
                    "type": "LinkedServiceReference"
                },
                "parameters": {
                    "outputfilename": {
                        "type": "string"
                    }
                },
                "annotations": [],
                "type": "DelimitedText",
                "typeProperties": {
                    "location": {
                        "type": "AzureBlobFSLocation",
                        "fileName": {
                            "value": "@dataset().outputfilename",
                            "type": "Expression"
                        },
                        "folderPath": "output",
                        "fileSystem": "provide-gx"
                    },
                    "columnDelimiter": ",",
                    "escapeChar": "\\",
                    "firstRowAsHeader": true,
                    "quoteChar": "\""
                },
                "schema": [
                    {
                        "name": "firstline",
                        "type": "String"
                    }
                ]
            },
            "dependsOn": [
                "[concat(variables('factoryId'), '/linkedServices/LS_Gen2_Export')]"
            ]
        },
        {
            "name": "[concat(parameters('factoryName'), '/CognitiveRx')]",
            "type": "Microsoft.DataFactory/factories/linkedServices",
            "apiVersion": "2018-06-01",
            "properties": {
                "parameters": {
                    "Secret": {
                        "type": "string",
                        "defaultValue": "Secret-CogRX-DB-DemoClientOne"
                    }
                },
                "annotations": [],
                "type": "AzureSqlDatabase",
                "typeProperties": {
                    "connectionString": {
                        "type": "AzureKeyVaultSecret",
                        "store": {
                            "referenceName": "CognitiveRx_keyvault",
                            "type": "LinkedServiceReference"
                        },
                        "secretName": {
                            "value": "[parameters('CognitiveRx_properties_typeProperties_connectionString_secretName')]",
                            "type": "Expression"
                        }
                    }
                }
            },
            "dependsOn": [
                "[concat(variables('factoryId'), '/linkedServices/CognitiveRx_keyvault')]"
            ]
        },
        {
            "name": "[concat(parameters('factoryName'), '/MasterDataSyncControl')]",
            "type": "Microsoft.DataFactory/factories/linkedServices",
            "apiVersion": "2018-06-01",
            "properties": {
                "annotations": [],
                "type": "AzureSqlDatabase",
                "typeProperties": {
                    "connectionString": {
                        "type": "AzureKeyVaultSecret",
                        "store": {
                            "referenceName": "CognitiveRx_keyvault",
                            "type": "LinkedServiceReference"
                        },
                        "secretName": "[parameters('MasterDataSyncControl_properties_typeProperties_connectionString_secretName')]"
                    }
                }
            },
            "dependsOn": [
                "[concat(variables('factoryId'), '/linkedServices/CognitiveRx_keyvault')]"
            ]
        },
        {
            "name": "[concat(parameters('factoryName'), '/Ls_AA')]",
            "type": "Microsoft.DataFactory/factories/linkedServices",
            "apiVersion": "2018-06-01",
            "properties": {
                "annotations": [],
                "type": "AzureSqlDatabase",
                "typeProperties": {
                    "connectionString": {
                        "type": "AzureKeyVaultSecret",
                        "store": {
                            "referenceName": "CognitiveRx_keyvault",
                            "type": "LinkedServiceReference"
                        },
                        "secretName": "[parameters('Ls_AA_properties_typeProperties_connectionString_secretName')]"
                    }
                }
            },
            "dependsOn": [
                "[concat(variables('factoryId'), '/linkedServices/CognitiveRx_keyvault')]"
            ]
        },
        {
            "name": "[concat(parameters('factoryName'), '/linkedService1')]",
            "type": "Microsoft.DataFactory/factories/linkedServices",
            "apiVersion": "2018-06-01",
            "properties": {
                "annotations": [],
                "type": "AzureSqlDatabase",
                "typeProperties": {
                    "connectionString": {
                        "type": "AzureKeyVaultSecret",
                        "store": {
                            "referenceName": "CognitiveRx_keyvault",
                            "type": "LinkedServiceReference"
                        },
                        "secretName": "[parameters('linkedService1_properties_typeProperties_connectionString_secretName')]"
                    }
                }
            },
            "dependsOn": [
                "[concat(variables('factoryId'), '/linkedServices/CognitiveRx_keyvault')]"
            ]
        },
        {
            "name": "[concat(parameters('factoryName'), '/AzureSqlDatabase1')]",
            "type": "Microsoft.DataFactory/factories/linkedServices",
            "apiVersion": "2018-06-01",
            "properties": {
                "annotations": [],
                "type": "AzureSqlDatabase",
                "typeProperties": {
                    "connectionString": {
                        "type": "AzureKeyVaultSecret",
                        "store": {
                            "referenceName": "CognitiveRx_keyvault",
                            "type": "LinkedServiceReference"
                        },
                        "secretName": "[parameters('AzureSqlDatabase1_properties_typeProperties_connectionString_secretName')]"
                    }
                }
            },
            "dependsOn": [
                "[concat(variables('factoryId'), '/linkedServices/CognitiveRx_keyvault')]"
            ]
        }
    ]
}