{
    "$schema": "http://schema.management.azure.com/schemas/2015-01-01/deploymentTemplate.json#",
    "contentVersion": "1.0.0.0",
    "parameters": {
        "factoryName": {
            "type": "string",
            "metadata": "Data Factory name",
            "defaultValue": "adf-CognitiveRx-Daily-prod"
        }
    },
    "variables": {
        "factoryId": "[concat('Microsoft.DataFactory/factories/', parameters('factoryName'))]"
    },
    "resources": [
        {
            "name": "[concat(parameters('factoryName'), '/t_d_CogRxMaintenance')]",
            "type": "Microsoft.DataFactory/factories/triggers",
            "apiVersion": "2018-06-01",
            "properties": {
                "annotations": [],
                "runtimeState": "Started",
                "pipelines": [
                    {
                        "pipelineReference": {
                            "referenceName": "CognitiveRx-Daily-Processes_Loop",
                            "type": "PipelineReference"
                        },
                        "parameters": {}
                    },
                    {
                        "pipelineReference": {
                            "referenceName": "CognitiveRx-Daily-Processes_Loop_mem_sp",
                            "type": "PipelineReference"
                        },
                        "parameters": {}
                    }
                ],
                "type": "ScheduleTrigger",
                "typeProperties": {
                    "recurrence": {
                        "frequency": "Day",
                        "interval": 1,
                        "startTime": "2021-01-08T07:42:00Z",
                        "timeZone": "UTC",
                        "schedule": {
                            "minutes": [
                                0
                            ],
                            "hours": [
                                10
                            ]
                        }
                    }
                }
            },
            "dependsOn": []
        }
    ]
}