{
    "$schema": "http://schema.management.azure.com/schemas/2015-01-01/deploymentTemplate.json#",
    "contentVersion": "1.0.0.0",
    "parameters": {
        "factoryName": {
            "type": "string",
            "metadata": "Data Factory name",
            "defaultValue": "adf-Premier-DataReceive-prod"
        },
        "LS_MemberTenant_AzureSQL_connectionString": {
            "type": "secureString",
            "metadata": "Secure string for 'connectionString' of 'LS_MemberTenant_AzureSQL'"
        },
        "Ls_NationalWholesaler_Prod_connectionString": {
            "type": "secureString",
            "metadata": "Secure string for 'connectionString' of 'Ls_NationalWholesaler_Prod'"
        },
        "Pharmacy_ADL_properties_typeProperties_dataLakeStoreUri": {
            "type": "string",
            "defaultValue": "https://stitemmasterprod.azuredatalakestore.net/webhdfs/v1"
        },
        "Pharmacy_ADL_properties_typeProperties_servicePrincipalId": {
            "type": "string",
            "defaultValue": "bbb1bd37-904d-4528-8a28-52dedf7fe9db"
        },
        "Pharmacy_ADL_properties_typeProperties_tenant": {
            "type": "string",
            "defaultValue": "b110eddf-23ae-457c-a6f3-734d592b2847"
        },
        "Pharmacy_ADL_properties_typeProperties_subscriptionId": {
            "type": "string",
            "defaultValue": "d0521c58-92af-4b80-9809-8cd793aa9393"
        },
        "Pharmacy_ADL_properties_typeProperties_resourceGroupName": {
            "type": "string",
            "defaultValue": "CognitiveRx-PROD"
        },
        "Pharmacy_ADLA_properties_typeProperties_accountName": {
            "type": "string",
            "defaultValue": "dlaitemmasterprod"
        },
        "Pharmacy_ADLA_properties_typeProperties_servicePrincipalId": {
            "type": "string",
            "defaultValue": "bbb1bd37-904d-4528-8a28-52dedf7fe9db"
        },
        "Pharmacy_ADLA_properties_typeProperties_tenant": {
            "type": "string",
            "defaultValue": "b110eddf-23ae-457c-a6f3-734d592b2847"
        },
        "Pharmacy_ADLA_properties_typeProperties_subscriptionId": {
            "type": "string",
            "defaultValue": "d0521c58-92af-4b80-9809-8cd793aa9393"
        },
        "Pharmacy_ADLA_properties_typeProperties_resourceGroupName": {
            "type": "string",
            "defaultValue": "CognitiveRx-PROD"
        },
        "NationalWholesale_properties_typeProperties_connectionString_secretName": {
            "type": "string",
            "defaultValue": "Secret-ItemMaster-DB-NationalWholesaler"
        },
        "MasterDataSyncControl_properties_typeProperties_connectionString_secretName": {
            "type": "string",
            "defaultValue": "Secret-ItemMaster-DB-MasterDataSync"
        },
        "CognitiveRx_Configurable_properties_typeProperties_connectionString_secretName": {
            "type": "string",
            "defaultValue": "@linkedService().KeyVaultSecret"
        },
        "NationalWholesale_Dev_properties_typeProperties_connectionString_secretName": {
            "type": "string",
            "defaultValue": "Secret-ItemMaster-DB-NationalWholesaler-Dev"
        },
        "Item_master_link_prod_properties_typeProperties_connectionString_secretName": {
            "type": "string",
            "defaultValue": "Secret-ItemMaster-DB-ItemMaster"
        },
        "LS_MemberTenant_AzureSQL_properties_typeProperties_servicePrincipalId": {
            "type": "string",
            "defaultValue": "@{linkedService().lsdbserviceprincipal}"
        },
        "LS_MemberTenant_AzureSQL_properties_typeProperties_tenant": {
            "type": "string",
            "defaultValue": "@{linkedService().lsdbtenant}"
        },
        "Ls_NationalWholesaler_Prod_properties_typeProperties_servicePrincipalId": {
            "type": "string",
            "defaultValue": "7aee9959-dc91-4e83-b0fc-51e0ff91adbb"
        },
        "Ls_NationalWholesaler_Prod_properties_typeProperties_tenant": {
            "type": "string",
            "defaultValue": "b110eddf-23ae-457c-a6f3-734d592b2847"
        },
        "Azure_SQL_MemberTenant_Endpoint_properties_privateLinkResourceId": {
            "type": "string",
            "defaultValue": "/subscriptions/ec3351ae-ee07-42d6-9b13-6a4c8ff6eda2/resourceGroups/CogRxDEV_East/providers/Microsoft.Sql/servers/sqlcogrxdevdevoapd"
        },
        "Azure_SQL_MemberTenant_Endpoint_properties_groupId": {
            "type": "string",
            "defaultValue": "sqlServer"
        },
        "Azure_SQL_MemberTenant_Endpoint_properties_fqdns": {
            "type": "array",
            "defaultValue": [
                "sqlcogrxdevdevoapd.database.windows.net"
            ]
        }
    },
    "variables": {
        "factoryId": "[concat('Microsoft.DataFactory/factories/', parameters('factoryName'))]"
    },
    "resources": [
        {
            "name": "[concat(parameters('factoryName'), '/Scale Up for Client DBs')]",
            "type": "Microsoft.DataFactory/factories/pipelines",
            "apiVersion": "2018-06-01",
            "properties": {
                "activities": [
                    {
                        "name": "Scale Up for Client DBs",
                        "type": "WebActivity",
                        "dependsOn": [],
                        "policy": {
                            "timeout": "7.00:00:00",
                            "retry": 0,
                            "retryIntervalInSeconds": 30,
                            "secureOutput": false,
                            "secureInput": false
                        },
                        "userProperties": [],
                        "typeProperties": {
                            "url": {
                                "value": "@concat('https://management.azure.com/subscriptions/d0521c58-92af-4b80-9809-8cd793aa9393/resourceGroups/rg-CognitiveRx-',pipeline().parameters.datasetGuid,'-Prod/providers/Microsoft.Sql/servers/sqlcogrxprod',toLower(pipeline().parameters.datasetGuid),'/databases/sqldbCogRxProd',pipeline().parameters.datasetGuid,'?api-version=2017-10-01-preview')",
                                "type": "Expression"
                            },
                            "method": "PUT",
                            "headers": {
                                "Content-Type": "application/json"
                            },
                            "body": {
                                "sku": {
                                    "name": "GP_Gen5",
                                    "tier": "GeneralPurpose",
                                    "family": "Gen5",
                                    "capacity": 4
                                },
                                "location": "East US"
                            },
                            "authentication": {
                                "type": "MSI",
                                "resource": "https://management.azure.com/"
                            }
                        }
                    }
                ],
                "policy": {
                    "elapsedTimeMetric": {},
                    "cancelAfter": {}
                },
                "parameters": {
                    "datasetGuid": {
                        "type": "string",
                        "defaultValue": [
                            "UPMC"
                        ]
                    }
                },
                "folder": {
                    "name": "Notification/Scaling"
                },
                "annotations": [],
                "lastPublishTime": "2021-11-13T12:22:27Z"
            },
            "dependsOn": []
        },
        {
            "name": "[concat(parameters('factoryName'), '/Scale Up - Loop')]",
            "type": "Microsoft.DataFactory/factories/pipelines",
            "apiVersion": "2018-06-01",
            "properties": {
                "activities": [
                    {
                        "name": "SendAlertStartForAll",
                        "type": "WebActivity",
                        "dependsOn": [],
                        "policy": {
                            "timeout": "7.00:00:00",
                            "retry": 0,
                            "retryIntervalInSeconds": 30,
                            "secureOutput": false,
                            "secureInput": false
                        },
                        "userProperties": [],
                        "typeProperties": {
                            "url": "https://prod-94.eastus.logic.azure.com:443/workflows/316d16528e9944948d822175d3c33cb4/triggers/manual/paths/invoke?api-version=2016-10-01&sp=%2Ftriggers%2Fmanual%2Frun&sv=1.0&sig=mGaVYPGMjAh5zK5ZW5dstMQS4AaOLDd3dWmzuzLLUxo",
                            "method": "POST",
                            "headers": {
                                "Content-Type": "application/json"
                            },
                            "body": {
                                "subject": "CogRx Alerts | STARTED - Premier Wholesaler Feed",
                                "introBody": "TEST",
                                "emailAddresses": [
                                    "Aravindan_Kennedy@PremierInc.com"
                                ],
                                "headerImage": "TEST"
                            }
                        }
                    }
                ],
                "policy": {
                    "elapsedTimeMetric": {},
                    "cancelAfter": {}
                },
                "parameters": {
                    "datasetGuid": {
                        "type": "array",
                        "defaultValue": [
                            "UPMC",
                            "StLukes",
                            "Northwell",
                            "Fairview",
                            "CommonSpirit",
                            "Demo"
                        ]
                    }
                },
                "folder": {
                    "name": "Notification/Scaling"
                },
                "annotations": [],
                "lastPublishTime": "2021-11-13T12:26:07Z"
            },
            "dependsOn": []
        },
        {
            "name": "[concat(parameters('factoryName'), '/Logic app integration')]",
            "type": "Microsoft.DataFactory/factories/pipelines",
            "apiVersion": "2018-06-01",
            "properties": {
                "activities": [
                    {
                        "name": "Execute Pipeline1",
                        "type": "Wait",
                        "dependsOn": [],
                        "userProperties": [],
                        "typeProperties": {
                            "waitTimeInSeconds": 1
                        }
                    },
                    {
                        "name": "Send email",
                        "type": "WebActivity",
                        "dependsOn": [
                            {
                                "activity": "Execute Pipeline1",
                                "dependencyConditions": [
                                    "Failed"
                                ]
                            }
                        ],
                        "policy": {
                            "timeout": "7.00:00:00",
                            "retry": 0,
                            "retryIntervalInSeconds": 30,
                            "secureOutput": false,
                            "secureInput": false
                        },
                        "userProperties": [],
                        "typeProperties": {
                            "url": "https://prod-28.northcentralus.logic.azure.com:443/workflows/588bdcfb9dce4293b1434212016958bb/triggers/manual/paths/invoke?api-version=2016-10-01&sp=%2Ftriggers%2Fmanual%2Frun&sv=1.0&sig=LFHErScTZzqwz20xDpMO7Nm-FxjTqEyeOujvY1h4bis",
                            "method": "POST",
                            "headers": {},
                            "body": {
                                "value": "{\n    \"title\": \"pipeline finished\",\n    \"message\": \"pipeline msg\",\n    \"color\": \"1232\",\n    \"dataFactoryName\": \"4334\",\n    \"pipelineName\": \"43434\",\n    \"pipelineRunId\": \"ffdfd\",\n    \"time\": \"dfdf\"\n}",
                                "type": "Expression"
                            }
                        }
                    },
                    {
                        "name": "Fail the pipeline",
                        "type": "Fail",
                        "dependsOn": [
                            {
                                "activity": "Execute Pipeline1",
                                "dependencyConditions": [
                                    "Succeeded"
                                ]
                            }
                        ],
                        "userProperties": [],
                        "typeProperties": {
                            "message": "Manual failurue",
                            "errorCode": "1002"
                        }
                    }
                ],
                "policy": {
                    "elapsedTimeMetric": {},
                    "cancelAfter": {}
                },
                "folder": {
                    "name": "Notification"
                },
                "annotations": [],
                "lastPublishTime": "2022-01-06T06:01:15Z"
            },
            "dependsOn": []
        },
        {
            "name": "[concat(parameters('factoryName'), '/Testingparmtrigger')]",
            "type": "Microsoft.DataFactory/factories/pipelines",
            "apiVersion": "2018-06-01",
            "properties": {
                "activities": [
                    {
                        "name": "Call DF to load itemMaster to CogRx - Web",
                        "type": "WebActivity",
                        "dependsOn": [],
                        "policy": {
                            "timeout": "7.00:00:00",
                            "retry": 0,
                            "retryIntervalInSeconds": 30,
                            "secureOutput": false,
                            "secureInput": false
                        },
                        "userProperties": [],
                        "typeProperties": {
                            "url": "https://management.azure.com/subscriptions/d0521c58-92af-4b80-9809-8cd793aa9393/resourceGroups/CognitiveRx-PROD/providers/Microsoft.DataFactory/factories/adf-ItemMasterDataSync-prod/pipelines/triggertesting3/createRun?api-version=2018-06-01",
                            "method": "POST",
                            "headers": {
                                "Content-Type": "application/json"
                            },
                            "body": {
                                "receivetrigparam": "aravindantriggeredit"
                            },
                            "authentication": {
                                "type": "MSI",
                                "resource": "https://management.core.windows.net/"
                            }
                        }
                    }
                ],
                "policy": {
                    "elapsedTimeMetric": {},
                    "cancelAfter": {}
                },
                "annotations": [],
                "lastPublishTime": "2022-10-27T06:00:48Z"
            },
            "dependsOn": []
        },
        {
            "name": "[concat(parameters('factoryName'), '/Customer Data Load sample trigger')]",
            "type": "Microsoft.DataFactory/factories/pipelines",
            "apiVersion": "2018-06-01",
            "properties": {
                "activities": [
                    {
                        "name": "Call DF to perform Daily Maintenance",
                        "type": "WebActivity",
                        "dependsOn": [],
                        "policy": {
                            "timeout": "7.00:00:00",
                            "retry": 0,
                            "retryIntervalInSeconds": 30,
                            "secureOutput": false,
                            "secureInput": false
                        },
                        "userProperties": [],
                        "typeProperties": {
                            "url": {
                                "value": "https://management.azure.com/subscriptions/d0521c58-92af-4b80-9809-8cd793aa9393/resourceGroups/cognitiverx-prod/providers/Microsoft.DataFactory/factories/adf-CognitiveRx-Daily-prod/pipelines/Trigger_testing_copy1/createRun?api-version=2018-06-01",
                                "type": "Expression"
                            },
                            "method": "POST",
                            "headers": {
                                "Content-Type": "application/json"
                            },
                            "body": {
                                "receivetrigparam": "aravindantriggeredit"
                            },
                            "authentication": {
                                "type": "MSI",
                                "resource": "https://management.core.windows.net/"
                            }
                        }
                    }
                ],
                "policy": {
                    "elapsedTimeMetric": {},
                    "cancelAfter": {}
                },
                "parameters": {
                    "HealthSystemID": {
                        "type": "string",
                        "defaultValue": "NY5011"
                    },
                    "TargetSecret": {
                        "type": "string",
                        "defaultValue": "Secret-CogRX-DB-CombinedApp"
                    },
                    "DatasetInvoice": {
                        "type": "string",
                        "defaultValue": "PremierWholesaleInvoice"
                    },
                    "DatasetPO": {
                        "type": "string",
                        "defaultValue": "PremierWholesalePO"
                    },
                    "FacilityDirectParentID": {
                        "type": "string"
                    },
                    "pldburl": {
                        "type": "string",
                        "defaultValue": "sqlcogrxdevdevoapd.database.windows.net"
                    },
                    "pldbname": {
                        "type": "string",
                        "defaultValue": "sqldbCogRxDevApp"
                    },
                    "pldbtenant": {
                        "type": "string",
                        "defaultValue": "08a55b34-bb83-493c-912d-6cf771262b6a"
                    },
                    "pldbserviceprincipal": {
                        "type": "string",
                        "defaultValue": "9816452e-bb13-4210-9348-e11a321be7f0"
                    },
                    "pldbsecret": {
                        "type": "string",
                        "defaultValue": "Secret-CogRX-DB-CombinedApp-Member-Dev"
                    }
                },
                "variables": {
                    "CustomerNameSql": {
                        "type": "String"
                    },
                    "InvoiceSql": {
                        "type": "String"
                    }
                },
                "folder": {
                    "name": "Member Tenant/Wholesaler"
                },
                "annotations": [],
                "lastPublishTime": "2022-10-27T06:00:48Z"
            },
            "dependsOn": []
        },
        {
            "name": "[concat(parameters('factoryName'), '/Pharmacy_ADL')]",
            "type": "Microsoft.DataFactory/factories/linkedServices",
            "apiVersion": "2018-06-01",
            "properties": {
                "annotations": [],
                "type": "AzureDataLakeStore",
                "typeProperties": {
                    "dataLakeStoreUri": "[parameters('Pharmacy_ADL_properties_typeProperties_dataLakeStoreUri')]",
                    "servicePrincipalId": "[parameters('Pharmacy_ADL_properties_typeProperties_servicePrincipalId')]",
                    "servicePrincipalKey": {
                        "type": "AzureKeyVaultSecret",
                        "store": {
                            "referenceName": "CognitiveRx_keyvault",
                            "type": "LinkedServiceReference"
                        },
                        "secretName": "Secret-CogRX-StorageAcct"
                    },
                    "tenant": "[parameters('Pharmacy_ADL_properties_typeProperties_tenant')]",
                    "subscriptionId": "[parameters('Pharmacy_ADL_properties_typeProperties_subscriptionId')]",
                    "resourceGroupName": "[parameters('Pharmacy_ADL_properties_typeProperties_resourceGroupName')]"
                }
            },
            "dependsOn": []
        },
        {
            "name": "[concat(parameters('factoryName'), '/Pharmacy_ADLA')]",
            "type": "Microsoft.DataFactory/factories/linkedServices",
            "apiVersion": "2018-06-01",
            "properties": {
                "annotations": [],
                "type": "AzureDataLakeAnalytics",
                "typeProperties": {
                    "accountName": "[parameters('Pharmacy_ADLA_properties_typeProperties_accountName')]",
                    "servicePrincipalId": "[parameters('Pharmacy_ADLA_properties_typeProperties_servicePrincipalId')]",
                    "servicePrincipalKey": {
                        "type": "AzureKeyVaultSecret",
                        "store": {
                            "referenceName": "CognitiveRx_keyvault",
                            "type": "LinkedServiceReference"
                        },
                        "secretName": "Secret-CogRX-StorageAcct"
                    },
                    "tenant": "[parameters('Pharmacy_ADLA_properties_typeProperties_tenant')]",
                    "subscriptionId": "[parameters('Pharmacy_ADLA_properties_typeProperties_subscriptionId')]",
                    "resourceGroupName": "[parameters('Pharmacy_ADLA_properties_typeProperties_resourceGroupName')]"
                }
            },
            "dependsOn": []
        },
        {
            "name": "[concat(parameters('factoryName'), '/NationalWholesale')]",
            "type": "Microsoft.DataFactory/factories/linkedServices",
            "apiVersion": "2018-06-01",
            "properties": {
                "annotations": [],
                "type": "AzureSqlDatabase",
                "typeProperties": {
                    "connectionString": {
                        "type": "AzureKeyVaultSecret",
                        "store": {
                            "referenceName": "CognitiveRx_keyvault",
                            "type": "LinkedServiceReference"
                        },
                        "secretName": "[parameters('NationalWholesale_properties_typeProperties_connectionString_secretName')]"
                    }
                }
            },
            "dependsOn": []
        },
        {
            "name": "[concat(parameters('factoryName'), '/MasterDataSyncControl')]",
            "type": "Microsoft.DataFactory/factories/linkedServices",
            "apiVersion": "2018-06-01",
            "properties": {
                "annotations": [],
                "type": "AzureSqlDatabase",
                "typeProperties": {
                    "connectionString": {
                        "type": "AzureKeyVaultSecret",
                        "store": {
                            "referenceName": "CognitiveRx_keyvault",
                            "type": "LinkedServiceReference"
                        },
                        "secretName": "[parameters('MasterDataSyncControl_properties_typeProperties_connectionString_secretName')]"
                    }
                }
            },
            "dependsOn": []
        },
        {
            "name": "[concat(parameters('factoryName'), '/CognitiveRx_Configurable')]",
            "type": "Microsoft.DataFactory/factories/linkedServices",
            "apiVersion": "2018-06-01",
            "properties": {
                "parameters": {
                    "KeyVaultSecret": {
                        "type": "string"
                    }
                },
                "annotations": [],
                "type": "AzureSqlDatabase",
                "typeProperties": {
                    "connectionString": {
                        "type": "AzureKeyVaultSecret",
                        "store": {
                            "referenceName": "CognitiveRx_keyvault",
                            "type": "LinkedServiceReference"
                        },
                        "secretName": {
                            "value": "[parameters('CognitiveRx_Configurable_properties_typeProperties_connectionString_secretName')]",
                            "type": "Expression"
                        }
                    }
                }
            },
            "dependsOn": []
        },
        {
            "name": "[concat(parameters('factoryName'), '/NationalWholesale_Dev')]",
            "type": "Microsoft.DataFactory/factories/linkedServices",
            "apiVersion": "2018-06-01",
            "properties": {
                "annotations": [],
                "type": "AzureSqlDatabase",
                "typeProperties": {
                    "connectionString": {
                        "type": "AzureKeyVaultSecret",
                        "store": {
                            "referenceName": "CognitiveRx_keyvault",
                            "type": "LinkedServiceReference"
                        },
                        "secretName": "[parameters('NationalWholesale_Dev_properties_typeProperties_connectionString_secretName')]"
                    }
                }
            },
            "dependsOn": []
        },
        {
            "name": "[concat(parameters('factoryName'), '/Item_master_link_prod')]",
            "type": "Microsoft.DataFactory/factories/linkedServices",
            "apiVersion": "2018-06-01",
            "properties": {
                "annotations": [],
                "type": "AzureSqlDatabase",
                "typeProperties": {
                    "connectionString": {
                        "type": "AzureKeyVaultSecret",
                        "store": {
                            "referenceName": "CognitiveRx_keyvault",
                            "type": "LinkedServiceReference"
                        },
                        "secretName": "[parameters('Item_master_link_prod_properties_typeProperties_connectionString_secretName')]"
                    }
                }
            },
            "dependsOn": []
        },
        {
            "name": "[concat(parameters('factoryName'), '/LS_MemberTenant_AzureSQL')]",
            "type": "Microsoft.DataFactory/factories/linkedServices",
            "apiVersion": "2018-06-01",
            "properties": {
                "parameters": {
                    "lsdburl": {
                        "type": "string"
                    },
                    "lsdbname": {
                        "type": "string"
                    },
                    "lsdbtenant": {
                        "type": "string"
                    },
                    "lsdbserviceprincipal": {
                        "type": "string"
                    },
                    "lsdbsecret": {
                        "type": "string"
                    }
                },
                "annotations": [],
                "type": "AzureSqlDatabase",
                "typeProperties": {
                    "connectionString": "[parameters('LS_MemberTenant_AzureSQL_connectionString')]",
                    "servicePrincipalId": "[parameters('LS_MemberTenant_AzureSQL_properties_typeProperties_servicePrincipalId')]",
                    "servicePrincipalKey": {
                        "type": "AzureKeyVaultSecret",
                        "store": {
                            "referenceName": "CognitiveRx_keyvault",
                            "type": "LinkedServiceReference"
                        },
                        "secretName": {
                            "value": "@linkedService().lsdbsecret",
                            "type": "Expression"
                        }
                    },
                    "tenant": "[parameters('LS_MemberTenant_AzureSQL_properties_typeProperties_tenant')]"
                }
            },
            "dependsOn": []
        },
        {
            "name": "[concat(parameters('factoryName'), '/Ls_NationalWholesaler_Prod')]",
            "type": "Microsoft.DataFactory/factories/linkedServices",
            "apiVersion": "2018-06-01",
            "properties": {
                "annotations": [],
                "type": "AzureSqlDatabase",
                "typeProperties": {
                    "connectionString": "[parameters('Ls_NationalWholesaler_Prod_connectionString')]",
                    "servicePrincipalId": "[parameters('Ls_NationalWholesaler_Prod_properties_typeProperties_servicePrincipalId')]",
                    "servicePrincipalKey": {
                        "type": "AzureKeyVaultSecret",
                        "store": {
                            "referenceName": "CognitiveRx_keyvault",
                            "type": "LinkedServiceReference"
                        },
                        "secretName": "Secret-Cogrx-Client-Databases"
                    },
                    "tenant": "[parameters('Ls_NationalWholesaler_Prod_properties_typeProperties_tenant')]"
                }
            },
            "dependsOn": []
        },
        {
            "name": "[concat(parameters('factoryName'), '/integrationRuntime-Managedendpoint')]",
            "type": "Microsoft.DataFactory/factories/integrationRuntimes",
            "apiVersion": "2018-06-01",
            "properties": {
                "type": "Managed",
                "typeProperties": {
                    "computeProperties": {
                        "location": "East US",
                        "dataFlowProperties": {
                            "computeType": "General",
                            "coreCount": 8,
                            "timeToLive": 10,
                            "cleanup": false
                        },
                        "copyComputeScaleProperties": {
                            "dataIntegrationUnit": 4,
                            "timeToLive": 5
                        },
                        "pipelineExternalComputeScaleProperties": {
                            "timeToLive": 60
                        }
                    }
                },
                "managedVirtualNetwork": {
                    "type": "ManagedVirtualNetworkReference",
                    "referenceName": "default"
                }
            },
            "dependsOn": []
        },
        {
            "name": "[concat(parameters('factoryName'), '/default/Azure_SQL_MemberTenant_Endpoint')]",
            "type": "Microsoft.DataFactory/factories/managedVirtualNetworks/managedPrivateEndpoints",
            "apiVersion": "2018-06-01",
            "properties": {
                "privateLinkResourceId": "[parameters('Azure_SQL_MemberTenant_Endpoint_properties_privateLinkResourceId')]",
                "groupId": "[parameters('Azure_SQL_MemberTenant_Endpoint_properties_groupId')]",
                "fqdns": "[parameters('Azure_SQL_MemberTenant_Endpoint_properties_fqdns')]"
            },
            "dependsOn": []
        },
        {
            "name": "[concat(parameters('factoryName'), '/Scale Up - Loop_copy1')]",
            "type": "Microsoft.DataFactory/factories/pipelines",
            "apiVersion": "2018-06-01",
            "properties": {
                "activities": [
                    {
                        "name": "Scale Up for Client DBs- Loop",
                        "type": "ForEach",
                        "dependsOn": [
                            {
                                "activity": "SendAlertStartForAll",
                                "dependencyConditions": [
                                    "Succeeded"
                                ]
                            }
                        ],
                        "userProperties": [],
                        "typeProperties": {
                            "items": {
                                "value": "@pipeline().parameters.datasetGuid",
                                "type": "Expression"
                            },
                            "isSequential": true,
                            "activities": [
                                {
                                    "name": "Execute Pipeline for Client DBs",
                                    "type": "ExecutePipeline",
                                    "dependsOn": [],
                                    "userProperties": [],
                                    "typeProperties": {
                                        "pipeline": {
                                            "referenceName": "Scale Up for Client DBs",
                                            "type": "PipelineReference"
                                        },
                                        "waitOnCompletion": true,
                                        "parameters": {
                                            "datasetGuid": {
                                                "value": "@item()",
                                                "type": "Expression"
                                            }
                                        }
                                    }
                                }
                            ]
                        }
                    },
                    {
                        "name": "Scale Up for MasterdataSync",
                        "type": "WebActivity",
                        "dependsOn": [
                            {
                                "activity": "Scale Up for ItemMaster",
                                "dependencyConditions": [
                                    "Succeeded"
                                ]
                            }
                        ],
                        "policy": {
                            "timeout": "7.00:00:00",
                            "retry": 0,
                            "retryIntervalInSeconds": 30,
                            "secureOutput": false,
                            "secureInput": false
                        },
                        "userProperties": [],
                        "typeProperties": {
                            "url": "https://management.azure.com/subscriptions/d0521c58-92af-4b80-9809-8cd793aa9393/resourceGroups/CognitiveRx-PROD/providers/Microsoft.Sql/servers/sqlcogrxproditemmaster/databases/sqldbCogRxProdMasterdataSync?api-version=2017-10-01-preview",
                            "method": "PUT",
                            "headers": {
                                "Content-Type": "application/json"
                            },
                            "body": {
                                "sku": {
                                    "name": "GP_Gen5",
                                    "tier": "GeneralPurpose",
                                    "family": "Gen5",
                                    "capacity": 2
                                },
                                "location": "East US"
                            },
                            "authentication": {
                                "type": "MSI",
                                "resource": "https://management.azure.com/"
                            }
                        }
                    },
                    {
                        "name": "Scale Up for ItemMaster",
                        "type": "WebActivity",
                        "dependsOn": [
                            {
                                "activity": "Scale Up for Client DBs- Loop",
                                "dependencyConditions": [
                                    "Succeeded"
                                ]
                            }
                        ],
                        "policy": {
                            "timeout": "7.00:00:00",
                            "retry": 0,
                            "retryIntervalInSeconds": 30,
                            "secureOutput": false,
                            "secureInput": false
                        },
                        "userProperties": [],
                        "typeProperties": {
                            "url": "https://management.azure.com/subscriptions/d0521c58-92af-4b80-9809-8cd793aa9393/resourceGroups/CognitiveRx-PROD/providers/Microsoft.Sql/servers/sqlcogrxproditemmaster/databases/sqldbCogRxProdItemMaster?api-version=2017-10-01-preview",
                            "method": "PUT",
                            "headers": {
                                "Content-Type": "application/json"
                            },
                            "body": {
                                "sku": {
                                    "name": "GP_Gen5",
                                    "tier": "GeneralPurpose",
                                    "family": "Gen5",
                                    "capacity": 4
                                },
                                "location": "East US"
                            },
                            "authentication": {
                                "type": "MSI",
                                "resource": "https://management.azure.com/"
                            }
                        }
                    },
                    {
                        "name": "SendAlertStartForAll",
                        "type": "WebActivity",
                        "dependsOn": [],
                        "policy": {
                            "timeout": "7.00:00:00",
                            "retry": 0,
                            "retryIntervalInSeconds": 30,
                            "secureOutput": false,
                            "secureInput": false
                        },
                        "userProperties": [],
                        "typeProperties": {
                            "url": "https://prod-94.eastus.logic.azure.com:443/workflows/316d16528e9944948d822175d3c33cb4/triggers/manual/paths/invoke?api-version=2016-10-01&sp=%2Ftriggers%2Fmanual%2Frun&sv=1.0&sig=mGaVYPGMjAh5zK5ZW5dstMQS4AaOLDd3dWmzuzLLUxo",
                            "method": "POST",
                            "headers": {
                                "Content-Type": "application/json"
                            },
                            "body": {
                                "subject": "CogRx Alerts | STARTED - Scaling Up Resources",
                                "introBody": "TEST",
                                "emailAddresses": [
                                    "informaticsitcogrxdev@premierinc.com"
                                ],
                                "headerImage": "TEST"
                            }
                        }
                    }
                ],
                "policy": {
                    "elapsedTimeMetric": {},
                    "cancelAfter": {}
                },
                "parameters": {
                    "datasetGuid": {
                        "type": "array",
                        "defaultValue": [
                            "UPMC",
                            "StLukes",
                            "Northwell",
                            "Fairview",
                            "CommonSpirit",
                            "Demo"
                        ]
                    }
                },
                "folder": {
                    "name": "Notification/Scaling"
                },
                "annotations": [],
                "lastPublishTime": "2021-11-13T12:25:24Z"
            },
            "dependsOn": [
                "[concat(variables('factoryId'), '/pipelines/Scale Up for Client DBs')]"
            ]
        },
        {
            "name": "[concat(parameters('factoryName'), '/Master logicapp')]",
            "type": "Microsoft.DataFactory/factories/pipelines",
            "apiVersion": "2018-06-01",
            "properties": {
                "activities": [
                    {
                        "name": "Execute Pipeline1",
                        "type": "ExecutePipeline",
                        "dependsOn": [],
                        "userProperties": [],
                        "typeProperties": {
                            "pipeline": {
                                "referenceName": "Logic app integration",
                                "type": "PipelineReference"
                            },
                            "waitOnCompletion": true,
                            "parameters": {}
                        }
                    },
                    {
                        "name": "Success email",
                        "type": "WebActivity",
                        "dependsOn": [
                            {
                                "activity": "Execute Pipeline1",
                                "dependencyConditions": [
                                    "Succeeded"
                                ]
                            }
                        ],
                        "policy": {
                            "timeout": "7.00:00:00",
                            "retry": 0,
                            "retryIntervalInSeconds": 30,
                            "secureOutput": false,
                            "secureInput": false
                        },
                        "userProperties": [],
                        "typeProperties": {
                            "url": "https://prod-28.northcentralus.logic.azure.com:443/workflows/588bdcfb9dce4293b1434212016958bb/triggers/manual/paths/invoke?api-version=2016-10-01&sp=%2Ftriggers%2Fmanual%2Frun&sv=1.0&sig=LFHErScTZzqwz20xDpMO7Nm-FxjTqEyeOujvY1h4bis",
                            "method": "POST",
                            "headers": {},
                            "body": {
                                "value": "{\n    \"title\": \"@{activity('Execute Pipeline1').output.pipelineName} SUCCEEDED!\",\n    \"message\": \"Pipeline run finished successfully!\",\n    \"color\": \"Green\",\n    \"dataFactoryName\": \"@{pipeline().DataFactory}\",\n    \"pipelineName\": \"@{activity('Execute Pipeline1').output.pipelineName}\",\n    \"pipelineRunId\": \"@{activity('Execute Pipeline1').output.pipelineRunId}\",\n    \"time\": \"@{utcnow()}\"\n}",
                                "type": "Expression"
                            }
                        }
                    },
                    {
                        "name": "Failure email",
                        "type": "WebActivity",
                        "dependsOn": [
                            {
                                "activity": "Execute Pipeline1",
                                "dependencyConditions": [
                                    "Failed"
                                ]
                            }
                        ],
                        "policy": {
                            "timeout": "7.00:00:00",
                            "retry": 0,
                            "retryIntervalInSeconds": 30,
                            "secureOutput": false,
                            "secureInput": false
                        },
                        "userProperties": [],
                        "typeProperties": {
                            "url": "https://prod-28.northcentralus.logic.azure.com:443/workflows/588bdcfb9dce4293b1434212016958bb/triggers/manual/paths/invoke?api-version=2016-10-01&sp=%2Ftriggers%2Fmanual%2Frun&sv=1.0&sig=LFHErScTZzqwz20xDpMO7Nm-FxjTqEyeOujvY1h4bis",
                            "method": "POST",
                            "headers": {},
                            "body": {
                                "value": "{\n    \"title\": \"@{activity('Execute Pipeline1').output.pipelineName} FAILED!\",\n    \"message\": \"Error: @{activity('Execute Pipeline1').error.message}\",\n    \"color\": \"Red\",\n    \"dataFactoryName\": \"@{pipeline().DataFactory}\",\n    \"pipelineName\": \"@{activity('Execute Pipeline1').output.pipelineName}\",\n    \"pipelineRunId\": \"@{activity('Execute Pipeline1').output.pipelineRunId}\",\n    \"time\": \"@{utcnow()}\"\n    }",
                                "type": "Expression"
                            }
                        }
                    }
                ],
                "policy": {
                    "elapsedTimeMetric": {},
                    "cancelAfter": {}
                },
                "folder": {
                    "name": "Notification"
                },
                "annotations": [],
                "lastPublishTime": "2022-01-06T06:00:08Z"
            },
            "dependsOn": [
                "[concat(variables('factoryId'), '/pipelines/Logic app integration')]"
            ]
        },
        {
            "name": "[concat(parameters('factoryName'), '/ScalingDown_copy1')]",
            "type": "Microsoft.DataFactory/factories/pipelines",
            "apiVersion": "2018-06-01",
            "properties": {
                "activities": [
                    {
                        "name": "Scaling member Tenant database",
                        "type": "WebActivity",
                        "dependsOn": [],
                        "policy": {
                            "timeout": "7.00:00:00",
                            "retry": 0,
                            "retryIntervalInSeconds": 30,
                            "secureOutput": false,
                            "secureInput": false
                        },
                        "userProperties": [],
                        "typeProperties": {
                            "url": "https://management.azure.com/subscriptions/ec3351ae-ee07-42d6-9b13-6a4c8ff6eda2/resourceGroups/CogRxDEV_East/providers/Microsoft.Sql/servers/sqlcogrxdevdevoapd/databases/sqldbCogRxDevApp?api-version=2017-10-01-preview",
                            "method": "PUT",
                            "headers": {
                                "Content-Type": "application/json"
                            },
                            "body": {
                                "sku": {
                                    "name": "GP_Gen5",
                                    "tier": "GeneralPurpose",
                                    "family": "Gen5",
                                    "capacity": 6
                                },
                                "location": "East US"
                            },
                            "authentication": {
                                "type": "ServicePrincipal",
                                "userTenant": "08a55b34-bb83-493c-912d-6cf771262b6a",
                                "username": "9816452e-bb13-4210-9348-e11a321be7f0",
                                "resource": "https://management.azure.com/",
                                "password": {
                                    "type": "AzureKeyVaultSecret",
                                    "store": {
                                        "referenceName": "CognitiveRx_keyvault",
                                        "type": "LinkedServiceReference"
                                    },
                                    "secretName": "Secret-CogRX-DB-CombinedApp-Member-Dev"
                                }
                            }
                        }
                    }
                ],
                "policy": {
                    "elapsedTimeMetric": {},
                    "cancelAfter": {}
                },
                "folder": {
                    "name": "Auto Scaling"
                },
                "annotations": [],
                "lastPublishTime": "2022-10-21T04:46:06Z"
            },
            "dependsOn": []
        },
        {
            "name": "[concat(parameters('factoryName'), '/PremierWholesaleData_SFTP')]",
            "type": "Microsoft.DataFactory/factories/datasets",
            "apiVersion": "2018-06-01",
            "properties": {
                "linkedServiceName": {
                    "referenceName": "premierwholesaledatasource",
                    "type": "LinkedServiceReference"
                },
                "parameters": {
                    "Path": {
                        "type": "string"
                    }
                },
                "folder": {
                    "name": "Others"
                },
                "annotations": [],
                "type": "Binary",
                "typeProperties": {
                    "location": {
                        "type": "AzureBlobFSLocation",
                        "fileSystem": {
                            "value": "@dataset().Path",
                            "type": "Expression"
                        }
                    }
                }
            },
            "dependsOn": []
        }
    ]
}