{
    "$schema": "http://schema.management.azure.com/schemas/2015-01-01/deploymentTemplate.json#",
    "contentVersion": "1.0.0.0",
    "parameters": {
        "factoryName": {
            "type": "string",
            "metadata": "Data Factory name",
            "defaultValue": "adf-Premier-DataReceive-prod"
        },
        "premierwholesaledatasource_accountKey": {
            "type": "secureString",
            "metadata": "Secure string for 'accountKey' of 'premierwholesaledatasource'"
        },
        "CentralDataFactoryComponentStorageAccount_connectionString": {
            "type": "secureString",
            "metadata": "Secure string for 'connectionString' of 'CentralDataFactoryComponentStorageAccount'"
        },
        "Adfloginselfaccount_accountKey": {
            "type": "secureString",
            "metadata": "Secure string for 'accountKey' of 'Adfloginselfaccount'"
        },
        "AzureBlobStorage1_connectionString": {
            "type": "secureString",
            "metadata": "Secure string for 'connectionString' of 'AzureBlobStorage1'"
        },
        "Premier_product_import_accountKey": {
            "type": "secureString",
            "metadata": "Secure string for 'accountKey' of 'Premier_product_import'"
        },
        "cogrx_external_prod_blob_connectionString": {
            "type": "secureString",
            "metadata": "Secure string for 'connectionString' of 'cogrx_external_prod_blob'"
        },
        "AzureSqlDatabase1_connectionString": {
            "type": "secureString",
            "metadata": "Secure string for 'connectionString' of 'AzureSqlDatabase1'"
        },
        "AzureDataLakeStorage1_accountKey": {
            "type": "secureString",
            "metadata": "Secure string for 'accountKey' of 'AzureDataLakeStorage1'"
        },
        "LS_staging_area_connectionString": {
            "type": "secureString",
            "metadata": "Secure string for 'connectionString' of 'LS_staging_area'"
        },
        "ls_dev_storage_gen2_connectionString": {
            "type": "secureString",
            "metadata": "Secure string for 'connectionString' of 'ls_dev_storage_gen2'"
        },
        "LS_MemberTenant_AzureSQL_connectionString": {
            "type": "secureString",
            "metadata": "Secure string for 'connectionString' of 'LS_MemberTenant_AzureSQL'"
        },
        "Test_connectionString": {
            "type": "secureString",
            "metadata": "Secure string for 'connectionString' of 'Test'"
        },
        "Test_servicePrincipalKey": {
            "type": "secureString",
            "metadata": "Secure string for 'servicePrincipalKey' of 'Test'"
        },
        "AzureSqlDatabase2_connectionString": {
            "type": "secureString",
            "metadata": "Secure string for 'connectionString' of 'AzureSqlDatabase2'"
        },
        "AzureSqlDatabase3_connectionString": {
            "type": "secureString",
            "metadata": "Secure string for 'connectionString' of 'AzureSqlDatabase3'"
        },
        "AzureSqlDatabase3_servicePrincipalKey": {
            "type": "secureString",
            "metadata": "Secure string for 'servicePrincipalKey' of 'AzureSqlDatabase3'"
        },
        "LS_dev_demo_db_connectionString": {
            "type": "secureString",
            "metadata": "Secure string for 'connectionString' of 'LS_dev_demo_db'"
        },
        "Ls_NationalWholesaler_Prod_connectionString": {
            "type": "secureString",
            "metadata": "Secure string for 'connectionString' of 'Ls_NationalWholesaler_Prod'"
        },
        "t_e_PremierData_properties_PremierWholesaleData_Receive_parameters_AdlPath": {
            "type": "string",
            "defaultValue": "/prod/Premier/WholeSaleData"
        },
        "t_e_PremierData_properties_PremierWholesaleData_Receive_parameters_blobPath": {
            "type": "string",
            "defaultValue": "/premierdata/WholeSaleData"
        },
        "t_e_PremierData_properties_typeProperties_scope": {
            "type": "string",
            "defaultValue": "/subscriptions/d0521c58-92af-4b80-9809-8cd793aa9393/resourceGroups/CognitiveRx-PROD/providers/Microsoft.Storage/storageAccounts/stcogrxexternalprod"
        },
        "t_e_PremierData_history_load_properties_PremierWholesaleData_Receive_history_load_parameters_AdlPath": {
            "type": "string",
            "defaultValue": "/prod/Premier/WholeSaleData"
        },
        "t_e_PremierData_history_load_properties_PremierWholesaleData_Receive_history_load_parameters_blobPath": {
            "type": "string",
            "defaultValue": "/premierdata/WholeSaleData"
        },
        "t_e_PremierData_history_load_properties_typeProperties_scope": {
            "type": "string",
            "defaultValue": "/subscriptions/d0521c58-92af-4b80-9809-8cd793aa9393/resourceGroups/CognitiveRx-PROD/providers/Microsoft.Storage/storageAccounts/stcogrxexternalprod"
        },
        "t_event_ipd_patent_properties_typeProperties_scope": {
            "type": "string",
            "defaultValue": "/subscriptions/d0521c58-92af-4b80-9809-8cd793aa9393/resourceGroups/CognitiveRx-PROD/providers/Microsoft.Storage/storageAccounts/stcogrxexternalprod"
        },
        "CognitiveRx_keyvault_properties_typeProperties_baseUrl": {
            "type": "string",
            "defaultValue": "https://kv-cognitiverx-prod.vault.azure.net/"
        },
        "Pharmacy_ADL_properties_typeProperties_dataLakeStoreUri": {
            "type": "string",
            "defaultValue": "https://stitemmasterprod.azuredatalakestore.net/webhdfs/v1"
        },
        "Pharmacy_ADL_properties_typeProperties_servicePrincipalId": {
            "type": "string",
            "defaultValue": "bbb1bd37-904d-4528-8a28-52dedf7fe9db"
        },
        "Pharmacy_ADL_properties_typeProperties_tenant": {
            "type": "string",
            "defaultValue": "b110eddf-23ae-457c-a6f3-734d592b2847"
        },
        "Pharmacy_ADL_properties_typeProperties_subscriptionId": {
            "type": "string",
            "defaultValue": "d0521c58-92af-4b80-9809-8cd793aa9393"
        },
        "Pharmacy_ADL_properties_typeProperties_resourceGroupName": {
            "type": "string",
            "defaultValue": "CognitiveRx-PROD"
        },
        "premierwholesaledatasource_properties_typeProperties_url": {
            "type": "string",
            "defaultValue": "https://stcogrxexternalprod.dfs.core.windows.net"
        },
        "Pharmacy_ADLA_properties_typeProperties_accountName": {
            "type": "string",
            "defaultValue": "dlaitemmasterprod"
        },
        "Pharmacy_ADLA_properties_typeProperties_servicePrincipalId": {
            "type": "string",
            "defaultValue": "bbb1bd37-904d-4528-8a28-52dedf7fe9db"
        },
        "Pharmacy_ADLA_properties_typeProperties_tenant": {
            "type": "string",
            "defaultValue": "b110eddf-23ae-457c-a6f3-734d592b2847"
        },
        "Pharmacy_ADLA_properties_typeProperties_subscriptionId": {
            "type": "string",
            "defaultValue": "d0521c58-92af-4b80-9809-8cd793aa9393"
        },
        "Pharmacy_ADLA_properties_typeProperties_resourceGroupName": {
            "type": "string",
            "defaultValue": "CognitiveRx-PROD"
        },
        "NationalWholesale_properties_typeProperties_connectionString_secretName": {
            "type": "string",
            "defaultValue": "Secret-ItemMaster-DB-NationalWholesaler"
        },
        "MasterDataSyncControl_properties_typeProperties_connectionString_secretName": {
            "type": "string",
            "defaultValue": "Secret-ItemMaster-DB-MasterDataSync"
        },
        "CognitiveRx_Configurable_properties_typeProperties_connectionString_secretName": {
            "type": "string",
            "defaultValue": "@linkedService().KeyVaultSecret"
        },
        "NationalWholesale_Dev_properties_typeProperties_connectionString_secretName": {
            "type": "string",
            "defaultValue": "Secret-ItemMaster-DB-NationalWholesaler-Dev"
        },
        "Adfloginselfaccount_properties_typeProperties_url": {
            "type": "string",
            "defaultValue": "https://cognitiverxstoragedevpre.dfs.core.windows.net/"
        },
        "Item_master_link_prod_properties_typeProperties_connectionString_secretName": {
            "type": "string",
            "defaultValue": "Secret-ItemMaster-DB-ItemMaster"
        },
        "Premier_product_import_properties_typeProperties_url": {
            "type": "string",
            "defaultValue": "https://cogrxpremierdatastore.dfs.core.windows.net"
        },
        "AzureDataLakeStorage1_properties_typeProperties_url": {
            "type": "string",
            "defaultValue": "https://cogrxtestingjun.dfs.core.windows.net"
        },
        "LS_MemberTenant_AzureSQL_properties_typeProperties_servicePrincipalId": {
            "type": "string",
            "defaultValue": "@{linkedService().lsdbserviceprincipal}"
        },
        "LS_MemberTenant_AzureSQL_properties_typeProperties_tenant": {
            "type": "string",
            "defaultValue": "@{linkedService().lsdbtenant}"
        },
        "Test_properties_typeProperties_servicePrincipalId": {
            "type": "string",
            "defaultValue": "9816452e-bb13-4210-9348-e11a321be7f0"
        },
        "Test_properties_typeProperties_tenant": {
            "type": "string",
            "defaultValue": "08a55b34-bb83-493c-912d-6cf771262b6a"
        },
        "AzureSqlDatabase3_properties_typeProperties_servicePrincipalId": {
            "type": "string",
            "defaultValue": "9816452e-bb13-4210-9348-e11a321be7f0"
        },
        "AzureSqlDatabase3_properties_typeProperties_tenant": {
            "type": "string",
            "defaultValue": "08a55b34-bb83-493c-912d-6cf771262b6a"
        },
        "Ls_NationalWholesaler_Prod_properties_typeProperties_servicePrincipalId": {
            "type": "string",
            "defaultValue": "7aee9959-dc91-4e83-b0fc-51e0ff91adbb"
        },
        "Ls_NationalWholesaler_Prod_properties_typeProperties_tenant": {
            "type": "string",
            "defaultValue": "b110eddf-23ae-457c-a6f3-734d592b2847"
        },
        "Azure_SQL_MemberTenant_Endpoint_properties_privateLinkResourceId": {
            "type": "string",
            "defaultValue": "/subscriptions/ec3351ae-ee07-42d6-9b13-6a4c8ff6eda2/resourceGroups/CogRxDEV_East/providers/Microsoft.Sql/servers/sqlcogrxdevdevoapd"
        },
        "Azure_SQL_MemberTenant_Endpoint_properties_groupId": {
            "type": "string",
            "defaultValue": "sqlServer"
        },
        "Azure_SQL_MemberTenant_Endpoint_properties_fqdns": {
            "type": "array",
            "defaultValue": [
                "sqlcogrxdevdevoapd.database.windows.net"
            ]
        },
        "containerUri": {
            "type": "string",
            "metadata": "URI to storage account containing linked ARM templates"
        },
        "containerSasToken": {
            "type": "string",
            "metadata": "Sas token to storage account containing linked ARM templates"
        }
    },
    "variables": {
        "factoryId": "[concat('Microsoft.DataFactory/factories/', parameters('factoryName'))]"
    },
    "resources": [
        {
            "name": "adf-Premier-DataReceive-prod_ArmTemplate_0",
            "type": "Microsoft.Resources/deployments",
            "apiVersion": "2018-02-01",
            "properties": {
                "mode": "incremental",
                "templateLink": {
                    "uri": "[concat(parameters('containerUri'), '/ArmTemplate_0.json', parameters('containerSasToken'))]",
                    "contentVersion": "1.0.0.0"
                },
                "parameters": {
                    "factoryName": {
                        "value": "[parameters('factoryName')]"
                    },
                    "premierwholesaledatasource_accountKey": {
                        "value": "[parameters('premierwholesaledatasource_accountKey')]"
                    },
                    "CentralDataFactoryComponentStorageAccount_connectionString": {
                        "value": "[parameters('CentralDataFactoryComponentStorageAccount_connectionString')]"
                    },
                    "Adfloginselfaccount_accountKey": {
                        "value": "[parameters('Adfloginselfaccount_accountKey')]"
                    },
                    "AzureBlobStorage1_connectionString": {
                        "value": "[parameters('AzureBlobStorage1_connectionString')]"
                    },
                    "Premier_product_import_accountKey": {
                        "value": "[parameters('Premier_product_import_accountKey')]"
                    },
                    "cogrx_external_prod_blob_connectionString": {
                        "value": "[parameters('cogrx_external_prod_blob_connectionString')]"
                    },
                    "AzureSqlDatabase1_connectionString": {
                        "value": "[parameters('AzureSqlDatabase1_connectionString')]"
                    },
                    "AzureDataLakeStorage1_accountKey": {
                        "value": "[parameters('AzureDataLakeStorage1_accountKey')]"
                    },
                    "LS_staging_area_connectionString": {
                        "value": "[parameters('LS_staging_area_connectionString')]"
                    },
                    "ls_dev_storage_gen2_connectionString": {
                        "value": "[parameters('ls_dev_storage_gen2_connectionString')]"
                    },
                    "Test_connectionString": {
                        "value": "[parameters('Test_connectionString')]"
                    },
                    "Test_servicePrincipalKey": {
                        "value": "[parameters('Test_servicePrincipalKey')]"
                    },
                    "AzureSqlDatabase2_connectionString": {
                        "value": "[parameters('AzureSqlDatabase2_connectionString')]"
                    },
                    "LS_dev_demo_db_connectionString": {
                        "value": "[parameters('LS_dev_demo_db_connectionString')]"
                    },
                    "CognitiveRx_keyvault_properties_typeProperties_baseUrl": {
                        "value": "[parameters('CognitiveRx_keyvault_properties_typeProperties_baseUrl')]"
                    },
                    "premierwholesaledatasource_properties_typeProperties_url": {
                        "value": "[parameters('premierwholesaledatasource_properties_typeProperties_url')]"
                    },
                    "Adfloginselfaccount_properties_typeProperties_url": {
                        "value": "[parameters('Adfloginselfaccount_properties_typeProperties_url')]"
                    },
                    "Premier_product_import_properties_typeProperties_url": {
                        "value": "[parameters('Premier_product_import_properties_typeProperties_url')]"
                    },
                    "AzureDataLakeStorage1_properties_typeProperties_url": {
                        "value": "[parameters('AzureDataLakeStorage1_properties_typeProperties_url')]"
                    },
                    "Test_properties_typeProperties_servicePrincipalId": {
                        "value": "[parameters('Test_properties_typeProperties_servicePrincipalId')]"
                    },
                    "Test_properties_typeProperties_tenant": {
                        "value": "[parameters('Test_properties_typeProperties_tenant')]"
                    }
                }
            },
            "dependsOn": []
        },
        {
            "name": "adf-Premier-DataReceive-prod_ArmTemplate_1",
            "type": "Microsoft.Resources/deployments",
            "apiVersion": "2018-02-01",
            "properties": {
                "mode": "incremental",
                "templateLink": {
                    "uri": "[concat(parameters('containerUri'), '/ArmTemplate_1.json', parameters('containerSasToken'))]",
                    "contentVersion": "1.0.0.0"
                },
                "parameters": {
                    "factoryName": {
                        "value": "[parameters('factoryName')]"
                    },
                    "LS_MemberTenant_AzureSQL_connectionString": {
                        "value": "[parameters('LS_MemberTenant_AzureSQL_connectionString')]"
                    },
                    "Ls_NationalWholesaler_Prod_connectionString": {
                        "value": "[parameters('Ls_NationalWholesaler_Prod_connectionString')]"
                    },
                    "Pharmacy_ADL_properties_typeProperties_dataLakeStoreUri": {
                        "value": "[parameters('Pharmacy_ADL_properties_typeProperties_dataLakeStoreUri')]"
                    },
                    "Pharmacy_ADL_properties_typeProperties_servicePrincipalId": {
                        "value": "[parameters('Pharmacy_ADL_properties_typeProperties_servicePrincipalId')]"
                    },
                    "Pharmacy_ADL_properties_typeProperties_tenant": {
                        "value": "[parameters('Pharmacy_ADL_properties_typeProperties_tenant')]"
                    },
                    "Pharmacy_ADL_properties_typeProperties_subscriptionId": {
                        "value": "[parameters('Pharmacy_ADL_properties_typeProperties_subscriptionId')]"
                    },
                    "Pharmacy_ADL_properties_typeProperties_resourceGroupName": {
                        "value": "[parameters('Pharmacy_ADL_properties_typeProperties_resourceGroupName')]"
                    },
                    "Pharmacy_ADLA_properties_typeProperties_accountName": {
                        "value": "[parameters('Pharmacy_ADLA_properties_typeProperties_accountName')]"
                    },
                    "Pharmacy_ADLA_properties_typeProperties_servicePrincipalId": {
                        "value": "[parameters('Pharmacy_ADLA_properties_typeProperties_servicePrincipalId')]"
                    },
                    "Pharmacy_ADLA_properties_typeProperties_tenant": {
                        "value": "[parameters('Pharmacy_ADLA_properties_typeProperties_tenant')]"
                    },
                    "Pharmacy_ADLA_properties_typeProperties_subscriptionId": {
                        "value": "[parameters('Pharmacy_ADLA_properties_typeProperties_subscriptionId')]"
                    },
                    "Pharmacy_ADLA_properties_typeProperties_resourceGroupName": {
                        "value": "[parameters('Pharmacy_ADLA_properties_typeProperties_resourceGroupName')]"
                    },
                    "NationalWholesale_properties_typeProperties_connectionString_secretName": {
                        "value": "[parameters('NationalWholesale_properties_typeProperties_connectionString_secretName')]"
                    },
                    "MasterDataSyncControl_properties_typeProperties_connectionString_secretName": {
                        "value": "[parameters('MasterDataSyncControl_properties_typeProperties_connectionString_secretName')]"
                    },
                    "CognitiveRx_Configurable_properties_typeProperties_connectionString_secretName": {
                        "value": "[parameters('CognitiveRx_Configurable_properties_typeProperties_connectionString_secretName')]"
                    },
                    "NationalWholesale_Dev_properties_typeProperties_connectionString_secretName": {
                        "value": "[parameters('NationalWholesale_Dev_properties_typeProperties_connectionString_secretName')]"
                    },
                    "Item_master_link_prod_properties_typeProperties_connectionString_secretName": {
                        "value": "[parameters('Item_master_link_prod_properties_typeProperties_connectionString_secretName')]"
                    },
                    "LS_MemberTenant_AzureSQL_properties_typeProperties_servicePrincipalId": {
                        "value": "[parameters('LS_MemberTenant_AzureSQL_properties_typeProperties_servicePrincipalId')]"
                    },
                    "LS_MemberTenant_AzureSQL_properties_typeProperties_tenant": {
                        "value": "[parameters('LS_MemberTenant_AzureSQL_properties_typeProperties_tenant')]"
                    },
                    "Ls_NationalWholesaler_Prod_properties_typeProperties_servicePrincipalId": {
                        "value": "[parameters('Ls_NationalWholesaler_Prod_properties_typeProperties_servicePrincipalId')]"
                    },
                    "Ls_NationalWholesaler_Prod_properties_typeProperties_tenant": {
                        "value": "[parameters('Ls_NationalWholesaler_Prod_properties_typeProperties_tenant')]"
                    },
                    "Azure_SQL_MemberTenant_Endpoint_properties_privateLinkResourceId": {
                        "value": "[parameters('Azure_SQL_MemberTenant_Endpoint_properties_privateLinkResourceId')]"
                    },
                    "Azure_SQL_MemberTenant_Endpoint_properties_groupId": {
                        "value": "[parameters('Azure_SQL_MemberTenant_Endpoint_properties_groupId')]"
                    },
                    "Azure_SQL_MemberTenant_Endpoint_properties_fqdns": {
                        "value": "[parameters('Azure_SQL_MemberTenant_Endpoint_properties_fqdns')]"
                    }
                }
            },
            "dependsOn": [
                "[resourceId('Microsoft.Resources/deployments', 'adf-Premier-DataReceive-prod_ArmTemplate_0')]"
            ]
        },
        {
            "name": "adf-Premier-DataReceive-prod_ArmTemplate_2",
            "type": "Microsoft.Resources/deployments",
            "apiVersion": "2018-02-01",
            "properties": {
                "mode": "incremental",
                "templateLink": {
                    "uri": "[concat(parameters('containerUri'), '/ArmTemplate_2.json', parameters('containerSasToken'))]",
                    "contentVersion": "1.0.0.0"
                },
                "parameters": {
                    "factoryName": {
                        "value": "[parameters('factoryName')]"
                    }
                }
            },
            "dependsOn": [
                "[resourceId('Microsoft.Resources/deployments', 'adf-Premier-DataReceive-prod_ArmTemplate_1')]"
            ]
        },
        {
            "name": "adf-Premier-DataReceive-prod_ArmTemplate_3",
            "type": "Microsoft.Resources/deployments",
            "apiVersion": "2018-02-01",
            "properties": {
                "mode": "incremental",
                "templateLink": {
                    "uri": "[concat(parameters('containerUri'), '/ArmTemplate_3.json', parameters('containerSasToken'))]",
                    "contentVersion": "1.0.0.0"
                },
                "parameters": {
                    "factoryName": {
                        "value": "[parameters('factoryName')]"
                    }
                }
            },
            "dependsOn": [
                "[resourceId('Microsoft.Resources/deployments', 'adf-Premier-DataReceive-prod_ArmTemplate_2')]"
            ]
        },
        {
            "name": "adf-Premier-DataReceive-prod_ArmTemplate_4",
            "type": "Microsoft.Resources/deployments",
            "apiVersion": "2018-02-01",
            "properties": {
                "mode": "incremental",
                "templateLink": {
                    "uri": "[concat(parameters('containerUri'), '/ArmTemplate_4.json', parameters('containerSasToken'))]",
                    "contentVersion": "1.0.0.0"
                },
                "parameters": {
                    "factoryName": {
                        "value": "[parameters('factoryName')]"
                    },
                    "AzureSqlDatabase3_connectionString": {
                        "value": "[parameters('AzureSqlDatabase3_connectionString')]"
                    },
                    "AzureSqlDatabase3_servicePrincipalKey": {
                        "value": "[parameters('AzureSqlDatabase3_servicePrincipalKey')]"
                    },
                    "AzureSqlDatabase3_properties_typeProperties_servicePrincipalId": {
                        "value": "[parameters('AzureSqlDatabase3_properties_typeProperties_servicePrincipalId')]"
                    },
                    "AzureSqlDatabase3_properties_typeProperties_tenant": {
                        "value": "[parameters('AzureSqlDatabase3_properties_typeProperties_tenant')]"
                    }
                }
            },
            "dependsOn": [
                "[resourceId('Microsoft.Resources/deployments', 'adf-Premier-DataReceive-prod_ArmTemplate_3')]"
            ]
        },
        {
            "name": "adf-Premier-DataReceive-prod_ArmTemplate_5",
            "type": "Microsoft.Resources/deployments",
            "apiVersion": "2018-02-01",
            "properties": {
                "mode": "incremental",
                "templateLink": {
                    "uri": "[concat(parameters('containerUri'), '/ArmTemplate_5.json', parameters('containerSasToken'))]",
                    "contentVersion": "1.0.0.0"
                },
                "parameters": {
                    "factoryName": {
                        "value": "[parameters('factoryName')]"
                    }
                }
            },
            "dependsOn": [
                "[resourceId('Microsoft.Resources/deployments', 'adf-Premier-DataReceive-prod_ArmTemplate_4')]"
            ]
        },
        {
            "name": "adf-Premier-DataReceive-prod_ArmTemplate_6",
            "type": "Microsoft.Resources/deployments",
            "apiVersion": "2018-02-01",
            "properties": {
                "mode": "incremental",
                "templateLink": {
                    "uri": "[concat(parameters('containerUri'), '/ArmTemplate_6.json', parameters('containerSasToken'))]",
                    "contentVersion": "1.0.0.0"
                },
                "parameters": {
                    "factoryName": {
                        "value": "[parameters('factoryName')]"
                    }
                }
            },
            "dependsOn": [
                "[resourceId('Microsoft.Resources/deployments', 'adf-Premier-DataReceive-prod_ArmTemplate_5')]"
            ]
        },
        {
            "name": "adf-Premier-DataReceive-prod_ArmTemplate_7",
            "type": "Microsoft.Resources/deployments",
            "apiVersion": "2018-02-01",
            "properties": {
                "mode": "incremental",
                "templateLink": {
                    "uri": "[concat(parameters('containerUri'), '/ArmTemplate_7.json', parameters('containerSasToken'))]",
                    "contentVersion": "1.0.0.0"
                },
                "parameters": {
                    "factoryName": {
                        "value": "[parameters('factoryName')]"
                    }
                }
            },
            "dependsOn": [
                "[resourceId('Microsoft.Resources/deployments', 'adf-Premier-DataReceive-prod_ArmTemplate_6')]"
            ]
        },
        {
            "name": "adf-Premier-DataReceive-prod_ArmTemplate_8",
            "type": "Microsoft.Resources/deployments",
            "apiVersion": "2018-02-01",
            "properties": {
                "mode": "incremental",
                "templateLink": {
                    "uri": "[concat(parameters('containerUri'), '/ArmTemplate_8.json', parameters('containerSasToken'))]",
                    "contentVersion": "1.0.0.0"
                },
                "parameters": {
                    "factoryName": {
                        "value": "[parameters('factoryName')]"
                    }
                }
            },
            "dependsOn": [
                "[resourceId('Microsoft.Resources/deployments', 'adf-Premier-DataReceive-prod_ArmTemplate_7')]"
            ]
        },
        {
            "name": "adf-Premier-DataReceive-prod_ArmTemplate_9",
            "type": "Microsoft.Resources/deployments",
            "apiVersion": "2018-02-01",
            "properties": {
                "mode": "incremental",
                "templateLink": {
                    "uri": "[concat(parameters('containerUri'), '/ArmTemplate_9.json', parameters('containerSasToken'))]",
                    "contentVersion": "1.0.0.0"
                },
                "parameters": {
                    "factoryName": {
                        "value": "[parameters('factoryName')]"
                    }
                }
            },
            "dependsOn": [
                "[resourceId('Microsoft.Resources/deployments', 'adf-Premier-DataReceive-prod_ArmTemplate_8')]"
            ]
        },
        {
            "name": "adf-Premier-DataReceive-prod_ArmTemplate_10",
            "type": "Microsoft.Resources/deployments",
            "apiVersion": "2018-02-01",
            "properties": {
                "mode": "incremental",
                "templateLink": {
                    "uri": "[concat(parameters('containerUri'), '/ArmTemplate_10.json', parameters('containerSasToken'))]",
                    "contentVersion": "1.0.0.0"
                },
                "parameters": {
                    "factoryName": {
                        "value": "[parameters('factoryName')]"
                    }
                }
            },
            "dependsOn": [
                "[resourceId('Microsoft.Resources/deployments', 'adf-Premier-DataReceive-prod_ArmTemplate_9')]"
            ]
        },
        {
            "name": "adf-Premier-DataReceive-prod_ArmTemplate_11",
            "type": "Microsoft.Resources/deployments",
            "apiVersion": "2018-02-01",
            "properties": {
                "mode": "incremental",
                "templateLink": {
                    "uri": "[concat(parameters('containerUri'), '/ArmTemplate_11.json', parameters('containerSasToken'))]",
                    "contentVersion": "1.0.0.0"
                },
                "parameters": {
                    "factoryName": {
                        "value": "[parameters('factoryName')]"
                    }
                }
            },
            "dependsOn": [
                "[resourceId('Microsoft.Resources/deployments', 'adf-Premier-DataReceive-prod_ArmTemplate_10')]"
            ]
        },
        {
            "name": "adf-Premier-DataReceive-prod_ArmTemplate_12",
            "type": "Microsoft.Resources/deployments",
            "apiVersion": "2018-02-01",
            "properties": {
                "mode": "incremental",
                "templateLink": {
                    "uri": "[concat(parameters('containerUri'), '/ArmTemplate_12.json', parameters('containerSasToken'))]",
                    "contentVersion": "1.0.0.0"
                },
                "parameters": {
                    "factoryName": {
                        "value": "[parameters('factoryName')]"
                    }
                }
            },
            "dependsOn": [
                "[resourceId('Microsoft.Resources/deployments', 'adf-Premier-DataReceive-prod_ArmTemplate_11')]"
            ]
        },
        {
            "name": "adf-Premier-DataReceive-prod_ArmTemplate_13",
            "type": "Microsoft.Resources/deployments",
            "apiVersion": "2018-02-01",
            "properties": {
                "mode": "incremental",
                "templateLink": {
                    "uri": "[concat(parameters('containerUri'), '/ArmTemplate_13.json', parameters('containerSasToken'))]",
                    "contentVersion": "1.0.0.0"
                },
                "parameters": {
                    "factoryName": {
                        "value": "[parameters('factoryName')]"
                    }
                }
            },
            "dependsOn": [
                "[resourceId('Microsoft.Resources/deployments', 'adf-Premier-DataReceive-prod_ArmTemplate_12')]"
            ]
        },
        {
            "name": "adf-Premier-DataReceive-prod_ArmTemplate_14",
            "type": "Microsoft.Resources/deployments",
            "apiVersion": "2018-02-01",
            "properties": {
                "mode": "incremental",
                "templateLink": {
                    "uri": "[concat(parameters('containerUri'), '/ArmTemplate_14.json', parameters('containerSasToken'))]",
                    "contentVersion": "1.0.0.0"
                },
                "parameters": {
                    "factoryName": {
                        "value": "[parameters('factoryName')]"
                    },
                    "t_event_ipd_patent_properties_typeProperties_scope": {
                        "value": "[parameters('t_event_ipd_patent_properties_typeProperties_scope')]"
                    }
                }
            },
            "dependsOn": [
                "[resourceId('Microsoft.Resources/deployments', 'adf-Premier-DataReceive-prod_ArmTemplate_13')]"
            ]
        },
        {
            "name": "adf-Premier-DataReceive-prod_ArmTemplate_15",
            "type": "Microsoft.Resources/deployments",
            "apiVersion": "2018-02-01",
            "properties": {
                "mode": "incremental",
                "templateLink": {
                    "uri": "[concat(parameters('containerUri'), '/ArmTemplate_15.json', parameters('containerSasToken'))]",
                    "contentVersion": "1.0.0.0"
                },
                "parameters": {
                    "factoryName": {
                        "value": "[parameters('factoryName')]"
                    },
                    "t_e_PremierData_properties_PremierWholesaleData_Receive_parameters_AdlPath": {
                        "value": "[parameters('t_e_PremierData_properties_PremierWholesaleData_Receive_parameters_AdlPath')]"
                    },
                    "t_e_PremierData_properties_PremierWholesaleData_Receive_parameters_blobPath": {
                        "value": "[parameters('t_e_PremierData_properties_PremierWholesaleData_Receive_parameters_blobPath')]"
                    },
                    "t_e_PremierData_properties_typeProperties_scope": {
                        "value": "[parameters('t_e_PremierData_properties_typeProperties_scope')]"
                    }
                }
            },
            "dependsOn": [
                "[resourceId('Microsoft.Resources/deployments', 'adf-Premier-DataReceive-prod_ArmTemplate_14')]"
            ]
        },
        {
            "name": "adf-Premier-DataReceive-prod_ArmTemplate_16",
            "type": "Microsoft.Resources/deployments",
            "apiVersion": "2018-02-01",
            "properties": {
                "mode": "incremental",
                "templateLink": {
                    "uri": "[concat(parameters('containerUri'), '/ArmTemplate_16.json', parameters('containerSasToken'))]",
                    "contentVersion": "1.0.0.0"
                },
                "parameters": {
                    "factoryName": {
                        "value": "[parameters('factoryName')]"
                    },
                    "t_e_PremierData_history_load_properties_PremierWholesaleData_Receive_history_load_parameters_AdlPath": {
                        "value": "[parameters('t_e_PremierData_history_load_properties_PremierWholesaleData_Receive_history_load_parameters_AdlPath')]"
                    },
                    "t_e_PremierData_history_load_properties_PremierWholesaleData_Receive_history_load_parameters_blobPath": {
                        "value": "[parameters('t_e_PremierData_history_load_properties_PremierWholesaleData_Receive_history_load_parameters_blobPath')]"
                    },
                    "t_e_PremierData_history_load_properties_typeProperties_scope": {
                        "value": "[parameters('t_e_PremierData_history_load_properties_typeProperties_scope')]"
                    }
                }
            },
            "dependsOn": [
                "[resourceId('Microsoft.Resources/deployments', 'adf-Premier-DataReceive-prod_ArmTemplate_15')]"
            ]
        }
    ]
}