{
    "$schema": "http://schema.management.azure.com/schemas/2015-01-01/deploymentTemplate.json#",
    "contentVersion": "1.0.0.0",
    "parameters": {
        "factoryName": {
            "type": "string",
            "metadata": "Data Factory name",
            "defaultValue": "adf-Premier-DataReceive-prod"
        }
    },
    "variables": {
        "factoryId": "[concat('Microsoft.DataFactory/factories/', parameters('factoryName'))]"
    },
    "resources": [
        {
            "name": "[concat(parameters('factoryName'), '/PremierWholesaleData_ADL')]",
            "type": "Microsoft.DataFactory/factories/datasets",
            "apiVersion": "2018-06-01",
            "properties": {
                "linkedServiceName": {
                    "referenceName": "Pharmacy_ADL",
                    "type": "LinkedServiceReference"
                },
                "parameters": {
                    "FileName": {
                        "type": "string"
                    },
                    "Path": {
                        "type": "string"
                    }
                },
                "folder": {
                    "name": "Others"
                },
                "annotations": [],
                "type": "DelimitedText",
                "typeProperties": {
                    "location": {
                        "type": "AzureDataLakeStoreLocation",
                        "folderPath": {
                            "value": "@dataset().Path",
                            "type": "Expression"
                        }
                    },
                    "columnDelimiter": "\t",
                    "escapeChar": "\\",
                    "firstRowAsHeader": true,
                    "quoteChar": "\""
                },
                "schema": [
                    {
                        "name": "Health System ID",
                        "type": "String"
                    },
                    {
                        "name": "Facility Direct Parent ID",
                        "type": "String"
                    },
                    {
                        "name": "Facility ID",
                        "type": "String"
                    },
                    {
                        "name": "Facility City",
                        "type": "String"
                    },
                    {
                        "name": "Facility State",
                        "type": "String"
                    },
                    {
                        "name": "NDC",
                        "type": "String"
                    },
                    {
                        "name": "Brand Name",
                        "type": "String"
                    },
                    {
                        "name": "Generic Name",
                        "type": "String"
                    },
                    {
                        "name": "Label Name",
                        "type": "String"
                    },
                    {
                        "name": "Wholesaler Purchase Type",
                        "type": "String"
                    },
                    {
                        "name": "Wholesaler Load Price",
                        "type": "String"
                    },
                    {
                        "name": "Supplier",
                        "type": "String"
                    },
                    {
                        "name": "Invoice Date",
                        "type": "String"
                    },
                    {
                        "name": "Invoice Number",
                        "type": "String"
                    },
                    {
                        "name": "Invoice Price",
                        "type": "String"
                    },
                    {
                        "name": "Wholesaler",
                        "type": "String"
                    },
                    {
                        "name": "Distribution Center Name",
                        "type": "String"
                    },
                    {
                        "name": "Wholesaler Account Number",
                        "type": "String"
                    },
                    {
                        "name": "Wholesaler Account Name",
                        "type": "String"
                    },
                    {
                        "name": "Line Number from Invoice",
                        "type": "String"
                    },
                    {
                        "name": "Contract Lead Name",
                        "type": "String"
                    },
                    {
                        "name": "Service Provider Class",
                        "type": "String"
                    },
                    {
                        "name": "Ship Method",
                        "type": "String"
                    },
                    {
                        "name": "Shipping Date",
                        "type": "String"
                    },
                    {
                        "name": "Wholesaler Pkg Qty",
                        "type": "String"
                    },
                    {
                        "name": "Wholesaler Order Line Number",
                        "type": "String"
                    },
                    {
                        "name": "Wholesaler Catalog Number",
                        "type": "String"
                    },
                    {
                        "name": "Premier Award Status",
                        "type": "String"
                    },
                    {
                        "name": "Premier Contract Number",
                        "type": "String"
                    },
                    {
                        "name": "Total Units",
                        "type": "String"
                    },
                    {
                        "name": "Total Spend",
                        "type": "String"
                    },
                    {
                        "name": "Quantity Ordered",
                        "type": "String"
                    },
                    {
                        "name": "dummy",
                        "type": "String"
                    }
                ]
            },
            "dependsOn": []
        },
        {
            "name": "[concat(parameters('factoryName'), '/PremierWholesaleData_Sql')]",
            "type": "Microsoft.DataFactory/factories/datasets",
            "apiVersion": "2018-06-01",
            "properties": {
                "linkedServiceName": {
                    "referenceName": "NationalWholesale",
                    "type": "LinkedServiceReference"
                },
                "folder": {
                    "name": "Others"
                },
                "annotations": [],
                "type": "AzureSqlTable",
                "schema": [
                    {
                        "name": "Id",
                        "type": "int",
                        "precision": 10
                    },
                    {
                        "name": "HealthSystemID",
                        "type": "varchar"
                    },
                    {
                        "name": "FacilityDirectParentID",
                        "type": "varchar"
                    },
                    {
                        "name": "FacilityID",
                        "type": "varchar"
                    },
                    {
                        "name": "FacilityCity",
                        "type": "varchar"
                    },
                    {
                        "name": "FacilityState",
                        "type": "char"
                    },
                    {
                        "name": "NDC",
                        "type": "varchar"
                    },
                    {
                        "name": "ItemId",
                        "type": "int",
                        "precision": 10
                    },
                    {
                        "name": "BrandName",
                        "type": "varchar"
                    },
                    {
                        "name": "GenericName",
                        "type": "varchar"
                    },
                    {
                        "name": "LabelName",
                        "type": "varchar"
                    },
                    {
                        "name": "WholesalerPurchaseType",
                        "type": "varchar"
                    },
                    {
                        "name": "WholesalerLoadPrice",
                        "type": "money",
                        "precision": 19,
                        "scale": 4
                    },
                    {
                        "name": "Supplier",
                        "type": "varchar"
                    },
                    {
                        "name": "InvoiceDate",
                        "type": "datetime",
                        "precision": 23,
                        "scale": 3
                    },
                    {
                        "name": "InvoiceNumber",
                        "type": "varchar"
                    },
                    {
                        "name": "InvoicePrice",
                        "type": "money",
                        "precision": 19,
                        "scale": 4
                    },
                    {
                        "name": "Wholesaler",
                        "type": "varchar"
                    },
                    {
                        "name": "DistributionCenterName",
                        "type": "varchar"
                    },
                    {
                        "name": "WholesalerAccountNumber",
                        "type": "varchar"
                    },
                    {
                        "name": "WholesalerAccountName",
                        "type": "varchar"
                    },
                    {
                        "name": "LineNumberfromInvoice",
                        "type": "varchar"
                    },
                    {
                        "name": "ContractLeadName",
                        "type": "varchar"
                    },
                    {
                        "name": "ServiceProviderClass",
                        "type": "varchar"
                    },
                    {
                        "name": "ShipMethod",
                        "type": "char"
                    },
                    {
                        "name": "ShippingDate",
                        "type": "datetime",
                        "precision": 23,
                        "scale": 3
                    },
                    {
                        "name": "WholesalerPkgQty",
                        "type": "int",
                        "precision": 10
                    },
                    {
                        "name": "WholesalerOrderLineNumber",
                        "type": "varchar"
                    },
                    {
                        "name": "WholesalerCatalogNumber",
                        "type": "varchar"
                    },
                    {
                        "name": "PremierAwardStatus",
                        "type": "varchar"
                    },
                    {
                        "name": "PremierContractNumber",
                        "type": "varchar"
                    },
                    {
                        "name": "TotalUnits",
                        "type": "int",
                        "precision": 10
                    },
                    {
                        "name": "TotalSpend",
                        "type": "money",
                        "precision": 19,
                        "scale": 4
                    },
                    {
                        "name": "QuantityOrdered",
                        "type": "int",
                        "precision": 10
                    },
                    {
                        "name": "AddedDate",
                        "type": "datetime",
                        "precision": 23,
                        "scale": 3
                    },
                    {
                        "name": "ProcessPipelineId",
                        "type": "varchar"
                    },
                    {
                        "name": "OriginalFileName",
                        "type": "varchar"
                    },
                    {
                        "name": "AdlPath",
                        "type": "varchar"
                    }
                ],
                "typeProperties": {
                    "schema": "Premier",
                    "table": "WholesalerInvoices"
                }
            },
            "dependsOn": []
        },
        {
            "name": "[concat(parameters('factoryName'), '/PremierWholesaleData_LocalExtract')]",
            "type": "Microsoft.DataFactory/factories/datasets",
            "apiVersion": "2018-06-01",
            "properties": {
                "linkedServiceName": {
                    "referenceName": "NationalWholesale",
                    "type": "LinkedServiceReference"
                },
                "folder": {
                    "name": "ClientExtract"
                },
                "annotations": [],
                "type": "AzureSqlTable",
                "schema": [
                    {
                        "name": "Id",
                        "type": "int",
                        "precision": 10
                    },
                    {
                        "name": "HealthSystemID",
                        "type": "varchar"
                    },
                    {
                        "name": "FacilityDirectParentID",
                        "type": "varchar"
                    },
                    {
                        "name": "FacilityID",
                        "type": "varchar"
                    },
                    {
                        "name": "FacilityCity",
                        "type": "varchar"
                    },
                    {
                        "name": "FacilityState",
                        "type": "char"
                    },
                    {
                        "name": "NDC",
                        "type": "varchar"
                    },
                    {
                        "name": "ItemId",
                        "type": "int",
                        "precision": 10
                    },
                    {
                        "name": "BrandName",
                        "type": "varchar"
                    },
                    {
                        "name": "GenericName",
                        "type": "varchar"
                    },
                    {
                        "name": "LabelName",
                        "type": "varchar"
                    },
                    {
                        "name": "WholesalerPurchaseType",
                        "type": "varchar"
                    },
                    {
                        "name": "WholesalerLoadPrice",
                        "type": "money",
                        "precision": 19,
                        "scale": 4
                    },
                    {
                        "name": "Supplier",
                        "type": "varchar"
                    },
                    {
                        "name": "InvoiceDate",
                        "type": "datetime",
                        "precision": 23,
                        "scale": 3
                    },
                    {
                        "name": "InvoiceNumber",
                        "type": "varchar"
                    },
                    {
                        "name": "InvoicePrice",
                        "type": "money",
                        "precision": 19,
                        "scale": 4
                    },
                    {
                        "name": "Wholesaler",
                        "type": "varchar"
                    },
                    {
                        "name": "DistributionCenterName",
                        "type": "varchar"
                    },
                    {
                        "name": "WholesalerAccountNumber",
                        "type": "varchar"
                    },
                    {
                        "name": "WholesalerAccountName",
                        "type": "varchar"
                    },
                    {
                        "name": "LineNumberfromInvoice",
                        "type": "varchar"
                    },
                    {
                        "name": "ContractLeadName",
                        "type": "varchar"
                    },
                    {
                        "name": "ServiceProviderClass",
                        "type": "varchar"
                    },
                    {
                        "name": "ShipMethod",
                        "type": "char"
                    },
                    {
                        "name": "ShippingDate",
                        "type": "datetime",
                        "precision": 23,
                        "scale": 3
                    },
                    {
                        "name": "WholesalerPkgQty",
                        "type": "int",
                        "precision": 10
                    },
                    {
                        "name": "WholesalerOrderLineNumber",
                        "type": "varchar"
                    },
                    {
                        "name": "WholesalerCatalogNumber",
                        "type": "varchar"
                    },
                    {
                        "name": "PremierAwardStatus",
                        "type": "varchar"
                    },
                    {
                        "name": "PremierContractNumber",
                        "type": "varchar"
                    },
                    {
                        "name": "TotalUnits",
                        "type": "int",
                        "precision": 10
                    },
                    {
                        "name": "TotalSpend",
                        "type": "money",
                        "precision": 19,
                        "scale": 4
                    },
                    {
                        "name": "QuantityOrdered",
                        "type": "int",
                        "precision": 10
                    },
                    {
                        "name": "AddedDate",
                        "type": "datetime",
                        "precision": 23,
                        "scale": 3
                    },
                    {
                        "name": "ProcessPipelineId",
                        "type": "varchar"
                    },
                    {
                        "name": "OriginalFileName",
                        "type": "varchar"
                    },
                    {
                        "name": "AdlPath",
                        "type": "varchar"
                    }
                ],
                "typeProperties": {
                    "schema": "Premier",
                    "table": "WholesalerInvoices"
                }
            },
            "dependsOn": []
        },
        {
            "name": "[concat(parameters('factoryName'), '/HierarchyReport_Sql')]",
            "type": "Microsoft.DataFactory/factories/datasets",
            "apiVersion": "2018-06-01",
            "properties": {
                "linkedServiceName": {
                    "referenceName": "NationalWholesale",
                    "type": "LinkedServiceReference"
                },
                "folder": {
                    "name": "HierarchyReport"
                },
                "annotations": [],
                "type": "AzureSqlTable",
                "schema": [
                    {
                        "name": "Health System",
                        "type": "nvarchar"
                    },
                    {
                        "name": "Health System ID",
                        "type": "nvarchar"
                    },
                    {
                        "name": "Facility Direct Parent",
                        "type": "nvarchar"
                    },
                    {
                        "name": "Facility Direct Parent ID",
                        "type": "nvarchar"
                    },
                    {
                        "name": "Facility Name",
                        "type": "nvarchar"
                    },
                    {
                        "name": "Facility ID",
                        "type": "nvarchar"
                    },
                    {
                        "name": "ImportedDate",
                        "type": "datetime",
                        "precision": 23,
                        "scale": 3
                    }
                ],
                "typeProperties": {
                    "schema": "Raw",
                    "table": "PremierCustomerList"
                }
            },
            "dependsOn": []
        },
        {
            "name": "[concat(parameters('factoryName'), '/ResultsGpi_Source')]",
            "type": "Microsoft.DataFactory/factories/datasets",
            "apiVersion": "2018-06-01",
            "properties": {
                "linkedServiceName": {
                    "referenceName": "NationalWholesale",
                    "type": "LinkedServiceReference"
                },
                "folder": {
                    "name": "PriceDisruptions"
                },
                "annotations": [],
                "type": "AzureSqlTable",
                "schema": [
                    {
                        "name": "GpiName",
                        "type": "varchar"
                    },
                    {
                        "name": "HealthSystemId",
                        "type": "varchar"
                    },
                    {
                        "name": "Gpi10",
                        "type": "varchar"
                    },
                    {
                        "name": "Inc_Days",
                        "type": "int",
                        "precision": 10
                    },
                    {
                        "name": "MissingDollars",
                        "type": "money",
                        "precision": 19,
                        "scale": 4
                    },
                    {
                        "name": "MissingUnits",
                        "type": "int",
                        "precision": 10
                    },
                    {
                        "name": "HsCount",
                        "type": "int",
                        "precision": 10
                    },
                    {
                        "name": "HsMax",
                        "type": "int",
                        "precision": 10
                    },
                    {
                        "name": "IncPerDay",
                        "type": "decimal",
                        "precision": 14,
                        "scale": 6
                    },
                    {
                        "name": "IncPerDay_NoTop",
                        "type": "decimal",
                        "precision": 15,
                        "scale": 6
                    },
                    {
                        "name": "Spread",
                        "type": "decimal",
                        "precision": 24,
                        "scale": 13
                    },
                    {
                        "name": "Filled",
                        "type": "int",
                        "precision": 10
                    },
                    {
                        "name": "ContractCount",
                        "type": "int",
                        "precision": 10
                    },
                    {
                        "name": "GeneratedDate",
                        "type": "datetime",
                        "precision": 23,
                        "scale": 3
                    },
                    {
                        "name": "ReportedDate",
                        "type": "datetime",
                        "precision": 23,
                        "scale": 3
                    },
                    {
                        "name": "HasShortage",
                        "type": "bit"
                    }
                ],
                "typeProperties": {
                    "schema": "PriceDisruptions",
                    "table": "ResultsGpi"
                }
            },
            "dependsOn": []
        },
        {
            "name": "[concat(parameters('factoryName'), '/FilledUnitsGpi_Source')]",
            "type": "Microsoft.DataFactory/factories/datasets",
            "apiVersion": "2018-06-01",
            "properties": {
                "linkedServiceName": {
                    "referenceName": "NationalWholesale",
                    "type": "LinkedServiceReference"
                },
                "folder": {
                    "name": "PriceDisruptions"
                },
                "annotations": [],
                "type": "AzureSqlTable",
                "schema": [
                    {
                        "name": "GpiName",
                        "type": "varchar"
                    },
                    {
                        "name": "Gpi10",
                        "type": "varchar"
                    },
                    {
                        "name": "Filled",
                        "type": "int",
                        "precision": 10
                    },
                    {
                        "name": "GeneratedDate",
                        "type": "datetime",
                        "precision": 23,
                        "scale": 3
                    }
                ],
                "typeProperties": {
                    "schema": "PriceDisruptions",
                    "table": "FilledUnitsGpi"
                }
            },
            "dependsOn": []
        },
        {
            "name": "[concat(parameters('factoryName'), '/WacPricekey_Source')]",
            "type": "Microsoft.DataFactory/factories/datasets",
            "apiVersion": "2018-06-01",
            "properties": {
                "linkedServiceName": {
                    "referenceName": "NationalWholesale",
                    "type": "LinkedServiceReference"
                },
                "folder": {
                    "name": "PriceDisruptions"
                },
                "annotations": [],
                "type": "AzureSqlTable",
                "schema": [
                    {
                        "name": "PricingKey",
                        "type": "varchar"
                    },
                    {
                        "name": "IsGenericDrug",
                        "type": "bit"
                    },
                    {
                        "name": "Equ_MaxWac",
                        "type": "decimal",
                        "precision": 13,
                        "scale": 6
                    },
                    {
                        "name": "Equ_MaxAwp",
                        "type": "decimal",
                        "precision": 13,
                        "scale": 6
                    },
                    {
                        "name": "GeneratedDate",
                        "type": "datetime",
                        "precision": 23,
                        "scale": 3
                    }
                ],
                "typeProperties": {
                    "schema": "PriceDisruptions",
                    "table": "WacPricekey"
                }
            },
            "dependsOn": []
        },
        {
            "name": "[concat(parameters('factoryName'), '/RawInvoices_Source')]",
            "type": "Microsoft.DataFactory/factories/datasets",
            "apiVersion": "2018-06-01",
            "properties": {
                "linkedServiceName": {
                    "referenceName": "NationalWholesale",
                    "type": "LinkedServiceReference"
                },
                "folder": {
                    "name": "PriceDisruptions"
                },
                "annotations": [],
                "type": "AzureSqlTable",
                "schema": [
                    {
                        "name": "Ndc",
                        "type": "varchar"
                    },
                    {
                        "name": "QuantityOrdered",
                        "type": "int",
                        "precision": 10
                    },
                    {
                        "name": "InvoicePrice",
                        "type": "money",
                        "precision": 19,
                        "scale": 4
                    },
                    {
                        "name": "TotalSpend",
                        "type": "money",
                        "precision": 19,
                        "scale": 4
                    },
                    {
                        "name": "TotalUnits",
                        "type": "int",
                        "precision": 10
                    },
                    {
                        "name": "ContractNumber",
                        "type": "varchar"
                    },
                    {
                        "name": "HealthSystemId",
                        "type": "varchar"
                    },
                    {
                        "name": "FacilityState",
                        "type": "char"
                    },
                    {
                        "name": "FMonth",
                        "type": "date"
                    },
                    {
                        "name": "Manufacturer",
                        "type": "varchar"
                    },
                    {
                        "name": "DrugName",
                        "type": "varchar"
                    },
                    {
                        "name": "PricingKey",
                        "type": "varchar"
                    },
                    {
                        "name": "IsGenericDrug",
                        "type": "bit"
                    },
                    {
                        "name": "DrugStrength",
                        "type": "varchar"
                    },
                    {
                        "name": "DrugId",
                        "type": "varchar"
                    },
                    {
                        "name": "Wac",
                        "type": "decimal",
                        "precision": 13,
                        "scale": 6
                    },
                    {
                        "name": "GpiName",
                        "type": "varchar"
                    },
                    {
                        "name": "InvoiceDateString",
                        "type": "varchar"
                    },
                    {
                        "name": "D_Wholesaler",
                        "type": "varchar"
                    },
                    {
                        "name": "DaysAgo",
                        "type": "int",
                        "precision": 10
                    },
                    {
                        "name": "PotentialSpend",
                        "type": "money",
                        "precision": 19,
                        "scale": 4
                    },
                    {
                        "name": "FillRate",
                        "type": "decimal",
                        "precision": 19,
                        "scale": 11
                    },
                    {
                        "name": "MissingDollars",
                        "type": "money",
                        "precision": 19,
                        "scale": 4
                    },
                    {
                        "name": "MissingUnits",
                        "type": "int",
                        "precision": 10
                    },
                    {
                        "name": "Equ_MaxWac",
                        "type": "decimal",
                        "precision": 13,
                        "scale": 6
                    },
                    {
                        "name": "AvgPrice",
                        "type": "money",
                        "precision": 19,
                        "scale": 4
                    },
                    {
                        "name": "GeneratedDate",
                        "type": "datetime",
                        "precision": 23,
                        "scale": 3
                    }
                ],
                "typeProperties": {
                    "schema": "PriceDisruptions",
                    "table": "RawInvoices"
                }
            },
            "dependsOn": []
        },
        {
            "name": "[concat(parameters('factoryName'), '/IncidentsGpi_Source')]",
            "type": "Microsoft.DataFactory/factories/datasets",
            "apiVersion": "2018-06-01",
            "properties": {
                "linkedServiceName": {
                    "referenceName": "NationalWholesale",
                    "type": "LinkedServiceReference"
                },
                "folder": {
                    "name": "PriceDisruptions"
                },
                "annotations": [],
                "type": "AzureSqlTable",
                "schema": [
                    {
                        "name": "GpiName",
                        "type": "varchar"
                    },
                    {
                        "name": "HealthSystemId",
                        "type": "varchar"
                    },
                    {
                        "name": "Gpi10",
                        "type": "varchar"
                    },
                    {
                        "name": "Inc_Days",
                        "type": "int",
                        "precision": 10
                    },
                    {
                        "name": "MissingDollars",
                        "type": "money",
                        "precision": 19,
                        "scale": 4
                    },
                    {
                        "name": "MissingUnits",
                        "type": "int",
                        "precision": 10
                    },
                    {
                        "name": "GeneratedDate",
                        "type": "datetime",
                        "precision": 23,
                        "scale": 3
                    }
                ],
                "typeProperties": {
                    "schema": "PriceDisruptions",
                    "table": "IncidentsGpi"
                }
            },
            "dependsOn": []
        },
        {
            "name": "[concat(parameters('factoryName'), '/PremierWholeSaleDataAdl')]",
            "type": "Microsoft.DataFactory/factories/datasets",
            "apiVersion": "2018-06-01",
            "properties": {
                "linkedServiceName": {
                    "referenceName": "Pharmacy_ADL",
                    "type": "LinkedServiceReference"
                },
                "folder": {
                    "name": "Others"
                },
                "annotations": [],
                "type": "DelimitedText",
                "typeProperties": {
                    "location": {
                        "type": "AzureDataLakeStoreLocation",
                        "folderPath": "stg/Premier/WholeSaleData"
                    },
                    "columnDelimiter": "\t",
                    "escapeChar": "\\",
                    "firstRowAsHeader": true,
                    "quoteChar": "\""
                },
                "schema": []
            },
            "dependsOn": []
        },
        {
            "name": "[concat(parameters('factoryName'), '/WacPricekey_Target')]",
            "type": "Microsoft.DataFactory/factories/datasets",
            "apiVersion": "2018-06-01",
            "properties": {
                "linkedServiceName": {
                    "referenceName": "CognitiveRx_Configurable",
                    "type": "LinkedServiceReference",
                    "parameters": {
                        "KeyVaultSecret": "@dataset().Secret"
                    }
                },
                "parameters": {
                    "Secret": {
                        "type": "string"
                    }
                },
                "folder": {
                    "name": "PriceDisruptions"
                },
                "annotations": [],
                "type": "AzureSqlTable",
                "schema": [
                    {
                        "name": "PricingKey",
                        "type": "varchar"
                    },
                    {
                        "name": "IsGenericDrug",
                        "type": "bit"
                    },
                    {
                        "name": "Equ_MaxWac",
                        "type": "decimal",
                        "precision": 13,
                        "scale": 6
                    },
                    {
                        "name": "Equ_MaxAwp",
                        "type": "decimal",
                        "precision": 13,
                        "scale": 6
                    },
                    {
                        "name": "GeneratedDate",
                        "type": "datetime",
                        "precision": 23,
                        "scale": 3
                    },
                    {
                        "name": "SyncDate",
                        "type": "datetime",
                        "precision": 23,
                        "scale": 3
                    }
                ],
                "typeProperties": {
                    "schema": "NationalPriceDisruptions",
                    "table": "WacPricekey"
                }
            },
            "dependsOn": []
        },
        {
            "name": "[concat(parameters('factoryName'), '/IncidentsGpiMfr_Target')]",
            "type": "Microsoft.DataFactory/factories/datasets",
            "apiVersion": "2018-06-01",
            "properties": {
                "linkedServiceName": {
                    "referenceName": "CognitiveRx_Configurable",
                    "type": "LinkedServiceReference",
                    "parameters": {
                        "KeyVaultSecret": "@dataset().Secret"
                    }
                },
                "parameters": {
                    "Secret": {
                        "type": "string"
                    }
                },
                "folder": {
                    "name": "PriceDisruptions"
                },
                "annotations": [],
                "type": "AzureSqlTable",
                "schema": [
                    {
                        "name": "GpiName",
                        "type": "varchar"
                    },
                    {
                        "name": "Mfr",
                        "type": "varchar"
                    },
                    {
                        "name": "HealthSystemId",
                        "type": "varchar"
                    },
                    {
                        "name": "FacilityState",
                        "type": "char"
                    },
                    {
                        "name": "Gpi10",
                        "type": "varchar"
                    },
                    {
                        "name": "Inc_Days",
                        "type": "int",
                        "precision": 10
                    },
                    {
                        "name": "MissingDollars",
                        "type": "money",
                        "precision": 19,
                        "scale": 4
                    },
                    {
                        "name": "MissingUnits",
                        "type": "int",
                        "precision": 10
                    },
                    {
                        "name": "GeneratedDate",
                        "type": "datetime",
                        "precision": 23,
                        "scale": 3
                    },
                    {
                        "name": "SyncDate",
                        "type": "datetime",
                        "precision": 23,
                        "scale": 3
                    }
                ],
                "typeProperties": {
                    "schema": "NationalPriceDisruptions",
                    "table": "IncidentsGpiMfr"
                }
            },
            "dependsOn": []
        },
        {
            "name": "[concat(parameters('factoryName'), '/ResultsGpi_Target')]",
            "type": "Microsoft.DataFactory/factories/datasets",
            "apiVersion": "2018-06-01",
            "properties": {
                "linkedServiceName": {
                    "referenceName": "CognitiveRx_Configurable",
                    "type": "LinkedServiceReference",
                    "parameters": {
                        "KeyVaultSecret": "@dataset().Secret"
                    }
                },
                "parameters": {
                    "Secret": {
                        "type": "string"
                    }
                },
                "folder": {
                    "name": "PriceDisruptions"
                },
                "annotations": [],
                "type": "AzureSqlTable",
                "schema": [
                    {
                        "name": "GpiName",
                        "type": "varchar"
                    },
                    {
                        "name": "HealthSystemId",
                        "type": "varchar"
                    },
                    {
                        "name": "Gpi10",
                        "type": "varchar"
                    },
                    {
                        "name": "Inc_Days",
                        "type": "int",
                        "precision": 10
                    },
                    {
                        "name": "MissingDollars",
                        "type": "money",
                        "precision": 19,
                        "scale": 4
                    },
                    {
                        "name": "MissingUnits",
                        "type": "int",
                        "precision": 10
                    },
                    {
                        "name": "HsCount",
                        "type": "int",
                        "precision": 10
                    },
                    {
                        "name": "HsMax",
                        "type": "int",
                        "precision": 10
                    },
                    {
                        "name": "IncPerDay",
                        "type": "decimal",
                        "precision": 14,
                        "scale": 6
                    },
                    {
                        "name": "IncPerDay_NoTop",
                        "type": "decimal",
                        "precision": 15,
                        "scale": 6
                    },
                    {
                        "name": "Spread",
                        "type": "decimal",
                        "precision": 24,
                        "scale": 13
                    },
                    {
                        "name": "Filled",
                        "type": "int",
                        "precision": 10
                    },
                    {
                        "name": "ContractCount",
                        "type": "int",
                        "precision": 10
                    },
                    {
                        "name": "GeneratedDate",
                        "type": "datetime",
                        "precision": 23,
                        "scale": 3
                    },
                    {
                        "name": "SyncDate",
                        "type": "datetime",
                        "precision": 23,
                        "scale": 3
                    },
                    {
                        "name": "HasShortage",
                        "type": "bit"
                    }
                ],
                "typeProperties": {
                    "schema": "NationalPriceDisruptions",
                    "table": "ResultsGpi"
                }
            },
            "dependsOn": []
        },
        {
            "name": "[concat(parameters('factoryName'), '/HierarchyReport_RemoteTarget')]",
            "type": "Microsoft.DataFactory/factories/datasets",
            "apiVersion": "2018-06-01",
            "properties": {
                "linkedServiceName": {
                    "referenceName": "CognitiveRx_Configurable",
                    "type": "LinkedServiceReference",
                    "parameters": {
                        "KeyVaultSecret": {
                            "value": "@dataset().Secret",
                            "type": "Expression"
                        }
                    }
                },
                "parameters": {
                    "Secret": {
                        "type": "string"
                    }
                },
                "folder": {
                    "name": "HierarchyReport"
                },
                "annotations": [],
                "type": "AzureSqlTable",
                "schema": [
                    {
                        "name": "Health System",
                        "type": "nvarchar"
                    },
                    {
                        "name": "Health System ID",
                        "type": "nvarchar"
                    },
                    {
                        "name": "Facility Direct Parent",
                        "type": "nvarchar"
                    },
                    {
                        "name": "Facility Direct Parent ID",
                        "type": "nvarchar"
                    },
                    {
                        "name": "Facility Name",
                        "type": "nvarchar"
                    },
                    {
                        "name": "Facility ID",
                        "type": "nvarchar"
                    }
                ],
                "typeProperties": {
                    "schema": "Raw",
                    "table": "PremierCustomerList"
                }
            },
            "dependsOn": []
        },
        {
            "name": "[concat(parameters('factoryName'), '/FilledUnitsGpi_Target')]",
            "type": "Microsoft.DataFactory/factories/datasets",
            "apiVersion": "2018-06-01",
            "properties": {
                "linkedServiceName": {
                    "referenceName": "CognitiveRx_Configurable",
                    "type": "LinkedServiceReference",
                    "parameters": {
                        "KeyVaultSecret": "@dataset().Secret"
                    }
                },
                "parameters": {
                    "Secret": {
                        "type": "string"
                    }
                },
                "folder": {
                    "name": "PriceDisruptions"
                },
                "annotations": [],
                "type": "AzureSqlTable",
                "schema": [
                    {
                        "name": "GpiName",
                        "type": "varchar"
                    },
                    {
                        "name": "Gpi10",
                        "type": "varchar"
                    },
                    {
                        "name": "Filled",
                        "type": "int",
                        "precision": 10
                    },
                    {
                        "name": "GeneratedDate",
                        "type": "datetime",
                        "precision": 23,
                        "scale": 3
                    },
                    {
                        "name": "SyncDate",
                        "type": "datetime",
                        "precision": 23,
                        "scale": 3
                    }
                ],
                "typeProperties": {
                    "schema": "NationalPriceDisruptions",
                    "table": "FilledUnitsGpi"
                }
            },
            "dependsOn": []
        },
        {
            "name": "[concat(parameters('factoryName'), '/ContractCount_Target')]",
            "type": "Microsoft.DataFactory/factories/datasets",
            "apiVersion": "2018-06-01",
            "properties": {
                "linkedServiceName": {
                    "referenceName": "CognitiveRx_Configurable",
                    "type": "LinkedServiceReference",
                    "parameters": {
                        "KeyVaultSecret": "@dataset().Secret"
                    }
                },
                "parameters": {
                    "Secret": {
                        "type": "string"
                    }
                },
                "folder": {
                    "name": "PriceDisruptions"
                },
                "annotations": [],
                "type": "AzureSqlTable",
                "schema": [
                    {
                        "name": "GpiName",
                        "type": "varchar"
                    },
                    {
                        "name": "ContractCount",
                        "type": "int",
                        "precision": 10
                    },
                    {
                        "name": "GeneratedDate",
                        "type": "datetime",
                        "precision": 23,
                        "scale": 3
                    },
                    {
                        "name": "SyncDate",
                        "type": "datetime",
                        "precision": 23,
                        "scale": 3
                    }
                ],
                "typeProperties": {
                    "schema": "NationalPriceDisruptions",
                    "table": "ContractCount"
                }
            },
            "dependsOn": []
        },
        {
            "name": "[concat(parameters('factoryName'), '/ResultsNdc_Target')]",
            "type": "Microsoft.DataFactory/factories/datasets",
            "apiVersion": "2018-06-01",
            "properties": {
                "linkedServiceName": {
                    "referenceName": "CognitiveRx_Configurable",
                    "type": "LinkedServiceReference",
                    "parameters": {
                        "KeyVaultSecret": "@dataset().Secret"
                    }
                },
                "parameters": {
                    "Secret": {
                        "type": "string"
                    }
                },
                "folder": {
                    "name": "PriceDisruptions"
                },
                "annotations": [],
                "type": "AzureSqlTable",
                "schema": [
                    {
                        "name": "Ndc",
                        "type": "varchar"
                    },
                    {
                        "name": "HealthSystemId",
                        "type": "varchar"
                    },
                    {
                        "name": "Gpi10",
                        "type": "varchar"
                    },
                    {
                        "name": "GpiName",
                        "type": "varchar"
                    },
                    {
                        "name": "DrugStrength",
                        "type": "varchar"
                    },
                    {
                        "name": "AvgPrice",
                        "type": "money",
                        "precision": 19,
                        "scale": 4
                    },
                    {
                        "name": "Inc_Days",
                        "type": "int",
                        "precision": 10
                    },
                    {
                        "name": "MissingDollars",
                        "type": "money",
                        "precision": 19,
                        "scale": 4
                    },
                    {
                        "name": "MissingUnits",
                        "type": "int",
                        "precision": 10
                    },
                    {
                        "name": "HsCount",
                        "type": "int",
                        "precision": 10
                    },
                    {
                        "name": "HsMax",
                        "type": "int",
                        "precision": 10
                    },
                    {
                        "name": "IncPerDay",
                        "type": "decimal",
                        "precision": 14,
                        "scale": 6
                    },
                    {
                        "name": "IncPerDay_NoTop",
                        "type": "decimal",
                        "precision": 15,
                        "scale": 6
                    },
                    {
                        "name": "Spread",
                        "type": "decimal",
                        "precision": 24,
                        "scale": 13
                    },
                    {
                        "name": "GeneratedDate",
                        "type": "datetime",
                        "precision": 23,
                        "scale": 3
                    },
                    {
                        "name": "SyncDate",
                        "type": "datetime",
                        "precision": 23,
                        "scale": 3
                    }
                ],
                "typeProperties": {
                    "schema": "NationalPriceDisruptions",
                    "table": "ResultsNdc"
                }
            },
            "dependsOn": []
        },
        {
            "name": "[concat(parameters('factoryName'), '/RawInvoices_Target')]",
            "type": "Microsoft.DataFactory/factories/datasets",
            "apiVersion": "2018-06-01",
            "properties": {
                "linkedServiceName": {
                    "referenceName": "CognitiveRx_Configurable",
                    "type": "LinkedServiceReference",
                    "parameters": {
                        "KeyVaultSecret": "@dataset().Secret"
                    }
                },
                "parameters": {
                    "Secret": {
                        "type": "string"
                    }
                },
                "folder": {
                    "name": "PriceDisruptions"
                },
                "annotations": [],
                "type": "AzureSqlTable",
                "schema": [
                    {
                        "name": "Ndc",
                        "type": "varchar"
                    },
                    {
                        "name": "QuantityOrdered",
                        "type": "int",
                        "precision": 10
                    },
                    {
                        "name": "InvoicePrice",
                        "type": "money",
                        "precision": 19,
                        "scale": 4
                    },
                    {
                        "name": "TotalSpend",
                        "type": "money",
                        "precision": 19,
                        "scale": 4
                    },
                    {
                        "name": "TotalUnits",
                        "type": "int",
                        "precision": 10
                    },
                    {
                        "name": "ContractNumber",
                        "type": "varchar"
                    },
                    {
                        "name": "HealthSystemId",
                        "type": "varchar"
                    },
                    {
                        "name": "FacilityState",
                        "type": "char"
                    },
                    {
                        "name": "FMonth",
                        "type": "date"
                    },
                    {
                        "name": "Manufacturer",
                        "type": "varchar"
                    },
                    {
                        "name": "DrugName",
                        "type": "varchar"
                    },
                    {
                        "name": "PricingKey",
                        "type": "varchar"
                    },
                    {
                        "name": "IsGenericDrug",
                        "type": "bit"
                    },
                    {
                        "name": "DrugStrength",
                        "type": "varchar"
                    },
                    {
                        "name": "DrugId",
                        "type": "varchar"
                    },
                    {
                        "name": "Wac",
                        "type": "decimal",
                        "precision": 13,
                        "scale": 6
                    },
                    {
                        "name": "GpiName",
                        "type": "varchar"
                    },
                    {
                        "name": "InvoiceDateString",
                        "type": "varchar"
                    },
                    {
                        "name": "D_Wholesaler",
                        "type": "varchar"
                    },
                    {
                        "name": "DaysAgo",
                        "type": "int",
                        "precision": 10
                    },
                    {
                        "name": "PotentialSpend",
                        "type": "money",
                        "precision": 19,
                        "scale": 4
                    },
                    {
                        "name": "FillRate",
                        "type": "decimal",
                        "precision": 19,
                        "scale": 11
                    },
                    {
                        "name": "MissingDollars",
                        "type": "money",
                        "precision": 19,
                        "scale": 4
                    },
                    {
                        "name": "MissingUnits",
                        "type": "int",
                        "precision": 10
                    },
                    {
                        "name": "Equ_MaxWac",
                        "type": "decimal",
                        "precision": 13,
                        "scale": 6
                    },
                    {
                        "name": "AvgPrice",
                        "type": "money",
                        "precision": 19,
                        "scale": 4
                    },
                    {
                        "name": "GeneratedDate",
                        "type": "datetime",
                        "precision": 23,
                        "scale": 3
                    },
                    {
                        "name": "SyncDate",
                        "type": "datetime",
                        "precision": 23,
                        "scale": 3
                    }
                ],
                "typeProperties": {
                    "schema": "NationalPriceDisruptions",
                    "table": "RawInvoices"
                }
            },
            "dependsOn": []
        },
        {
            "name": "[concat(parameters('factoryName'), '/IncidentsNdc_Target')]",
            "type": "Microsoft.DataFactory/factories/datasets",
            "apiVersion": "2018-06-01",
            "properties": {
                "linkedServiceName": {
                    "referenceName": "CognitiveRx_Configurable",
                    "type": "LinkedServiceReference",
                    "parameters": {
                        "KeyVaultSecret": "@dataset().Secret"
                    }
                },
                "parameters": {
                    "Secret": {
                        "type": "string"
                    }
                },
                "folder": {
                    "name": "PriceDisruptions"
                },
                "annotations": [],
                "type": "AzureSqlTable",
                "schema": [
                    {
                        "name": "Ndc",
                        "type": "varchar"
                    },
                    {
                        "name": "HealthSystemId",
                        "type": "varchar"
                    },
                    {
                        "name": "Gpi10",
                        "type": "varchar"
                    },
                    {
                        "name": "GpiName",
                        "type": "varchar"
                    },
                    {
                        "name": "DrugStrength",
                        "type": "varchar"
                    },
                    {
                        "name": "AvgPrice",
                        "type": "money",
                        "precision": 19,
                        "scale": 4
                    },
                    {
                        "name": "Inc_Days",
                        "type": "int",
                        "precision": 10
                    },
                    {
                        "name": "MissingDollars",
                        "type": "money",
                        "precision": 19,
                        "scale": 4
                    },
                    {
                        "name": "MissingUnits",
                        "type": "int",
                        "precision": 10
                    },
                    {
                        "name": "GeneratedDate",
                        "type": "datetime",
                        "precision": 23,
                        "scale": 3
                    },
                    {
                        "name": "SyncDate",
                        "type": "datetime",
                        "precision": 23,
                        "scale": 3
                    }
                ],
                "typeProperties": {
                    "schema": "NationalPriceDisruptions",
                    "table": "IncidentsNdc"
                }
            },
            "dependsOn": []
        },
        {
            "name": "[concat(parameters('factoryName'), '/PremierWholesaleData_RemoteTarget')]",
            "type": "Microsoft.DataFactory/factories/datasets",
            "apiVersion": "2018-06-01",
            "properties": {
                "linkedServiceName": {
                    "referenceName": "CognitiveRx_Configurable",
                    "type": "LinkedServiceReference",
                    "parameters": {
                        "KeyVaultSecret": {
                            "value": "@dataset().Secret",
                            "type": "Expression"
                        }
                    }
                },
                "parameters": {
                    "Secret": {
                        "type": "string"
                    }
                },
                "folder": {
                    "name": "ClientExtract"
                },
                "annotations": [],
                "type": "AzureSqlTable",
                "schema": [
                    {
                        "name": "Id",
                        "type": "int",
                        "precision": 10
                    },
                    {
                        "name": "HealthSystemID",
                        "type": "varchar"
                    },
                    {
                        "name": "FacilityDirectParentID",
                        "type": "varchar"
                    },
                    {
                        "name": "FacilityID",
                        "type": "varchar"
                    },
                    {
                        "name": "FacilityCity",
                        "type": "varchar"
                    },
                    {
                        "name": "FacilityState",
                        "type": "char"
                    },
                    {
                        "name": "NDC",
                        "type": "varchar"
                    },
                    {
                        "name": "ItemId",
                        "type": "int",
                        "precision": 10
                    },
                    {
                        "name": "BrandName",
                        "type": "varchar"
                    },
                    {
                        "name": "GenericName",
                        "type": "varchar"
                    },
                    {
                        "name": "LabelName",
                        "type": "varchar"
                    },
                    {
                        "name": "WholesalerPurchaseType",
                        "type": "varchar"
                    },
                    {
                        "name": "WholesalerLoadPrice",
                        "type": "money",
                        "precision": 19,
                        "scale": 4
                    },
                    {
                        "name": "Supplier",
                        "type": "varchar"
                    },
                    {
                        "name": "InvoiceDate",
                        "type": "datetime",
                        "precision": 23,
                        "scale": 3
                    },
                    {
                        "name": "InvoiceNumber",
                        "type": "varchar"
                    },
                    {
                        "name": "InvoicePrice",
                        "type": "money",
                        "precision": 19,
                        "scale": 4
                    },
                    {
                        "name": "Wholesaler",
                        "type": "varchar"
                    },
                    {
                        "name": "DistributionCenterName",
                        "type": "varchar"
                    },
                    {
                        "name": "WholesalerAccountNumber",
                        "type": "varchar"
                    },
                    {
                        "name": "WholesalerAccountName",
                        "type": "varchar"
                    },
                    {
                        "name": "LineNumberfromInvoice",
                        "type": "varchar"
                    },
                    {
                        "name": "ContractLeadName",
                        "type": "varchar"
                    },
                    {
                        "name": "ServiceProviderClass",
                        "type": "varchar"
                    },
                    {
                        "name": "ShipMethod",
                        "type": "char"
                    },
                    {
                        "name": "ShippingDate",
                        "type": "datetime",
                        "precision": 23,
                        "scale": 3
                    },
                    {
                        "name": "WholesalerPkgQty",
                        "type": "int",
                        "precision": 10
                    },
                    {
                        "name": "WholesalerOrderLineNumber",
                        "type": "varchar"
                    },
                    {
                        "name": "WholesalerCatalogNumber",
                        "type": "varchar"
                    },
                    {
                        "name": "PremierAwardStatus",
                        "type": "varchar"
                    },
                    {
                        "name": "PremierContractNumber",
                        "type": "varchar"
                    },
                    {
                        "name": "TotalUnits",
                        "type": "int",
                        "precision": 10
                    },
                    {
                        "name": "TotalSpend",
                        "type": "money",
                        "precision": 19,
                        "scale": 4
                    },
                    {
                        "name": "QuantityOrdered",
                        "type": "int",
                        "precision": 10
                    },
                    {
                        "name": "AddedDate",
                        "type": "datetime",
                        "precision": 23,
                        "scale": 3
                    },
                    {
                        "name": "ProcessPipelineId",
                        "type": "varchar"
                    },
                    {
                        "name": "OriginalFileName",
                        "type": "varchar"
                    },
                    {
                        "name": "AdlPath",
                        "type": "varchar"
                    }
                ],
                "typeProperties": {
                    "schema": "Premier",
                    "table": "WholesalerInvoices"
                }
            },
            "dependsOn": []
        }
    ]
}