{
    "$schema": "http://schema.management.azure.com/schemas/2015-01-01/deploymentTemplate.json#",
    "contentVersion": "1.0.0.0",
    "parameters": {
        "factoryName": {
            "type": "string",
            "metadata": "Data Factory name",
            "defaultValue": "adf-Premier-DataReceive-prod"
        },
        "premierwholesaledatasource_accountKey": {
            "type": "secureString",
            "metadata": "Secure string for 'accountKey' of 'premierwholesaledatasource'"
        },
        "CentralDataFactoryComponentStorageAccount_connectionString": {
            "type": "secureString",
            "metadata": "Secure string for 'connectionString' of 'CentralDataFactoryComponentStorageAccount'"
        },
        "Adfloginselfaccount_accountKey": {
            "type": "secureString",
            "metadata": "Secure string for 'accountKey' of 'Adfloginselfaccount'"
        },
        "AzureBlobStorage1_connectionString": {
            "type": "secureString",
            "metadata": "Secure string for 'connectionString' of 'AzureBlobStorage1'"
        },
        "Premier_product_import_accountKey": {
            "type": "secureString",
            "metadata": "Secure string for 'accountKey' of 'Premier_product_import'"
        },
        "cogrx_external_prod_blob_connectionString": {
            "type": "secureString",
            "metadata": "Secure string for 'connectionString' of 'cogrx_external_prod_blob'"
        },
        "AzureSqlDatabase1_connectionString": {
            "type": "secureString",
            "metadata": "Secure string for 'connectionString' of 'AzureSqlDatabase1'"
        },
        "AzureDataLakeStorage1_accountKey": {
            "type": "secureString",
            "metadata": "Secure string for 'accountKey' of 'AzureDataLakeStorage1'"
        },
        "LS_staging_area_connectionString": {
            "type": "secureString",
            "metadata": "Secure string for 'connectionString' of 'LS_staging_area'"
        },
        "ls_dev_storage_gen2_connectionString": {
            "type": "secureString",
            "metadata": "Secure string for 'connectionString' of 'ls_dev_storage_gen2'"
        },
        "Test_connectionString": {
            "type": "secureString",
            "metadata": "Secure string for 'connectionString' of 'Test'"
        },
        "Test_servicePrincipalKey": {
            "type": "secureString",
            "metadata": "Secure string for 'servicePrincipalKey' of 'Test'"
        },
        "AzureSqlDatabase2_connectionString": {
            "type": "secureString",
            "metadata": "Secure string for 'connectionString' of 'AzureSqlDatabase2'"
        },
        "LS_dev_demo_db_connectionString": {
            "type": "secureString",
            "metadata": "Secure string for 'connectionString' of 'LS_dev_demo_db'"
        },
        "CognitiveRx_keyvault_properties_typeProperties_baseUrl": {
            "type": "string",
            "defaultValue": "https://kv-cognitiverx-prod.vault.azure.net/"
        },
        "premierwholesaledatasource_properties_typeProperties_url": {
            "type": "string",
            "defaultValue": "https://stcogrxexternalprod.dfs.core.windows.net"
        },
        "Adfloginselfaccount_properties_typeProperties_url": {
            "type": "string",
            "defaultValue": "https://cognitiverxstoragedevpre.dfs.core.windows.net/"
        },
        "Premier_product_import_properties_typeProperties_url": {
            "type": "string",
            "defaultValue": "https://cogrxpremierdatastore.dfs.core.windows.net"
        },
        "AzureDataLakeStorage1_properties_typeProperties_url": {
            "type": "string",
            "defaultValue": "https://cogrxtestingjun.dfs.core.windows.net"
        },
        "Test_properties_typeProperties_servicePrincipalId": {
            "type": "string",
            "defaultValue": "9816452e-bb13-4210-9348-e11a321be7f0"
        },
        "Test_properties_typeProperties_tenant": {
            "type": "string",
            "defaultValue": "08a55b34-bb83-493c-912d-6cf771262b6a"
        }
    },
    "variables": {
        "factoryId": "[concat('Microsoft.DataFactory/factories/', parameters('factoryName'))]"
    },
    "resources": [
        {
            "name": "[concat(parameters('factoryName'), '/CollectPremierData')]",
            "type": "Microsoft.DataFactory/factories/triggers",
            "apiVersion": "2018-06-01",
            "properties": {
                "annotations": [],
                "runtimeState": "Stopped",
                "pipelines": [],
                "type": "ScheduleTrigger",
                "typeProperties": {
                    "recurrence": {
                        "frequency": "Day",
                        "interval": 1,
                        "startTime": "2020-01-31T15:00:00Z",
                        "timeZone": "UTC",
                        "schedule": {
                            "minutes": [
                                0
                            ],
                            "hours": [
                                23
                            ]
                        }
                    }
                }
            },
            "dependsOn": []
        },
        {
            "name": "[concat(parameters('factoryName'), '/CognitiveRx_keyvault')]",
            "type": "Microsoft.DataFactory/factories/linkedServices",
            "apiVersion": "2018-06-01",
            "properties": {
                "annotations": [],
                "type": "AzureKeyVault",
                "typeProperties": {
                    "baseUrl": "[parameters('CognitiveRx_keyvault_properties_typeProperties_baseUrl')]"
                }
            },
            "dependsOn": []
        },
        {
            "name": "[concat(parameters('factoryName'), '/premierwholesaledatasource')]",
            "type": "Microsoft.DataFactory/factories/linkedServices",
            "apiVersion": "2018-06-01",
            "properties": {
                "annotations": [],
                "type": "AzureBlobFS",
                "typeProperties": {
                    "url": "[parameters('premierwholesaledatasource_properties_typeProperties_url')]",
                    "accountKey": {
                        "type": "SecureString",
                        "value": "[parameters('premierwholesaledatasource_accountKey')]"
                    }
                }
            },
            "dependsOn": []
        },
        {
            "name": "[concat(parameters('factoryName'), '/CentralDataFactoryComponentStorageAccount')]",
            "type": "Microsoft.DataFactory/factories/linkedServices",
            "apiVersion": "2018-06-01",
            "properties": {
                "annotations": [],
                "type": "AzureBlobStorage",
                "typeProperties": {
                    "connectionString": "[parameters('CentralDataFactoryComponentStorageAccount_connectionString')]"
                }
            },
            "dependsOn": []
        },
        {
            "name": "[concat(parameters('factoryName'), '/Adfloginselfaccount')]",
            "type": "Microsoft.DataFactory/factories/linkedServices",
            "apiVersion": "2018-06-01",
            "properties": {
                "annotations": [],
                "type": "AzureBlobFS",
                "typeProperties": {
                    "url": "[parameters('Adfloginselfaccount_properties_typeProperties_url')]",
                    "accountKey": {
                        "type": "SecureString",
                        "value": "[parameters('Adfloginselfaccount_accountKey')]"
                    }
                }
            },
            "dependsOn": []
        },
        {
            "name": "[concat(parameters('factoryName'), '/AzureBlobStorage1')]",
            "type": "Microsoft.DataFactory/factories/linkedServices",
            "apiVersion": "2018-06-01",
            "properties": {
                "annotations": [],
                "type": "AzureBlobStorage",
                "typeProperties": {
                    "connectionString": "[parameters('AzureBlobStorage1_connectionString')]"
                }
            },
            "dependsOn": []
        },
        {
            "name": "[concat(parameters('factoryName'), '/Premier_product_import')]",
            "type": "Microsoft.DataFactory/factories/linkedServices",
            "apiVersion": "2018-06-01",
            "properties": {
                "annotations": [],
                "type": "AzureBlobFS",
                "typeProperties": {
                    "url": "[parameters('Premier_product_import_properties_typeProperties_url')]",
                    "accountKey": {
                        "type": "SecureString",
                        "value": "[parameters('Premier_product_import_accountKey')]"
                    }
                }
            },
            "dependsOn": []
        },
        {
            "name": "[concat(parameters('factoryName'), '/cogrx_external_prod_blob')]",
            "type": "Microsoft.DataFactory/factories/linkedServices",
            "apiVersion": "2018-06-01",
            "properties": {
                "annotations": [],
                "type": "AzureBlobStorage",
                "typeProperties": {
                    "connectionString": "[parameters('cogrx_external_prod_blob_connectionString')]"
                }
            },
            "dependsOn": []
        },
        {
            "name": "[concat(parameters('factoryName'), '/AzureSqlDatabase1')]",
            "type": "Microsoft.DataFactory/factories/linkedServices",
            "apiVersion": "2018-06-01",
            "properties": {
                "annotations": [],
                "type": "AzureSqlDatabase",
                "typeProperties": {
                    "connectionString": "[parameters('AzureSqlDatabase1_connectionString')]"
                }
            },
            "dependsOn": []
        },
        {
            "name": "[concat(parameters('factoryName'), '/AzureDataLakeStorage1')]",
            "type": "Microsoft.DataFactory/factories/linkedServices",
            "apiVersion": "2018-06-01",
            "properties": {
                "annotations": [],
                "type": "AzureBlobFS",
                "typeProperties": {
                    "url": "[parameters('AzureDataLakeStorage1_properties_typeProperties_url')]",
                    "accountKey": {
                        "type": "SecureString",
                        "value": "[parameters('AzureDataLakeStorage1_accountKey')]"
                    }
                }
            },
            "dependsOn": []
        },
        {
            "name": "[concat(parameters('factoryName'), '/LS_staging_area')]",
            "type": "Microsoft.DataFactory/factories/linkedServices",
            "apiVersion": "2018-06-01",
            "properties": {
                "annotations": [],
                "type": "AzureBlobStorage",
                "typeProperties": {
                    "connectionString": "[parameters('LS_staging_area_connectionString')]"
                }
            },
            "dependsOn": []
        },
        {
            "name": "[concat(parameters('factoryName'), '/ls_dev_storage_gen2')]",
            "type": "Microsoft.DataFactory/factories/linkedServices",
            "apiVersion": "2018-06-01",
            "properties": {
                "annotations": [],
                "type": "AzureBlobStorage",
                "typeProperties": {
                    "connectionString": "[parameters('ls_dev_storage_gen2_connectionString')]"
                }
            },
            "dependsOn": []
        },
        {
            "name": "[concat(parameters('factoryName'), '/Test')]",
            "type": "Microsoft.DataFactory/factories/linkedServices",
            "apiVersion": "2018-06-01",
            "properties": {
                "annotations": [],
                "type": "AzureSqlDatabase",
                "typeProperties": {
                    "connectionString": "[parameters('Test_connectionString')]",
                    "servicePrincipalId": "[parameters('Test_properties_typeProperties_servicePrincipalId')]",
                    "servicePrincipalKey": {
                        "type": "SecureString",
                        "value": "[parameters('Test_servicePrincipalKey')]"
                    },
                    "tenant": "[parameters('Test_properties_typeProperties_tenant')]"
                }
            },
            "dependsOn": []
        },
        {
            "name": "[concat(parameters('factoryName'), '/AzureSqlDatabase2')]",
            "type": "Microsoft.DataFactory/factories/linkedServices",
            "apiVersion": "2018-06-01",
            "properties": {
                "annotations": [],
                "type": "AzureSqlDatabase",
                "typeProperties": {
                    "connectionString": "[parameters('AzureSqlDatabase2_connectionString')]"
                }
            },
            "dependsOn": []
        },
        {
            "name": "[concat(parameters('factoryName'), '/LS_dev_demo_db')]",
            "type": "Microsoft.DataFactory/factories/linkedServices",
            "apiVersion": "2018-06-01",
            "properties": {
                "annotations": [],
                "type": "AzureSqlDatabase",
                "typeProperties": {
                    "connectionString": "[parameters('LS_dev_demo_db_connectionString')]"
                }
            },
            "dependsOn": []
        },
        {
            "name": "[concat(parameters('factoryName'), '/default')]",
            "type": "Microsoft.DataFactory/factories/managedVirtualNetworks",
            "apiVersion": "2018-06-01",
            "properties": {},
            "dependsOn": []
        },
        {
            "name": "[concat(parameters('factoryName'), '/integrationRuntime-TTL')]",
            "type": "Microsoft.DataFactory/factories/integrationRuntimes",
            "apiVersion": "2018-06-01",
            "properties": {
                "type": "Managed",
                "typeProperties": {
                    "computeProperties": {
                        "location": "AutoResolve",
                        "dataFlowProperties": {
                            "computeType": "General",
                            "coreCount": 8,
                            "timeToLive": 5,
                            "cleanup": true
                        }
                    }
                }
            },
            "dependsOn": []
        },
        {
            "name": "[concat(parameters('factoryName'), '/Customer Data Load Prod Demo_copy1')]",
            "type": "Microsoft.DataFactory/factories/pipelines",
            "apiVersion": "2018-06-01",
            "properties": {
                "activities": [
                    {
                        "name": "Build Facilities to import",
                        "type": "SetVariable",
                        "dependsOn": [],
                        "userProperties": [],
                        "typeProperties": {
                            "variableName": "CustomerNameSql",
                            "value": {
                                "value": "select *\nfrom [Raw].[PremierCustomerList]\nwhere ([Health System ID] = '@{pipeline().parameters.HealthSystemID}'\n    and [Facility Direct Parent ID] = '@{pipeline().parameters.FacilityDirectParentID}')\n    and [Facility ID] in ('NY5073', 'NY5029', 'NY2179')",
                                "type": "Expression"
                            }
                        }
                    },
                    {
                        "name": "Build invoice for selective facilities",
                        "type": "SetVariable",
                        "dependsOn": [
                            {
                                "activity": "Build Facilities to import",
                                "dependencyConditions": [
                                    "Succeeded"
                                ]
                            }
                        ],
                        "userProperties": [],
                        "typeProperties": {
                            "variableName": "InvoiceSql",
                            "value": {
                                "value": "select *\nfrom [Premier].[WholesalerInvoices]\nwhere ([HealthSystemID] = '@{pipeline().parameters.HealthSystemID}'\n   and [FacilityDirectParentID] = '@{pipeline().parameters.FacilityDirectParentID}')\n   and [FacilityID] in ('NY5073', 'NY5029', 'NY2179')",
                                "type": "Expression"
                            }
                        }
                    }
                ],
                "policy": {
                    "elapsedTimeMetric": {},
                    "cancelAfter": {}
                },
                "parameters": {
                    "HealthSystemID": {
                        "type": "string",
                        "defaultValue": "NY5011"
                    },
                    "TargetSecret": {
                        "type": "string",
                        "defaultValue": "DF-CognitiveRx-Demo-DB-Secret"
                    },
                    "DatasetInvoice": {
                        "type": "string",
                        "defaultValue": "PremierWholesaleInvoice"
                    },
                    "DatasetPO": {
                        "type": "string",
                        "defaultValue": "PremierWholesalePO"
                    },
                    "FacilityDirectParentID": {
                        "type": "string",
                        "defaultValue": "NY0024"
                    }
                },
                "variables": {
                    "CustomerNameSql": {
                        "type": "String"
                    },
                    "InvoiceSql": {
                        "type": "String"
                    }
                },
                "annotations": [],
                "lastPublishTime": "2021-09-20T14:48:43Z"
            },
            "dependsOn": []
        },
        {
            "name": "[concat(parameters('factoryName'), '/ScalingDown')]",
            "type": "Microsoft.DataFactory/factories/pipelines",
            "apiVersion": "2018-06-01",
            "properties": {
                "activities": [
                    {
                        "name": "Scaling Nationalwholesaler database",
                        "type": "WebActivity",
                        "dependsOn": [],
                        "policy": {
                            "timeout": "7.00:00:00",
                            "retry": 0,
                            "retryIntervalInSeconds": 30,
                            "secureOutput": false,
                            "secureInput": false
                        },
                        "userProperties": [],
                        "typeProperties": {
                            "url": "https://management.azure.com/subscriptions/d0521c58-92af-4b80-9809-8cd793aa9393/resourceGroups/CognitiveRx-PROD/providers/Microsoft.Sql/servers/sqlCogRxProdItemMaster/databases/sqldbCogRxProdNationalWholesaler?api-version=2017-10-01-preview",
                            "method": "PUT",
                            "headers": {
                                "Content-Type": "application/json"
                            },
                            "body": {
                                "sku": {
                                    "name": "GP_Gen5",
                                    "tier": "GeneralPurpose",
                                    "family": "Gen5",
                                    "capacity": 2
                                },
                                "location": "East US"
                            },
                            "authentication": {
                                "type": "MSI",
                                "resource": "https://management.azure.com/"
                            }
                        }
                    }
                ],
                "policy": {
                    "elapsedTimeMetric": {},
                    "cancelAfter": {}
                },
                "folder": {
                    "name": "Auto Scaling"
                },
                "annotations": [],
                "lastPublishTime": "2021-11-03T11:20:37Z"
            },
            "dependsOn": []
        },
        {
            "name": "[concat(parameters('factoryName'), '/ScalingUp')]",
            "type": "Microsoft.DataFactory/factories/pipelines",
            "apiVersion": "2018-06-01",
            "properties": {
                "activities": [
                    {
                        "name": "Scaling Nationalwholesaler database",
                        "type": "WebActivity",
                        "dependsOn": [],
                        "policy": {
                            "timeout": "7.00:00:00",
                            "retry": 0,
                            "retryIntervalInSeconds": 30,
                            "secureOutput": false,
                            "secureInput": false
                        },
                        "userProperties": [],
                        "typeProperties": {
                            "url": "https://management.azure.com/subscriptions/d0521c58-92af-4b80-9809-8cd793aa9393/resourceGroups/CognitiveRx-PROD/providers/Microsoft.Sql/servers/sqlCogRxProdItemMaster/databases/sqldbCogRxProdNationalWholesaler?api-version=2017-10-01-preview",
                            "method": "PUT",
                            "headers": {
                                "Content-Type": "application/json"
                            },
                            "body": {
                                "sku": {
                                    "name": "GP_Gen5",
                                    "tier": "GeneralPurpose",
                                    "family": "Gen5",
                                    "capacity": 40
                                },
                                "location": "East US"
                            },
                            "authentication": {
                                "type": "MSI",
                                "resource": "https://management.azure.com/"
                            }
                        }
                    }
                ],
                "policy": {
                    "elapsedTimeMetric": {},
                    "cancelAfter": {}
                },
                "folder": {
                    "name": "Auto Scaling"
                },
                "annotations": [],
                "lastPublishTime": "2021-11-03T11:19:16Z"
            },
            "dependsOn": []
        }
    ]
}