{
    "$schema": "http://schema.management.azure.com/schemas/2015-01-01/deploymentTemplate.json#",
    "contentVersion": "1.0.0.0",
    "parameters": {
        "factoryName": {
            "type": "string",
            "metadata": "Data Factory name",
            "defaultValue": "adf-Premier-DataReceive-prod"
        }
    },
    "variables": {
        "factoryId": "[concat('Microsoft.DataFactory/factories/', parameters('factoryName'))]"
    },
    "resources": [
        {
            "name": "[concat(parameters('factoryName'), '/PremierWholesaleData_ADL_copy1')]",
            "type": "Microsoft.DataFactory/factories/datasets",
            "apiVersion": "2018-06-01",
            "properties": {
                "linkedServiceName": {
                    "referenceName": "Pharmacy_ADL",
                    "type": "LinkedServiceReference"
                },
                "parameters": {
                    "FileName": {
                        "type": "string"
                    },
                    "Path": {
                        "type": "string"
                    }
                },
                "folder": {
                    "name": "Corporate Tenant/Others"
                },
                "annotations": [],
                "type": "DelimitedText",
                "typeProperties": {
                    "location": {
                        "type": "AzureDataLakeStoreLocation",
                        "folderPath": {
                            "value": "@dataset().Path",
                            "type": "Expression"
                        }
                    },
                    "columnDelimiter": "\t",
                    "escapeChar": "\\",
                    "firstRowAsHeader": true,
                    "quoteChar": "\""
                },
                "schema": [
                    {
                        "name": "Health System ID",
                        "type": "String"
                    },
                    {
                        "name": "Facility Direct Parent ID",
                        "type": "String"
                    },
                    {
                        "name": "Facility ID",
                        "type": "String"
                    },
                    {
                        "name": "Facility City",
                        "type": "String"
                    },
                    {
                        "name": "Facility State",
                        "type": "String"
                    },
                    {
                        "name": "NDC",
                        "type": "String"
                    },
                    {
                        "name": "Brand Name",
                        "type": "String"
                    },
                    {
                        "name": "Generic Name",
                        "type": "String"
                    },
                    {
                        "name": "Label Name",
                        "type": "String"
                    },
                    {
                        "name": "Wholesaler Purchase Type",
                        "type": "String"
                    },
                    {
                        "name": "Wholesaler Load Price",
                        "type": "String"
                    },
                    {
                        "name": "Supplier",
                        "type": "String"
                    },
                    {
                        "name": "Invoice Date",
                        "type": "String"
                    },
                    {
                        "name": "Invoice Number",
                        "type": "String"
                    },
                    {
                        "name": "Invoice Price",
                        "type": "String"
                    },
                    {
                        "name": "Wholesaler",
                        "type": "String"
                    },
                    {
                        "name": "Distribution Center Name",
                        "type": "String"
                    },
                    {
                        "name": "Wholesaler Account Number",
                        "type": "String"
                    },
                    {
                        "name": "Wholesaler Account Name",
                        "type": "String"
                    },
                    {
                        "name": "Line Number from Invoice",
                        "type": "String"
                    },
                    {
                        "name": "Contract Lead Name",
                        "type": "String"
                    },
                    {
                        "name": "Service Provider Class",
                        "type": "String"
                    },
                    {
                        "name": "Ship Method",
                        "type": "String"
                    },
                    {
                        "name": "Shipping Date",
                        "type": "String"
                    },
                    {
                        "name": "Wholesaler Pkg Qty",
                        "type": "String"
                    },
                    {
                        "name": "Wholesaler Order Line Number",
                        "type": "String"
                    },
                    {
                        "name": "Wholesaler Catalog Number",
                        "type": "String"
                    },
                    {
                        "name": "Premier Award Status",
                        "type": "String"
                    },
                    {
                        "name": "Premier Contract Number",
                        "type": "String"
                    },
                    {
                        "name": "Total Units",
                        "type": "String"
                    },
                    {
                        "name": "Total Spend",
                        "type": "String"
                    },
                    {
                        "name": "Quantity Ordered",
                        "type": "String"
                    },
                    {
                        "name": "dummy",
                        "type": "String"
                    }
                ]
            },
            "dependsOn": []
        },
        {
            "name": "[concat(parameters('factoryName'), '/member_database_sink_copy1')]",
            "type": "Microsoft.DataFactory/factories/datasets",
            "apiVersion": "2018-06-01",
            "properties": {
                "linkedServiceName": {
                    "referenceName": "LS_MemberTenant_AzureSQL",
                    "type": "LinkedServiceReference",
                    "parameters": {
                        "lsdburl": "sqlcogrxdevdevoapd.database.windows.net",
                        "lsdbname": "sqldbCogRxDevApp",
                        "lsdbtenant": "08a55b34-bb83-493c-912d-6cf771262b6a",
                        "lsdbserviceprincipal": "9816452e-bb13-4210-9348-e11a321be7f0",
                        "lsdbsecret": "Secret-CogRX-DB-CombinedApp-Member-Dev"
                    }
                },
                "folder": {
                    "name": "Corporate Tenant/Others"
                },
                "annotations": [],
                "type": "AzureSqlTable",
                "schema": [
                    {
                        "name": "CustomerId",
                        "type": "int",
                        "precision": 10
                    },
                    {
                        "name": "CustomerUId",
                        "type": "uniqueidentifier"
                    },
                    {
                        "name": "ClientId",
                        "type": "int",
                        "precision": 10
                    },
                    {
                        "name": "DataSourceId",
                        "type": "int",
                        "precision": 10
                    },
                    {
                        "name": "AccountNumber",
                        "type": "varchar"
                    },
                    {
                        "name": "CustomerOrganizationId",
                        "type": "int",
                        "precision": 10
                    },
                    {
                        "name": "OrganizationNumber",
                        "type": "varchar"
                    },
                    {
                        "name": "OrganizationName",
                        "type": "varchar"
                    },
                    {
                        "name": "CustomerName",
                        "type": "varchar"
                    },
                    {
                        "name": "PriceList",
                        "type": "varchar"
                    },
                    {
                        "name": "AddrLine1",
                        "type": "varchar"
                    },
                    {
                        "name": "AddrLine2",
                        "type": "varchar"
                    },
                    {
                        "name": "City",
                        "type": "varchar"
                    },
                    {
                        "name": "State",
                        "type": "varchar"
                    },
                    {
                        "name": "Zip",
                        "type": "varchar"
                    },
                    {
                        "name": "ParentCustomerId",
                        "type": "int",
                        "precision": 10
                    },
                    {
                        "name": "CotId",
                        "type": "int",
                        "precision": 10
                    },
                    {
                        "name": "CustomImportCode",
                        "type": "varchar"
                    },
                    {
                        "name": "GlDept",
                        "type": "int",
                        "precision": 10
                    },
                    {
                        "name": "Status",
                        "type": "char"
                    },
                    {
                        "name": "DateImported",
                        "type": "datetime",
                        "precision": 23,
                        "scale": 3
                    },
                    {
                        "name": "DateChanged",
                        "type": "datetime",
                        "precision": 23,
                        "scale": 3
                    },
                    {
                        "name": "CustomerPatientCareAreaId",
                        "type": "int",
                        "precision": 10
                    },
                    {
                        "name": "CustomerBusinessTypeId",
                        "type": "int",
                        "precision": 10
                    },
                    {
                        "name": "CustomerPurchaseTypeId",
                        "type": "int",
                        "precision": 10
                    },
                    {
                        "name": "CustomerSpecialtyTypeId",
                        "type": "int",
                        "precision": 10
                    },
                    {
                        "name": "CustomerRegionId",
                        "type": "int",
                        "precision": 10
                    },
                    {
                        "name": "DeaLicenseNum",
                        "type": "varchar"
                    },
                    {
                        "name": "DeaLicenseExpiration",
                        "type": "datetime",
                        "precision": 23,
                        "scale": 3
                    },
                    {
                        "name": "StateLicenseNum",
                        "type": "varchar"
                    },
                    {
                        "name": "StateLicenseExpiration",
                        "type": "datetime",
                        "precision": 23,
                        "scale": 3
                    },
                    {
                        "name": "HinNum",
                        "type": "varchar"
                    },
                    {
                        "name": "GlnNum",
                        "type": "varchar"
                    },
                    {
                        "name": "340bId",
                        "type": "varchar"
                    },
                    {
                        "name": "340bType",
                        "type": "varchar"
                    },
                    {
                        "name": "HierarchyNum",
                        "type": "varchar"
                    },
                    {
                        "name": "HierarchyName",
                        "type": "varchar"
                    },
                    {
                        "name": "CustomerHrsaNumber",
                        "type": "varchar"
                    },
                    {
                        "name": "BusinessType",
                        "type": "varchar"
                    },
                    {
                        "name": "PatientCareArea",
                        "type": "varchar"
                    },
                    {
                        "name": "ClassOfTrade",
                        "type": "varchar"
                    },
                    {
                        "name": "BockingData",
                        "type": "varchar"
                    },
                    {
                        "name": "Notes",
                        "type": "varchar"
                    },
                    {
                        "name": "SysStartTime",
                        "type": "datetime2",
                        "scale": 0
                    },
                    {
                        "name": "SysEndTime",
                        "type": "datetime2",
                        "scale": 0
                    },
                    {
                        "name": "DEA",
                        "type": "varchar"
                    },
                    {
                        "name": "Premier_Relation",
                        "type": "varchar"
                    },
                    {
                        "name": "SPC",
                        "type": "varchar"
                    },
                    {
                        "name": "DivisionName",
                        "type": "varchar"
                    },
                    {
                        "name": "DivisionId",
                        "type": "varchar"
                    }
                ],
                "typeProperties": {
                    "schema": "dbo",
                    "table": "Customer"
                }
            },
            "dependsOn": []
        },
        {
            "name": "[concat(parameters('factoryName'), '/PremierWholesaleDataADLA_copy1')]",
            "type": "Microsoft.DataFactory/factories/datasets",
            "apiVersion": "2018-06-01",
            "properties": {
                "linkedServiceName": {
                    "referenceName": "Pharmacy_ADL",
                    "type": "LinkedServiceReference"
                },
                "folder": {
                    "name": "Corporate Tenant/Others"
                },
                "annotations": [],
                "type": "DelimitedText",
                "typeProperties": {
                    "location": {
                        "type": "AzureDataLakeStoreLocation",
                        "fileName": "PREMIER-.*",
                        "folderPath": "stg/Premier/WholeSaleData"
                    },
                    "columnDelimiter": "\t",
                    "escapeChar": "\\",
                    "firstRowAsHeader": true,
                    "quoteChar": "\""
                },
                "schema": [
                    {
                        "name": "Health System ID\tFacility Direct Parent ID\tFacility ID\tFacility City\tFacility State\tNDC\tBrand Name\tGeneric Name\tLabel Name\tWholesaler Purchase Type\tWholesaler Load Price\tSupplier\tInvoice Date\tInvoice Number\tInvoice Price\tWholesaler\tDistribution Center Name\tWholesaler Account Number\tWholesaler Account Name\tLine Number from Invoice\tContract Lead Name\tService Provider Class\tShip Method\tShipping Date\tWholesaler Pkg Qty\tWholesaler Order Line Number\tWholesaler Catalog Number\tPremier Award Status\tPremier Contract Number\tTotal Units\tTotal Spend\tQuantity Ordered",
                        "type": "String"
                    }
                ]
            },
            "dependsOn": []
        },
        {
            "name": "[concat(parameters('factoryName'), '/PremierWholesaleDataRaw_ADL_copy1')]",
            "type": "Microsoft.DataFactory/factories/datasets",
            "apiVersion": "2018-06-01",
            "properties": {
                "linkedServiceName": {
                    "referenceName": "Pharmacy_ADL",
                    "type": "LinkedServiceReference"
                },
                "parameters": {
                    "Path": {
                        "type": "string"
                    }
                },
                "folder": {
                    "name": "Corporate Tenant/Others"
                },
                "annotations": [],
                "type": "Binary",
                "typeProperties": {
                    "location": {
                        "type": "AzureDataLakeStoreLocation",
                        "folderPath": {
                            "value": "@dataset().Path",
                            "type": "Expression"
                        }
                    }
                }
            },
            "dependsOn": []
        },
        {
            "name": "[concat(parameters('factoryName'), '/Item_Master_Productimport_Ds_copy1')]",
            "type": "Microsoft.DataFactory/factories/datasets",
            "apiVersion": "2018-06-01",
            "properties": {
                "linkedServiceName": {
                    "referenceName": "Item_master_link_prod",
                    "type": "LinkedServiceReference"
                },
                "folder": {
                    "name": "Corporate Tenant/Others"
                },
                "annotations": [],
                "type": "AzureSqlTable",
                "schema": [
                    {
                        "name": "product_key",
                        "type": "int",
                        "precision": 10
                    },
                    {
                        "name": "ndc",
                        "type": "varchar"
                    },
                    {
                        "name": "label_name",
                        "type": "varchar"
                    },
                    {
                        "name": "actual_manufacturer",
                        "type": "varchar"
                    },
                    {
                        "name": "ahfs_id",
                        "type": "varchar"
                    },
                    {
                        "name": "ahfs_desc",
                        "type": "varchar"
                    },
                    {
                        "name": "current_award_status",
                        "type": "varchar"
                    },
                    {
                        "name": "brand_name",
                        "type": "varchar"
                    },
                    {
                        "name": "case_size",
                        "type": "int",
                        "precision": 10
                    },
                    {
                        "name": "curr_whn_package_price",
                        "type": "decimal",
                        "precision": 10,
                        "scale": 4
                    },
                    {
                        "name": "depot_status",
                        "type": "int",
                        "precision": 10
                    },
                    {
                        "name": "drug_id_25",
                        "type": "varchar"
                    },
                    {
                        "name": "drug_id_22",
                        "type": "varchar"
                    },
                    {
                        "name": "drug_id_19",
                        "type": "varchar"
                    },
                    {
                        "name": "drug_id_18",
                        "type": "varchar"
                    },
                    {
                        "name": "dosage_form_id",
                        "type": "varchar"
                    },
                    {
                        "name": "dosage_form_desc",
                        "type": "varchar"
                    },
                    {
                        "name": "drug_form_code",
                        "type": "varchar"
                    },
                    {
                        "name": "drug_strength_id",
                        "type": "varchar"
                    },
                    {
                        "name": "drug_strength_desc",
                        "type": "varchar"
                    },
                    {
                        "name": "generic_name_id",
                        "type": "varchar"
                    },
                    {
                        "name": "generic_name",
                        "type": "varchar"
                    },
                    {
                        "name": "labeler_id",
                        "type": "varchar"
                    },
                    {
                        "name": "labeler_desc",
                        "type": "varchar"
                    },
                    {
                        "name": "orange_book_code",
                        "type": "varchar"
                    },
                    {
                        "name": "package_desc",
                        "type": "varchar"
                    },
                    {
                        "name": "package_quantity_id",
                        "type": "varchar"
                    },
                    {
                        "name": "package_quantity_desc",
                        "type": "varchar"
                    },
                    {
                        "name": "package_size_id",
                        "type": "varchar"
                    },
                    {
                        "name": "package_size_desc",
                        "type": "varchar"
                    },
                    {
                        "name": "route_id",
                        "type": "varchar"
                    },
                    {
                        "name": "route_desc",
                        "type": "varchar"
                    },
                    {
                        "name": "source_flag",
                        "type": "varchar"
                    },
                    {
                        "name": "therapeutic_class_id",
                        "type": "varchar"
                    },
                    {
                        "name": "therapeutic_class_desc",
                        "type": "varchar"
                    },
                    {
                        "name": "unit_dose_id",
                        "type": "varchar"
                    },
                    {
                        "name": "unit_dose_desc",
                        "type": "varchar"
                    },
                    {
                        "name": "unit_of_use",
                        "type": "varchar"
                    },
                    {
                        "name": "upc_id",
                        "type": "varchar"
                    },
                    {
                        "name": "vendor_id",
                        "type": "varchar"
                    },
                    {
                        "name": "vendor_key",
                        "type": "int",
                        "precision": 10
                    },
                    {
                        "name": "awp_price_current",
                        "type": "decimal",
                        "precision": 15,
                        "scale": 3
                    },
                    {
                        "name": "additional_descriptor",
                        "type": "varchar"
                    },
                    {
                        "name": "obsolete",
                        "type": "varchar"
                    },
                    {
                        "name": "obsolete_date",
                        "type": "date"
                    },
                    {
                        "name": "man_dist",
                        "type": "varchar"
                    },
                    {
                        "name": "hic3",
                        "type": "varchar"
                    },
                    {
                        "name": "barcoding",
                        "type": "int",
                        "precision": 10
                    },
                    {
                        "name": "updt_date",
                        "type": "date"
                    },
                    {
                        "name": "delete_date",
                        "type": "date"
                    },
                    {
                        "name": "latex_free",
                        "type": "varchar"
                    },
                    {
                        "name": "bar_coded_unit_of_use_level",
                        "type": "varchar"
                    },
                    {
                        "name": "mecury_free",
                        "type": "varchar"
                    },
                    {
                        "name": "preservative_free",
                        "type": "varchar"
                    },
                    {
                        "name": "alcohol_free",
                        "type": "varchar"
                    },
                    {
                        "name": "sugar_free",
                        "type": "varchar"
                    },
                    {
                        "name": "color_desc",
                        "type": "varchar"
                    },
                    {
                        "name": "flavor_desc",
                        "type": "varchar"
                    },
                    {
                        "name": "needle_gauge",
                        "type": "decimal",
                        "precision": 10,
                        "scale": 3
                    },
                    {
                        "name": "needle_length",
                        "type": "decimal",
                        "precision": 10,
                        "scale": 3
                    },
                    {
                        "name": "old_ndc",
                        "type": "varchar"
                    },
                    {
                        "name": "shape",
                        "type": "varchar"
                    },
                    {
                        "name": "syringe_capacity",
                        "type": "decimal",
                        "precision": 10,
                        "scale": 3
                    },
                    {
                        "name": "autosub_ndc",
                        "type": "varchar"
                    },
                    {
                        "name": "autosub_ndc_effective_date",
                        "type": "date"
                    },
                    {
                        "name": "replaced_by_ndc",
                        "type": "varchar"
                    },
                    {
                        "name": "gcn_seqno",
                        "type": "decimal",
                        "precision": 38,
                        "scale": 0
                    },
                    {
                        "name": "drug_class",
                        "type": "varchar"
                    },
                    {
                        "name": "drug_date_of_add",
                        "type": "date"
                    },
                    {
                        "name": "dea_code",
                        "type": "varchar"
                    },
                    {
                        "name": "drug_rte_of_admin_code",
                        "type": "varchar"
                    },
                    {
                        "name": "gi_source",
                        "type": "varchar"
                    },
                    {
                        "name": "drug_generic_indicator",
                        "type": "varchar"
                    },
                    {
                        "name": "med_wac_eff_date",
                        "type": "date"
                    },
                    {
                        "name": "prorx_ndc_substitution",
                        "type": "varchar"
                    },
                    {
                        "name": "mfr_ndc_substitution",
                        "type": "varchar"
                    },
                    {
                        "name": "prorx_start_date",
                        "type": "date"
                    }
                ],
                "typeProperties": {
                    "schema": "dbo",
                    "table": "ProductImport"
                }
            },
            "dependsOn": []
        },
        {
            "name": "[concat(parameters('factoryName'), '/Corporate_database_source_copy1')]",
            "type": "Microsoft.DataFactory/factories/datasets",
            "apiVersion": "2018-06-01",
            "properties": {
                "linkedServiceName": {
                    "referenceName": "CognitiveRx_Configurable",
                    "type": "LinkedServiceReference",
                    "parameters": {
                        "KeyVaultSecret": "Secret-CogRX-DB-CommonSpirit"
                    }
                },
                "folder": {
                    "name": "Corporate Tenant/Others"
                },
                "annotations": [],
                "type": "AzureSqlTable",
                "schema": [
                    {
                        "name": "CustomerId",
                        "type": "int",
                        "precision": 10
                    },
                    {
                        "name": "CustomerUId",
                        "type": "uniqueidentifier"
                    },
                    {
                        "name": "ClientId",
                        "type": "int",
                        "precision": 10
                    },
                    {
                        "name": "DataSourceId",
                        "type": "int",
                        "precision": 10
                    },
                    {
                        "name": "AccountNumber",
                        "type": "varchar"
                    },
                    {
                        "name": "CustomerOrganizationId",
                        "type": "int",
                        "precision": 10
                    },
                    {
                        "name": "OrganizationNumber",
                        "type": "varchar"
                    },
                    {
                        "name": "OrganizationName",
                        "type": "varchar"
                    },
                    {
                        "name": "CustomerName",
                        "type": "varchar"
                    },
                    {
                        "name": "PriceList",
                        "type": "varchar"
                    },
                    {
                        "name": "AddrLine1",
                        "type": "varchar"
                    },
                    {
                        "name": "AddrLine2",
                        "type": "varchar"
                    },
                    {
                        "name": "City",
                        "type": "varchar"
                    },
                    {
                        "name": "State",
                        "type": "varchar"
                    },
                    {
                        "name": "Zip",
                        "type": "varchar"
                    },
                    {
                        "name": "ParentCustomerId",
                        "type": "int",
                        "precision": 10
                    },
                    {
                        "name": "CotId",
                        "type": "int",
                        "precision": 10
                    },
                    {
                        "name": "CustomImportCode",
                        "type": "varchar"
                    },
                    {
                        "name": "GlDept",
                        "type": "int",
                        "precision": 10
                    },
                    {
                        "name": "Status",
                        "type": "char"
                    },
                    {
                        "name": "DateImported",
                        "type": "datetime",
                        "precision": 23,
                        "scale": 3
                    },
                    {
                        "name": "DateChanged",
                        "type": "datetime",
                        "precision": 23,
                        "scale": 3
                    },
                    {
                        "name": "CustomerPatientCareAreaId",
                        "type": "int",
                        "precision": 10
                    },
                    {
                        "name": "CustomerBusinessTypeId",
                        "type": "int",
                        "precision": 10
                    },
                    {
                        "name": "CustomerPurchaseTypeId",
                        "type": "int",
                        "precision": 10
                    },
                    {
                        "name": "CustomerSpecialtyTypeId",
                        "type": "int",
                        "precision": 10
                    },
                    {
                        "name": "CustomerRegionId",
                        "type": "int",
                        "precision": 10
                    },
                    {
                        "name": "DeaLicenseNum",
                        "type": "varchar"
                    },
                    {
                        "name": "DeaLicenseExpiration",
                        "type": "datetime",
                        "precision": 23,
                        "scale": 3
                    },
                    {
                        "name": "StateLicenseNum",
                        "type": "varchar"
                    },
                    {
                        "name": "StateLicenseExpiration",
                        "type": "datetime",
                        "precision": 23,
                        "scale": 3
                    },
                    {
                        "name": "HinNum",
                        "type": "varchar"
                    },
                    {
                        "name": "GlnNum",
                        "type": "varchar"
                    },
                    {
                        "name": "340bId",
                        "type": "varchar"
                    },
                    {
                        "name": "340bType",
                        "type": "varchar"
                    },
                    {
                        "name": "HierarchyNum",
                        "type": "varchar"
                    },
                    {
                        "name": "HierarchyName",
                        "type": "varchar"
                    },
                    {
                        "name": "CustomerHrsaNumber",
                        "type": "varchar"
                    },
                    {
                        "name": "BusinessType",
                        "type": "varchar"
                    },
                    {
                        "name": "PatientCareArea",
                        "type": "varchar"
                    },
                    {
                        "name": "ClassOfTrade",
                        "type": "varchar"
                    },
                    {
                        "name": "BockingData",
                        "type": "varchar"
                    },
                    {
                        "name": "Notes",
                        "type": "varchar"
                    },
                    {
                        "name": "SysStartTime",
                        "type": "datetime2",
                        "scale": 0
                    },
                    {
                        "name": "SysEndTime",
                        "type": "datetime2",
                        "scale": 0
                    },
                    {
                        "name": "DEA",
                        "type": "varchar"
                    },
                    {
                        "name": "Premier_Relation",
                        "type": "varchar"
                    },
                    {
                        "name": "SPC",
                        "type": "varchar"
                    },
                    {
                        "name": "DivisionName",
                        "type": "varchar"
                    },
                    {
                        "name": "DivisionId",
                        "type": "varchar"
                    }
                ],
                "typeProperties": {
                    "schema": "dbo",
                    "table": "Customer"
                }
            },
            "dependsOn": []
        },
        {
            "name": "[concat(parameters('factoryName'), '/Hierarchy_national_copy1')]",
            "type": "Microsoft.DataFactory/factories/datasets",
            "apiVersion": "2018-06-01",
            "properties": {
                "linkedServiceName": {
                    "referenceName": "NationalWholesale",
                    "type": "LinkedServiceReference"
                },
                "folder": {
                    "name": "Corporate Tenant/Others"
                },
                "annotations": [],
                "type": "AzureSqlTable",
                "schema": [],
                "typeProperties": {}
            },
            "dependsOn": []
        },
        {
            "name": "[concat(parameters('factoryName'), '/gen1_extract_parquet_copy1')]",
            "type": "Microsoft.DataFactory/factories/datasets",
            "apiVersion": "2018-06-01",
            "properties": {
                "linkedServiceName": {
                    "referenceName": "Pharmacy_ADL",
                    "type": "LinkedServiceReference"
                },
                "folder": {
                    "name": "Corporate Tenant/Others"
                },
                "annotations": [],
                "type": "Parquet",
                "typeProperties": {
                    "location": {
                        "type": "AzureDataLakeStoreLocation",
                        "folderPath": "prod/Premier/WholeSaleData/poc"
                    },
                    "compressionCodec": "snappy"
                },
                "schema": []
            },
            "dependsOn": []
        },
        {
            "name": "[concat(parameters('factoryName'), '/AzureSqlTable2_copy1')]",
            "type": "Microsoft.DataFactory/factories/datasets",
            "apiVersion": "2018-06-01",
            "properties": {
                "linkedServiceName": {
                    "referenceName": "NationalWholesale",
                    "type": "LinkedServiceReference"
                },
                "folder": {
                    "name": "Corporate Tenant/Others"
                },
                "annotations": [],
                "type": "AzureSqlTable",
                "schema": [],
                "typeProperties": {
                    "schema": "premier",
                    "table": "wholesalerinvoicesdataflow1"
                }
            },
            "dependsOn": []
        },
        {
            "name": "[concat(parameters('factoryName'), '/Gximport_itemmaster_data_copy1')]",
            "type": "Microsoft.DataFactory/factories/datasets",
            "apiVersion": "2018-06-01",
            "properties": {
                "linkedServiceName": {
                    "referenceName": "Item_master_link_prod",
                    "type": "LinkedServiceReference"
                },
                "folder": {
                    "name": "Corporate Tenant/Others"
                },
                "annotations": [],
                "type": "AzureSqlTable",
                "schema": [
                    {
                        "name": "SkuCount",
                        "type": "smallint",
                        "precision": 5
                    },
                    {
                        "name": "LaunchStatus",
                        "type": "nvarchar"
                    },
                    {
                        "name": "Manufaturer",
                        "type": "nvarchar"
                    },
                    {
                        "name": "GenericName",
                        "type": "nvarchar"
                    },
                    {
                        "name": "DosageForm",
                        "type": "nvarchar"
                    },
                    {
                        "name": "Strength",
                        "type": "nvarchar"
                    },
                    {
                        "name": "PackageSizeInMl",
                        "type": "int",
                        "precision": 10
                    },
                    {
                        "name": "PackageQuantity",
                        "type": "int",
                        "precision": 10
                    },
                    {
                        "name": "NDC",
                        "type": "nvarchar"
                    },
                    {
                        "name": "SellingUnitPrice ",
                        "type": "float",
                        "precision": 15
                    },
                    {
                        "name": "Rebate",
                        "type": "nvarchar"
                    },
                    {
                        "name": "ProjectedAvailabilityDateAtWholesaler",
                        "type": "nvarchar"
                    },
                    {
                        "name": "FirmAvailabilityDateAtWholesaler",
                        "type": "nvarchar"
                    },
                    {
                        "name": "FFFItemCode",
                        "type": "nvarchar"
                    },
                    {
                        "name": "FFF Or Alternate (Prime) Wholesaler",
                        "type": "nvarchar"
                    },
                    {
                        "name": "Drug Shortage ASHP/FDA",
                        "type": "bit"
                    },
                    {
                        "name": "Comments",
                        "type": "nvarchar"
                    },
                    {
                        "name": "Product Launch Date",
                        "type": "date"
                    },
                    {
                        "name": "Contract End Date",
                        "type": "date"
                    },
                    {
                        "name": "Base Contract Price",
                        "type": "decimal",
                        "precision": 10,
                        "scale": 0
                    },
                    {
                        "name": "Each Price",
                        "type": "decimal",
                        "precision": 10,
                        "scale": 0
                    },
                    {
                        "name": "PGx Each Price",
                        "type": "float",
                        "precision": 15
                    },
                    {
                        "name": "Difference PGx to Base",
                        "type": "nvarchar"
                    },
                    {
                        "name": "Admin Fee Incremental",
                        "type": "float",
                        "precision": 15
                    },
                    {
                        "name": "Total Admin Fee",
                        "type": "float",
                        "precision": 15
                    },
                    {
                        "name": "Pays On",
                        "type": "nvarchar"
                    },
                    {
                        "name": "WAC Price",
                        "type": "nvarchar"
                    },
                    {
                        "name": "DSH ",
                        "type": "nvarchar"
                    },
                    {
                        "name": "IHP",
                        "type": "float",
                        "precision": 15
                    },
                    {
                        "name": "Contract Number",
                        "type": "nvarchar"
                    },
                    {
                        "name": "Controlled Substance",
                        "type": "nvarchar"
                    },
                    {
                        "name": "API Source",
                        "type": "nvarchar"
                    },
                    {
                        "name": "Finished Good Production",
                        "type": "nvarchar"
                    },
                    {
                        "name": "Annual Sales Value Premier (Contract Supplier)",
                        "type": "int",
                        "precision": 10
                    },
                    {
                        "name": "Annual Sales Value Premier (Molecule)",
                        "type": "int",
                        "precision": 10
                    },
                    {
                        "name": "Annual Sales Value PGx ONLY",
                        "type": "nvarchar"
                    },
                    {
                        "name": "Type of Drug and/or Indication",
                        "type": "nvarchar"
                    },
                    {
                        "name": "CivicaDrug",
                        "type": "nvarchar"
                    },
                    {
                        "name": "ImportDate",
                        "type": "date"
                    }
                ],
                "typeProperties": {
                    "schema": "dbo",
                    "table": "GxImport"
                }
            },
            "dependsOn": []
        },
        {
            "name": "[concat(parameters('factoryName'), '/ds_ipd_patent_sink_table_copy1')]",
            "type": "Microsoft.DataFactory/factories/datasets",
            "apiVersion": "2018-06-01",
            "properties": {
                "linkedServiceName": {
                    "referenceName": "Item_master_link_prod",
                    "type": "LinkedServiceReference"
                },
                "folder": {
                    "name": "Corporate Tenant/Others"
                },
                "annotations": [],
                "type": "AzureSqlTable",
                "schema": [
                    {
                        "name": "Brand Drug Name",
                        "type": "nvarchar"
                    },
                    {
                        "name": "Generic Name",
                        "type": "nvarchar"
                    },
                    {
                        "name": "Brand Company",
                        "type": "nvarchar"
                    },
                    {
                        "name": "Therapeutic Area",
                        "type": "nvarchar"
                    },
                    {
                        "name": "US Brand Sales ($bln)",
                        "type": "nvarchar"
                    },
                    {
                        "name": "Orange Book Patents",
                        "type": "nvarchar"
                    },
                    {
                        "name": "Pediatric Exclusivity",
                        "type": "nvarchar"
                    },
                    {
                        "name": "Patent Comments",
                        "type": "nvarchar"
                    },
                    {
                        "name": "Related Litigation Comments",
                        "type": "nvarchar"
                    },
                    {
                        "name": "Paragraph IV Certification",
                        "type": "nvarchar"
                    },
                    {
                        "name": "First ANDA Filer(s)",
                        "type": "nvarchar"
                    },
                    {
                        "name": "Other ANDA Filer(s)",
                        "type": "nvarchar"
                    },
                    {
                        "name": "DMF Filers",
                        "type": "nvarchar"
                    },
                    {
                        "name": "Litigation Status",
                        "type": "nvarchar"
                    },
                    {
                        "name": "30-Month Stay Expirations",
                        "type": "nvarchar"
                    },
                    {
                        "name": "Earliest Possible Generic Entrants(s)",
                        "type": "nvarchar"
                    },
                    {
                        "name": "Triggering Event",
                        "type": "nvarchar"
                    },
                    {
                        "name": "Earliest Possible Launch",
                        "type": "nvarchar"
                    },
                    {
                        "name": "Earliest Launch Probability",
                        "type": "nvarchar"
                    },
                    {
                        "name": "Expected Outlook for Generic Entry",
                        "type": "nvarchar"
                    },
                    {
                        "name": "Comments on Generic Entry",
                        "type": "nvarchar"
                    },
                    {
                        "name": "Estimated LOE",
                        "type": "nvarchar"
                    }
                ],
                "typeProperties": {
                    "schema": "dbo",
                    "table": "IPD_Patent"
                }
            },
            "dependsOn": []
        },
        {
            "name": "[concat(parameters('factoryName'), '/GenericLookupMasterData_copy1')]",
            "type": "Microsoft.DataFactory/factories/datasets",
            "apiVersion": "2018-06-01",
            "properties": {
                "linkedServiceName": {
                    "referenceName": "MasterDataSyncControl",
                    "type": "LinkedServiceReference"
                },
                "folder": {
                    "name": "Corporate Tenant/Others"
                },
                "annotations": [],
                "type": "AzureSqlTable",
                "schema": [],
                "typeProperties": {
                    "schema": "SyncControl",
                    "table": "SecretsByDataFactory_vw"
                }
            },
            "dependsOn": []
        },
        {
            "name": "[concat(parameters('factoryName'), '/ds_troubleshooting_sink_copy1')]",
            "type": "Microsoft.DataFactory/factories/datasets",
            "apiVersion": "2018-06-01",
            "properties": {
                "linkedServiceName": {
                    "referenceName": "Pharmacy_ADL",
                    "type": "LinkedServiceReference"
                },
                "folder": {
                    "name": "Corporate Tenant/Others"
                },
                "annotations": [],
                "type": "DelimitedText",
                "typeProperties": {
                    "location": {
                        "type": "AzureDataLakeStoreLocation",
                        "folderPath": "prod/Premier/WholeSaleData/2020/12/23"
                    },
                    "columnDelimiter": ",",
                    "escapeChar": "\\",
                    "quoteChar": "\""
                },
                "schema": []
            },
            "dependsOn": []
        },
        {
            "name": "[concat(parameters('factoryName'), '/Ds_IPD_Patent_ItemMaster_Source_copy1')]",
            "type": "Microsoft.DataFactory/factories/datasets",
            "apiVersion": "2018-06-01",
            "properties": {
                "linkedServiceName": {
                    "referenceName": "Item_master_link_prod",
                    "type": "LinkedServiceReference"
                },
                "folder": {
                    "name": "Corporate Tenant/Others"
                },
                "annotations": [],
                "type": "AzureSqlTable",
                "schema": [
                    {
                        "name": "Brand Drug Name",
                        "type": "nvarchar"
                    },
                    {
                        "name": "Generic Name",
                        "type": "nvarchar"
                    },
                    {
                        "name": "Brand Company",
                        "type": "nvarchar"
                    },
                    {
                        "name": "Therapeutic Area",
                        "type": "nvarchar"
                    },
                    {
                        "name": "US Brand Sales ($bln)",
                        "type": "nvarchar"
                    },
                    {
                        "name": "Orange Book Patents",
                        "type": "nvarchar"
                    },
                    {
                        "name": "Pediatric Exclusivity",
                        "type": "nvarchar"
                    },
                    {
                        "name": "Patent Comments",
                        "type": "nvarchar"
                    },
                    {
                        "name": "Related Litigation Comments",
                        "type": "nvarchar"
                    },
                    {
                        "name": "Paragraph IV Certification",
                        "type": "nvarchar"
                    },
                    {
                        "name": "First ANDA Filer(s)",
                        "type": "nvarchar"
                    },
                    {
                        "name": "Other ANDA Filer(s)",
                        "type": "nvarchar"
                    },
                    {
                        "name": "DMF Filers",
                        "type": "nvarchar"
                    },
                    {
                        "name": "Litigation Status",
                        "type": "nvarchar"
                    },
                    {
                        "name": "30-Month Stay Expirations",
                        "type": "nvarchar"
                    },
                    {
                        "name": "Earliest Possible Generic Entrants(s)",
                        "type": "nvarchar"
                    },
                    {
                        "name": "Triggering Event",
                        "type": "nvarchar"
                    },
                    {
                        "name": "Earliest Possible Launch",
                        "type": "nvarchar"
                    },
                    {
                        "name": "Earliest Launch Probability",
                        "type": "nvarchar"
                    },
                    {
                        "name": "Expected Outlook for Generic Entry",
                        "type": "nvarchar"
                    },
                    {
                        "name": "Comments on Generic Entry",
                        "type": "nvarchar"
                    },
                    {
                        "name": "Estimated LOE",
                        "type": "nvarchar"
                    }
                ],
                "typeProperties": {
                    "schema": "dbo",
                    "table": "IPD_Patent"
                }
            },
            "dependsOn": []
        },
        {
            "name": "[concat(parameters('factoryName'), '/Ds_IPD_Sink_ItemMaster_copy1')]",
            "type": "Microsoft.DataFactory/factories/datasets",
            "apiVersion": "2018-06-01",
            "properties": {
                "linkedServiceName": {
                    "referenceName": "Item_master_link_prod",
                    "type": "LinkedServiceReference"
                },
                "folder": {
                    "name": "Corporate Tenant/Others"
                },
                "annotations": [],
                "type": "AzureSqlTable",
                "schema": [],
                "typeProperties": {
                    "schema": "dbo",
                    "table": "IPD_Patent"
                }
            },
            "dependsOn": []
        },
        {
            "name": "[concat(parameters('factoryName'), '/Premier_Dev_copy1')]",
            "type": "Microsoft.DataFactory/factories/datasets",
            "apiVersion": "2018-06-01",
            "properties": {
                "linkedServiceName": {
                    "referenceName": "NationalWholesale_Dev",
                    "type": "LinkedServiceReference"
                },
                "folder": {
                    "name": "Corporate Tenant/Others"
                },
                "annotations": [],
                "type": "AzureSqlTable",
                "schema": [
                    {
                        "name": "Id",
                        "type": "int",
                        "precision": 10
                    },
                    {
                        "name": "HealthSystemID",
                        "type": "varchar"
                    },
                    {
                        "name": "FacilityDirectParentID",
                        "type": "varchar"
                    },
                    {
                        "name": "FacilityID",
                        "type": "varchar"
                    },
                    {
                        "name": "FacilityCity",
                        "type": "varchar"
                    },
                    {
                        "name": "FacilityState",
                        "type": "char"
                    },
                    {
                        "name": "NDC",
                        "type": "varchar"
                    },
                    {
                        "name": "ItemId",
                        "type": "int",
                        "precision": 10
                    },
                    {
                        "name": "BrandName",
                        "type": "varchar"
                    },
                    {
                        "name": "GenericName",
                        "type": "varchar"
                    },
                    {
                        "name": "LabelName",
                        "type": "varchar"
                    },
                    {
                        "name": "WholesalerPurchaseType",
                        "type": "varchar"
                    },
                    {
                        "name": "WholesalerLoadPrice",
                        "type": "money",
                        "precision": 19,
                        "scale": 4
                    },
                    {
                        "name": "Supplier",
                        "type": "varchar"
                    },
                    {
                        "name": "InvoiceDate",
                        "type": "datetime",
                        "precision": 23,
                        "scale": 3
                    },
                    {
                        "name": "InvoiceNumber",
                        "type": "varchar"
                    },
                    {
                        "name": "InvoicePrice",
                        "type": "money",
                        "precision": 19,
                        "scale": 4
                    },
                    {
                        "name": "Wholesaler",
                        "type": "varchar"
                    },
                    {
                        "name": "DistributionCenterName",
                        "type": "varchar"
                    },
                    {
                        "name": "WholesalerAccountNumber",
                        "type": "varchar"
                    },
                    {
                        "name": "WholesalerAccountName",
                        "type": "varchar"
                    },
                    {
                        "name": "LineNumberfromInvoice",
                        "type": "varchar"
                    },
                    {
                        "name": "ContractLeadName",
                        "type": "varchar"
                    },
                    {
                        "name": "ServiceProviderClass",
                        "type": "varchar"
                    },
                    {
                        "name": "ShipMethod",
                        "type": "char"
                    },
                    {
                        "name": "ShippingDate",
                        "type": "datetime",
                        "precision": 23,
                        "scale": 3
                    },
                    {
                        "name": "WholesalerPkgQty",
                        "type": "int",
                        "precision": 10
                    },
                    {
                        "name": "WholesalerOrderLineNumber",
                        "type": "varchar"
                    },
                    {
                        "name": "WholesalerCatalogNumber",
                        "type": "varchar"
                    },
                    {
                        "name": "PremierAwardStatus",
                        "type": "varchar"
                    },
                    {
                        "name": "PremierContractNumber",
                        "type": "varchar"
                    },
                    {
                        "name": "TotalUnits",
                        "type": "int",
                        "precision": 10
                    },
                    {
                        "name": "TotalSpend",
                        "type": "money",
                        "precision": 19,
                        "scale": 4
                    },
                    {
                        "name": "QuantityOrdered",
                        "type": "int",
                        "precision": 10
                    },
                    {
                        "name": "AddedDate",
                        "type": "datetime",
                        "precision": 23,
                        "scale": 3
                    },
                    {
                        "name": "ProcessPipelineId",
                        "type": "varchar"
                    },
                    {
                        "name": "OriginalFileName",
                        "type": "varchar"
                    },
                    {
                        "name": "AdlPath",
                        "type": "varchar"
                    }
                ],
                "typeProperties": {
                    "schema": "Premier",
                    "table": "WholesalerInvoices"
                }
            },
            "dependsOn": []
        },
        {
            "name": "[concat(parameters('factoryName'), '/FilesInFolder_ADL_copy1')]",
            "type": "Microsoft.DataFactory/factories/datasets",
            "apiVersion": "2018-06-01",
            "properties": {
                "linkedServiceName": {
                    "referenceName": "Pharmacy_ADL",
                    "type": "LinkedServiceReference"
                },
                "parameters": {
                    "Path": {
                        "type": "string"
                    },
                    "WildCardFileName": {
                        "type": "string"
                    }
                },
                "folder": {
                    "name": "Corporate Tenant/Others"
                },
                "annotations": [],
                "type": "Binary",
                "typeProperties": {
                    "location": {
                        "type": "AzureDataLakeStoreLocation",
                        "fileName": {
                            "value": "@dataset().WildCardFileName",
                            "type": "Expression"
                        },
                        "folderPath": {
                            "value": "@dataset().Path",
                            "type": "Expression"
                        }
                    }
                }
            },
            "dependsOn": []
        },
        {
            "name": "[concat(parameters('factoryName'), '/PremierWholesaleData_Sql_copy1')]",
            "type": "Microsoft.DataFactory/factories/datasets",
            "apiVersion": "2018-06-01",
            "properties": {
                "linkedServiceName": {
                    "referenceName": "NationalWholesale",
                    "type": "LinkedServiceReference"
                },
                "folder": {
                    "name": "Corporate Tenant/Others"
                },
                "annotations": [],
                "type": "AzureSqlTable",
                "schema": [
                    {
                        "name": "Id",
                        "type": "int",
                        "precision": 10
                    },
                    {
                        "name": "HealthSystemID",
                        "type": "varchar"
                    },
                    {
                        "name": "FacilityDirectParentID",
                        "type": "varchar"
                    },
                    {
                        "name": "FacilityID",
                        "type": "varchar"
                    },
                    {
                        "name": "FacilityCity",
                        "type": "varchar"
                    },
                    {
                        "name": "FacilityState",
                        "type": "char"
                    },
                    {
                        "name": "NDC",
                        "type": "varchar"
                    },
                    {
                        "name": "ItemId",
                        "type": "int",
                        "precision": 10
                    },
                    {
                        "name": "BrandName",
                        "type": "varchar"
                    },
                    {
                        "name": "GenericName",
                        "type": "varchar"
                    },
                    {
                        "name": "LabelName",
                        "type": "varchar"
                    },
                    {
                        "name": "WholesalerPurchaseType",
                        "type": "varchar"
                    },
                    {
                        "name": "WholesalerLoadPrice",
                        "type": "money",
                        "precision": 19,
                        "scale": 4
                    },
                    {
                        "name": "Supplier",
                        "type": "varchar"
                    },
                    {
                        "name": "InvoiceDate",
                        "type": "datetime",
                        "precision": 23,
                        "scale": 3
                    },
                    {
                        "name": "InvoiceNumber",
                        "type": "varchar"
                    },
                    {
                        "name": "InvoicePrice",
                        "type": "money",
                        "precision": 19,
                        "scale": 4
                    },
                    {
                        "name": "Wholesaler",
                        "type": "varchar"
                    },
                    {
                        "name": "DistributionCenterName",
                        "type": "varchar"
                    },
                    {
                        "name": "WholesalerAccountNumber",
                        "type": "varchar"
                    },
                    {
                        "name": "WholesalerAccountName",
                        "type": "varchar"
                    },
                    {
                        "name": "LineNumberfromInvoice",
                        "type": "varchar"
                    },
                    {
                        "name": "ContractLeadName",
                        "type": "varchar"
                    },
                    {
                        "name": "ServiceProviderClass",
                        "type": "varchar"
                    },
                    {
                        "name": "ShipMethod",
                        "type": "char"
                    },
                    {
                        "name": "ShippingDate",
                        "type": "datetime",
                        "precision": 23,
                        "scale": 3
                    },
                    {
                        "name": "WholesalerPkgQty",
                        "type": "int",
                        "precision": 10
                    },
                    {
                        "name": "WholesalerOrderLineNumber",
                        "type": "varchar"
                    },
                    {
                        "name": "WholesalerCatalogNumber",
                        "type": "varchar"
                    },
                    {
                        "name": "PremierAwardStatus",
                        "type": "varchar"
                    },
                    {
                        "name": "PremierContractNumber",
                        "type": "varchar"
                    },
                    {
                        "name": "TotalUnits",
                        "type": "int",
                        "precision": 10
                    },
                    {
                        "name": "TotalSpend",
                        "type": "money",
                        "precision": 19,
                        "scale": 4
                    },
                    {
                        "name": "QuantityOrdered",
                        "type": "int",
                        "precision": 10
                    },
                    {
                        "name": "AddedDate",
                        "type": "datetime",
                        "precision": 23,
                        "scale": 3
                    },
                    {
                        "name": "ProcessPipelineId",
                        "type": "varchar"
                    },
                    {
                        "name": "OriginalFileName",
                        "type": "varchar"
                    },
                    {
                        "name": "AdlPath",
                        "type": "varchar"
                    }
                ],
                "typeProperties": {
                    "schema": "Premier",
                    "table": "WholesalerInvoices"
                }
            },
            "dependsOn": []
        },
        {
            "name": "[concat(parameters('factoryName'), '/ds_troubleshooting_copy1')]",
            "type": "Microsoft.DataFactory/factories/datasets",
            "apiVersion": "2018-06-01",
            "properties": {
                "linkedServiceName": {
                    "referenceName": "Pharmacy_ADL",
                    "type": "LinkedServiceReference"
                },
                "folder": {
                    "name": "Corporate Tenant/Others"
                },
                "annotations": [],
                "type": "DelimitedText",
                "typeProperties": {
                    "location": {
                        "type": "AzureDataLakeStoreLocation",
                        "fileName": "Extract.txt",
                        "folderPath": "prod/Premier/WholeSaleData/2022/01/20"
                    },
                    "columnDelimiter": "\t",
                    "escapeChar": "\\",
                    "firstRowAsHeader": true,
                    "quoteChar": "\""
                },
                "schema": [
                    {
                        "name": "HealthSystemID",
                        "type": "String"
                    },
                    {
                        "name": "FacilityDirectParentID",
                        "type": "String"
                    },
                    {
                        "name": "FacilityID",
                        "type": "String"
                    },
                    {
                        "name": "FacilityAddress1",
                        "type": "String"
                    },
                    {
                        "name": "FacilityAddress2",
                        "type": "String"
                    },
                    {
                        "name": "FacilityCity",
                        "type": "String"
                    },
                    {
                        "name": "FacilityState",
                        "type": "String"
                    },
                    {
                        "name": "FacilityZipCode",
                        "type": "String"
                    },
                    {
                        "name": "Ndc",
                        "type": "String"
                    },
                    {
                        "name": "BrandName",
                        "type": "String"
                    },
                    {
                        "name": "GenericName",
                        "type": "String"
                    },
                    {
                        "name": "LabelName",
                        "type": "String"
                    },
                    {
                        "name": "WholesalerPurchaseType",
                        "type": "String"
                    },
                    {
                        "name": "WholesalerLoadPrice",
                        "type": "String"
                    },
                    {
                        "name": "Supplier",
                        "type": "String"
                    },
                    {
                        "name": "InvoiceDate",
                        "type": "String"
                    },
                    {
                        "name": "InvoiceNumber",
                        "type": "String"
                    },
                    {
                        "name": "InvoicePrice",
                        "type": "String"
                    },
                    {
                        "name": "Wholesaler",
                        "type": "String"
                    },
                    {
                        "name": "DistributionCenterName",
                        "type": "String"
                    },
                    {
                        "name": "WholesalerAccountNumber",
                        "type": "String"
                    },
                    {
                        "name": "WholesalerAccountName",
                        "type": "String"
                    },
                    {
                        "name": "LineNumberfromInvoice",
                        "type": "String"
                    },
                    {
                        "name": "ContractLeadName",
                        "type": "String"
                    },
                    {
                        "name": "ServiceProviderClass",
                        "type": "String"
                    },
                    {
                        "name": "ShipMethod",
                        "type": "String"
                    },
                    {
                        "name": "ShippingDate",
                        "type": "String"
                    },
                    {
                        "name": "WholesalerPkgQty",
                        "type": "String"
                    },
                    {
                        "name": "WholesalerOrderLineNumber",
                        "type": "String"
                    },
                    {
                        "name": "WholesalerCatalogNumber",
                        "type": "String"
                    },
                    {
                        "name": "UnitofMeasure",
                        "type": "String"
                    },
                    {
                        "name": "WholesalerAccountAttribute",
                        "type": "String"
                    },
                    {
                        "name": "ChargeBackContractNumber",
                        "type": "String"
                    },
                    {
                        "name": "Markup/Markdown",
                        "type": "String"
                    },
                    {
                        "name": "PremierAwardStatus",
                        "type": "String"
                    },
                    {
                        "name": "PremierContractNumber",
                        "type": "String"
                    },
                    {
                        "name": "TotalUnits",
                        "type": "String"
                    },
                    {
                        "name": "TotalSpend",
                        "type": "String"
                    },
                    {
                        "name": "QuantityOrdered",
                        "type": "String"
                    },
                    {
                        "name": "ReasonCodeDesc",
                        "type": "String"
                    },
                    {
                        "name": "OrderDate",
                        "type": "String"
                    },
                    {
                        "name": "PipelineId",
                        "type": "String"
                    },
                    {
                        "name": "OriginalFileName",
                        "type": "String"
                    },
                    {
                        "name": "AdlPath",
                        "type": "String"
                    }
                ]
            },
            "dependsOn": []
        },
        {
            "name": "[concat(parameters('factoryName'), '/ds_itemmaster_ipd_patent_source_copy1')]",
            "type": "Microsoft.DataFactory/factories/datasets",
            "apiVersion": "2018-06-01",
            "properties": {
                "linkedServiceName": {
                    "referenceName": "Item_master_link_prod",
                    "type": "LinkedServiceReference"
                },
                "folder": {
                    "name": "Corporate Tenant/Others"
                },
                "annotations": [],
                "type": "AzureSqlTable",
                "schema": [
                    {
                        "name": "Brand Drug Name",
                        "type": "nvarchar"
                    },
                    {
                        "name": "Generic Name",
                        "type": "nvarchar"
                    },
                    {
                        "name": "Brand Company",
                        "type": "nvarchar"
                    },
                    {
                        "name": "Therapeutic Area",
                        "type": "nvarchar"
                    },
                    {
                        "name": "US Brand Sales ($bln)",
                        "type": "nvarchar"
                    },
                    {
                        "name": "Orange Book Patents",
                        "type": "nvarchar"
                    },
                    {
                        "name": "Pediatric Exclusivity",
                        "type": "nvarchar"
                    },
                    {
                        "name": "Patent Comments",
                        "type": "nvarchar"
                    },
                    {
                        "name": "Related Litigation Comments",
                        "type": "nvarchar"
                    },
                    {
                        "name": "Paragraph IV Certification",
                        "type": "nvarchar"
                    },
                    {
                        "name": "First ANDA Filer(s)",
                        "type": "nvarchar"
                    },
                    {
                        "name": "Other ANDA Filer(s)",
                        "type": "nvarchar"
                    },
                    {
                        "name": "DMF Filers",
                        "type": "nvarchar"
                    },
                    {
                        "name": "Litigation Status",
                        "type": "nvarchar"
                    },
                    {
                        "name": "30-Month Stay Expirations",
                        "type": "nvarchar"
                    },
                    {
                        "name": "Earliest Possible Generic Entrants(s)",
                        "type": "nvarchar"
                    },
                    {
                        "name": "Triggering Event",
                        "type": "nvarchar"
                    },
                    {
                        "name": "Earliest Possible Launch",
                        "type": "nvarchar"
                    },
                    {
                        "name": "Earliest Launch Probability",
                        "type": "nvarchar"
                    },
                    {
                        "name": "Expected Outlook for Generic Entry",
                        "type": "nvarchar"
                    },
                    {
                        "name": "Comments on Generic Entry",
                        "type": "nvarchar"
                    },
                    {
                        "name": "Estimated LOE",
                        "type": "nvarchar"
                    }
                ],
                "typeProperties": {
                    "schema": "dbo",
                    "table": "IPD_Patent"
                }
            },
            "dependsOn": []
        }
    ]
}