{
    "$schema": "http://schema.management.azure.com/schemas/2015-01-01/deploymentTemplate.json#",
    "contentVersion": "1.0.0.0",
    "parameters": {
        "factoryName": {
            "type": "string",
            "metadata": "Data Factory name",
            "defaultValue": "adf-Premier-DataReceive-prod"
        }
    },
    "variables": {
        "factoryId": "[concat('Microsoft.DataFactory/factories/', parameters('factoryName'))]"
    },
    "resources": [
        {
            "name": "[concat(parameters('factoryName'), '/PremierRemote_ProductImport_Mem_Ten')]",
            "type": "Microsoft.DataFactory/factories/datasets",
            "apiVersion": "2018-06-01",
            "properties": {
                "linkedServiceName": {
                    "referenceName": "LS_MemberTenant_AzureSQL",
                    "type": "LinkedServiceReference",
                    "parameters": {
                        "lsdburl": {
                            "value": "@dataset().dsdburl",
                            "type": "Expression"
                        },
                        "lsdbname": {
                            "value": "@dataset().dsdbname",
                            "type": "Expression"
                        },
                        "lsdbtenant": {
                            "value": "@dataset().dsdbtenant",
                            "type": "Expression"
                        },
                        "lsdbserviceprincipal": {
                            "value": "@dataset().dsdbserviceprincipal",
                            "type": "Expression"
                        },
                        "lsdbsecret": {
                            "value": "@dataset().dsdbsecret",
                            "type": "Expression"
                        }
                    }
                },
                "parameters": {
                    "dsdburl": {
                        "type": "string"
                    },
                    "dsdbname": {
                        "type": "string"
                    },
                    "dsdbtenant": {
                        "type": "string"
                    },
                    "dsdbserviceprincipal": {
                        "type": "string"
                    },
                    "dsdbsecret": {
                        "type": "string"
                    }
                },
                "folder": {
                    "name": "HierarchyReport"
                },
                "annotations": [],
                "type": "AzureSqlTable",
                "schema": [
                    {
                        "name": "Health System",
                        "type": "nvarchar"
                    },
                    {
                        "name": "Health System ID",
                        "type": "nvarchar"
                    },
                    {
                        "name": "Facility Direct Parent",
                        "type": "nvarchar"
                    },
                    {
                        "name": "Facility Direct Parent ID",
                        "type": "nvarchar"
                    },
                    {
                        "name": "Facility Name",
                        "type": "nvarchar"
                    },
                    {
                        "name": "Facility ID",
                        "type": "nvarchar"
                    }
                ],
                "typeProperties": {
                    "schema": "dbo",
                    "table": "ProductImport"
                }
            },
            "dependsOn": []
        },
        {
            "name": "[concat(parameters('factoryName'), '/ds_ipd_patent_sink_table')]",
            "type": "Microsoft.DataFactory/factories/datasets",
            "apiVersion": "2018-06-01",
            "properties": {
                "linkedServiceName": {
                    "referenceName": "Item_master_link_prod",
                    "type": "LinkedServiceReference"
                },
                "folder": {
                    "name": "Others"
                },
                "annotations": [],
                "type": "AzureSqlTable",
                "schema": [
                    {
                        "name": "Brand Drug Name",
                        "type": "nvarchar"
                    },
                    {
                        "name": "Generic Name",
                        "type": "nvarchar"
                    },
                    {
                        "name": "Brand Company",
                        "type": "nvarchar"
                    },
                    {
                        "name": "Therapeutic Area",
                        "type": "nvarchar"
                    },
                    {
                        "name": "US Brand Sales ($bln)",
                        "type": "nvarchar"
                    },
                    {
                        "name": "Orange Book Patents",
                        "type": "nvarchar"
                    },
                    {
                        "name": "Pediatric Exclusivity",
                        "type": "nvarchar"
                    },
                    {
                        "name": "Patent Comments",
                        "type": "nvarchar"
                    },
                    {
                        "name": "Related Litigation Comments",
                        "type": "nvarchar"
                    },
                    {
                        "name": "Paragraph IV Certification",
                        "type": "nvarchar"
                    },
                    {
                        "name": "First ANDA Filer(s)",
                        "type": "nvarchar"
                    },
                    {
                        "name": "Other ANDA Filer(s)",
                        "type": "nvarchar"
                    },
                    {
                        "name": "DMF Filers",
                        "type": "nvarchar"
                    },
                    {
                        "name": "Litigation Status",
                        "type": "nvarchar"
                    },
                    {
                        "name": "30-Month Stay Expirations",
                        "type": "nvarchar"
                    },
                    {
                        "name": "Earliest Possible Generic Entrants(s)",
                        "type": "nvarchar"
                    },
                    {
                        "name": "Triggering Event",
                        "type": "nvarchar"
                    },
                    {
                        "name": "Earliest Possible Launch",
                        "type": "nvarchar"
                    },
                    {
                        "name": "Earliest Launch Probability",
                        "type": "nvarchar"
                    },
                    {
                        "name": "Expected Outlook for Generic Entry",
                        "type": "nvarchar"
                    },
                    {
                        "name": "Comments on Generic Entry",
                        "type": "nvarchar"
                    },
                    {
                        "name": "Estimated LOE",
                        "type": "nvarchar"
                    }
                ],
                "typeProperties": {
                    "schema": "dbo",
                    "table": "IPD_Patent"
                }
            },
            "dependsOn": []
        },
        {
            "name": "[concat(parameters('factoryName'), '/IncidentsNdc_Target_sp1')]",
            "type": "Microsoft.DataFactory/factories/datasets",
            "apiVersion": "2018-06-01",
            "properties": {
                "linkedServiceName": {
                    "referenceName": "CognitiveRx_Configurable",
                    "type": "LinkedServiceReference",
                    "parameters": {
                        "KeyVaultSecret": "@dataset().Secret"
                    }
                },
                "parameters": {
                    "Secret": {
                        "type": "string"
                    }
                },
                "folder": {
                    "name": "Corporate Tenant/PriceDisruptions"
                },
                "annotations": [],
                "type": "AzureSqlTable",
                "schema": [
                    {
                        "name": "Ndc",
                        "type": "varchar"
                    },
                    {
                        "name": "HealthSystemId",
                        "type": "varchar"
                    },
                    {
                        "name": "Gpi10",
                        "type": "varchar"
                    },
                    {
                        "name": "GpiName",
                        "type": "varchar"
                    },
                    {
                        "name": "DrugStrength",
                        "type": "varchar"
                    },
                    {
                        "name": "AvgPrice",
                        "type": "money",
                        "precision": 19,
                        "scale": 4
                    },
                    {
                        "name": "Inc_Days",
                        "type": "int",
                        "precision": 10
                    },
                    {
                        "name": "MissingDollars",
                        "type": "money",
                        "precision": 19,
                        "scale": 4
                    },
                    {
                        "name": "MissingUnits",
                        "type": "int",
                        "precision": 10
                    },
                    {
                        "name": "GeneratedDate",
                        "type": "datetime",
                        "precision": 23,
                        "scale": 3
                    },
                    {
                        "name": "SyncDate",
                        "type": "datetime",
                        "precision": 23,
                        "scale": 3
                    }
                ],
                "typeProperties": {
                    "schema": "NationalPriceDisruptions",
                    "table": "IncidentsNdc"
                }
            },
            "dependsOn": []
        },
        {
            "name": "[concat(parameters('factoryName'), '/ContractCount_Target_sp1')]",
            "type": "Microsoft.DataFactory/factories/datasets",
            "apiVersion": "2018-06-01",
            "properties": {
                "linkedServiceName": {
                    "referenceName": "LS_MemberTenant_AzureSQL",
                    "type": "LinkedServiceReference"
                },
                "parameters": {
                    "dsdburl": {
                        "type": "string"
                    },
                    "dsdbname": {
                        "type": "string"
                    },
                    "dsdbtenant": {
                        "type": "string"
                    },
                    "dsdbserviceprincipal": {
                        "type": "string"
                    },
                    "dsdbsecret": {
                        "type": "string"
                    }
                },
                "folder": {
                    "name": "Corporate Tenant/PriceDisruptions"
                },
                "annotations": [],
                "type": "AzureSqlTable",
                "schema": [
                    {
                        "name": "GpiName",
                        "type": "varchar"
                    },
                    {
                        "name": "ContractCount",
                        "type": "int",
                        "precision": 10
                    },
                    {
                        "name": "GeneratedDate",
                        "type": "datetime",
                        "precision": 23,
                        "scale": 3
                    },
                    {
                        "name": "SyncDate",
                        "type": "datetime",
                        "precision": 23,
                        "scale": 3
                    }
                ],
                "typeProperties": {
                    "schema": "NationalPriceDisruptions",
                    "table": "ContractCount"
                }
            },
            "dependsOn": []
        },
        {
            "name": "[concat(parameters('factoryName'), '/WacPricekey_Source_sp1')]",
            "type": "Microsoft.DataFactory/factories/datasets",
            "apiVersion": "2018-06-01",
            "properties": {
                "linkedServiceName": {
                    "referenceName": "NationalWholesale",
                    "type": "LinkedServiceReference"
                },
                "folder": {
                    "name": "Corporate Tenant/PriceDisruptions"
                },
                "annotations": [],
                "type": "AzureSqlTable",
                "schema": [
                    {
                        "name": "PricingKey",
                        "type": "varchar"
                    },
                    {
                        "name": "IsGenericDrug",
                        "type": "bit"
                    },
                    {
                        "name": "Equ_MaxWac",
                        "type": "decimal",
                        "precision": 13,
                        "scale": 6
                    },
                    {
                        "name": "Equ_MaxAwp",
                        "type": "decimal",
                        "precision": 13,
                        "scale": 6
                    },
                    {
                        "name": "GeneratedDate",
                        "type": "datetime",
                        "precision": 23,
                        "scale": 3
                    }
                ],
                "typeProperties": {
                    "schema": "PriceDisruptions",
                    "table": "WacPricekey"
                }
            },
            "dependsOn": []
        },
        {
            "name": "[concat(parameters('factoryName'), '/ResultsGpi_Target_sp1')]",
            "type": "Microsoft.DataFactory/factories/datasets",
            "apiVersion": "2018-06-01",
            "properties": {
                "linkedServiceName": {
                    "referenceName": "CognitiveRx_Configurable",
                    "type": "LinkedServiceReference",
                    "parameters": {
                        "KeyVaultSecret": "@dataset().Secret"
                    }
                },
                "parameters": {
                    "Secret": {
                        "type": "string"
                    }
                },
                "folder": {
                    "name": "Corporate Tenant/PriceDisruptions"
                },
                "annotations": [],
                "type": "AzureSqlTable",
                "schema": [
                    {
                        "name": "GpiName",
                        "type": "varchar"
                    },
                    {
                        "name": "HealthSystemId",
                        "type": "varchar"
                    },
                    {
                        "name": "Gpi10",
                        "type": "varchar"
                    },
                    {
                        "name": "Inc_Days",
                        "type": "int",
                        "precision": 10
                    },
                    {
                        "name": "MissingDollars",
                        "type": "money",
                        "precision": 19,
                        "scale": 4
                    },
                    {
                        "name": "MissingUnits",
                        "type": "int",
                        "precision": 10
                    },
                    {
                        "name": "HsCount",
                        "type": "int",
                        "precision": 10
                    },
                    {
                        "name": "HsMax",
                        "type": "int",
                        "precision": 10
                    },
                    {
                        "name": "IncPerDay",
                        "type": "decimal",
                        "precision": 14,
                        "scale": 6
                    },
                    {
                        "name": "IncPerDay_NoTop",
                        "type": "decimal",
                        "precision": 15,
                        "scale": 6
                    },
                    {
                        "name": "Spread",
                        "type": "decimal",
                        "precision": 24,
                        "scale": 13
                    },
                    {
                        "name": "Filled",
                        "type": "int",
                        "precision": 10
                    },
                    {
                        "name": "ContractCount",
                        "type": "int",
                        "precision": 10
                    },
                    {
                        "name": "GeneratedDate",
                        "type": "datetime",
                        "precision": 23,
                        "scale": 3
                    },
                    {
                        "name": "SyncDate",
                        "type": "datetime",
                        "precision": 23,
                        "scale": 3
                    },
                    {
                        "name": "HasShortage",
                        "type": "bit"
                    }
                ],
                "typeProperties": {
                    "schema": "NationalPriceDisruptions",
                    "table": "ResultsGpi"
                }
            },
            "dependsOn": []
        },
        {
            "name": "[concat(parameters('factoryName'), '/IncidentsGpiMfr_Target_sp1')]",
            "type": "Microsoft.DataFactory/factories/datasets",
            "apiVersion": "2018-06-01",
            "properties": {
                "linkedServiceName": {
                    "referenceName": "CognitiveRx_Configurable",
                    "type": "LinkedServiceReference",
                    "parameters": {
                        "KeyVaultSecret": "@dataset().Secret"
                    }
                },
                "parameters": {
                    "Secret": {
                        "type": "string"
                    }
                },
                "folder": {
                    "name": "Corporate Tenant/PriceDisruptions"
                },
                "annotations": [],
                "type": "AzureSqlTable",
                "schema": [
                    {
                        "name": "GpiName",
                        "type": "varchar"
                    },
                    {
                        "name": "Mfr",
                        "type": "varchar"
                    },
                    {
                        "name": "HealthSystemId",
                        "type": "varchar"
                    },
                    {
                        "name": "FacilityState",
                        "type": "char"
                    },
                    {
                        "name": "Gpi10",
                        "type": "varchar"
                    },
                    {
                        "name": "Inc_Days",
                        "type": "int",
                        "precision": 10
                    },
                    {
                        "name": "MissingDollars",
                        "type": "money",
                        "precision": 19,
                        "scale": 4
                    },
                    {
                        "name": "MissingUnits",
                        "type": "int",
                        "precision": 10
                    },
                    {
                        "name": "GeneratedDate",
                        "type": "datetime",
                        "precision": 23,
                        "scale": 3
                    },
                    {
                        "name": "SyncDate",
                        "type": "datetime",
                        "precision": 23,
                        "scale": 3
                    }
                ],
                "typeProperties": {
                    "schema": "NationalPriceDisruptions",
                    "table": "IncidentsGpiMfr"
                }
            },
            "dependsOn": []
        },
        {
            "name": "[concat(parameters('factoryName'), '/IncidentsNdc_Source_sp1')]",
            "type": "Microsoft.DataFactory/factories/datasets",
            "apiVersion": "2018-06-01",
            "properties": {
                "linkedServiceName": {
                    "referenceName": "NationalWholesale",
                    "type": "LinkedServiceReference"
                },
                "folder": {
                    "name": "Corporate Tenant/PriceDisruptions"
                },
                "annotations": [],
                "type": "AzureSqlTable",
                "schema": [
                    {
                        "name": "Ndc",
                        "type": "varchar"
                    },
                    {
                        "name": "HealthSystemId",
                        "type": "varchar"
                    },
                    {
                        "name": "Gpi10",
                        "type": "varchar"
                    },
                    {
                        "name": "GpiName",
                        "type": "varchar"
                    },
                    {
                        "name": "DrugStrength",
                        "type": "varchar"
                    },
                    {
                        "name": "AvgPrice",
                        "type": "money",
                        "precision": 19,
                        "scale": 4
                    },
                    {
                        "name": "Inc_Days",
                        "type": "int",
                        "precision": 10
                    },
                    {
                        "name": "MissingDollars",
                        "type": "money",
                        "precision": 19,
                        "scale": 4
                    },
                    {
                        "name": "MissingUnits",
                        "type": "int",
                        "precision": 10
                    },
                    {
                        "name": "GeneratedDate",
                        "type": "datetime",
                        "precision": 23,
                        "scale": 3
                    }
                ],
                "typeProperties": {
                    "schema": "PriceDisruptions",
                    "table": "IncidentsNdc"
                }
            },
            "dependsOn": []
        },
        {
            "name": "[concat(parameters('factoryName'), '/IncidentsGpiMfr_Source_sp1')]",
            "type": "Microsoft.DataFactory/factories/datasets",
            "apiVersion": "2018-06-01",
            "properties": {
                "linkedServiceName": {
                    "referenceName": "NationalWholesale",
                    "type": "LinkedServiceReference"
                },
                "folder": {
                    "name": "Corporate Tenant/PriceDisruptions"
                },
                "annotations": [],
                "type": "AzureSqlTable",
                "schema": [
                    {
                        "name": "GpiName",
                        "type": "varchar"
                    },
                    {
                        "name": "Mfr",
                        "type": "varchar"
                    },
                    {
                        "name": "HealthSystemId",
                        "type": "varchar"
                    },
                    {
                        "name": "FacilityState",
                        "type": "char"
                    },
                    {
                        "name": "Gpi10",
                        "type": "varchar"
                    },
                    {
                        "name": "Inc_Days",
                        "type": "int",
                        "precision": 10
                    },
                    {
                        "name": "MissingDollars",
                        "type": "money",
                        "precision": 19,
                        "scale": 4
                    },
                    {
                        "name": "MissingUnits",
                        "type": "int",
                        "precision": 10
                    },
                    {
                        "name": "GeneratedDate",
                        "type": "datetime",
                        "precision": 23,
                        "scale": 3
                    }
                ],
                "typeProperties": {
                    "schema": "PriceDisruptions",
                    "table": "IncidentsGpiMfr"
                }
            },
            "dependsOn": []
        },
        {
            "name": "[concat(parameters('factoryName'), '/FilledUnitsGpi_Target_sp1')]",
            "type": "Microsoft.DataFactory/factories/datasets",
            "apiVersion": "2018-06-01",
            "properties": {
                "linkedServiceName": {
                    "referenceName": "CognitiveRx_Configurable",
                    "type": "LinkedServiceReference",
                    "parameters": {
                        "KeyVaultSecret": "@dataset().Secret"
                    }
                },
                "parameters": {
                    "Secret": {
                        "type": "string"
                    }
                },
                "folder": {
                    "name": "Corporate Tenant/PriceDisruptions"
                },
                "annotations": [],
                "type": "AzureSqlTable",
                "schema": [
                    {
                        "name": "GpiName",
                        "type": "varchar"
                    },
                    {
                        "name": "Gpi10",
                        "type": "varchar"
                    },
                    {
                        "name": "Filled",
                        "type": "int",
                        "precision": 10
                    },
                    {
                        "name": "GeneratedDate",
                        "type": "datetime",
                        "precision": 23,
                        "scale": 3
                    },
                    {
                        "name": "SyncDate",
                        "type": "datetime",
                        "precision": 23,
                        "scale": 3
                    }
                ],
                "typeProperties": {
                    "schema": "NationalPriceDisruptions",
                    "table": "FilledUnitsGpi"
                }
            },
            "dependsOn": []
        },
        {
            "name": "[concat(parameters('factoryName'), '/ContractCount_Source_sp1')]",
            "type": "Microsoft.DataFactory/factories/datasets",
            "apiVersion": "2018-06-01",
            "properties": {
                "linkedServiceName": {
                    "referenceName": "NationalWholesale",
                    "type": "LinkedServiceReference"
                },
                "folder": {
                    "name": "Corporate Tenant/PriceDisruptions"
                },
                "annotations": [],
                "type": "AzureSqlTable",
                "schema": [
                    {
                        "name": "GpiName",
                        "type": "varchar"
                    },
                    {
                        "name": "ContractCount",
                        "type": "int",
                        "precision": 10
                    },
                    {
                        "name": "GeneratedDate",
                        "type": "datetime",
                        "precision": 23,
                        "scale": 3
                    }
                ],
                "typeProperties": {
                    "schema": "PriceDisruptions",
                    "table": "ContractCount"
                }
            },
            "dependsOn": []
        },
        {
            "name": "[concat(parameters('factoryName'), '/RawInvoices_Target_sp1')]",
            "type": "Microsoft.DataFactory/factories/datasets",
            "apiVersion": "2018-06-01",
            "properties": {
                "linkedServiceName": {
                    "referenceName": "CognitiveRx_Configurable",
                    "type": "LinkedServiceReference",
                    "parameters": {
                        "KeyVaultSecret": "@dataset().Secret"
                    }
                },
                "parameters": {
                    "Secret": {
                        "type": "string"
                    }
                },
                "folder": {
                    "name": "Corporate Tenant/PriceDisruptions"
                },
                "annotations": [],
                "type": "AzureSqlTable",
                "schema": [
                    {
                        "name": "Ndc",
                        "type": "varchar"
                    },
                    {
                        "name": "QuantityOrdered",
                        "type": "int",
                        "precision": 10
                    },
                    {
                        "name": "InvoicePrice",
                        "type": "money",
                        "precision": 19,
                        "scale": 4
                    },
                    {
                        "name": "TotalSpend",
                        "type": "money",
                        "precision": 19,
                        "scale": 4
                    },
                    {
                        "name": "TotalUnits",
                        "type": "int",
                        "precision": 10
                    },
                    {
                        "name": "ContractNumber",
                        "type": "varchar"
                    },
                    {
                        "name": "HealthSystemId",
                        "type": "varchar"
                    },
                    {
                        "name": "FacilityState",
                        "type": "char"
                    },
                    {
                        "name": "FMonth",
                        "type": "date"
                    },
                    {
                        "name": "Manufacturer",
                        "type": "varchar"
                    },
                    {
                        "name": "DrugName",
                        "type": "varchar"
                    },
                    {
                        "name": "PricingKey",
                        "type": "varchar"
                    },
                    {
                        "name": "IsGenericDrug",
                        "type": "bit"
                    },
                    {
                        "name": "DrugStrength",
                        "type": "varchar"
                    },
                    {
                        "name": "DrugId",
                        "type": "varchar"
                    },
                    {
                        "name": "Wac",
                        "type": "decimal",
                        "precision": 13,
                        "scale": 6
                    },
                    {
                        "name": "GpiName",
                        "type": "varchar"
                    },
                    {
                        "name": "InvoiceDateString",
                        "type": "varchar"
                    },
                    {
                        "name": "D_Wholesaler",
                        "type": "varchar"
                    },
                    {
                        "name": "DaysAgo",
                        "type": "int",
                        "precision": 10
                    },
                    {
                        "name": "PotentialSpend",
                        "type": "money",
                        "precision": 19,
                        "scale": 4
                    },
                    {
                        "name": "FillRate",
                        "type": "decimal",
                        "precision": 19,
                        "scale": 11
                    },
                    {
                        "name": "MissingDollars",
                        "type": "money",
                        "precision": 19,
                        "scale": 4
                    },
                    {
                        "name": "MissingUnits",
                        "type": "int",
                        "precision": 10
                    },
                    {
                        "name": "Equ_MaxWac",
                        "type": "decimal",
                        "precision": 13,
                        "scale": 6
                    },
                    {
                        "name": "AvgPrice",
                        "type": "money",
                        "precision": 19,
                        "scale": 4
                    },
                    {
                        "name": "GeneratedDate",
                        "type": "datetime",
                        "precision": 23,
                        "scale": 3
                    },
                    {
                        "name": "SyncDate",
                        "type": "datetime",
                        "precision": 23,
                        "scale": 3
                    }
                ],
                "typeProperties": {
                    "schema": "NationalPriceDisruptions",
                    "table": "RawInvoices"
                }
            },
            "dependsOn": []
        },
        {
            "name": "[concat(parameters('factoryName'), '/IncidentsGpi_Target_sp1')]",
            "type": "Microsoft.DataFactory/factories/datasets",
            "apiVersion": "2018-06-01",
            "properties": {
                "linkedServiceName": {
                    "referenceName": "CognitiveRx_Configurable",
                    "type": "LinkedServiceReference",
                    "parameters": {
                        "KeyVaultSecret": "@dataset().Secret"
                    }
                },
                "parameters": {
                    "Secret": {
                        "type": "string"
                    }
                },
                "folder": {
                    "name": "Corporate Tenant/PriceDisruptions"
                },
                "annotations": [],
                "type": "AzureSqlTable",
                "schema": [
                    {
                        "name": "GpiName",
                        "type": "varchar"
                    },
                    {
                        "name": "HealthSystemId",
                        "type": "varchar"
                    },
                    {
                        "name": "Gpi10",
                        "type": "varchar"
                    },
                    {
                        "name": "Inc_Days",
                        "type": "int",
                        "precision": 10
                    },
                    {
                        "name": "MissingDollars",
                        "type": "money",
                        "precision": 19,
                        "scale": 4
                    },
                    {
                        "name": "MissingUnits",
                        "type": "int",
                        "precision": 10
                    },
                    {
                        "name": "GeneratedDate",
                        "type": "datetime",
                        "precision": 23,
                        "scale": 3
                    },
                    {
                        "name": "SyncDate",
                        "type": "datetime",
                        "precision": 23,
                        "scale": 3
                    }
                ],
                "typeProperties": {
                    "schema": "NationalPriceDisruptions",
                    "table": "IncidentsGpi"
                }
            },
            "dependsOn": []
        },
        {
            "name": "[concat(parameters('factoryName'), '/FilledUnitsGpi_Source_sp1')]",
            "type": "Microsoft.DataFactory/factories/datasets",
            "apiVersion": "2018-06-01",
            "properties": {
                "linkedServiceName": {
                    "referenceName": "NationalWholesale",
                    "type": "LinkedServiceReference"
                },
                "folder": {
                    "name": "Corporate Tenant/PriceDisruptions"
                },
                "annotations": [],
                "type": "AzureSqlTable",
                "schema": [
                    {
                        "name": "GpiName",
                        "type": "varchar"
                    },
                    {
                        "name": "Gpi10",
                        "type": "varchar"
                    },
                    {
                        "name": "Filled",
                        "type": "int",
                        "precision": 10
                    },
                    {
                        "name": "GeneratedDate",
                        "type": "datetime",
                        "precision": 23,
                        "scale": 3
                    }
                ],
                "typeProperties": {
                    "schema": "PriceDisruptions",
                    "table": "FilledUnitsGpi"
                }
            },
            "dependsOn": []
        },
        {
            "name": "[concat(parameters('factoryName'), '/AvgPrices_Source_sp1')]",
            "type": "Microsoft.DataFactory/factories/datasets",
            "apiVersion": "2018-06-01",
            "properties": {
                "linkedServiceName": {
                    "referenceName": "NationalWholesale",
                    "type": "LinkedServiceReference"
                },
                "folder": {
                    "name": "Corporate Tenant/PriceDisruptions"
                },
                "annotations": [],
                "type": "AzureSqlTable",
                "schema": [
                    {
                        "name": "Ndc",
                        "type": "varchar"
                    },
                    {
                        "name": "AvgPrice",
                        "type": "money",
                        "precision": 19,
                        "scale": 4
                    },
                    {
                        "name": "GeneratedDate",
                        "type": "datetime",
                        "precision": 23,
                        "scale": 3
                    }
                ],
                "typeProperties": {
                    "schema": "PriceDisruptions",
                    "table": "AvgPrices"
                }
            },
            "dependsOn": []
        },
        {
            "name": "[concat(parameters('factoryName'), '/IncidentsGpi_Source_sp1')]",
            "type": "Microsoft.DataFactory/factories/datasets",
            "apiVersion": "2018-06-01",
            "properties": {
                "linkedServiceName": {
                    "referenceName": "NationalWholesale",
                    "type": "LinkedServiceReference"
                },
                "folder": {
                    "name": "Corporate Tenant/PriceDisruptions"
                },
                "annotations": [],
                "type": "AzureSqlTable",
                "schema": [
                    {
                        "name": "GpiName",
                        "type": "varchar"
                    },
                    {
                        "name": "HealthSystemId",
                        "type": "varchar"
                    },
                    {
                        "name": "Gpi10",
                        "type": "varchar"
                    },
                    {
                        "name": "Inc_Days",
                        "type": "int",
                        "precision": 10
                    },
                    {
                        "name": "MissingDollars",
                        "type": "money",
                        "precision": 19,
                        "scale": 4
                    },
                    {
                        "name": "MissingUnits",
                        "type": "int",
                        "precision": 10
                    },
                    {
                        "name": "GeneratedDate",
                        "type": "datetime",
                        "precision": 23,
                        "scale": 3
                    }
                ],
                "typeProperties": {
                    "schema": "PriceDisruptions",
                    "table": "IncidentsGpi"
                }
            },
            "dependsOn": []
        },
        {
            "name": "[concat(parameters('factoryName'), '/ResultsNdc_Target_sp1')]",
            "type": "Microsoft.DataFactory/factories/datasets",
            "apiVersion": "2018-06-01",
            "properties": {
                "linkedServiceName": {
                    "referenceName": "CognitiveRx_Configurable",
                    "type": "LinkedServiceReference",
                    "parameters": {
                        "KeyVaultSecret": "@dataset().Secret"
                    }
                },
                "parameters": {
                    "Secret": {
                        "type": "string"
                    }
                },
                "folder": {
                    "name": "Corporate Tenant/PriceDisruptions"
                },
                "annotations": [],
                "type": "AzureSqlTable",
                "schema": [
                    {
                        "name": "Ndc",
                        "type": "varchar"
                    },
                    {
                        "name": "HealthSystemId",
                        "type": "varchar"
                    },
                    {
                        "name": "Gpi10",
                        "type": "varchar"
                    },
                    {
                        "name": "GpiName",
                        "type": "varchar"
                    },
                    {
                        "name": "DrugStrength",
                        "type": "varchar"
                    },
                    {
                        "name": "AvgPrice",
                        "type": "money",
                        "precision": 19,
                        "scale": 4
                    },
                    {
                        "name": "Inc_Days",
                        "type": "int",
                        "precision": 10
                    },
                    {
                        "name": "MissingDollars",
                        "type": "money",
                        "precision": 19,
                        "scale": 4
                    },
                    {
                        "name": "MissingUnits",
                        "type": "int",
                        "precision": 10
                    },
                    {
                        "name": "HsCount",
                        "type": "int",
                        "precision": 10
                    },
                    {
                        "name": "HsMax",
                        "type": "int",
                        "precision": 10
                    },
                    {
                        "name": "IncPerDay",
                        "type": "decimal",
                        "precision": 14,
                        "scale": 6
                    },
                    {
                        "name": "IncPerDay_NoTop",
                        "type": "decimal",
                        "precision": 15,
                        "scale": 6
                    },
                    {
                        "name": "Spread",
                        "type": "decimal",
                        "precision": 24,
                        "scale": 13
                    },
                    {
                        "name": "GeneratedDate",
                        "type": "datetime",
                        "precision": 23,
                        "scale": 3
                    },
                    {
                        "name": "SyncDate",
                        "type": "datetime",
                        "precision": 23,
                        "scale": 3
                    }
                ],
                "typeProperties": {
                    "schema": "NationalPriceDisruptions",
                    "table": "ResultsNdc"
                }
            },
            "dependsOn": []
        },
        {
            "name": "[concat(parameters('factoryName'), '/RawInvoices_Source_sp1')]",
            "type": "Microsoft.DataFactory/factories/datasets",
            "apiVersion": "2018-06-01",
            "properties": {
                "linkedServiceName": {
                    "referenceName": "NationalWholesale",
                    "type": "LinkedServiceReference"
                },
                "folder": {
                    "name": "Corporate Tenant/PriceDisruptions"
                },
                "annotations": [],
                "type": "AzureSqlTable",
                "schema": [
                    {
                        "name": "Ndc",
                        "type": "varchar"
                    },
                    {
                        "name": "QuantityOrdered",
                        "type": "int",
                        "precision": 10
                    },
                    {
                        "name": "InvoicePrice",
                        "type": "money",
                        "precision": 19,
                        "scale": 4
                    },
                    {
                        "name": "TotalSpend",
                        "type": "money",
                        "precision": 19,
                        "scale": 4
                    },
                    {
                        "name": "TotalUnits",
                        "type": "int",
                        "precision": 10
                    },
                    {
                        "name": "ContractNumber",
                        "type": "varchar"
                    },
                    {
                        "name": "HealthSystemId",
                        "type": "varchar"
                    },
                    {
                        "name": "FacilityState",
                        "type": "char"
                    },
                    {
                        "name": "FMonth",
                        "type": "date"
                    },
                    {
                        "name": "Manufacturer",
                        "type": "varchar"
                    },
                    {
                        "name": "DrugName",
                        "type": "varchar"
                    },
                    {
                        "name": "PricingKey",
                        "type": "varchar"
                    },
                    {
                        "name": "IsGenericDrug",
                        "type": "bit"
                    },
                    {
                        "name": "DrugStrength",
                        "type": "varchar"
                    },
                    {
                        "name": "DrugId",
                        "type": "varchar"
                    },
                    {
                        "name": "Wac",
                        "type": "decimal",
                        "precision": 13,
                        "scale": 6
                    },
                    {
                        "name": "GpiName",
                        "type": "varchar"
                    },
                    {
                        "name": "InvoiceDateString",
                        "type": "varchar"
                    },
                    {
                        "name": "D_Wholesaler",
                        "type": "varchar"
                    },
                    {
                        "name": "DaysAgo",
                        "type": "int",
                        "precision": 10
                    },
                    {
                        "name": "PotentialSpend",
                        "type": "money",
                        "precision": 19,
                        "scale": 4
                    },
                    {
                        "name": "FillRate",
                        "type": "decimal",
                        "precision": 19,
                        "scale": 11
                    },
                    {
                        "name": "MissingDollars",
                        "type": "money",
                        "precision": 19,
                        "scale": 4
                    },
                    {
                        "name": "MissingUnits",
                        "type": "int",
                        "precision": 10
                    },
                    {
                        "name": "Equ_MaxWac",
                        "type": "decimal",
                        "precision": 13,
                        "scale": 6
                    },
                    {
                        "name": "AvgPrice",
                        "type": "money",
                        "precision": 19,
                        "scale": 4
                    },
                    {
                        "name": "GeneratedDate",
                        "type": "datetime",
                        "precision": 23,
                        "scale": 3
                    }
                ],
                "typeProperties": {
                    "schema": "PriceDisruptions",
                    "table": "RawInvoices"
                }
            },
            "dependsOn": []
        },
        {
            "name": "[concat(parameters('factoryName'), '/AvgPrices_Target_sp1')]",
            "type": "Microsoft.DataFactory/factories/datasets",
            "apiVersion": "2018-06-01",
            "properties": {
                "linkedServiceName": {
                    "referenceName": "LS_MemberTenant_AzureSQL",
                    "type": "LinkedServiceReference"
                },
                "parameters": {
                    "dsdburl": {
                        "type": "string"
                    },
                    "dsdbname": {
                        "type": "string"
                    },
                    "dsdbtenant": {
                        "type": "string"
                    },
                    "dsdbserviceprincipal": {
                        "type": "string"
                    },
                    "dsdbsecret": {
                        "type": "string"
                    }
                },
                "folder": {
                    "name": "Corporate Tenant/PriceDisruptions"
                },
                "annotations": [],
                "type": "AzureSqlTable",
                "schema": [
                    {
                        "name": "Ndc",
                        "type": "varchar"
                    },
                    {
                        "name": "AvgPrice",
                        "type": "money",
                        "precision": 19,
                        "scale": 4
                    },
                    {
                        "name": "GeneratedDate",
                        "type": "datetime",
                        "precision": 23,
                        "scale": 3
                    },
                    {
                        "name": "SyncDate",
                        "type": "datetime",
                        "precision": 23,
                        "scale": 3
                    }
                ],
                "typeProperties": {
                    "schema": "NationalPriceDisruptions",
                    "table": "AvgPrices"
                }
            },
            "dependsOn": []
        },
        {
            "name": "[concat(parameters('factoryName'), '/ResultsNdc_Source_sp1')]",
            "type": "Microsoft.DataFactory/factories/datasets",
            "apiVersion": "2018-06-01",
            "properties": {
                "linkedServiceName": {
                    "referenceName": "NationalWholesale",
                    "type": "LinkedServiceReference"
                },
                "folder": {
                    "name": "Corporate Tenant/PriceDisruptions"
                },
                "annotations": [],
                "type": "AzureSqlTable",
                "schema": [
                    {
                        "name": "Ndc",
                        "type": "varchar"
                    },
                    {
                        "name": "HealthSystemId",
                        "type": "varchar"
                    },
                    {
                        "name": "Gpi10",
                        "type": "varchar"
                    },
                    {
                        "name": "GpiName",
                        "type": "varchar"
                    },
                    {
                        "name": "DrugStrength",
                        "type": "varchar"
                    },
                    {
                        "name": "AvgPrice",
                        "type": "money",
                        "precision": 19,
                        "scale": 4
                    },
                    {
                        "name": "Inc_Days",
                        "type": "int",
                        "precision": 10
                    },
                    {
                        "name": "MissingDollars",
                        "type": "money",
                        "precision": 19,
                        "scale": 4
                    },
                    {
                        "name": "MissingUnits",
                        "type": "int",
                        "precision": 10
                    },
                    {
                        "name": "HsCount",
                        "type": "int",
                        "precision": 10
                    },
                    {
                        "name": "HsMax",
                        "type": "int",
                        "precision": 10
                    },
                    {
                        "name": "IncPerDay",
                        "type": "decimal",
                        "precision": 14,
                        "scale": 6
                    },
                    {
                        "name": "IncPerDay_NoTop",
                        "type": "decimal",
                        "precision": 15,
                        "scale": 6
                    },
                    {
                        "name": "Spread",
                        "type": "decimal",
                        "precision": 24,
                        "scale": 13
                    },
                    {
                        "name": "GeneratedDate",
                        "type": "datetime",
                        "precision": 23,
                        "scale": 3
                    }
                ],
                "typeProperties": {
                    "schema": "PriceDisruptions",
                    "table": "ResultsNdc"
                }
            },
            "dependsOn": []
        }
    ]
}