{
    "$schema": "http://schema.management.azure.com/schemas/2015-01-01/deploymentTemplate.json#",
    "contentVersion": "1.0.0.0",
    "parameters": {
        "factoryName": {
            "type": "string",
            "metadata": "Data Factory name",
            "defaultValue": "adf-Premier-DataReceive-prod"
        }
    },
    "variables": {
        "factoryId": "[concat('Microsoft.DataFactory/factories/', parameters('factoryName'))]"
    },
    "resources": [
        {
            "name": "[concat(parameters('factoryName'), '/Trigger for daily process')]",
            "type": "Microsoft.DataFactory/factories/pipelines",
            "apiVersion": "2018-06-01",
            "properties": {
                "activities": [
                    {
                        "name": "Creating Trigger",
                        "type": "Copy",
                        "dependsOn": [
                            {
                                "activity": "Current_date",
                                "dependencyConditions": [
                                    "Succeeded"
                                ]
                            }
                        ],
                        "policy": {
                            "timeout": "7.00:00:00",
                            "retry": 0,
                            "retryIntervalInSeconds": 30,
                            "secureOutput": false,
                            "secureInput": false
                        },
                        "userProperties": [],
                        "typeProperties": {
                            "source": {
                                "type": "DelimitedTextSource",
                                "storeSettings": {
                                    "type": "AzureBlobStorageReadSettings",
                                    "recursive": true,
                                    "enablePartitionDiscovery": false
                                },
                                "formatSettings": {
                                    "type": "DelimitedTextReadSettings"
                                }
                            },
                            "sink": {
                                "type": "DelimitedTextSink",
                                "storeSettings": {
                                    "type": "AzureBlobStorageWriteSettings"
                                },
                                "formatSettings": {
                                    "type": "DelimitedTextWriteSettings",
                                    "quoteAllText": true,
                                    "fileExtension": ".txt"
                                }
                            },
                            "enableStaging": false,
                            "translator": {
                                "type": "TabularTranslator",
                                "typeConversion": true,
                                "typeConversionSettings": {
                                    "allowDataTruncation": true,
                                    "treatBooleanAsNumber": false
                                }
                            }
                        },
                        "inputs": [
                            {
                                "referenceName": "DS_Dummy_Trigger_source",
                                "type": "DatasetReference",
                                "parameters": {}
                            }
                        ],
                        "outputs": [
                            {
                                "referenceName": "Ds_Dummy_trigger_Sink",
                                "type": "DatasetReference",
                                "parameters": {
                                    "Filename": {
                                        "value": "@variables('CurrentDate')",
                                        "type": "Expression"
                                    }
                                }
                            }
                        ]
                    },
                    {
                        "name": "Current_date",
                        "type": "SetVariable",
                        "dependsOn": [],
                        "userProperties": [],
                        "typeProperties": {
                            "variableName": "CurrentDate",
                            "value": {
                                "value": "@concat(substring(pipeline().TriggerTime,0,4),\n'-',substring(pipeline().TriggerTime,5,2),\n'-',substring(pipeline().TriggerTime,8,2),\n'_','EndofFiles.done.')",
                                "type": "Expression"
                            }
                        }
                    }
                ],
                "policy": {
                    "elapsedTimeMetric": {},
                    "cancelAfter": {}
                },
                "variables": {
                    "CurrentDate": {
                        "type": "String"
                    }
                },
                "annotations": [],
                "lastPublishTime": "2022-02-08T11:41:16Z"
            },
            "dependsOn": []
        },
        {
            "name": "[concat(parameters('factoryName'), '/load rxspend prod to dev load')]",
            "type": "Microsoft.DataFactory/factories/pipelines",
            "apiVersion": "2018-06-01",
            "properties": {
                "activities": [
                    {
                        "name": "prod to dev",
                        "type": "Copy",
                        "dependsOn": [],
                        "policy": {
                            "timeout": "7.00:00:00",
                            "retry": 0,
                            "retryIntervalInSeconds": 30,
                            "secureOutput": false,
                            "secureInput": false
                        },
                        "userProperties": [],
                        "typeProperties": {
                            "source": {
                                "type": "BinarySource",
                                "storeSettings": {
                                    "type": "AzureBlobStorageReadSettings",
                                    "recursive": true
                                },
                                "formatSettings": {
                                    "type": "BinaryReadSettings"
                                }
                            },
                            "sink": {
                                "type": "BinarySink",
                                "storeSettings": {
                                    "type": "AzureBlobStorageWriteSettings"
                                }
                            },
                            "enableStaging": false
                        },
                        "inputs": [
                            {
                                "referenceName": "ds_prod_rxspend_csv_binary",
                                "type": "DatasetReference",
                                "parameters": {}
                            }
                        ],
                        "outputs": [
                            {
                                "referenceName": "ds_rxspend_dev_binary",
                                "type": "DatasetReference",
                                "parameters": {}
                            }
                        ]
                    }
                ],
                "policy": {
                    "elapsedTimeMetric": {},
                    "cancelAfter": {}
                },
                "annotations": [],
                "lastPublishTime": "2022-03-31T15:10:10Z"
            },
            "dependsOn": []
        },
        {
            "name": "[concat(parameters('factoryName'), '/Customer Data Load combined_sp_execution')]",
            "type": "Microsoft.DataFactory/factories/pipelines",
            "apiVersion": "2018-06-01",
            "properties": {
                "activities": [
                    {
                        "name": "Insert Customer Item Price",
                        "type": "SqlServerStoredProcedure",
                        "dependsOn": [],
                        "policy": {
                            "timeout": "7.00:00:00",
                            "retry": 0,
                            "retryIntervalInSeconds": 30,
                            "secureOutput": false,
                            "secureInput": false
                        },
                        "userProperties": [],
                        "typeProperties": {
                            "storedProcedureName": "[[Integrations].[MergeAquisitionCost_Premier]",
                            "storedProcedureParameters": {
                                "DataSource": {
                                    "value": {
                                        "value": "@pipeline().parameters.DatasetInvoice",
                                        "type": "Expression"
                                    },
                                    "type": "String"
                                }
                            }
                        },
                        "linkedServiceName": {
                            "referenceName": "CognitiveRx_Configurable",
                            "type": "LinkedServiceReference",
                            "parameters": {
                                "KeyVaultSecret": {
                                    "value": "@pipeline().parameters.TargetSecret",
                                    "type": "Expression"
                                }
                            }
                        }
                    }
                ],
                "policy": {
                    "elapsedTimeMetric": {},
                    "cancelAfter": {}
                },
                "parameters": {
                    "HealthSystemID": {
                        "type": "string",
                        "defaultValue": "NY5011"
                    },
                    "TargetSecret": {
                        "type": "string",
                        "defaultValue": "Secret-CogRX-DB-CombinedApp"
                    },
                    "DatasetInvoice": {
                        "type": "string",
                        "defaultValue": "PremierWholesaleInvoice"
                    },
                    "DatasetPO": {
                        "type": "string",
                        "defaultValue": "PremierWholesalePO"
                    },
                    "FacilityDirectParentID": {
                        "type": "string"
                    }
                },
                "variables": {
                    "CustomerNameSql": {
                        "type": "String"
                    },
                    "InvoiceSql": {
                        "type": "String"
                    }
                },
                "folder": {
                    "name": "Combineddb"
                },
                "annotations": [],
                "lastPublishTime": "2022-05-31T08:09:14Z"
            },
            "dependsOn": []
        },
        {
            "name": "[concat(parameters('factoryName'), '/Customer Data Load combined_process')]",
            "type": "Microsoft.DataFactory/factories/pipelines",
            "apiVersion": "2018-06-01",
            "properties": {
                "activities": [
                    {
                        "name": "Load Invoice and PO into Raw",
                        "type": "SqlServerStoredProcedure",
                        "dependsOn": [
                            {
                                "activity": "Clearout Purchase Orders and Invoices",
                                "dependencyConditions": [
                                    "Succeeded"
                                ]
                            }
                        ],
                        "policy": {
                            "timeout": "7.00:00:00",
                            "retry": 0,
                            "retryIntervalInSeconds": 30,
                            "secureOutput": false,
                            "secureInput": false
                        },
                        "userProperties": [],
                        "typeProperties": {
                            "storedProcedureName": "[[Premier].[LoadInvoiceAndPO]",
                            "storedProcedureParameters": {
                                "DatasetInvoice": {
                                    "value": {
                                        "value": "@pipeline().parameters.DatasetInvoice",
                                        "type": "Expression"
                                    },
                                    "type": "String"
                                },
                                "DatasetPO": {
                                    "value": {
                                        "value": "@pipeline().parameters.DatasetPO",
                                        "type": "Expression"
                                    },
                                    "type": "String"
                                },
                                "PipelineId": {
                                    "value": {
                                        "value": "@pipeline().RunId",
                                        "type": "Expression"
                                    },
                                    "type": "String"
                                }
                            }
                        },
                        "linkedServiceName": {
                            "referenceName": "CognitiveRx_Configurable",
                            "type": "LinkedServiceReference",
                            "parameters": {
                                "KeyVaultSecret": {
                                    "value": "@pipeline().parameters.TargetSecret",
                                    "type": "Expression"
                                }
                            }
                        }
                    },
                    {
                        "name": "Process Invoices",
                        "type": "SqlServerStoredProcedure",
                        "dependsOn": [
                            {
                                "activity": "Load Invoice and PO into Raw",
                                "dependencyConditions": [
                                    "Succeeded"
                                ]
                            }
                        ],
                        "policy": {
                            "timeout": "7.00:00:00",
                            "retry": 0,
                            "retryIntervalInSeconds": 30,
                            "secureOutput": false,
                            "secureInput": false
                        },
                        "userProperties": [],
                        "typeProperties": {
                            "storedProcedureName": "[[Integrations].[InsertSalesRecordsUsingPremier]",
                            "storedProcedureParameters": {
                                "DataSource": {
                                    "value": {
                                        "value": "@pipeline().parameters.DatasetInvoice",
                                        "type": "Expression"
                                    },
                                    "type": "String"
                                }
                            }
                        },
                        "linkedServiceName": {
                            "referenceName": "CognitiveRx_Configurable",
                            "type": "LinkedServiceReference",
                            "parameters": {
                                "KeyVaultSecret": {
                                    "value": "@pipeline().parameters.TargetSecret",
                                    "type": "Expression"
                                }
                            }
                        }
                    },
                    {
                        "name": "Process Supplier Records",
                        "type": "SqlServerStoredProcedure",
                        "dependsOn": [
                            {
                                "activity": "Process Invoices",
                                "dependencyConditions": [
                                    "Succeeded"
                                ]
                            }
                        ],
                        "policy": {
                            "timeout": "7.00:00:00",
                            "retry": 0,
                            "retryIntervalInSeconds": 30,
                            "secureOutput": false,
                            "secureInput": false
                        },
                        "userProperties": [],
                        "typeProperties": {
                            "storedProcedureName": "[[Integrations].[MergeSuppierRecordsFromPo]",
                            "storedProcedureParameters": {
                                "DataSource": {
                                    "value": {
                                        "value": "@pipeline().parameters.DatasetPO",
                                        "type": "Expression"
                                    },
                                    "type": "String"
                                }
                            }
                        },
                        "linkedServiceName": {
                            "referenceName": "CognitiveRx_Configurable",
                            "type": "LinkedServiceReference",
                            "parameters": {
                                "KeyVaultSecret": {
                                    "value": "@pipeline().parameters.TargetSecret",
                                    "type": "Expression"
                                }
                            }
                        }
                    },
                    {
                        "name": "Process Customer Item Records",
                        "type": "SqlServerStoredProcedure",
                        "dependsOn": [
                            {
                                "activity": "Process Supplier Records",
                                "dependencyConditions": [
                                    "Succeeded"
                                ]
                            }
                        ],
                        "policy": {
                            "timeout": "7.00:00:00",
                            "retry": 0,
                            "retryIntervalInSeconds": 30,
                            "secureOutput": false,
                            "secureInput": false
                        },
                        "userProperties": [],
                        "typeProperties": {
                            "storedProcedureName": "[[Integrations].[MergeCustomerItemRecordsFromPo]",
                            "storedProcedureParameters": {
                                "DataSource": {
                                    "value": {
                                        "value": "@pipeline().parameters.DatasetPO",
                                        "type": "Expression"
                                    },
                                    "type": "String"
                                }
                            }
                        },
                        "linkedServiceName": {
                            "referenceName": "CognitiveRx_Configurable",
                            "type": "LinkedServiceReference",
                            "parameters": {
                                "KeyVaultSecret": {
                                    "value": "@pipeline().parameters.TargetSecret",
                                    "type": "Expression"
                                }
                            }
                        }
                    },
                    {
                        "name": "Merge Purchase Orders",
                        "type": "SqlServerStoredProcedure",
                        "dependsOn": [
                            {
                                "activity": "Process Customer Item Records",
                                "dependencyConditions": [
                                    "Succeeded"
                                ]
                            }
                        ],
                        "policy": {
                            "timeout": "7.00:00:00",
                            "retry": 0,
                            "retryIntervalInSeconds": 30,
                            "secureOutput": false,
                            "secureInput": false
                        },
                        "userProperties": [],
                        "typeProperties": {
                            "storedProcedureName": "[[Integrations].[MergePurchaseOrderRecords]",
                            "storedProcedureParameters": {
                                "DataSource": {
                                    "value": {
                                        "value": "@pipeline().parameters.DatasetPO",
                                        "type": "Expression"
                                    },
                                    "type": "String"
                                }
                            }
                        },
                        "linkedServiceName": {
                            "referenceName": "CognitiveRx_Configurable",
                            "type": "LinkedServiceReference",
                            "parameters": {
                                "KeyVaultSecret": {
                                    "value": "@pipeline().parameters.TargetSecret",
                                    "type": "Expression"
                                }
                            }
                        }
                    },
                    {
                        "name": "Insert Customer Item Price",
                        "type": "SqlServerStoredProcedure",
                        "dependsOn": [
                            {
                                "activity": "Merge Purchase Orders",
                                "dependencyConditions": [
                                    "Succeeded"
                                ]
                            }
                        ],
                        "policy": {
                            "timeout": "7.00:00:00",
                            "retry": 0,
                            "retryIntervalInSeconds": 30,
                            "secureOutput": false,
                            "secureInput": false
                        },
                        "userProperties": [],
                        "typeProperties": {
                            "storedProcedureName": "[[Integrations].[MergeAquisitionCost_Premier]",
                            "storedProcedureParameters": {
                                "DataSource": {
                                    "value": {
                                        "value": "@pipeline().parameters.DatasetInvoice",
                                        "type": "Expression"
                                    },
                                    "type": "String"
                                }
                            }
                        },
                        "linkedServiceName": {
                            "referenceName": "CognitiveRx_Configurable",
                            "type": "LinkedServiceReference",
                            "parameters": {
                                "KeyVaultSecret": {
                                    "value": "@pipeline().parameters.TargetSecret",
                                    "type": "Expression"
                                }
                            }
                        }
                    },
                    {
                        "name": "Clearout Purchase Orders and Invoices",
                        "type": "SqlServerStoredProcedure",
                        "dependsOn": [],
                        "policy": {
                            "timeout": "7.00:00:00",
                            "retry": 0,
                            "retryIntervalInSeconds": 30,
                            "secureOutput": false,
                            "secureInput": false
                        },
                        "userProperties": [],
                        "typeProperties": {
                            "storedProcedureName": "[[Premier].[ClearPoAndInvoices]"
                        },
                        "linkedServiceName": {
                            "referenceName": "CognitiveRx_Configurable",
                            "type": "LinkedServiceReference",
                            "parameters": {
                                "KeyVaultSecret": {
                                    "value": "@pipeline().parameters.TargetSecret",
                                    "type": "Expression"
                                }
                            }
                        }
                    }
                ],
                "policy": {
                    "elapsedTimeMetric": {},
                    "cancelAfter": {}
                },
                "parameters": {
                    "HealthSystemID": {
                        "type": "string",
                        "defaultValue": "NY5011"
                    },
                    "TargetSecret": {
                        "type": "string",
                        "defaultValue": "Secret-CogRX-DB-CombinedApp"
                    },
                    "DatasetInvoice": {
                        "type": "string",
                        "defaultValue": "PremierWholesaleInvoice"
                    },
                    "DatasetPO": {
                        "type": "string",
                        "defaultValue": "PremierWholesalePO"
                    },
                    "FacilityDirectParentID": {
                        "type": "string"
                    }
                },
                "variables": {
                    "CustomerNameSql": {
                        "type": "String"
                    },
                    "InvoiceSql": {
                        "type": "String"
                    }
                },
                "folder": {
                    "name": "Combineddb"
                },
                "annotations": [],
                "lastPublishTime": "2022-05-31T07:15:50Z"
            },
            "dependsOn": []
        },
        {
            "name": "[concat(parameters('factoryName'), '/History load backup')]",
            "type": "Microsoft.DataFactory/factories/pipelines",
            "apiVersion": "2018-06-01",
            "properties": {
                "activities": [
                    {
                        "name": "Script1",
                        "type": "Script",
                        "dependsOn": [],
                        "policy": {
                            "timeout": "7.00:00:00",
                            "retry": 0,
                            "retryIntervalInSeconds": 30,
                            "secureOutput": false,
                            "secureInput": false
                        },
                        "userProperties": [],
                        "linkedServiceName": {
                            "referenceName": "NationalWholesale",
                            "type": "LinkedServiceReference"
                        },
                        "typeProperties": {
                            "scripts": [
                                {
                                    "type": "NonQuery",
                                    "text": "select * into \nPremier.WholesalerInvoicesfullload_bkp\nfrom Premier.WholesalerInvoices"
                                }
                            ]
                        }
                    }
                ],
                "policy": {
                    "elapsedTimeMetric": {},
                    "cancelAfter": {}
                },
                "annotations": [],
                "lastPublishTime": "2022-08-21T14:35:23Z"
            },
            "dependsOn": []
        },
        {
            "name": "[concat(parameters('factoryName'), '/pipeline4')]",
            "type": "Microsoft.DataFactory/factories/pipelines",
            "apiVersion": "2018-06-01",
            "properties": {
                "activities": [
                    {
                        "name": "Get Metadata1",
                        "type": "GetMetadata",
                        "dependsOn": [],
                        "policy": {
                            "timeout": "0.12:00:00",
                            "retry": 0,
                            "retryIntervalInSeconds": 30,
                            "secureOutput": false,
                            "secureInput": false
                        },
                        "userProperties": [],
                        "typeProperties": {
                            "dataset": {
                                "referenceName": "DelimitedText4",
                                "type": "DatasetReference",
                                "parameters": {
                                    "Folder": "@triggerBody().folderPath",
                                    "Filename": "@triggerBody().fileName"
                                }
                            },
                            "fieldList": [
                                "childItems"
                            ],
                            "storeSettings": {
                                "type": "AzureBlobStorageReadSettings",
                                "recursive": true,
                                "enablePartitionDiscovery": false
                            },
                            "formatSettings": {
                                "type": "DelimitedTextReadSettings"
                            }
                        }
                    }
                ],
                "policy": {
                    "elapsedTimeMetric": {},
                    "cancelAfter": {}
                },
                "annotations": [],
                "lastPublishTime": "2022-12-01T05:09:17Z"
            },
            "dependsOn": []
        },
        {
            "name": "[concat(parameters('factoryName'), '/PremierWholesaleData_Extract')]",
            "type": "Microsoft.DataFactory/factories/datasets",
            "apiVersion": "2018-06-01",
            "properties": {
                "linkedServiceName": {
                    "referenceName": "Pharmacy_ADL",
                    "type": "LinkedServiceReference"
                },
                "parameters": {
                    "FileName": {
                        "type": "string"
                    },
                    "Path": {
                        "type": "string"
                    }
                },
                "folder": {
                    "name": "Others"
                },
                "annotations": [],
                "type": "DelimitedText",
                "typeProperties": {
                    "location": {
                        "type": "AzureDataLakeStoreLocation",
                        "fileName": {
                            "value": "@dataset().FileName",
                            "type": "Expression"
                        },
                        "folderPath": {
                            "value": "@dataset().Path",
                            "type": "Expression"
                        }
                    },
                    "columnDelimiter": "\t",
                    "escapeChar": "\\",
                    "firstRowAsHeader": true,
                    "quoteChar": "\""
                },
                "schema": [
                    {
                        "name": "HealthSystemID",
                        "type": "String"
                    },
                    {
                        "name": "FacilityDirectParentID",
                        "type": "String"
                    },
                    {
                        "name": "FacilityID",
                        "type": "String"
                    },
                    {
                        "name": "FacilityCity",
                        "type": "String"
                    },
                    {
                        "name": "FacilityState",
                        "type": "String"
                    },
                    {
                        "name": "Ndc",
                        "type": "String"
                    },
                    {
                        "name": "BrandName",
                        "type": "String"
                    },
                    {
                        "name": "GenericName",
                        "type": "String"
                    },
                    {
                        "name": "LabelName",
                        "type": "String"
                    },
                    {
                        "name": "WholesalerPurchaseType",
                        "type": "String"
                    },
                    {
                        "name": "WholesalerLoadPrice",
                        "type": "String"
                    },
                    {
                        "name": "Supplier",
                        "type": "String"
                    },
                    {
                        "name": "InvoiceDate",
                        "type": "String"
                    },
                    {
                        "name": "InvoiceNumber",
                        "type": "String"
                    },
                    {
                        "name": "InvoicePrice",
                        "type": "String"
                    },
                    {
                        "name": "Wholesaler",
                        "type": "String"
                    },
                    {
                        "name": "DistributionCenterName",
                        "type": "String"
                    },
                    {
                        "name": "WholesalerAccountNumber",
                        "type": "String"
                    },
                    {
                        "name": "WholesalerAccountName",
                        "type": "String"
                    },
                    {
                        "name": "LineNumberfromInvoice",
                        "type": "String"
                    },
                    {
                        "name": "ContractLeadName",
                        "type": "String"
                    },
                    {
                        "name": "ServiceProviderClass",
                        "type": "String"
                    },
                    {
                        "name": "ShipMethod",
                        "type": "String"
                    },
                    {
                        "name": "ShippingDate",
                        "type": "String"
                    },
                    {
                        "name": "WholesalerPkgQty",
                        "type": "String"
                    },
                    {
                        "name": "WholesalerOrderLineNumber",
                        "type": "String"
                    },
                    {
                        "name": "WholesalerCatalogNumber",
                        "type": "String"
                    },
                    {
                        "name": "PremierAwardStatus",
                        "type": "String"
                    },
                    {
                        "name": "PremierContractNumber",
                        "type": "String"
                    },
                    {
                        "name": "TotalUnits",
                        "type": "String"
                    },
                    {
                        "name": "TotalSpend",
                        "type": "String"
                    },
                    {
                        "name": "QuantityOrdered",
                        "type": "String"
                    },
                    {
                        "name": "PipelineId",
                        "type": "String"
                    },
                    {
                        "name": "OriginalFileName",
                        "type": "String"
                    },
                    {
                        "name": "AdlPath",
                        "type": "String"
                    }
                ]
            },
            "dependsOn": []
        },
        {
            "name": "[concat(parameters('factoryName'), '/premierwholesaledatastage2')]",
            "type": "Microsoft.DataFactory/factories/datasets",
            "apiVersion": "2018-06-01",
            "properties": {
                "linkedServiceName": {
                    "referenceName": "Pharmacy_ADL",
                    "type": "LinkedServiceReference"
                },
                "folder": {
                    "name": "Others"
                },
                "annotations": [],
                "type": "Binary",
                "typeProperties": {
                    "location": {
                        "type": "AzureDataLakeStoreLocation",
                        "folderPath": "stg/Premier/WholeSaleData"
                    }
                }
            },
            "dependsOn": []
        },
        {
            "name": "[concat(parameters('factoryName'), '/FilesInFolder_ADL')]",
            "type": "Microsoft.DataFactory/factories/datasets",
            "apiVersion": "2018-06-01",
            "properties": {
                "linkedServiceName": {
                    "referenceName": "Pharmacy_ADL",
                    "type": "LinkedServiceReference"
                },
                "parameters": {
                    "Path": {
                        "type": "string"
                    },
                    "WildCardFileName": {
                        "type": "string"
                    }
                },
                "folder": {
                    "name": "Others"
                },
                "annotations": [],
                "type": "Binary",
                "typeProperties": {
                    "location": {
                        "type": "AzureDataLakeStoreLocation",
                        "fileName": {
                            "value": "@dataset().WildCardFileName",
                            "type": "Expression"
                        },
                        "folderPath": {
                            "value": "@dataset().Path",
                            "type": "Expression"
                        }
                    }
                }
            },
            "dependsOn": []
        },
        {
            "name": "[concat(parameters('factoryName'), '/HierarchyReport_Adl')]",
            "type": "Microsoft.DataFactory/factories/datasets",
            "apiVersion": "2018-06-01",
            "properties": {
                "linkedServiceName": {
                    "referenceName": "Pharmacy_ADL",
                    "type": "LinkedServiceReference"
                },
                "parameters": {
                    "Path": {
                        "type": "string"
                    },
                    "FileName": {
                        "type": "string"
                    }
                },
                "folder": {
                    "name": "HierarchyReport"
                },
                "annotations": [],
                "type": "DelimitedText",
                "typeProperties": {
                    "location": {
                        "type": "AzureDataLakeStoreLocation",
                        "fileName": {
                            "value": "@dataset().FileName",
                            "type": "Expression"
                        },
                        "folderPath": {
                            "value": "@dataset().Path",
                            "type": "Expression"
                        }
                    },
                    "columnDelimiter": "\t",
                    "escapeChar": "\\",
                    "firstRowAsHeader": true,
                    "quoteChar": "\""
                },
                "schema": [
                    {
                        "name": "Health System",
                        "type": "String"
                    },
                    {
                        "name": "Health System ID",
                        "type": "String"
                    },
                    {
                        "name": "Facility Direct Parent",
                        "type": "String"
                    },
                    {
                        "name": "Facility Direct Parent ID",
                        "type": "String"
                    },
                    {
                        "name": "Facility Name",
                        "type": "String"
                    },
                    {
                        "name": "Facility ID",
                        "type": "String"
                    }
                ]
            },
            "dependsOn": []
        },
        {
            "name": "[concat(parameters('factoryName'), '/PremierWholesaleDataADLA')]",
            "type": "Microsoft.DataFactory/factories/datasets",
            "apiVersion": "2018-06-01",
            "properties": {
                "linkedServiceName": {
                    "referenceName": "Pharmacy_ADL",
                    "type": "LinkedServiceReference"
                },
                "folder": {
                    "name": "Others"
                },
                "annotations": [],
                "type": "DelimitedText",
                "typeProperties": {
                    "location": {
                        "type": "AzureDataLakeStoreLocation",
                        "fileName": "PREMIER-.*",
                        "folderPath": "stg/Premier/WholeSaleData"
                    },
                    "columnDelimiter": "\t",
                    "escapeChar": "\\",
                    "firstRowAsHeader": true,
                    "quoteChar": "\""
                },
                "schema": [
                    {
                        "name": "Health System ID\tFacility Direct Parent ID\tFacility ID\tFacility City\tFacility State\tNDC\tBrand Name\tGeneric Name\tLabel Name\tWholesaler Purchase Type\tWholesaler Load Price\tSupplier\tInvoice Date\tInvoice Number\tInvoice Price\tWholesaler\tDistribution Center Name\tWholesaler Account Number\tWholesaler Account Name\tLine Number from Invoice\tContract Lead Name\tService Provider Class\tShip Method\tShipping Date\tWholesaler Pkg Qty\tWholesaler Order Line Number\tWholesaler Catalog Number\tPremier Award Status\tPremier Contract Number\tTotal Units\tTotal Spend\tQuantity Ordered",
                        "type": "String"
                    }
                ]
            },
            "dependsOn": []
        },
        {
            "name": "[concat(parameters('factoryName'), '/PremierWholesaleDataRaw_ADL')]",
            "type": "Microsoft.DataFactory/factories/datasets",
            "apiVersion": "2018-06-01",
            "properties": {
                "linkedServiceName": {
                    "referenceName": "Pharmacy_ADL",
                    "type": "LinkedServiceReference"
                },
                "parameters": {
                    "Path": {
                        "type": "string"
                    }
                },
                "folder": {
                    "name": "Others"
                },
                "annotations": [],
                "type": "Binary",
                "typeProperties": {
                    "location": {
                        "type": "AzureDataLakeStoreLocation",
                        "folderPath": {
                            "value": "@dataset().Path",
                            "type": "Expression"
                        }
                    }
                }
            },
            "dependsOn": []
        },
        {
            "name": "[concat(parameters('factoryName'), '/IncidentsNdc_Source')]",
            "type": "Microsoft.DataFactory/factories/datasets",
            "apiVersion": "2018-06-01",
            "properties": {
                "linkedServiceName": {
                    "referenceName": "NationalWholesale",
                    "type": "LinkedServiceReference"
                },
                "folder": {
                    "name": "PriceDisruptions"
                },
                "annotations": [],
                "type": "AzureSqlTable",
                "schema": [
                    {
                        "name": "Ndc",
                        "type": "varchar"
                    },
                    {
                        "name": "HealthSystemId",
                        "type": "varchar"
                    },
                    {
                        "name": "Gpi10",
                        "type": "varchar"
                    },
                    {
                        "name": "GpiName",
                        "type": "varchar"
                    },
                    {
                        "name": "DrugStrength",
                        "type": "varchar"
                    },
                    {
                        "name": "AvgPrice",
                        "type": "money",
                        "precision": 19,
                        "scale": 4
                    },
                    {
                        "name": "Inc_Days",
                        "type": "int",
                        "precision": 10
                    },
                    {
                        "name": "MissingDollars",
                        "type": "money",
                        "precision": 19,
                        "scale": 4
                    },
                    {
                        "name": "MissingUnits",
                        "type": "int",
                        "precision": 10
                    },
                    {
                        "name": "GeneratedDate",
                        "type": "datetime",
                        "precision": 23,
                        "scale": 3
                    }
                ],
                "typeProperties": {
                    "schema": "PriceDisruptions",
                    "table": "IncidentsNdc"
                }
            },
            "dependsOn": []
        },
        {
            "name": "[concat(parameters('factoryName'), '/AvgPrices_Source')]",
            "type": "Microsoft.DataFactory/factories/datasets",
            "apiVersion": "2018-06-01",
            "properties": {
                "linkedServiceName": {
                    "referenceName": "NationalWholesale",
                    "type": "LinkedServiceReference"
                },
                "folder": {
                    "name": "PriceDisruptions"
                },
                "annotations": [],
                "type": "AzureSqlTable",
                "schema": [
                    {
                        "name": "Ndc",
                        "type": "varchar"
                    },
                    {
                        "name": "AvgPrice",
                        "type": "money",
                        "precision": 19,
                        "scale": 4
                    },
                    {
                        "name": "GeneratedDate",
                        "type": "datetime",
                        "precision": 23,
                        "scale": 3
                    }
                ],
                "typeProperties": {
                    "schema": "PriceDisruptions",
                    "table": "AvgPrices"
                }
            },
            "dependsOn": []
        },
        {
            "name": "[concat(parameters('factoryName'), '/IncidentsGpiMfr_Source')]",
            "type": "Microsoft.DataFactory/factories/datasets",
            "apiVersion": "2018-06-01",
            "properties": {
                "linkedServiceName": {
                    "referenceName": "NationalWholesale",
                    "type": "LinkedServiceReference"
                },
                "folder": {
                    "name": "PriceDisruptions"
                },
                "annotations": [],
                "type": "AzureSqlTable",
                "schema": [
                    {
                        "name": "GpiName",
                        "type": "varchar"
                    },
                    {
                        "name": "Mfr",
                        "type": "varchar"
                    },
                    {
                        "name": "HealthSystemId",
                        "type": "varchar"
                    },
                    {
                        "name": "FacilityState",
                        "type": "char"
                    },
                    {
                        "name": "Gpi10",
                        "type": "varchar"
                    },
                    {
                        "name": "Inc_Days",
                        "type": "int",
                        "precision": 10
                    },
                    {
                        "name": "MissingDollars",
                        "type": "money",
                        "precision": 19,
                        "scale": 4
                    },
                    {
                        "name": "MissingUnits",
                        "type": "int",
                        "precision": 10
                    },
                    {
                        "name": "GeneratedDate",
                        "type": "datetime",
                        "precision": 23,
                        "scale": 3
                    }
                ],
                "typeProperties": {
                    "schema": "PriceDisruptions",
                    "table": "IncidentsGpiMfr"
                }
            },
            "dependsOn": []
        },
        {
            "name": "[concat(parameters('factoryName'), '/ResultsNdc_Source')]",
            "type": "Microsoft.DataFactory/factories/datasets",
            "apiVersion": "2018-06-01",
            "properties": {
                "linkedServiceName": {
                    "referenceName": "NationalWholesale",
                    "type": "LinkedServiceReference"
                },
                "folder": {
                    "name": "PriceDisruptions"
                },
                "annotations": [],
                "type": "AzureSqlTable",
                "schema": [
                    {
                        "name": "Ndc",
                        "type": "varchar"
                    },
                    {
                        "name": "HealthSystemId",
                        "type": "varchar"
                    },
                    {
                        "name": "Gpi10",
                        "type": "varchar"
                    },
                    {
                        "name": "GpiName",
                        "type": "varchar"
                    },
                    {
                        "name": "DrugStrength",
                        "type": "varchar"
                    },
                    {
                        "name": "AvgPrice",
                        "type": "money",
                        "precision": 19,
                        "scale": 4
                    },
                    {
                        "name": "Inc_Days",
                        "type": "int",
                        "precision": 10
                    },
                    {
                        "name": "MissingDollars",
                        "type": "money",
                        "precision": 19,
                        "scale": 4
                    },
                    {
                        "name": "MissingUnits",
                        "type": "int",
                        "precision": 10
                    },
                    {
                        "name": "HsCount",
                        "type": "int",
                        "precision": 10
                    },
                    {
                        "name": "HsMax",
                        "type": "int",
                        "precision": 10
                    },
                    {
                        "name": "IncPerDay",
                        "type": "decimal",
                        "precision": 14,
                        "scale": 6
                    },
                    {
                        "name": "IncPerDay_NoTop",
                        "type": "decimal",
                        "precision": 15,
                        "scale": 6
                    },
                    {
                        "name": "Spread",
                        "type": "decimal",
                        "precision": 24,
                        "scale": 13
                    },
                    {
                        "name": "GeneratedDate",
                        "type": "datetime",
                        "precision": 23,
                        "scale": 3
                    }
                ],
                "typeProperties": {
                    "schema": "PriceDisruptions",
                    "table": "ResultsNdc"
                }
            },
            "dependsOn": []
        },
        {
            "name": "[concat(parameters('factoryName'), '/GenericLookupMasterData')]",
            "type": "Microsoft.DataFactory/factories/datasets",
            "apiVersion": "2018-06-01",
            "properties": {
                "linkedServiceName": {
                    "referenceName": "MasterDataSyncControl",
                    "type": "LinkedServiceReference"
                },
                "folder": {
                    "name": "Others"
                },
                "annotations": [],
                "type": "AzureSqlTable",
                "schema": [],
                "typeProperties": {
                    "schema": "SyncControl",
                    "table": "SecretsByDataFactory_vw"
                }
            },
            "dependsOn": []
        },
        {
            "name": "[concat(parameters('factoryName'), '/HierarchyReport_Raw')]",
            "type": "Microsoft.DataFactory/factories/datasets",
            "apiVersion": "2018-06-01",
            "properties": {
                "linkedServiceName": {
                    "referenceName": "Pharmacy_ADL",
                    "type": "LinkedServiceReference"
                },
                "parameters": {
                    "Path": {
                        "type": "string"
                    },
                    "FileName": {
                        "type": "string"
                    }
                },
                "folder": {
                    "name": "HierarchyReport"
                },
                "annotations": [],
                "type": "Binary",
                "typeProperties": {
                    "location": {
                        "type": "AzureDataLakeStoreLocation",
                        "fileName": {
                            "value": "@dataset().FileName",
                            "type": "Expression"
                        },
                        "folderPath": {
                            "value": "@dataset().Path",
                            "type": "Expression"
                        }
                    }
                }
            },
            "dependsOn": []
        },
        {
            "name": "[concat(parameters('factoryName'), '/Premier_Extract_DateFile')]",
            "type": "Microsoft.DataFactory/factories/datasets",
            "apiVersion": "2018-06-01",
            "properties": {
                "linkedServiceName": {
                    "referenceName": "Pharmacy_ADL",
                    "type": "LinkedServiceReference"
                },
                "parameters": {
                    "Path": {
                        "type": "string"
                    },
                    "FileName": {
                        "type": "string"
                    }
                },
                "folder": {
                    "name": "Others"
                },
                "annotations": [],
                "type": "DelimitedText",
                "typeProperties": {
                    "location": {
                        "type": "AzureDataLakeStoreLocation",
                        "fileName": {
                            "value": "@dataset().FileName",
                            "type": "Expression"
                        },
                        "folderPath": {
                            "value": "@dataset().Path",
                            "type": "Expression"
                        }
                    },
                    "columnDelimiter": "\t",
                    "escapeChar": "\\",
                    "firstRowAsHeader": true,
                    "quoteChar": "\""
                },
                "schema": [
                    {
                        "name": "MinDate",
                        "type": "String"
                    }
                ]
            },
            "dependsOn": []
        },
        {
            "name": "[concat(parameters('factoryName'), '/ContractCount_Source')]",
            "type": "Microsoft.DataFactory/factories/datasets",
            "apiVersion": "2018-06-01",
            "properties": {
                "linkedServiceName": {
                    "referenceName": "NationalWholesale",
                    "type": "LinkedServiceReference"
                },
                "folder": {
                    "name": "PriceDisruptions"
                },
                "annotations": [],
                "type": "AzureSqlTable",
                "schema": [
                    {
                        "name": "GpiName",
                        "type": "varchar"
                    },
                    {
                        "name": "ContractCount",
                        "type": "int",
                        "precision": 10
                    },
                    {
                        "name": "GeneratedDate",
                        "type": "datetime",
                        "precision": 23,
                        "scale": 3
                    }
                ],
                "typeProperties": {
                    "schema": "PriceDisruptions",
                    "table": "ContractCount"
                }
            },
            "dependsOn": []
        }
    ]
}