{
    "$schema": "http://schema.management.azure.com/schemas/2015-01-01/deploymentTemplate.json#",
    "contentVersion": "1.0.0.0",
    "parameters": {
        "factoryName": {
            "type": "string",
            "metadata": "Data Factory name",
            "defaultValue": "adf-Premier-DataReceive-prod"
        }
    },
    "variables": {
        "factoryId": "[concat('Microsoft.DataFactory/factories/', parameters('factoryName'))]"
    },
    "resources": [
        {
            "name": "[concat(parameters('factoryName'), '/Ds_IPD_Blob_link_sink')]",
            "type": "Microsoft.DataFactory/factories/datasets",
            "apiVersion": "2018-06-01",
            "properties": {
                "linkedServiceName": {
                    "referenceName": "cogrx_external_prod_blob",
                    "type": "LinkedServiceReference"
                },
                "folder": {
                    "name": "Others"
                },
                "annotations": [],
                "type": "Excel",
                "typeProperties": {
                    "sheetName": "United States",
                    "location": {
                        "type": "AzureBlobStorageLocation",
                        "fileName": "IPD LifeCycle Forecast_2022 07 18.xlsx",
                        "folderPath": "IPDpatent",
                        "container": "premierdata"
                    },
                    "firstRowAsHeader": true
                },
                "schema": [
                    {
                        "name": "Brand Drug Name",
                        "type": "String"
                    },
                    {
                        "name": "Generic Name",
                        "type": "String"
                    },
                    {
                        "name": "Brand Company",
                        "type": "String"
                    },
                    {
                        "name": "Therapeutic Area",
                        "type": "String"
                    },
                    {
                        "name": "US Brand Sales ($bln)",
                        "type": "String"
                    },
                    {
                        "name": "Orange Book Patents",
                        "type": "String"
                    },
                    {
                        "name": "Pediatric Exclusivity",
                        "type": "String"
                    },
                    {
                        "name": "Patent Comments",
                        "type": "String"
                    },
                    {
                        "name": "Related Litigation Comments",
                        "type": "String"
                    },
                    {
                        "name": "Paragraph IV Certification",
                        "type": "String"
                    },
                    {
                        "name": "First ANDA Filer(s)",
                        "type": "String"
                    },
                    {
                        "name": "Other ANDA Filer(s)",
                        "type": "String"
                    },
                    {
                        "name": "DMF Filers",
                        "type": "String"
                    },
                    {
                        "name": "Litigation Status",
                        "type": "String"
                    },
                    {
                        "name": "30-Month Stay Expirations",
                        "type": "String"
                    },
                    {
                        "name": "Earliest Possible Generic Entrants(s)",
                        "type": "String"
                    },
                    {
                        "name": "Triggering Event",
                        "type": "String"
                    },
                    {
                        "name": "Earliest Possible Launch",
                        "type": "String"
                    },
                    {
                        "name": "Earliest Launch Probability",
                        "type": "String"
                    },
                    {
                        "name": "Expected Outlook for Generic Entry",
                        "type": "String"
                    },
                    {
                        "name": "Comments on Generic Entry",
                        "type": "String"
                    },
                    {
                        "name": "Estimated LOE",
                        "type": "String"
                    }
                ]
            },
            "dependsOn": []
        },
        {
            "name": "[concat(parameters('factoryName'), '/Ds_IPD_Sink_CSV')]",
            "type": "Microsoft.DataFactory/factories/datasets",
            "apiVersion": "2018-06-01",
            "properties": {
                "linkedServiceName": {
                    "referenceName": "cogrx_external_prod_blob",
                    "type": "LinkedServiceReference"
                },
                "folder": {
                    "name": "Others"
                },
                "annotations": [],
                "type": "DelimitedText",
                "typeProperties": {
                    "location": {
                        "type": "AzureBlobStorageLocation",
                        "fileName": "ipddata.csv",
                        "folderPath": "IPDpatent",
                        "container": "premierdata"
                    },
                    "columnDelimiter": ",",
                    "escapeChar": "\\",
                    "firstRowAsHeader": true,
                    "quoteChar": "\""
                },
                "schema": []
            },
            "dependsOn": []
        },
        {
            "name": "[concat(parameters('factoryName'), '/ds_devdemo_ipd_patent_sink')]",
            "type": "Microsoft.DataFactory/factories/datasets",
            "apiVersion": "2018-06-01",
            "properties": {
                "linkedServiceName": {
                    "referenceName": "LS_dev_demo_db",
                    "type": "LinkedServiceReference"
                },
                "folder": {
                    "name": "Others"
                },
                "annotations": [],
                "type": "AzureSqlTable",
                "schema": [
                    {
                        "name": "Brand Drug Name",
                        "type": "nvarchar"
                    },
                    {
                        "name": "Generic Name",
                        "type": "nvarchar"
                    },
                    {
                        "name": "Brand Company",
                        "type": "nvarchar"
                    },
                    {
                        "name": "Therapeutic Area",
                        "type": "nvarchar"
                    },
                    {
                        "name": "US Brand Sales ($bln)",
                        "type": "nvarchar"
                    },
                    {
                        "name": "Orange Book Patents",
                        "type": "nvarchar"
                    },
                    {
                        "name": "Pediatric Exclusivity",
                        "type": "nvarchar"
                    },
                    {
                        "name": "Patent Comments",
                        "type": "nvarchar"
                    },
                    {
                        "name": "Related Litigation Comments",
                        "type": "nvarchar"
                    },
                    {
                        "name": "Paragraph IV Certification",
                        "type": "nvarchar"
                    },
                    {
                        "name": "First ANDA Filer(s)",
                        "type": "nvarchar"
                    },
                    {
                        "name": "Other ANDA Filer(s)",
                        "type": "nvarchar"
                    },
                    {
                        "name": "DMF Filers",
                        "type": "nvarchar"
                    },
                    {
                        "name": "Litigation Status",
                        "type": "nvarchar"
                    },
                    {
                        "name": "30-Month Stay Expirations",
                        "type": "nvarchar"
                    },
                    {
                        "name": "Earliest Possible Generic Entrants(s)",
                        "type": "nvarchar"
                    },
                    {
                        "name": "Triggering Event",
                        "type": "nvarchar"
                    },
                    {
                        "name": "Earliest Possible Launch",
                        "type": "nvarchar"
                    },
                    {
                        "name": "Earliest Launch Probability",
                        "type": "nvarchar"
                    },
                    {
                        "name": "Expected Outlook for Generic Entry",
                        "type": "nvarchar"
                    },
                    {
                        "name": "Comments on Generic Entry",
                        "type": "nvarchar"
                    },
                    {
                        "name": "Estimated LOE",
                        "type": "nvarchar"
                    }
                ],
                "typeProperties": {
                    "schema": "dbo",
                    "table": "IPD_Patent"
                }
            },
            "dependsOn": []
        },
        {
            "name": "[concat(parameters('factoryName'), '/Wholesaler_Archive_backup')]",
            "type": "Microsoft.DataFactory/factories/datasets",
            "apiVersion": "2018-06-01",
            "properties": {
                "linkedServiceName": {
                    "referenceName": "cogrx_external_prod_blob",
                    "type": "LinkedServiceReference"
                },
                "folder": {
                    "name": "Others"
                },
                "annotations": [],
                "type": "DelimitedText",
                "typeProperties": {
                    "location": {
                        "type": "AzureBlobStorageLocation",
                        "container": "premierdata"
                    },
                    "columnDelimiter": ",",
                    "escapeChar": "\\",
                    "firstRowAsHeader": true,
                    "quoteChar": "\""
                },
                "schema": []
            },
            "dependsOn": []
        },
        {
            "name": "[concat(parameters('factoryName'), '/wholesaler_archive_backup_parquet')]",
            "type": "Microsoft.DataFactory/factories/datasets",
            "apiVersion": "2018-06-01",
            "properties": {
                "linkedServiceName": {
                    "referenceName": "cogrx_external_prod_blob",
                    "type": "LinkedServiceReference"
                },
                "folder": {
                    "name": "Others"
                },
                "annotations": [],
                "type": "Parquet",
                "typeProperties": {
                    "location": {
                        "type": "AzureBlobStorageLocation",
                        "folderPath": "WholesalerArchive",
                        "container": "premierdata"
                    },
                    "compressionCodec": "snappy"
                },
                "schema": []
            },
            "dependsOn": []
        },
        {
            "name": "[concat(parameters('factoryName'), '/ds_ipd_patent_Blob_Source')]",
            "type": "Microsoft.DataFactory/factories/datasets",
            "apiVersion": "2018-06-01",
            "properties": {
                "linkedServiceName": {
                    "referenceName": "cogrx_external_prod_blob",
                    "type": "LinkedServiceReference"
                },
                "folder": {
                    "name": "Others"
                },
                "annotations": [],
                "type": "Excel",
                "typeProperties": {
                    "sheetName": "Sheet1",
                    "location": {
                        "type": "AzureBlobStorageLocation",
                        "fileName": "IPD LifeCycle Forecast_2022 09 27_filtered.xlsx",
                        "folderPath": "IPDpatent",
                        "container": "premierdata"
                    },
                    "firstRowAsHeader": true
                },
                "schema": [
                    {
                        "name": "Brand Drug Name",
                        "type": "String"
                    },
                    {
                        "name": "Generic Name",
                        "type": "String"
                    },
                    {
                        "name": "Brand Company",
                        "type": "String"
                    },
                    {
                        "name": "Therapeutic Area",
                        "type": "String"
                    },
                    {
                        "name": "US Brand Sales ($bln)",
                        "type": "String"
                    },
                    {
                        "name": "Orange Book Patents",
                        "type": "String"
                    },
                    {
                        "name": "Pediatric Exclusivity",
                        "type": "String"
                    },
                    {
                        "name": "Patent Comments",
                        "type": "String"
                    },
                    {
                        "name": "Related Litigation Comments",
                        "type": "String"
                    },
                    {
                        "name": "Paragraph IV Certification",
                        "type": "String"
                    },
                    {
                        "name": "First ANDA Filer(s)",
                        "type": "String"
                    },
                    {
                        "name": "Other ANDA Filer(s)",
                        "type": "String"
                    },
                    {
                        "name": "DMF Filers",
                        "type": "String"
                    },
                    {
                        "name": "Litigation Status",
                        "type": "String"
                    },
                    {
                        "name": "30-Month Stay Expirations",
                        "type": "String"
                    },
                    {
                        "name": "Earliest Possible Generic Entrants(s)",
                        "type": "String"
                    },
                    {
                        "name": "Triggering Event",
                        "type": "String"
                    },
                    {
                        "name": "Earliest Possible Launch",
                        "type": "String"
                    },
                    {
                        "name": "Earliest Launch Probability",
                        "type": "String"
                    },
                    {
                        "name": "Expected Outlook for Generic Entry",
                        "type": "String"
                    },
                    {
                        "name": "Comments on Generic Entry",
                        "type": "String"
                    },
                    {
                        "name": "Estimated LOE",
                        "type": "String"
                    }
                ]
            },
            "dependsOn": []
        },
        {
            "name": "[concat(parameters('factoryName'), '/HierarchyReport_SFTP_sp1')]",
            "type": "Microsoft.DataFactory/factories/datasets",
            "apiVersion": "2018-06-01",
            "properties": {
                "linkedServiceName": {
                    "referenceName": "CentralDataFactoryComponentStorageAccount",
                    "type": "LinkedServiceReference"
                },
                "parameters": {
                    "Path": {
                        "type": "string"
                    },
                    "FileName": {
                        "type": "string"
                    }
                },
                "folder": {
                    "name": "Corporate Tenant/HierarchyReport"
                },
                "annotations": [],
                "type": "Binary",
                "typeProperties": {
                    "location": {
                        "type": "AzureBlobStorageLocation",
                        "fileName": {
                            "value": "@dataset().FileName",
                            "type": "Expression"
                        },
                        "container": {
                            "value": "@dataset().Path",
                            "type": "Expression"
                        }
                    }
                }
            },
            "dependsOn": []
        },
        {
            "name": "[concat(parameters('factoryName'), '/PremierWholesaledata_copy1')]",
            "type": "Microsoft.DataFactory/factories/datasets",
            "apiVersion": "2018-06-01",
            "properties": {
                "linkedServiceName": {
                    "referenceName": "CentralDataFactoryComponentStorageAccount",
                    "type": "LinkedServiceReference"
                },
                "folder": {
                    "name": "Corporate Tenant/Others"
                },
                "annotations": [],
                "type": "DelimitedText",
                "typeProperties": {
                    "location": {
                        "type": "AzureBlobStorageLocation",
                        "folderPath": "WholeSaleData/2020/11/11",
                        "container": "premierdata"
                    },
                    "columnDelimiter": "\t",
                    "escapeChar": "\\",
                    "firstRowAsHeader": true,
                    "quoteChar": "\""
                },
                "schema": [
                    {
                        "name": "Health System ID\tFacility Direct Parent ID\tFacility ID\tFacility City\tFacility State\tNDC\tBrand Name\tGeneric Name\tLabel Name\tWholesaler Purchase Type\tWholesaler Load Price\tSupplier\tInvoice Date\tInvoice Number\tInvoice Price\tWholesaler\tDistribution Center Name\tWholesaler Account Number\tWholesaler Account Name\tLine Number from Invoice\tContract Lead Name\tService Provider Class\tShip Method\tShipping Date\tWholesaler Pkg Qty\tWholesaler Order Line Number\tWholesaler Catalog Number\tPremier Award Status\tPremier Contract Number\tTotal Units\tTotal Spend\tQuantity Ordered",
                        "type": "String"
                    }
                ]
            },
            "dependsOn": []
        },
        {
            "name": "[concat(parameters('factoryName'), '/FilesInFolder_Blob_copy1')]",
            "type": "Microsoft.DataFactory/factories/datasets",
            "apiVersion": "2018-06-01",
            "properties": {
                "linkedServiceName": {
                    "referenceName": "premierwholesaledatasource",
                    "type": "LinkedServiceReference"
                },
                "parameters": {
                    "Filename": {
                        "type": "string"
                    },
                    "BlobPath": {
                        "type": "string"
                    }
                },
                "folder": {
                    "name": "Corporate Tenant/Others"
                },
                "annotations": [],
                "type": "Binary",
                "typeProperties": {
                    "location": {
                        "type": "AzureBlobFSLocation",
                        "fileName": {
                            "value": "@dataset().Filename",
                            "type": "Expression"
                        },
                        "fileSystem": {
                            "value": "@dataset().BlobPath",
                            "type": "Expression"
                        }
                    }
                }
            },
            "dependsOn": []
        },
        {
            "name": "[concat(parameters('factoryName'), '/Ds_IPD_Sink_CSV_copy1')]",
            "type": "Microsoft.DataFactory/factories/datasets",
            "apiVersion": "2018-06-01",
            "properties": {
                "linkedServiceName": {
                    "referenceName": "cogrx_external_prod_blob",
                    "type": "LinkedServiceReference"
                },
                "folder": {
                    "name": "Corporate Tenant/Others"
                },
                "annotations": [],
                "type": "DelimitedText",
                "typeProperties": {
                    "location": {
                        "type": "AzureBlobStorageLocation",
                        "fileName": "ipddata.csv",
                        "folderPath": "IPDpatent",
                        "container": "premierdata"
                    },
                    "columnDelimiter": ",",
                    "escapeChar": "\\",
                    "firstRowAsHeader": true,
                    "quoteChar": "\""
                },
                "schema": []
            },
            "dependsOn": []
        },
        {
            "name": "[concat(parameters('factoryName'), '/Ds_Dummy_trigger_Sink_copy1')]",
            "type": "Microsoft.DataFactory/factories/datasets",
            "apiVersion": "2018-06-01",
            "properties": {
                "linkedServiceName": {
                    "referenceName": "cogrx_external_prod_blob",
                    "type": "LinkedServiceReference"
                },
                "parameters": {
                    "Filename": {
                        "type": "string"
                    }
                },
                "folder": {
                    "name": "Corporate Tenant/Others"
                },
                "annotations": [],
                "type": "DelimitedText",
                "typeProperties": {
                    "location": {
                        "type": "AzureBlobStorageLocation",
                        "fileName": {
                            "value": "@dataset().Filename",
                            "type": "Expression"
                        },
                        "folderPath": "WholesaleDataEOF",
                        "container": "premierdata"
                    },
                    "columnDelimiter": ",",
                    "escapeChar": "\\",
                    "quoteChar": "\""
                },
                "schema": []
            },
            "dependsOn": []
        },
        {
            "name": "[concat(parameters('factoryName'), '/Gx_data_copy1')]",
            "type": "Microsoft.DataFactory/factories/datasets",
            "apiVersion": "2018-06-01",
            "properties": {
                "linkedServiceName": {
                    "referenceName": "cogrx_external_prod_blob",
                    "type": "LinkedServiceReference"
                },
                "parameters": {
                    "Dfile": {
                        "type": "string"
                    },
                    "Dpath": {
                        "type": "string"
                    }
                },
                "folder": {
                    "name": "Corporate Tenant/Others"
                },
                "annotations": [],
                "type": "DelimitedText",
                "typeProperties": {
                    "location": {
                        "type": "AzureBlobStorageLocation",
                        "fileName": {
                            "value": "@dataset().Dfile",
                            "type": "Expression"
                        },
                        "folderPath": {
                            "value": "@dataset().Dpath",
                            "type": "Expression"
                        },
                        "container": "premierdata"
                    },
                    "columnDelimiter": "\t",
                    "escapeChar": "\\",
                    "firstRowAsHeader": true,
                    "quoteChar": "\""
                },
                "schema": []
            },
            "dependsOn": []
        },
        {
            "name": "[concat(parameters('factoryName'), '/ds_rxspend_dev_binary_copy1')]",
            "type": "Microsoft.DataFactory/factories/datasets",
            "apiVersion": "2018-06-01",
            "properties": {
                "linkedServiceName": {
                    "referenceName": "ls_dev_storage_gen2",
                    "type": "LinkedServiceReference"
                },
                "folder": {
                    "name": "Corporate Tenant/Others"
                },
                "annotations": [],
                "type": "Binary",
                "typeProperties": {
                    "location": {
                        "type": "AzureBlobStorageLocation",
                        "folderPath": "WholeSaleData/2022/04/01",
                        "container": "premierdata"
                    }
                }
            },
            "dependsOn": []
        },
        {
            "name": "[concat(parameters('factoryName'), '/ds_prod_rxspend_csv_binary_copy1')]",
            "type": "Microsoft.DataFactory/factories/datasets",
            "apiVersion": "2018-06-01",
            "properties": {
                "linkedServiceName": {
                    "referenceName": "cogrx_external_prod_blob",
                    "type": "LinkedServiceReference"
                },
                "folder": {
                    "name": "Corporate Tenant/Others"
                },
                "annotations": [],
                "type": "Binary",
                "typeProperties": {
                    "location": {
                        "type": "AzureBlobStorageLocation",
                        "folderPath": "WholeSaleData/2022/03/31",
                        "container": "premierdata"
                    }
                }
            },
            "dependsOn": []
        },
        {
            "name": "[concat(parameters('factoryName'), '/dataflow_ds_wholesaler_blob_copy1')]",
            "type": "Microsoft.DataFactory/factories/datasets",
            "apiVersion": "2018-06-01",
            "properties": {
                "linkedServiceName": {
                    "referenceName": "cogrx_external_prod_blob",
                    "type": "LinkedServiceReference"
                },
                "folder": {
                    "name": "Corporate Tenant/Others"
                },
                "annotations": [],
                "type": "DelimitedText",
                "typeProperties": {
                    "location": {
                        "type": "AzureBlobStorageLocation",
                        "folderPath": "WholeSaleData/2021/11/02",
                        "container": "premierdata"
                    },
                    "columnDelimiter": "\t",
                    "escapeChar": "\\",
                    "firstRowAsHeader": true,
                    "quoteChar": "\""
                },
                "schema": []
            },
            "dependsOn": []
        },
        {
            "name": "[concat(parameters('factoryName'), '/DelimitedText1_copy1')]",
            "type": "Microsoft.DataFactory/factories/datasets",
            "apiVersion": "2018-06-01",
            "properties": {
                "linkedServiceName": {
                    "referenceName": "AzureBlobStorage1",
                    "type": "LinkedServiceReference"
                },
                "folder": {
                    "name": "Corporate Tenant/Others"
                },
                "annotations": [],
                "type": "DelimitedText",
                "typeProperties": {
                    "location": {
                        "type": "AzureBlobStorageLocation",
                        "container": "wholesalerinput"
                    },
                    "columnDelimiter": ",",
                    "escapeChar": "\\",
                    "firstRowAsHeader": true,
                    "quoteChar": "\""
                },
                "schema": []
            },
            "dependsOn": []
        },
        {
            "name": "[concat(parameters('factoryName'), '/product_blob_location_copy1')]",
            "type": "Microsoft.DataFactory/factories/datasets",
            "apiVersion": "2018-06-01",
            "properties": {
                "linkedServiceName": {
                    "referenceName": "cogrx_external_prod_blob",
                    "type": "LinkedServiceReference"
                },
                "parameters": {
                    "Dfile": {
                        "type": "string"
                    },
                    "Dpath": {
                        "type": "string"
                    }
                },
                "folder": {
                    "name": "Corporate Tenant/Others"
                },
                "annotations": [],
                "type": "DelimitedText",
                "typeProperties": {
                    "location": {
                        "type": "AzureBlobStorageLocation",
                        "fileName": {
                            "value": "@dataset().Dfile",
                            "type": "Expression"
                        },
                        "folderPath": {
                            "value": "@dataset().Dpath",
                            "type": "Expression"
                        },
                        "container": "premierdata"
                    },
                    "columnDelimiter": "\t",
                    "escapeChar": "\\",
                    "firstRowAsHeader": true,
                    "quoteChar": "\""
                },
                "schema": []
            },
            "dependsOn": []
        },
        {
            "name": "[concat(parameters('factoryName'), '/PremierWholesaleData_SFTP_copy1')]",
            "type": "Microsoft.DataFactory/factories/datasets",
            "apiVersion": "2018-06-01",
            "properties": {
                "linkedServiceName": {
                    "referenceName": "premierwholesaledatasource",
                    "type": "LinkedServiceReference"
                },
                "parameters": {
                    "Path": {
                        "type": "string"
                    }
                },
                "folder": {
                    "name": "Corporate Tenant/Others"
                },
                "annotations": [],
                "type": "Binary",
                "typeProperties": {
                    "location": {
                        "type": "AzureBlobFSLocation",
                        "fileSystem": {
                            "value": "@dataset().Path",
                            "type": "Expression"
                        }
                    }
                }
            },
            "dependsOn": []
        },
        {
            "name": "[concat(parameters('factoryName'), '/Ds_IPD_Blob_link_source_copy1')]",
            "type": "Microsoft.DataFactory/factories/datasets",
            "apiVersion": "2018-06-01",
            "properties": {
                "linkedServiceName": {
                    "referenceName": "cogrx_external_prod_blob",
                    "type": "LinkedServiceReference"
                },
                "folder": {
                    "name": "Corporate Tenant/Others"
                },
                "annotations": [],
                "type": "Excel",
                "typeProperties": {
                    "location": {
                        "type": "AzureBlobStorageLocation",
                        "fileName": "IPD LifeCycle Forecast_2022 10 31_filtered.xlsx",
                        "folderPath": "IPDpatent",
                        "container": "premierdata"
                    },
                    "sheetIndex": 0,
                    "firstRowAsHeader": true
                },
                "schema": [
                    {
                        "name": "Brand Drug Name",
                        "type": "String"
                    },
                    {
                        "name": "Generic Name",
                        "type": "String"
                    },
                    {
                        "name": "Brand Company",
                        "type": "String"
                    },
                    {
                        "name": "Therapeutic Area",
                        "type": "String"
                    },
                    {
                        "name": "US Brand Sales ($bln)",
                        "type": "String"
                    },
                    {
                        "name": "Orange Book Patents",
                        "type": "String"
                    },
                    {
                        "name": "Pediatric Exclusivity",
                        "type": "String"
                    },
                    {
                        "name": "Patent Comments",
                        "type": "String"
                    },
                    {
                        "name": "Related Litigation Comments",
                        "type": "String"
                    },
                    {
                        "name": "Paragraph IV Certification",
                        "type": "String"
                    },
                    {
                        "name": "First ANDA Filer(s)",
                        "type": "String"
                    },
                    {
                        "name": "Other ANDA Filer(s)",
                        "type": "String"
                    },
                    {
                        "name": "DMF Filers",
                        "type": "String"
                    },
                    {
                        "name": "Litigation Status",
                        "type": "String"
                    },
                    {
                        "name": "30-Month Stay Expirations",
                        "type": "String"
                    },
                    {
                        "name": "Earliest Possible Generic Entrants(s)",
                        "type": "String"
                    },
                    {
                        "name": "Triggering Event",
                        "type": "String"
                    },
                    {
                        "name": "Earliest Possible Launch",
                        "type": "String"
                    },
                    {
                        "name": "Earliest Launch Probability",
                        "type": "String"
                    },
                    {
                        "name": "Expected Outlook for Generic Entry",
                        "type": "String"
                    },
                    {
                        "name": "Comments on Generic Entry",
                        "type": "String"
                    },
                    {
                        "name": "Estimated LOE",
                        "type": "String"
                    }
                ]
            },
            "dependsOn": []
        },
        {
            "name": "[concat(parameters('factoryName'), '/ds_devdemo_ipd_patent_sink_copy1')]",
            "type": "Microsoft.DataFactory/factories/datasets",
            "apiVersion": "2018-06-01",
            "properties": {
                "linkedServiceName": {
                    "referenceName": "LS_dev_demo_db",
                    "type": "LinkedServiceReference"
                },
                "folder": {
                    "name": "Corporate Tenant/Others"
                },
                "annotations": [],
                "type": "AzureSqlTable",
                "schema": [
                    {
                        "name": "Brand Drug Name",
                        "type": "nvarchar"
                    },
                    {
                        "name": "Generic Name",
                        "type": "nvarchar"
                    },
                    {
                        "name": "Brand Company",
                        "type": "nvarchar"
                    },
                    {
                        "name": "Therapeutic Area",
                        "type": "nvarchar"
                    },
                    {
                        "name": "US Brand Sales ($bln)",
                        "type": "nvarchar"
                    },
                    {
                        "name": "Orange Book Patents",
                        "type": "nvarchar"
                    },
                    {
                        "name": "Pediatric Exclusivity",
                        "type": "nvarchar"
                    },
                    {
                        "name": "Patent Comments",
                        "type": "nvarchar"
                    },
                    {
                        "name": "Related Litigation Comments",
                        "type": "nvarchar"
                    },
                    {
                        "name": "Paragraph IV Certification",
                        "type": "nvarchar"
                    },
                    {
                        "name": "First ANDA Filer(s)",
                        "type": "nvarchar"
                    },
                    {
                        "name": "Other ANDA Filer(s)",
                        "type": "nvarchar"
                    },
                    {
                        "name": "DMF Filers",
                        "type": "nvarchar"
                    },
                    {
                        "name": "Litigation Status",
                        "type": "nvarchar"
                    },
                    {
                        "name": "30-Month Stay Expirations",
                        "type": "nvarchar"
                    },
                    {
                        "name": "Earliest Possible Generic Entrants(s)",
                        "type": "nvarchar"
                    },
                    {
                        "name": "Triggering Event",
                        "type": "nvarchar"
                    },
                    {
                        "name": "Earliest Possible Launch",
                        "type": "nvarchar"
                    },
                    {
                        "name": "Earliest Launch Probability",
                        "type": "nvarchar"
                    },
                    {
                        "name": "Expected Outlook for Generic Entry",
                        "type": "nvarchar"
                    },
                    {
                        "name": "Comments on Generic Entry",
                        "type": "nvarchar"
                    },
                    {
                        "name": "Estimated LOE",
                        "type": "nvarchar"
                    }
                ],
                "typeProperties": {
                    "schema": "dbo",
                    "table": "IPD_Patent"
                }
            },
            "dependsOn": []
        }
    ]
}