{
    "$schema": "http://schema.management.azure.com/schemas/2015-01-01/deploymentTemplate.json#",
    "contentVersion": "1.0.0.0",
    "parameters": {
        "factoryName": {
            "type": "string",
            "metadata": "Data Factory name",
            "defaultValue": "adf-Premier-DataReceive-prod"
        }
    },
    "variables": {
        "factoryId": "[concat('Microsoft.DataFactory/factories/', parameters('factoryName'))]"
    },
    "resources": [
        {
            "name": "[concat(parameters('factoryName'), '/ResultsGpi_Source_sp1')]",
            "type": "Microsoft.DataFactory/factories/datasets",
            "apiVersion": "2018-06-01",
            "properties": {
                "linkedServiceName": {
                    "referenceName": "NationalWholesale",
                    "type": "LinkedServiceReference"
                },
                "folder": {
                    "name": "Corporate Tenant/PriceDisruptions"
                },
                "annotations": [],
                "type": "AzureSqlTable",
                "schema": [
                    {
                        "name": "GpiName",
                        "type": "varchar"
                    },
                    {
                        "name": "HealthSystemId",
                        "type": "varchar"
                    },
                    {
                        "name": "Gpi10",
                        "type": "varchar"
                    },
                    {
                        "name": "Inc_Days",
                        "type": "int",
                        "precision": 10
                    },
                    {
                        "name": "MissingDollars",
                        "type": "money",
                        "precision": 19,
                        "scale": 4
                    },
                    {
                        "name": "MissingUnits",
                        "type": "int",
                        "precision": 10
                    },
                    {
                        "name": "HsCount",
                        "type": "int",
                        "precision": 10
                    },
                    {
                        "name": "HsMax",
                        "type": "int",
                        "precision": 10
                    },
                    {
                        "name": "IncPerDay",
                        "type": "decimal",
                        "precision": 14,
                        "scale": 6
                    },
                    {
                        "name": "IncPerDay_NoTop",
                        "type": "decimal",
                        "precision": 15,
                        "scale": 6
                    },
                    {
                        "name": "Spread",
                        "type": "decimal",
                        "precision": 24,
                        "scale": 13
                    },
                    {
                        "name": "Filled",
                        "type": "int",
                        "precision": 10
                    },
                    {
                        "name": "ContractCount",
                        "type": "int",
                        "precision": 10
                    },
                    {
                        "name": "GeneratedDate",
                        "type": "datetime",
                        "precision": 23,
                        "scale": 3
                    },
                    {
                        "name": "ReportedDate",
                        "type": "datetime",
                        "precision": 23,
                        "scale": 3
                    },
                    {
                        "name": "HasShortage",
                        "type": "bit"
                    }
                ],
                "typeProperties": {
                    "schema": "PriceDisruptions",
                    "table": "ResultsGpi"
                }
            },
            "dependsOn": []
        },
        {
            "name": "[concat(parameters('factoryName'), '/WacPricekey_Target_sp1')]",
            "type": "Microsoft.DataFactory/factories/datasets",
            "apiVersion": "2018-06-01",
            "properties": {
                "linkedServiceName": {
                    "referenceName": "CognitiveRx_Configurable",
                    "type": "LinkedServiceReference",
                    "parameters": {
                        "KeyVaultSecret": "@dataset().Secret"
                    }
                },
                "parameters": {
                    "Secret": {
                        "type": "string"
                    }
                },
                "folder": {
                    "name": "Corporate Tenant/PriceDisruptions"
                },
                "annotations": [],
                "type": "AzureSqlTable",
                "schema": [
                    {
                        "name": "PricingKey",
                        "type": "varchar"
                    },
                    {
                        "name": "IsGenericDrug",
                        "type": "bit"
                    },
                    {
                        "name": "Equ_MaxWac",
                        "type": "decimal",
                        "precision": 13,
                        "scale": 6
                    },
                    {
                        "name": "Equ_MaxAwp",
                        "type": "decimal",
                        "precision": 13,
                        "scale": 6
                    },
                    {
                        "name": "GeneratedDate",
                        "type": "datetime",
                        "precision": 23,
                        "scale": 3
                    },
                    {
                        "name": "SyncDate",
                        "type": "datetime",
                        "precision": 23,
                        "scale": 3
                    }
                ],
                "typeProperties": {
                    "schema": "NationalPriceDisruptions",
                    "table": "WacPricekey"
                }
            },
            "dependsOn": []
        },
        {
            "name": "[concat(parameters('factoryName'), '/HierarchyReport_Sql_sp1')]",
            "type": "Microsoft.DataFactory/factories/datasets",
            "apiVersion": "2018-06-01",
            "properties": {
                "linkedServiceName": {
                    "referenceName": "NationalWholesale",
                    "type": "LinkedServiceReference"
                },
                "folder": {
                    "name": "Corporate Tenant/HierarchyReport"
                },
                "annotations": [],
                "type": "AzureSqlTable",
                "schema": [
                    {
                        "name": "Health System",
                        "type": "nvarchar"
                    },
                    {
                        "name": "Health System ID",
                        "type": "nvarchar"
                    },
                    {
                        "name": "Facility Direct Parent",
                        "type": "nvarchar"
                    },
                    {
                        "name": "Facility Direct Parent ID",
                        "type": "nvarchar"
                    },
                    {
                        "name": "Facility Name",
                        "type": "nvarchar"
                    },
                    {
                        "name": "Facility ID",
                        "type": "nvarchar"
                    },
                    {
                        "name": "ImportedDate",
                        "type": "datetime",
                        "precision": 23,
                        "scale": 3
                    }
                ],
                "typeProperties": {
                    "schema": "Raw",
                    "table": "PremierCustomerList"
                }
            },
            "dependsOn": []
        },
        {
            "name": "[concat(parameters('factoryName'), '/PremierRemote_ProductImport_Mem_Ten_sp1')]",
            "type": "Microsoft.DataFactory/factories/datasets",
            "apiVersion": "2018-06-01",
            "properties": {
                "linkedServiceName": {
                    "referenceName": "LS_MemberTenant_AzureSQL",
                    "type": "LinkedServiceReference",
                    "parameters": {
                        "lsdburl": {
                            "value": "@dataset().dsdburl",
                            "type": "Expression"
                        },
                        "lsdbname": {
                            "value": "@dataset().dsdbname",
                            "type": "Expression"
                        },
                        "lsdbtenant": {
                            "value": "@dataset().dsdbtenant",
                            "type": "Expression"
                        },
                        "lsdbserviceprincipal": {
                            "value": "@dataset().dsdbserviceprincipal",
                            "type": "Expression"
                        },
                        "lsdbsecret": {
                            "value": "@dataset().dsdbsecret",
                            "type": "Expression"
                        }
                    }
                },
                "parameters": {
                    "dsdburl": {
                        "type": "string"
                    },
                    "dsdbname": {
                        "type": "string"
                    },
                    "dsdbtenant": {
                        "type": "string"
                    },
                    "dsdbserviceprincipal": {
                        "type": "string"
                    },
                    "dsdbsecret": {
                        "type": "string"
                    }
                },
                "folder": {
                    "name": "Corporate Tenant/HierarchyReport"
                },
                "annotations": [],
                "type": "AzureSqlTable",
                "schema": [
                    {
                        "name": "Health System",
                        "type": "nvarchar"
                    },
                    {
                        "name": "Health System ID",
                        "type": "nvarchar"
                    },
                    {
                        "name": "Facility Direct Parent",
                        "type": "nvarchar"
                    },
                    {
                        "name": "Facility Direct Parent ID",
                        "type": "nvarchar"
                    },
                    {
                        "name": "Facility Name",
                        "type": "nvarchar"
                    },
                    {
                        "name": "Facility ID",
                        "type": "nvarchar"
                    }
                ],
                "typeProperties": {
                    "schema": "dbo",
                    "table": "ProductImport"
                }
            },
            "dependsOn": []
        },
        {
            "name": "[concat(parameters('factoryName'), '/PremierRemote_ProductImport_sp1')]",
            "type": "Microsoft.DataFactory/factories/datasets",
            "apiVersion": "2018-06-01",
            "properties": {
                "linkedServiceName": {
                    "referenceName": "CognitiveRx_Configurable",
                    "type": "LinkedServiceReference",
                    "parameters": {
                        "KeyVaultSecret": {
                            "value": "@dataset().Secret",
                            "type": "Expression"
                        }
                    }
                },
                "parameters": {
                    "Secret": {
                        "type": "string"
                    }
                },
                "folder": {
                    "name": "Corporate Tenant/HierarchyReport"
                },
                "annotations": [],
                "type": "AzureSqlTable",
                "schema": [
                    {
                        "name": "Health System",
                        "type": "nvarchar"
                    },
                    {
                        "name": "Health System ID",
                        "type": "nvarchar"
                    },
                    {
                        "name": "Facility Direct Parent",
                        "type": "nvarchar"
                    },
                    {
                        "name": "Facility Direct Parent ID",
                        "type": "nvarchar"
                    },
                    {
                        "name": "Facility Name",
                        "type": "nvarchar"
                    },
                    {
                        "name": "Facility ID",
                        "type": "nvarchar"
                    }
                ],
                "typeProperties": {
                    "schema": "dbo",
                    "table": "ProductImport"
                }
            },
            "dependsOn": []
        },
        {
            "name": "[concat(parameters('factoryName'), '/PremierRemote_Gx_Import_sp1')]",
            "type": "Microsoft.DataFactory/factories/datasets",
            "apiVersion": "2018-06-01",
            "properties": {
                "linkedServiceName": {
                    "referenceName": "CognitiveRx_Configurable",
                    "type": "LinkedServiceReference",
                    "parameters": {
                        "KeyVaultSecret": {
                            "value": "@dataset().Secret",
                            "type": "Expression"
                        }
                    }
                },
                "parameters": {
                    "Secret": {
                        "type": "string"
                    }
                },
                "folder": {
                    "name": "Corporate Tenant/HierarchyReport"
                },
                "annotations": [],
                "type": "AzureSqlTable",
                "schema": [
                    {
                        "name": "Health System",
                        "type": "nvarchar"
                    },
                    {
                        "name": "Health System ID",
                        "type": "nvarchar"
                    },
                    {
                        "name": "Facility Direct Parent",
                        "type": "nvarchar"
                    },
                    {
                        "name": "Facility Direct Parent ID",
                        "type": "nvarchar"
                    },
                    {
                        "name": "Facility Name",
                        "type": "nvarchar"
                    },
                    {
                        "name": "Facility ID",
                        "type": "nvarchar"
                    }
                ],
                "typeProperties": {
                    "schema": "dbo",
                    "table": "GxImport"
                }
            },
            "dependsOn": []
        },
        {
            "name": "[concat(parameters('factoryName'), '/HierarchyReport_Adl_sp1')]",
            "type": "Microsoft.DataFactory/factories/datasets",
            "apiVersion": "2018-06-01",
            "properties": {
                "linkedServiceName": {
                    "referenceName": "Pharmacy_ADL",
                    "type": "LinkedServiceReference"
                },
                "parameters": {
                    "Path": {
                        "type": "string"
                    },
                    "FileName": {
                        "type": "string"
                    }
                },
                "folder": {
                    "name": "Corporate Tenant/HierarchyReport"
                },
                "annotations": [],
                "type": "DelimitedText",
                "typeProperties": {
                    "location": {
                        "type": "AzureDataLakeStoreLocation",
                        "fileName": {
                            "value": "@dataset().FileName",
                            "type": "Expression"
                        },
                        "folderPath": {
                            "value": "@dataset().Path",
                            "type": "Expression"
                        }
                    },
                    "columnDelimiter": "\t",
                    "escapeChar": "\\",
                    "firstRowAsHeader": true,
                    "quoteChar": "\""
                },
                "schema": [
                    {
                        "name": "Health System",
                        "type": "String"
                    },
                    {
                        "name": "Health System ID",
                        "type": "String"
                    },
                    {
                        "name": "Facility Direct Parent",
                        "type": "String"
                    },
                    {
                        "name": "Facility Direct Parent ID",
                        "type": "String"
                    },
                    {
                        "name": "Facility Name",
                        "type": "String"
                    },
                    {
                        "name": "Facility ID",
                        "type": "String"
                    }
                ]
            },
            "dependsOn": []
        },
        {
            "name": "[concat(parameters('factoryName'), '/HierarchyReport_RemoteTarget_Mem_Dev_sp1')]",
            "type": "Microsoft.DataFactory/factories/datasets",
            "apiVersion": "2018-06-01",
            "properties": {
                "linkedServiceName": {
                    "referenceName": "LS_MemberTenant_AzureSQL",
                    "type": "LinkedServiceReference",
                    "parameters": {
                        "lsdburl": "@dataset().dsdburl",
                        "lsdbname": "@dataset().dsdbname",
                        "lsdbtenant": "@dataset().dsdbtenant",
                        "lsdbserviceprincipal": "@dataset().dsdbserviceprincipal",
                        "lsdbsecret": "@dataset().dsdbsecret"
                    }
                },
                "parameters": {
                    "dsdburl": {
                        "type": "string"
                    },
                    "dsdbname": {
                        "type": "string"
                    },
                    "dsdbtenant": {
                        "type": "string"
                    },
                    "dsdbserviceprincipal": {
                        "type": "string"
                    },
                    "dsdbsecret": {
                        "type": "string"
                    }
                },
                "folder": {
                    "name": "Corporate Tenant/HierarchyReport"
                },
                "annotations": [],
                "type": "AzureSqlTable",
                "schema": [
                    {
                        "name": "Health System",
                        "type": "nvarchar"
                    },
                    {
                        "name": "Health System ID",
                        "type": "nvarchar"
                    },
                    {
                        "name": "Facility Direct Parent",
                        "type": "nvarchar"
                    },
                    {
                        "name": "Facility Direct Parent ID",
                        "type": "nvarchar"
                    },
                    {
                        "name": "Facility Name",
                        "type": "nvarchar"
                    },
                    {
                        "name": "Facility ID",
                        "type": "nvarchar"
                    }
                ],
                "typeProperties": {
                    "schema": "Raw",
                    "table": "PremierCustomerList"
                }
            },
            "dependsOn": []
        },
        {
            "name": "[concat(parameters('factoryName'), '/HierarchyReport_RemoteTarget_sp1')]",
            "type": "Microsoft.DataFactory/factories/datasets",
            "apiVersion": "2018-06-01",
            "properties": {
                "linkedServiceName": {
                    "referenceName": "LS_MemberTenant_AzureSQL",
                    "type": "LinkedServiceReference",
                    "parameters": {
                        "lsdburl": {
                            "value": "@dataset().dsdburl",
                            "type": "Expression"
                        },
                        "lsdbname": {
                            "value": "@dataset().dsdbname",
                            "type": "Expression"
                        },
                        "lsdbtenant": {
                            "value": "@dataset().dsdbtenant",
                            "type": "Expression"
                        },
                        "lsdbserviceprincipal": {
                            "value": "@dataset().dsdbserviceprincipal",
                            "type": "Expression"
                        },
                        "lsdbsecret": {
                            "value": "@dataset().dsdbsecret",
                            "type": "Expression"
                        }
                    }
                },
                "parameters": {
                    "dsdburl": {
                        "type": "string"
                    },
                    "dsdbname": {
                        "type": "string"
                    },
                    "dsdbtenant": {
                        "type": "string"
                    },
                    "dsdbserviceprincipal": {
                        "type": "string"
                    },
                    "dsdbsecret": {
                        "type": "string"
                    }
                },
                "folder": {
                    "name": "Corporate Tenant/HierarchyReport"
                },
                "annotations": [],
                "type": "AzureSqlTable",
                "schema": [
                    {
                        "name": "Health System",
                        "type": "nvarchar"
                    },
                    {
                        "name": "Health System ID",
                        "type": "nvarchar"
                    },
                    {
                        "name": "Facility Direct Parent",
                        "type": "nvarchar"
                    },
                    {
                        "name": "Facility Direct Parent ID",
                        "type": "nvarchar"
                    },
                    {
                        "name": "Facility Name",
                        "type": "nvarchar"
                    },
                    {
                        "name": "Facility ID",
                        "type": "nvarchar"
                    }
                ],
                "typeProperties": {
                    "schema": "Raw",
                    "table": "PremierCustomerList"
                }
            },
            "dependsOn": []
        },
        {
            "name": "[concat(parameters('factoryName'), '/HierarchyReport_Raw_sp1')]",
            "type": "Microsoft.DataFactory/factories/datasets",
            "apiVersion": "2018-06-01",
            "properties": {
                "linkedServiceName": {
                    "referenceName": "Pharmacy_ADL",
                    "type": "LinkedServiceReference"
                },
                "parameters": {
                    "Path": {
                        "type": "string"
                    },
                    "FileName": {
                        "type": "string"
                    }
                },
                "folder": {
                    "name": "Corporate Tenant/HierarchyReport"
                },
                "annotations": [],
                "type": "Binary",
                "typeProperties": {
                    "location": {
                        "type": "AzureDataLakeStoreLocation",
                        "fileName": {
                            "value": "@dataset().FileName",
                            "type": "Expression"
                        },
                        "folderPath": {
                            "value": "@dataset().Path",
                            "type": "Expression"
                        }
                    }
                }
            },
            "dependsOn": []
        },
        {
            "name": "[concat(parameters('factoryName'), '/Buyins_RemoteTarget_sp1')]",
            "type": "Microsoft.DataFactory/factories/datasets",
            "apiVersion": "2018-06-01",
            "properties": {
                "linkedServiceName": {
                    "referenceName": "CognitiveRx_Configurable",
                    "type": "LinkedServiceReference",
                    "parameters": {
                        "KeyVaultSecret": {
                            "value": "@dataset().Secret",
                            "type": "Expression"
                        }
                    }
                },
                "parameters": {
                    "Secret": {
                        "type": "string"
                    }
                },
                "folder": {
                    "name": "Corporate Tenant/HierarchyReport"
                },
                "annotations": [],
                "type": "AzureSqlTable",
                "schema": [
                    {
                        "name": "Health System",
                        "type": "nvarchar"
                    },
                    {
                        "name": "Health System ID",
                        "type": "nvarchar"
                    },
                    {
                        "name": "Facility Direct Parent",
                        "type": "nvarchar"
                    },
                    {
                        "name": "Facility Direct Parent ID",
                        "type": "nvarchar"
                    },
                    {
                        "name": "Facility Name",
                        "type": "nvarchar"
                    },
                    {
                        "name": "Facility ID",
                        "type": "nvarchar"
                    }
                ],
                "typeProperties": {
                    "schema": "Predictive",
                    "table": "NationalPricePrediction"
                }
            },
            "dependsOn": []
        },
        {
            "name": "[concat(parameters('factoryName'), '/PremierWholesaleData_LocalExtract_sp1')]",
            "type": "Microsoft.DataFactory/factories/datasets",
            "apiVersion": "2018-06-01",
            "properties": {
                "linkedServiceName": {
                    "referenceName": "NationalWholesale",
                    "type": "LinkedServiceReference"
                },
                "folder": {
                    "name": "Corporate Tenant/ClientExtract"
                },
                "annotations": [],
                "type": "AzureSqlTable",
                "schema": [
                    {
                        "name": "Id",
                        "type": "int",
                        "precision": 10
                    },
                    {
                        "name": "HealthSystemID",
                        "type": "varchar"
                    },
                    {
                        "name": "FacilityDirectParentID",
                        "type": "varchar"
                    },
                    {
                        "name": "FacilityID",
                        "type": "varchar"
                    },
                    {
                        "name": "FacilityCity",
                        "type": "varchar"
                    },
                    {
                        "name": "FacilityState",
                        "type": "char"
                    },
                    {
                        "name": "NDC",
                        "type": "varchar"
                    },
                    {
                        "name": "ItemId",
                        "type": "int",
                        "precision": 10
                    },
                    {
                        "name": "BrandName",
                        "type": "varchar"
                    },
                    {
                        "name": "GenericName",
                        "type": "varchar"
                    },
                    {
                        "name": "LabelName",
                        "type": "varchar"
                    },
                    {
                        "name": "WholesalerPurchaseType",
                        "type": "varchar"
                    },
                    {
                        "name": "WholesalerLoadPrice",
                        "type": "money",
                        "precision": 19,
                        "scale": 4
                    },
                    {
                        "name": "Supplier",
                        "type": "varchar"
                    },
                    {
                        "name": "InvoiceDate",
                        "type": "datetime",
                        "precision": 23,
                        "scale": 3
                    },
                    {
                        "name": "InvoiceNumber",
                        "type": "varchar"
                    },
                    {
                        "name": "InvoicePrice",
                        "type": "money",
                        "precision": 19,
                        "scale": 4
                    },
                    {
                        "name": "Wholesaler",
                        "type": "varchar"
                    },
                    {
                        "name": "DistributionCenterName",
                        "type": "varchar"
                    },
                    {
                        "name": "WholesalerAccountNumber",
                        "type": "varchar"
                    },
                    {
                        "name": "WholesalerAccountName",
                        "type": "varchar"
                    },
                    {
                        "name": "LineNumberfromInvoice",
                        "type": "varchar"
                    },
                    {
                        "name": "ContractLeadName",
                        "type": "varchar"
                    },
                    {
                        "name": "ServiceProviderClass",
                        "type": "varchar"
                    },
                    {
                        "name": "ShipMethod",
                        "type": "char"
                    },
                    {
                        "name": "ShippingDate",
                        "type": "datetime",
                        "precision": 23,
                        "scale": 3
                    },
                    {
                        "name": "WholesalerPkgQty",
                        "type": "int",
                        "precision": 10
                    },
                    {
                        "name": "WholesalerOrderLineNumber",
                        "type": "varchar"
                    },
                    {
                        "name": "WholesalerCatalogNumber",
                        "type": "varchar"
                    },
                    {
                        "name": "PremierAwardStatus",
                        "type": "varchar"
                    },
                    {
                        "name": "PremierContractNumber",
                        "type": "varchar"
                    },
                    {
                        "name": "TotalUnits",
                        "type": "int",
                        "precision": 10
                    },
                    {
                        "name": "TotalSpend",
                        "type": "money",
                        "precision": 19,
                        "scale": 4
                    },
                    {
                        "name": "QuantityOrdered",
                        "type": "int",
                        "precision": 10
                    },
                    {
                        "name": "AddedDate",
                        "type": "datetime",
                        "precision": 23,
                        "scale": 3
                    },
                    {
                        "name": "ProcessPipelineId",
                        "type": "varchar"
                    },
                    {
                        "name": "OriginalFileName",
                        "type": "varchar"
                    },
                    {
                        "name": "AdlPath",
                        "type": "varchar"
                    }
                ],
                "typeProperties": {
                    "schema": "Premier",
                    "table": "WholesalerInvoices"
                }
            },
            "dependsOn": []
        },
        {
            "name": "[concat(parameters('factoryName'), '/PremierWholesaleData_RemoteTarget_sp1')]",
            "type": "Microsoft.DataFactory/factories/datasets",
            "apiVersion": "2018-06-01",
            "properties": {
                "linkedServiceName": {
                    "referenceName": "LS_MemberTenant_AzureSQL",
                    "type": "LinkedServiceReference",
                    "parameters": {
                        "lsdburl": {
                            "value": "@dataset().dsdburl",
                            "type": "Expression"
                        },
                        "lsdbname": {
                            "value": "@dataset().dsdbname",
                            "type": "Expression"
                        },
                        "lsdbtenant": {
                            "value": "@dataset().dsdbtenant",
                            "type": "Expression"
                        },
                        "lsdbserviceprincipal": {
                            "value": "@dataset().dsdbserviceprincipal",
                            "type": "Expression"
                        },
                        "lsdbsecret": {
                            "value": "@dataset().dsdbsecret",
                            "type": "Expression"
                        }
                    }
                },
                "parameters": {
                    "dsdburl": {
                        "type": "string"
                    },
                    "dsdbname": {
                        "type": "string"
                    },
                    "dsdbtenant": {
                        "type": "string"
                    },
                    "dsdbserviceprincipal": {
                        "type": "string"
                    },
                    "dsdbsecret": {
                        "type": "string"
                    }
                },
                "folder": {
                    "name": "Corporate Tenant/ClientExtract"
                },
                "annotations": [],
                "type": "AzureSqlTable",
                "schema": [
                    {
                        "name": "Id",
                        "type": "int",
                        "precision": 10
                    },
                    {
                        "name": "HealthSystemID",
                        "type": "varchar"
                    },
                    {
                        "name": "FacilityDirectParentID",
                        "type": "varchar"
                    },
                    {
                        "name": "FacilityID",
                        "type": "varchar"
                    },
                    {
                        "name": "FacilityCity",
                        "type": "varchar"
                    },
                    {
                        "name": "FacilityState",
                        "type": "char"
                    },
                    {
                        "name": "NDC",
                        "type": "varchar"
                    },
                    {
                        "name": "ItemId",
                        "type": "int",
                        "precision": 10
                    },
                    {
                        "name": "BrandName",
                        "type": "varchar"
                    },
                    {
                        "name": "GenericName",
                        "type": "varchar"
                    },
                    {
                        "name": "LabelName",
                        "type": "varchar"
                    },
                    {
                        "name": "WholesalerPurchaseType",
                        "type": "varchar"
                    },
                    {
                        "name": "WholesalerLoadPrice",
                        "type": "money",
                        "precision": 19,
                        "scale": 4
                    },
                    {
                        "name": "Supplier",
                        "type": "varchar"
                    },
                    {
                        "name": "InvoiceDate",
                        "type": "datetime",
                        "precision": 23,
                        "scale": 3
                    },
                    {
                        "name": "InvoiceNumber",
                        "type": "varchar"
                    },
                    {
                        "name": "InvoicePrice",
                        "type": "money",
                        "precision": 19,
                        "scale": 4
                    },
                    {
                        "name": "Wholesaler",
                        "type": "varchar"
                    },
                    {
                        "name": "DistributionCenterName",
                        "type": "varchar"
                    },
                    {
                        "name": "WholesalerAccountNumber",
                        "type": "varchar"
                    },
                    {
                        "name": "WholesalerAccountName",
                        "type": "varchar"
                    },
                    {
                        "name": "LineNumberfromInvoice",
                        "type": "varchar"
                    },
                    {
                        "name": "ContractLeadName",
                        "type": "varchar"
                    },
                    {
                        "name": "ServiceProviderClass",
                        "type": "varchar"
                    },
                    {
                        "name": "ShipMethod",
                        "type": "char"
                    },
                    {
                        "name": "ShippingDate",
                        "type": "datetime",
                        "precision": 23,
                        "scale": 3
                    },
                    {
                        "name": "WholesalerPkgQty",
                        "type": "int",
                        "precision": 10
                    },
                    {
                        "name": "WholesalerOrderLineNumber",
                        "type": "varchar"
                    },
                    {
                        "name": "WholesalerCatalogNumber",
                        "type": "varchar"
                    },
                    {
                        "name": "PremierAwardStatus",
                        "type": "varchar"
                    },
                    {
                        "name": "PremierContractNumber",
                        "type": "varchar"
                    },
                    {
                        "name": "TotalUnits",
                        "type": "int",
                        "precision": 10
                    },
                    {
                        "name": "TotalSpend",
                        "type": "money",
                        "precision": 19,
                        "scale": 4
                    },
                    {
                        "name": "QuantityOrdered",
                        "type": "int",
                        "precision": 10
                    },
                    {
                        "name": "AddedDate",
                        "type": "datetime",
                        "precision": 23,
                        "scale": 3
                    },
                    {
                        "name": "ProcessPipelineId",
                        "type": "varchar"
                    },
                    {
                        "name": "OriginalFileName",
                        "type": "varchar"
                    },
                    {
                        "name": "AdlPath",
                        "type": "varchar"
                    }
                ],
                "typeProperties": {
                    "schema": "Premier",
                    "table": "WholesalerInvoices"
                }
            },
            "dependsOn": []
        },
        {
            "name": "[concat(parameters('factoryName'), '/PremierWholesaleData_LocalExtract_history_sp1')]",
            "type": "Microsoft.DataFactory/factories/datasets",
            "apiVersion": "2018-06-01",
            "properties": {
                "linkedServiceName": {
                    "referenceName": "NationalWholesale",
                    "type": "LinkedServiceReference"
                },
                "folder": {
                    "name": "Corporate Tenant/ClientExtract"
                },
                "annotations": [],
                "type": "AzureSqlTable",
                "schema": [
                    {
                        "name": "Id",
                        "type": "int",
                        "precision": 10
                    },
                    {
                        "name": "HealthSystemID",
                        "type": "varchar"
                    },
                    {
                        "name": "FacilityDirectParentID",
                        "type": "varchar"
                    },
                    {
                        "name": "FacilityID",
                        "type": "varchar"
                    },
                    {
                        "name": "FacilityCity",
                        "type": "varchar"
                    },
                    {
                        "name": "FacilityState",
                        "type": "char"
                    },
                    {
                        "name": "NDC",
                        "type": "varchar"
                    },
                    {
                        "name": "ItemId",
                        "type": "int",
                        "precision": 10
                    },
                    {
                        "name": "BrandName",
                        "type": "varchar"
                    },
                    {
                        "name": "GenericName",
                        "type": "varchar"
                    },
                    {
                        "name": "LabelName",
                        "type": "varchar"
                    },
                    {
                        "name": "WholesalerPurchaseType",
                        "type": "varchar"
                    },
                    {
                        "name": "WholesalerLoadPrice",
                        "type": "money",
                        "precision": 19,
                        "scale": 4
                    },
                    {
                        "name": "Supplier",
                        "type": "varchar"
                    },
                    {
                        "name": "InvoiceDate",
                        "type": "datetime",
                        "precision": 23,
                        "scale": 3
                    },
                    {
                        "name": "InvoiceNumber",
                        "type": "varchar"
                    },
                    {
                        "name": "InvoicePrice",
                        "type": "money",
                        "precision": 19,
                        "scale": 4
                    },
                    {
                        "name": "Wholesaler",
                        "type": "varchar"
                    },
                    {
                        "name": "DistributionCenterName",
                        "type": "varchar"
                    },
                    {
                        "name": "WholesalerAccountNumber",
                        "type": "varchar"
                    },
                    {
                        "name": "WholesalerAccountName",
                        "type": "varchar"
                    },
                    {
                        "name": "LineNumberfromInvoice",
                        "type": "varchar"
                    },
                    {
                        "name": "ContractLeadName",
                        "type": "varchar"
                    },
                    {
                        "name": "ServiceProviderClass",
                        "type": "varchar"
                    },
                    {
                        "name": "ShipMethod",
                        "type": "char"
                    },
                    {
                        "name": "ShippingDate",
                        "type": "datetime",
                        "precision": 23,
                        "scale": 3
                    },
                    {
                        "name": "WholesalerPkgQty",
                        "type": "int",
                        "precision": 10
                    },
                    {
                        "name": "WholesalerOrderLineNumber",
                        "type": "varchar"
                    },
                    {
                        "name": "WholesalerCatalogNumber",
                        "type": "varchar"
                    },
                    {
                        "name": "PremierAwardStatus",
                        "type": "varchar"
                    },
                    {
                        "name": "PremierContractNumber",
                        "type": "varchar"
                    },
                    {
                        "name": "TotalUnits",
                        "type": "int",
                        "precision": 10
                    },
                    {
                        "name": "TotalSpend",
                        "type": "money",
                        "precision": 19,
                        "scale": 4
                    },
                    {
                        "name": "QuantityOrdered",
                        "type": "int",
                        "precision": 10
                    },
                    {
                        "name": "AddedDate",
                        "type": "datetime",
                        "precision": 23,
                        "scale": 3
                    },
                    {
                        "name": "ProcessPipelineId",
                        "type": "varchar"
                    },
                    {
                        "name": "OriginalFileName",
                        "type": "varchar"
                    },
                    {
                        "name": "AdlPath",
                        "type": "varchar"
                    }
                ],
                "typeProperties": {
                    "schema": "Premier",
                    "table": "WholesalerInvoices_history_test"
                }
            },
            "dependsOn": []
        },
        {
            "name": "[concat(parameters('factoryName'), '/Gen1_extract_csv_copy1')]",
            "type": "Microsoft.DataFactory/factories/datasets",
            "apiVersion": "2018-06-01",
            "properties": {
                "linkedServiceName": {
                    "referenceName": "Pharmacy_ADL",
                    "type": "LinkedServiceReference"
                },
                "folder": {
                    "name": "Corporate Tenant/Others"
                },
                "annotations": [],
                "type": "DelimitedText",
                "typeProperties": {
                    "location": {
                        "type": "AzureDataLakeStoreLocation",
                        "fileName": "Extract.txt",
                        "folderPath": "prod/Premier/WholeSaleData/2022/03/01"
                    },
                    "columnDelimiter": "\t",
                    "escapeChar": "\\",
                    "firstRowAsHeader": true,
                    "quoteChar": "\""
                },
                "schema": [
                    {
                        "name": "HealthSystemID\tFacilityDirectParentID\tFacilityID\tFacilityAddress1\tFacilityAddress2\tFacilityCity\tFacilityState\tFacilityZipCode\tNdc\tBrandName\tGenericName\tLabelName\tWholesalerPurchaseType\tWholesalerLoadPrice\tSupplier\tInvoiceDate\tInvoiceNumber\tInvoicePrice\tWholesaler\tDistributionCenterName\tWholesalerAccountNumber\tWholesalerAccountName\tLineNumberfromInvoice\tContractLeadName\tServiceProviderClass\tShipMethod\tShippingDate\tWholesalerPkgQty\tWholesalerOrderLineNumber\tWholesalerCatalogNumber\tUnitofMeasure\tWholesalerAccountAttribute\tChargeBackContractNumber\tMarkup/Markdown\tPremierAwardStatus\tPremierContractNumber\tTotalUnits\tTotalSpend\tQuantityOrdered\tReasonCodeDesc\tOrderDate\tPipelineId\tOriginalFileName\tAdlPath",
                        "type": "String"
                    }
                ]
            },
            "dependsOn": []
        },
        {
            "name": "[concat(parameters('factoryName'), '/DelimitedText2_copy1')]",
            "type": "Microsoft.DataFactory/factories/datasets",
            "apiVersion": "2018-06-01",
            "properties": {
                "linkedServiceName": {
                    "referenceName": "Pharmacy_ADL",
                    "type": "LinkedServiceReference"
                },
                "folder": {
                    "name": "Corporate Tenant/Others"
                },
                "annotations": [],
                "type": "DelimitedText",
                "typeProperties": {
                    "location": {
                        "type": "AzureDataLakeStoreLocation",
                        "folderPath": "prod/Premier/WholeSaleData/2021/08/16"
                    },
                    "columnDelimiter": "\t",
                    "escapeChar": "\\",
                    "firstRowAsHeader": true,
                    "quoteChar": "\""
                },
                "schema": []
            },
            "dependsOn": []
        },
        {
            "name": "[concat(parameters('factoryName'), '/Ds_IPD_Patent_Clients_Sink_copy1')]",
            "type": "Microsoft.DataFactory/factories/datasets",
            "apiVersion": "2018-06-01",
            "properties": {
                "linkedServiceName": {
                    "referenceName": "CognitiveRx_Configurable",
                    "type": "LinkedServiceReference",
                    "parameters": {
                        "KeyVaultSecret": {
                            "value": "@dataset().ClientSecret",
                            "type": "Expression"
                        }
                    }
                },
                "parameters": {
                    "ClientSecret": {
                        "type": "string"
                    }
                },
                "folder": {
                    "name": "Corporate Tenant/Others"
                },
                "annotations": [],
                "type": "AzureSqlTable",
                "schema": [],
                "typeProperties": {
                    "schema": "dbo",
                    "table": "IPD_Patent"
                }
            },
            "dependsOn": []
        },
        {
            "name": "[concat(parameters('factoryName'), '/PremierWholesaleData_Extract_copy1')]",
            "type": "Microsoft.DataFactory/factories/datasets",
            "apiVersion": "2018-06-01",
            "properties": {
                "linkedServiceName": {
                    "referenceName": "Pharmacy_ADL",
                    "type": "LinkedServiceReference"
                },
                "parameters": {
                    "FileName": {
                        "type": "string"
                    },
                    "Path": {
                        "type": "string"
                    }
                },
                "folder": {
                    "name": "Corporate Tenant/Others"
                },
                "annotations": [],
                "type": "DelimitedText",
                "typeProperties": {
                    "location": {
                        "type": "AzureDataLakeStoreLocation",
                        "fileName": {
                            "value": "@dataset().FileName",
                            "type": "Expression"
                        },
                        "folderPath": {
                            "value": "@dataset().Path",
                            "type": "Expression"
                        }
                    },
                    "columnDelimiter": "\t",
                    "escapeChar": "\\",
                    "firstRowAsHeader": true,
                    "quoteChar": "\""
                },
                "schema": [
                    {
                        "name": "HealthSystemID",
                        "type": "String"
                    },
                    {
                        "name": "FacilityDirectParentID",
                        "type": "String"
                    },
                    {
                        "name": "FacilityID",
                        "type": "String"
                    },
                    {
                        "name": "FacilityCity",
                        "type": "String"
                    },
                    {
                        "name": "FacilityState",
                        "type": "String"
                    },
                    {
                        "name": "Ndc",
                        "type": "String"
                    },
                    {
                        "name": "BrandName",
                        "type": "String"
                    },
                    {
                        "name": "GenericName",
                        "type": "String"
                    },
                    {
                        "name": "LabelName",
                        "type": "String"
                    },
                    {
                        "name": "WholesalerPurchaseType",
                        "type": "String"
                    },
                    {
                        "name": "WholesalerLoadPrice",
                        "type": "String"
                    },
                    {
                        "name": "Supplier",
                        "type": "String"
                    },
                    {
                        "name": "InvoiceDate",
                        "type": "String"
                    },
                    {
                        "name": "InvoiceNumber",
                        "type": "String"
                    },
                    {
                        "name": "InvoicePrice",
                        "type": "String"
                    },
                    {
                        "name": "Wholesaler",
                        "type": "String"
                    },
                    {
                        "name": "DistributionCenterName",
                        "type": "String"
                    },
                    {
                        "name": "WholesalerAccountNumber",
                        "type": "String"
                    },
                    {
                        "name": "WholesalerAccountName",
                        "type": "String"
                    },
                    {
                        "name": "LineNumberfromInvoice",
                        "type": "String"
                    },
                    {
                        "name": "ContractLeadName",
                        "type": "String"
                    },
                    {
                        "name": "ServiceProviderClass",
                        "type": "String"
                    },
                    {
                        "name": "ShipMethod",
                        "type": "String"
                    },
                    {
                        "name": "ShippingDate",
                        "type": "String"
                    },
                    {
                        "name": "WholesalerPkgQty",
                        "type": "String"
                    },
                    {
                        "name": "WholesalerOrderLineNumber",
                        "type": "String"
                    },
                    {
                        "name": "WholesalerCatalogNumber",
                        "type": "String"
                    },
                    {
                        "name": "PremierAwardStatus",
                        "type": "String"
                    },
                    {
                        "name": "PremierContractNumber",
                        "type": "String"
                    },
                    {
                        "name": "TotalUnits",
                        "type": "String"
                    },
                    {
                        "name": "TotalSpend",
                        "type": "String"
                    },
                    {
                        "name": "QuantityOrdered",
                        "type": "String"
                    },
                    {
                        "name": "PipelineId",
                        "type": "String"
                    },
                    {
                        "name": "OriginalFileName",
                        "type": "String"
                    },
                    {
                        "name": "AdlPath",
                        "type": "String"
                    }
                ]
            },
            "dependsOn": []
        },
        {
            "name": "[concat(parameters('factoryName'), '/Binarybackup_copy1')]",
            "type": "Microsoft.DataFactory/factories/datasets",
            "apiVersion": "2018-06-01",
            "properties": {
                "linkedServiceName": {
                    "referenceName": "Pharmacy_ADL",
                    "type": "LinkedServiceReference"
                },
                "folder": {
                    "name": "Corporate Tenant/Others"
                },
                "annotations": [],
                "type": "Binary",
                "typeProperties": {
                    "location": {
                        "type": "AzureDataLakeStoreLocation",
                        "folderPath": "prod/Premier/WholeSaleData/2021/08/26"
                    }
                }
            },
            "dependsOn": []
        },
        {
            "name": "[concat(parameters('factoryName'), '/Wholesaler_archive_table_copy1')]",
            "type": "Microsoft.DataFactory/factories/datasets",
            "apiVersion": "2018-06-01",
            "properties": {
                "linkedServiceName": {
                    "referenceName": "NationalWholesale",
                    "type": "LinkedServiceReference"
                },
                "folder": {
                    "name": "Corporate Tenant/Others"
                },
                "annotations": [],
                "type": "AzureSqlTable",
                "schema": [
                    {
                        "name": "Id",
                        "type": "int",
                        "precision": 10
                    },
                    {
                        "name": "HealthSystemID",
                        "type": "varchar"
                    },
                    {
                        "name": "FacilityDirectParentID",
                        "type": "varchar"
                    },
                    {
                        "name": "FacilityID",
                        "type": "varchar"
                    },
                    {
                        "name": "FacilityAddress1",
                        "type": "varchar"
                    },
                    {
                        "name": "FacilityAddress2",
                        "type": "varchar"
                    },
                    {
                        "name": "FacilityCity",
                        "type": "varchar"
                    },
                    {
                        "name": "FacilityState",
                        "type": "char"
                    },
                    {
                        "name": "FacilityZipCode",
                        "type": "varchar"
                    },
                    {
                        "name": "NDC",
                        "type": "varchar"
                    },
                    {
                        "name": "ItemId",
                        "type": "int",
                        "precision": 10
                    },
                    {
                        "name": "BrandName",
                        "type": "varchar"
                    },
                    {
                        "name": "GenericName",
                        "type": "varchar"
                    },
                    {
                        "name": "LabelName",
                        "type": "varchar"
                    },
                    {
                        "name": "WholesalerPurchaseType",
                        "type": "varchar"
                    },
                    {
                        "name": "WholesalerLoadPrice",
                        "type": "money",
                        "precision": 19,
                        "scale": 4
                    },
                    {
                        "name": "Supplier",
                        "type": "varchar"
                    },
                    {
                        "name": "InvoiceDate",
                        "type": "datetime",
                        "precision": 23,
                        "scale": 3
                    },
                    {
                        "name": "InvoiceNumber",
                        "type": "varchar"
                    },
                    {
                        "name": "InvoicePrice",
                        "type": "money",
                        "precision": 19,
                        "scale": 4
                    },
                    {
                        "name": "Wholesaler",
                        "type": "varchar"
                    },
                    {
                        "name": "DistributionCenterName",
                        "type": "varchar"
                    },
                    {
                        "name": "WholesalerAccountNumber",
                        "type": "varchar"
                    },
                    {
                        "name": "WholesalerAccountName",
                        "type": "varchar"
                    },
                    {
                        "name": "LineNumberfromInvoice",
                        "type": "varchar"
                    },
                    {
                        "name": "ContractLeadName",
                        "type": "varchar"
                    },
                    {
                        "name": "ServiceProviderClass",
                        "type": "varchar"
                    },
                    {
                        "name": "ShipMethod",
                        "type": "char"
                    },
                    {
                        "name": "ShippingDate",
                        "type": "datetime",
                        "precision": 23,
                        "scale": 3
                    },
                    {
                        "name": "WholesalerPkgQty",
                        "type": "int",
                        "precision": 10
                    },
                    {
                        "name": "WholesalerOrderLineNumber",
                        "type": "varchar"
                    },
                    {
                        "name": "WholesalerCatalogNumber",
                        "type": "varchar"
                    },
                    {
                        "name": "UnitofMeasure",
                        "type": "varchar"
                    },
                    {
                        "name": "WholesalerAccountAttribute",
                        "type": "varchar"
                    },
                    {
                        "name": "ChargeBackContractNumber",
                        "type": "varchar"
                    },
                    {
                        "name": "Markup/Markdown",
                        "type": "varchar"
                    },
                    {
                        "name": "PremierAwardStatus",
                        "type": "varchar"
                    },
                    {
                        "name": "PremierContractNumber",
                        "type": "varchar"
                    },
                    {
                        "name": "TotalUnits",
                        "type": "int",
                        "precision": 10
                    },
                    {
                        "name": "TotalSpend",
                        "type": "money",
                        "precision": 19,
                        "scale": 4
                    },
                    {
                        "name": "QuantityOrdered",
                        "type": "int",
                        "precision": 10
                    },
                    {
                        "name": "AddedDate",
                        "type": "datetime",
                        "precision": 23,
                        "scale": 3
                    },
                    {
                        "name": "ProcessPipelineId",
                        "type": "varchar"
                    },
                    {
                        "name": "OriginalFileName",
                        "type": "varchar"
                    },
                    {
                        "name": "AdlPath",
                        "type": "varchar"
                    },
                    {
                        "name": "ReasonCodeDesc",
                        "type": "varchar"
                    },
                    {
                        "name": "OrderDate",
                        "type": "datetime",
                        "precision": 23,
                        "scale": 3
                    }
                ],
                "typeProperties": {
                    "schema": "Premier",
                    "table": "WholesalerInvoicesArchive"
                }
            },
            "dependsOn": []
        }
    ]
}