{
    "$schema": "http://schema.management.azure.com/schemas/2015-01-01/deploymentTemplate.json#",
    "contentVersion": "1.0.0.0",
    "parameters": {
        "factoryName": {
            "type": "string",
            "metadata": "Data Factory name",
            "defaultValue": "adf-Premier-DataReceive-prod"
        }
    },
    "variables": {
        "factoryId": "[concat('Microsoft.DataFactory/factories/', parameters('factoryName'))]"
    },
    "resources": [
        {
            "name": "[concat(parameters('factoryName'), '/IncidentsGpi_Target')]",
            "type": "Microsoft.DataFactory/factories/datasets",
            "apiVersion": "2018-06-01",
            "properties": {
                "linkedServiceName": {
                    "referenceName": "CognitiveRx_Configurable",
                    "type": "LinkedServiceReference",
                    "parameters": {
                        "KeyVaultSecret": "@dataset().Secret"
                    }
                },
                "parameters": {
                    "Secret": {
                        "type": "string"
                    }
                },
                "folder": {
                    "name": "PriceDisruptions"
                },
                "annotations": [],
                "type": "AzureSqlTable",
                "schema": [
                    {
                        "name": "GpiName",
                        "type": "varchar"
                    },
                    {
                        "name": "HealthSystemId",
                        "type": "varchar"
                    },
                    {
                        "name": "Gpi10",
                        "type": "varchar"
                    },
                    {
                        "name": "Inc_Days",
                        "type": "int",
                        "precision": 10
                    },
                    {
                        "name": "MissingDollars",
                        "type": "money",
                        "precision": 19,
                        "scale": 4
                    },
                    {
                        "name": "MissingUnits",
                        "type": "int",
                        "precision": 10
                    },
                    {
                        "name": "GeneratedDate",
                        "type": "datetime",
                        "precision": 23,
                        "scale": 3
                    },
                    {
                        "name": "SyncDate",
                        "type": "datetime",
                        "precision": 23,
                        "scale": 3
                    }
                ],
                "typeProperties": {
                    "schema": "NationalPriceDisruptions",
                    "table": "IncidentsGpi"
                }
            },
            "dependsOn": []
        },
        {
            "name": "[concat(parameters('factoryName'), '/AvgPrices_Target')]",
            "type": "Microsoft.DataFactory/factories/datasets",
            "apiVersion": "2018-06-01",
            "properties": {
                "linkedServiceName": {
                    "referenceName": "CognitiveRx_Configurable",
                    "type": "LinkedServiceReference",
                    "parameters": {
                        "KeyVaultSecret": "@dataset().Secret"
                    }
                },
                "parameters": {
                    "Secret": {
                        "type": "string"
                    }
                },
                "folder": {
                    "name": "PriceDisruptions"
                },
                "annotations": [],
                "type": "AzureSqlTable",
                "schema": [
                    {
                        "name": "Ndc",
                        "type": "varchar"
                    },
                    {
                        "name": "AvgPrice",
                        "type": "money",
                        "precision": 19,
                        "scale": 4
                    },
                    {
                        "name": "GeneratedDate",
                        "type": "datetime",
                        "precision": 23,
                        "scale": 3
                    },
                    {
                        "name": "SyncDate",
                        "type": "datetime",
                        "precision": 23,
                        "scale": 3
                    }
                ],
                "typeProperties": {
                    "schema": "NationalPriceDisruptions",
                    "table": "AvgPrices"
                }
            },
            "dependsOn": []
        },
        {
            "name": "[concat(parameters('factoryName'), '/Premier_Dev')]",
            "type": "Microsoft.DataFactory/factories/datasets",
            "apiVersion": "2018-06-01",
            "properties": {
                "linkedServiceName": {
                    "referenceName": "NationalWholesale_Dev",
                    "type": "LinkedServiceReference"
                },
                "folder": {
                    "name": "Others"
                },
                "annotations": [],
                "type": "AzureSqlTable",
                "schema": [
                    {
                        "name": "Id",
                        "type": "int",
                        "precision": 10
                    },
                    {
                        "name": "HealthSystemID",
                        "type": "varchar"
                    },
                    {
                        "name": "FacilityDirectParentID",
                        "type": "varchar"
                    },
                    {
                        "name": "FacilityID",
                        "type": "varchar"
                    },
                    {
                        "name": "FacilityCity",
                        "type": "varchar"
                    },
                    {
                        "name": "FacilityState",
                        "type": "char"
                    },
                    {
                        "name": "NDC",
                        "type": "varchar"
                    },
                    {
                        "name": "ItemId",
                        "type": "int",
                        "precision": 10
                    },
                    {
                        "name": "BrandName",
                        "type": "varchar"
                    },
                    {
                        "name": "GenericName",
                        "type": "varchar"
                    },
                    {
                        "name": "LabelName",
                        "type": "varchar"
                    },
                    {
                        "name": "WholesalerPurchaseType",
                        "type": "varchar"
                    },
                    {
                        "name": "WholesalerLoadPrice",
                        "type": "money",
                        "precision": 19,
                        "scale": 4
                    },
                    {
                        "name": "Supplier",
                        "type": "varchar"
                    },
                    {
                        "name": "InvoiceDate",
                        "type": "datetime",
                        "precision": 23,
                        "scale": 3
                    },
                    {
                        "name": "InvoiceNumber",
                        "type": "varchar"
                    },
                    {
                        "name": "InvoicePrice",
                        "type": "money",
                        "precision": 19,
                        "scale": 4
                    },
                    {
                        "name": "Wholesaler",
                        "type": "varchar"
                    },
                    {
                        "name": "DistributionCenterName",
                        "type": "varchar"
                    },
                    {
                        "name": "WholesalerAccountNumber",
                        "type": "varchar"
                    },
                    {
                        "name": "WholesalerAccountName",
                        "type": "varchar"
                    },
                    {
                        "name": "LineNumberfromInvoice",
                        "type": "varchar"
                    },
                    {
                        "name": "ContractLeadName",
                        "type": "varchar"
                    },
                    {
                        "name": "ServiceProviderClass",
                        "type": "varchar"
                    },
                    {
                        "name": "ShipMethod",
                        "type": "char"
                    },
                    {
                        "name": "ShippingDate",
                        "type": "datetime",
                        "precision": 23,
                        "scale": 3
                    },
                    {
                        "name": "WholesalerPkgQty",
                        "type": "int",
                        "precision": 10
                    },
                    {
                        "name": "WholesalerOrderLineNumber",
                        "type": "varchar"
                    },
                    {
                        "name": "WholesalerCatalogNumber",
                        "type": "varchar"
                    },
                    {
                        "name": "PremierAwardStatus",
                        "type": "varchar"
                    },
                    {
                        "name": "PremierContractNumber",
                        "type": "varchar"
                    },
                    {
                        "name": "TotalUnits",
                        "type": "int",
                        "precision": 10
                    },
                    {
                        "name": "TotalSpend",
                        "type": "money",
                        "precision": 19,
                        "scale": 4
                    },
                    {
                        "name": "QuantityOrdered",
                        "type": "int",
                        "precision": 10
                    },
                    {
                        "name": "AddedDate",
                        "type": "datetime",
                        "precision": 23,
                        "scale": 3
                    },
                    {
                        "name": "ProcessPipelineId",
                        "type": "varchar"
                    },
                    {
                        "name": "OriginalFileName",
                        "type": "varchar"
                    },
                    {
                        "name": "AdlPath",
                        "type": "varchar"
                    }
                ],
                "typeProperties": {
                    "schema": "Premier",
                    "table": "WholesalerInvoices"
                }
            },
            "dependsOn": []
        },
        {
            "name": "[concat(parameters('factoryName'), '/PremierWholesaleData_Sql_history')]",
            "type": "Microsoft.DataFactory/factories/datasets",
            "apiVersion": "2018-06-01",
            "properties": {
                "linkedServiceName": {
                    "referenceName": "NationalWholesale",
                    "type": "LinkedServiceReference"
                },
                "folder": {
                    "name": "Others"
                },
                "annotations": [],
                "type": "AzureSqlTable",
                "schema": [
                    {
                        "name": "Id",
                        "type": "int",
                        "precision": 10
                    },
                    {
                        "name": "HealthSystemID",
                        "type": "varchar"
                    },
                    {
                        "name": "FacilityDirectParentID",
                        "type": "varchar"
                    },
                    {
                        "name": "FacilityID",
                        "type": "varchar"
                    },
                    {
                        "name": "FacilityCity",
                        "type": "varchar"
                    },
                    {
                        "name": "FacilityState",
                        "type": "char"
                    },
                    {
                        "name": "NDC",
                        "type": "varchar"
                    },
                    {
                        "name": "ItemId",
                        "type": "int",
                        "precision": 10
                    },
                    {
                        "name": "BrandName",
                        "type": "varchar"
                    },
                    {
                        "name": "GenericName",
                        "type": "varchar"
                    },
                    {
                        "name": "LabelName",
                        "type": "varchar"
                    },
                    {
                        "name": "WholesalerPurchaseType",
                        "type": "varchar"
                    },
                    {
                        "name": "WholesalerLoadPrice",
                        "type": "money",
                        "precision": 19,
                        "scale": 4
                    },
                    {
                        "name": "Supplier",
                        "type": "varchar"
                    },
                    {
                        "name": "InvoiceDate",
                        "type": "datetime",
                        "precision": 23,
                        "scale": 3
                    },
                    {
                        "name": "InvoiceNumber",
                        "type": "varchar"
                    },
                    {
                        "name": "InvoicePrice",
                        "type": "money",
                        "precision": 19,
                        "scale": 4
                    },
                    {
                        "name": "Wholesaler",
                        "type": "varchar"
                    },
                    {
                        "name": "DistributionCenterName",
                        "type": "varchar"
                    },
                    {
                        "name": "WholesalerAccountNumber",
                        "type": "varchar"
                    },
                    {
                        "name": "WholesalerAccountName",
                        "type": "varchar"
                    },
                    {
                        "name": "LineNumberfromInvoice",
                        "type": "varchar"
                    },
                    {
                        "name": "ContractLeadName",
                        "type": "varchar"
                    },
                    {
                        "name": "ServiceProviderClass",
                        "type": "varchar"
                    },
                    {
                        "name": "ShipMethod",
                        "type": "char"
                    },
                    {
                        "name": "ShippingDate",
                        "type": "datetime",
                        "precision": 23,
                        "scale": 3
                    },
                    {
                        "name": "WholesalerPkgQty",
                        "type": "int",
                        "precision": 10
                    },
                    {
                        "name": "WholesalerOrderLineNumber",
                        "type": "varchar"
                    },
                    {
                        "name": "WholesalerCatalogNumber",
                        "type": "varchar"
                    },
                    {
                        "name": "PremierAwardStatus",
                        "type": "varchar"
                    },
                    {
                        "name": "PremierContractNumber",
                        "type": "varchar"
                    },
                    {
                        "name": "TotalUnits",
                        "type": "int",
                        "precision": 10
                    },
                    {
                        "name": "TotalSpend",
                        "type": "money",
                        "precision": 19,
                        "scale": 4
                    },
                    {
                        "name": "QuantityOrdered",
                        "type": "int",
                        "precision": 10
                    },
                    {
                        "name": "AddedDate",
                        "type": "datetime",
                        "precision": 23,
                        "scale": 3
                    },
                    {
                        "name": "ProcessPipelineId",
                        "type": "varchar"
                    },
                    {
                        "name": "OriginalFileName",
                        "type": "varchar"
                    },
                    {
                        "name": "AdlPath",
                        "type": "varchar"
                    }
                ],
                "typeProperties": {
                    "schema": "Premier",
                    "table": "WholesalerInvoices_History_test"
                }
            },
            "dependsOn": []
        },
        {
            "name": "[concat(parameters('factoryName'), '/PremierWholesaleData_LocalExtract_history')]",
            "type": "Microsoft.DataFactory/factories/datasets",
            "apiVersion": "2018-06-01",
            "properties": {
                "linkedServiceName": {
                    "referenceName": "NationalWholesale",
                    "type": "LinkedServiceReference"
                },
                "folder": {
                    "name": "ClientExtract"
                },
                "annotations": [],
                "type": "AzureSqlTable",
                "schema": [
                    {
                        "name": "Id",
                        "type": "int",
                        "precision": 10
                    },
                    {
                        "name": "HealthSystemID",
                        "type": "varchar"
                    },
                    {
                        "name": "FacilityDirectParentID",
                        "type": "varchar"
                    },
                    {
                        "name": "FacilityID",
                        "type": "varchar"
                    },
                    {
                        "name": "FacilityCity",
                        "type": "varchar"
                    },
                    {
                        "name": "FacilityState",
                        "type": "char"
                    },
                    {
                        "name": "NDC",
                        "type": "varchar"
                    },
                    {
                        "name": "ItemId",
                        "type": "int",
                        "precision": 10
                    },
                    {
                        "name": "BrandName",
                        "type": "varchar"
                    },
                    {
                        "name": "GenericName",
                        "type": "varchar"
                    },
                    {
                        "name": "LabelName",
                        "type": "varchar"
                    },
                    {
                        "name": "WholesalerPurchaseType",
                        "type": "varchar"
                    },
                    {
                        "name": "WholesalerLoadPrice",
                        "type": "money",
                        "precision": 19,
                        "scale": 4
                    },
                    {
                        "name": "Supplier",
                        "type": "varchar"
                    },
                    {
                        "name": "InvoiceDate",
                        "type": "datetime",
                        "precision": 23,
                        "scale": 3
                    },
                    {
                        "name": "InvoiceNumber",
                        "type": "varchar"
                    },
                    {
                        "name": "InvoicePrice",
                        "type": "money",
                        "precision": 19,
                        "scale": 4
                    },
                    {
                        "name": "Wholesaler",
                        "type": "varchar"
                    },
                    {
                        "name": "DistributionCenterName",
                        "type": "varchar"
                    },
                    {
                        "name": "WholesalerAccountNumber",
                        "type": "varchar"
                    },
                    {
                        "name": "WholesalerAccountName",
                        "type": "varchar"
                    },
                    {
                        "name": "LineNumberfromInvoice",
                        "type": "varchar"
                    },
                    {
                        "name": "ContractLeadName",
                        "type": "varchar"
                    },
                    {
                        "name": "ServiceProviderClass",
                        "type": "varchar"
                    },
                    {
                        "name": "ShipMethod",
                        "type": "char"
                    },
                    {
                        "name": "ShippingDate",
                        "type": "datetime",
                        "precision": 23,
                        "scale": 3
                    },
                    {
                        "name": "WholesalerPkgQty",
                        "type": "int",
                        "precision": 10
                    },
                    {
                        "name": "WholesalerOrderLineNumber",
                        "type": "varchar"
                    },
                    {
                        "name": "WholesalerCatalogNumber",
                        "type": "varchar"
                    },
                    {
                        "name": "PremierAwardStatus",
                        "type": "varchar"
                    },
                    {
                        "name": "PremierContractNumber",
                        "type": "varchar"
                    },
                    {
                        "name": "TotalUnits",
                        "type": "int",
                        "precision": 10
                    },
                    {
                        "name": "TotalSpend",
                        "type": "money",
                        "precision": 19,
                        "scale": 4
                    },
                    {
                        "name": "QuantityOrdered",
                        "type": "int",
                        "precision": 10
                    },
                    {
                        "name": "AddedDate",
                        "type": "datetime",
                        "precision": 23,
                        "scale": 3
                    },
                    {
                        "name": "ProcessPipelineId",
                        "type": "varchar"
                    },
                    {
                        "name": "OriginalFileName",
                        "type": "varchar"
                    },
                    {
                        "name": "AdlPath",
                        "type": "varchar"
                    }
                ],
                "typeProperties": {
                    "schema": "Premier",
                    "table": "WholesalerInvoices_history_test"
                }
            },
            "dependsOn": []
        },
        {
            "name": "[concat(parameters('factoryName'), '/DelimitedText2')]",
            "type": "Microsoft.DataFactory/factories/datasets",
            "apiVersion": "2018-06-01",
            "properties": {
                "linkedServiceName": {
                    "referenceName": "Pharmacy_ADL",
                    "type": "LinkedServiceReference"
                },
                "folder": {
                    "name": "Others"
                },
                "annotations": [],
                "type": "DelimitedText",
                "typeProperties": {
                    "location": {
                        "type": "AzureDataLakeStoreLocation",
                        "folderPath": "prod/Premier/WholeSaleData/2021/08/16"
                    },
                    "columnDelimiter": "\t",
                    "escapeChar": "\\",
                    "firstRowAsHeader": true,
                    "quoteChar": "\""
                },
                "schema": []
            },
            "dependsOn": []
        },
        {
            "name": "[concat(parameters('factoryName'), '/Binarybackupsink')]",
            "type": "Microsoft.DataFactory/factories/datasets",
            "apiVersion": "2018-06-01",
            "properties": {
                "linkedServiceName": {
                    "referenceName": "Pharmacy_ADL",
                    "type": "LinkedServiceReference"
                },
                "folder": {
                    "name": "Others"
                },
                "annotations": [],
                "type": "Binary",
                "typeProperties": {
                    "location": {
                        "type": "AzureDataLakeStoreLocation",
                        "folderPath": "prod/Premier/WholeSaleData/2021/backup"
                    }
                }
            },
            "dependsOn": []
        },
        {
            "name": "[concat(parameters('factoryName'), '/Binarybackup')]",
            "type": "Microsoft.DataFactory/factories/datasets",
            "apiVersion": "2018-06-01",
            "properties": {
                "linkedServiceName": {
                    "referenceName": "Pharmacy_ADL",
                    "type": "LinkedServiceReference"
                },
                "folder": {
                    "name": "Others"
                },
                "annotations": [],
                "type": "Binary",
                "typeProperties": {
                    "location": {
                        "type": "AzureDataLakeStoreLocation",
                        "folderPath": "prod/Premier/WholeSaleData/2021/08/26"
                    }
                }
            },
            "dependsOn": []
        },
        {
            "name": "[concat(parameters('factoryName'), '/Buyins_RemoteTarget')]",
            "type": "Microsoft.DataFactory/factories/datasets",
            "apiVersion": "2018-06-01",
            "properties": {
                "linkedServiceName": {
                    "referenceName": "CognitiveRx_Configurable",
                    "type": "LinkedServiceReference",
                    "parameters": {
                        "KeyVaultSecret": {
                            "value": "@dataset().Secret",
                            "type": "Expression"
                        }
                    }
                },
                "parameters": {
                    "Secret": {
                        "type": "string"
                    }
                },
                "folder": {
                    "name": "HierarchyReport"
                },
                "annotations": [],
                "type": "AzureSqlTable",
                "schema": [
                    {
                        "name": "Health System",
                        "type": "nvarchar"
                    },
                    {
                        "name": "Health System ID",
                        "type": "nvarchar"
                    },
                    {
                        "name": "Facility Direct Parent",
                        "type": "nvarchar"
                    },
                    {
                        "name": "Facility Direct Parent ID",
                        "type": "nvarchar"
                    },
                    {
                        "name": "Facility Name",
                        "type": "nvarchar"
                    },
                    {
                        "name": "Facility ID",
                        "type": "nvarchar"
                    }
                ],
                "typeProperties": {
                    "schema": "Predictive",
                    "table": "NationalPricePrediction"
                }
            },
            "dependsOn": []
        },
        {
            "name": "[concat(parameters('factoryName'), '/Item_Master_Dataset')]",
            "type": "Microsoft.DataFactory/factories/datasets",
            "apiVersion": "2018-06-01",
            "properties": {
                "linkedServiceName": {
                    "referenceName": "Item_master_link_prod",
                    "type": "LinkedServiceReference"
                },
                "folder": {
                    "name": "Others"
                },
                "annotations": [],
                "type": "AzureSqlTable",
                "schema": [
                    {
                        "name": "NationalPricePredictionId",
                        "type": "int",
                        "precision": 10
                    },
                    {
                        "name": "NationalPricePredictionGuid",
                        "type": "uniqueidentifier"
                    },
                    {
                        "name": "RecordSyncDate",
                        "type": "smalldatetime",
                        "precision": 16,
                        "scale": 0
                    },
                    {
                        "name": "IsActive",
                        "type": "bit"
                    },
                    {
                        "name": "Ndc",
                        "type": "nvarchar"
                    },
                    {
                        "name": "PriceDate",
                        "type": "date"
                    },
                    {
                        "name": "RunDate",
                        "type": "date"
                    },
                    {
                        "name": "TrainDate",
                        "type": "date"
                    },
                    {
                        "name": "WacUnitPrice",
                        "type": "decimal",
                        "precision": 13,
                        "scale": 6
                    },
                    {
                        "name": "PeriodFirstIdentified",
                        "type": "date"
                    },
                    {
                        "name": "Month0ProbabilityOfIncrease",
                        "type": "decimal",
                        "precision": 4,
                        "scale": 3
                    },
                    {
                        "name": "Month0PredictedWacUnitPrice",
                        "type": "decimal",
                        "precision": 13,
                        "scale": 6
                    },
                    {
                        "name": "Month1ProbabilityOfIncrease",
                        "type": "decimal",
                        "precision": 4,
                        "scale": 3
                    },
                    {
                        "name": "Month1PredictedWacUnitPrice",
                        "type": "decimal",
                        "precision": 13,
                        "scale": 6
                    },
                    {
                        "name": "Month1PercentIncrease",
                        "type": "decimal",
                        "precision": 7,
                        "scale": 4
                    },
                    {
                        "name": "Month1Period",
                        "type": "date"
                    },
                    {
                        "name": "Month2ProbabilityOfIncrease",
                        "type": "decimal",
                        "precision": 4,
                        "scale": 3
                    },
                    {
                        "name": "Month2PredictedWacUnitPrice",
                        "type": "decimal",
                        "precision": 13,
                        "scale": 6
                    },
                    {
                        "name": "Month2PercentIncrease",
                        "type": "decimal",
                        "precision": 7,
                        "scale": 4
                    },
                    {
                        "name": "Month2Period",
                        "type": "date"
                    },
                    {
                        "name": "Month3ProbabilityOfIncrease",
                        "type": "decimal",
                        "precision": 4,
                        "scale": 3
                    },
                    {
                        "name": "Month3PredictedWacUnitPrice",
                        "type": "decimal",
                        "precision": 13,
                        "scale": 6
                    },
                    {
                        "name": "Month3PercentIncrease",
                        "type": "decimal",
                        "precision": 7,
                        "scale": 4
                    },
                    {
                        "name": "Month3Period",
                        "type": "date"
                    }
                ],
                "typeProperties": {
                    "schema": "Predictive",
                    "table": "NationalPricePrediction"
                }
            },
            "dependsOn": []
        },
        {
            "name": "[concat(parameters('factoryName'), '/PremierRemote_ProductImport')]",
            "type": "Microsoft.DataFactory/factories/datasets",
            "apiVersion": "2018-06-01",
            "properties": {
                "linkedServiceName": {
                    "referenceName": "CognitiveRx_Configurable",
                    "type": "LinkedServiceReference",
                    "parameters": {
                        "KeyVaultSecret": {
                            "value": "@dataset().Secret",
                            "type": "Expression"
                        }
                    }
                },
                "parameters": {
                    "Secret": {
                        "type": "string"
                    }
                },
                "folder": {
                    "name": "HierarchyReport"
                },
                "annotations": [],
                "type": "AzureSqlTable",
                "schema": [
                    {
                        "name": "Health System",
                        "type": "nvarchar"
                    },
                    {
                        "name": "Health System ID",
                        "type": "nvarchar"
                    },
                    {
                        "name": "Facility Direct Parent",
                        "type": "nvarchar"
                    },
                    {
                        "name": "Facility Direct Parent ID",
                        "type": "nvarchar"
                    },
                    {
                        "name": "Facility Name",
                        "type": "nvarchar"
                    },
                    {
                        "name": "Facility ID",
                        "type": "nvarchar"
                    }
                ],
                "typeProperties": {
                    "schema": "dbo",
                    "table": "ProductImport"
                }
            },
            "dependsOn": []
        },
        {
            "name": "[concat(parameters('factoryName'), '/Item_Master_Productimport_Ds')]",
            "type": "Microsoft.DataFactory/factories/datasets",
            "apiVersion": "2018-06-01",
            "properties": {
                "linkedServiceName": {
                    "referenceName": "Item_master_link_prod",
                    "type": "LinkedServiceReference"
                },
                "folder": {
                    "name": "Others"
                },
                "annotations": [],
                "type": "AzureSqlTable",
                "schema": [
                    {
                        "name": "product_key",
                        "type": "int",
                        "precision": 10
                    },
                    {
                        "name": "ndc",
                        "type": "varchar"
                    },
                    {
                        "name": "label_name",
                        "type": "varchar"
                    },
                    {
                        "name": "actual_manufacturer",
                        "type": "varchar"
                    },
                    {
                        "name": "ahfs_id",
                        "type": "varchar"
                    },
                    {
                        "name": "ahfs_desc",
                        "type": "varchar"
                    },
                    {
                        "name": "current_award_status",
                        "type": "varchar"
                    },
                    {
                        "name": "brand_name",
                        "type": "varchar"
                    },
                    {
                        "name": "case_size",
                        "type": "int",
                        "precision": 10
                    },
                    {
                        "name": "curr_whn_package_price",
                        "type": "decimal",
                        "precision": 10,
                        "scale": 4
                    },
                    {
                        "name": "depot_status",
                        "type": "int",
                        "precision": 10
                    },
                    {
                        "name": "drug_id_25",
                        "type": "varchar"
                    },
                    {
                        "name": "drug_id_22",
                        "type": "varchar"
                    },
                    {
                        "name": "drug_id_19",
                        "type": "varchar"
                    },
                    {
                        "name": "drug_id_18",
                        "type": "varchar"
                    },
                    {
                        "name": "dosage_form_id",
                        "type": "varchar"
                    },
                    {
                        "name": "dosage_form_desc",
                        "type": "varchar"
                    },
                    {
                        "name": "drug_form_code",
                        "type": "varchar"
                    },
                    {
                        "name": "drug_strength_id",
                        "type": "varchar"
                    },
                    {
                        "name": "drug_strength_desc",
                        "type": "varchar"
                    },
                    {
                        "name": "generic_name_id",
                        "type": "varchar"
                    },
                    {
                        "name": "generic_name",
                        "type": "varchar"
                    },
                    {
                        "name": "labeler_id",
                        "type": "varchar"
                    },
                    {
                        "name": "labeler_desc",
                        "type": "varchar"
                    },
                    {
                        "name": "orange_book_code",
                        "type": "varchar"
                    },
                    {
                        "name": "package_desc",
                        "type": "varchar"
                    },
                    {
                        "name": "package_quantity_id",
                        "type": "varchar"
                    },
                    {
                        "name": "package_quantity_desc",
                        "type": "varchar"
                    },
                    {
                        "name": "package_size_id",
                        "type": "varchar"
                    },
                    {
                        "name": "package_size_desc",
                        "type": "varchar"
                    },
                    {
                        "name": "route_id",
                        "type": "varchar"
                    },
                    {
                        "name": "route_desc",
                        "type": "varchar"
                    },
                    {
                        "name": "source_flag",
                        "type": "varchar"
                    },
                    {
                        "name": "therapeutic_class_id",
                        "type": "varchar"
                    },
                    {
                        "name": "therapeutic_class_desc",
                        "type": "varchar"
                    },
                    {
                        "name": "unit_dose_id",
                        "type": "varchar"
                    },
                    {
                        "name": "unit_dose_desc",
                        "type": "varchar"
                    },
                    {
                        "name": "unit_of_use",
                        "type": "varchar"
                    },
                    {
                        "name": "upc_id",
                        "type": "varchar"
                    },
                    {
                        "name": "vendor_id",
                        "type": "varchar"
                    },
                    {
                        "name": "vendor_key",
                        "type": "int",
                        "precision": 10
                    },
                    {
                        "name": "awp_price_current",
                        "type": "decimal",
                        "precision": 15,
                        "scale": 3
                    },
                    {
                        "name": "additional_descriptor",
                        "type": "varchar"
                    },
                    {
                        "name": "obsolete",
                        "type": "varchar"
                    },
                    {
                        "name": "obsolete_date",
                        "type": "date"
                    },
                    {
                        "name": "man_dist",
                        "type": "varchar"
                    },
                    {
                        "name": "hic3",
                        "type": "varchar"
                    },
                    {
                        "name": "barcoding",
                        "type": "int",
                        "precision": 10
                    },
                    {
                        "name": "updt_date",
                        "type": "date"
                    },
                    {
                        "name": "delete_date",
                        "type": "date"
                    },
                    {
                        "name": "latex_free",
                        "type": "varchar"
                    },
                    {
                        "name": "bar_coded_unit_of_use_level",
                        "type": "varchar"
                    },
                    {
                        "name": "mecury_free",
                        "type": "varchar"
                    },
                    {
                        "name": "preservative_free",
                        "type": "varchar"
                    },
                    {
                        "name": "alcohol_free",
                        "type": "varchar"
                    },
                    {
                        "name": "sugar_free",
                        "type": "varchar"
                    },
                    {
                        "name": "color_desc",
                        "type": "varchar"
                    },
                    {
                        "name": "flavor_desc",
                        "type": "varchar"
                    },
                    {
                        "name": "needle_gauge",
                        "type": "decimal",
                        "precision": 10,
                        "scale": 3
                    },
                    {
                        "name": "needle_length",
                        "type": "decimal",
                        "precision": 10,
                        "scale": 3
                    },
                    {
                        "name": "old_ndc",
                        "type": "varchar"
                    },
                    {
                        "name": "shape",
                        "type": "varchar"
                    },
                    {
                        "name": "syringe_capacity",
                        "type": "decimal",
                        "precision": 10,
                        "scale": 3
                    },
                    {
                        "name": "autosub_ndc",
                        "type": "varchar"
                    },
                    {
                        "name": "autosub_ndc_effective_date",
                        "type": "date"
                    },
                    {
                        "name": "replaced_by_ndc",
                        "type": "varchar"
                    },
                    {
                        "name": "gcn_seqno",
                        "type": "decimal",
                        "precision": 38,
                        "scale": 0
                    },
                    {
                        "name": "drug_class",
                        "type": "varchar"
                    },
                    {
                        "name": "drug_date_of_add",
                        "type": "date"
                    },
                    {
                        "name": "dea_code",
                        "type": "varchar"
                    },
                    {
                        "name": "drug_rte_of_admin_code",
                        "type": "varchar"
                    },
                    {
                        "name": "gi_source",
                        "type": "varchar"
                    },
                    {
                        "name": "drug_generic_indicator",
                        "type": "varchar"
                    },
                    {
                        "name": "med_wac_eff_date",
                        "type": "date"
                    },
                    {
                        "name": "prorx_ndc_substitution",
                        "type": "varchar"
                    },
                    {
                        "name": "mfr_ndc_substitution",
                        "type": "varchar"
                    },
                    {
                        "name": "prorx_start_date",
                        "type": "date"
                    }
                ],
                "typeProperties": {
                    "schema": "dbo",
                    "table": "ProductImport"
                }
            },
            "dependsOn": []
        },
        {
            "name": "[concat(parameters('factoryName'), '/Gximport_itemmaster_data')]",
            "type": "Microsoft.DataFactory/factories/datasets",
            "apiVersion": "2018-06-01",
            "properties": {
                "linkedServiceName": {
                    "referenceName": "Item_master_link_prod",
                    "type": "LinkedServiceReference"
                },
                "folder": {
                    "name": "Others"
                },
                "annotations": [],
                "type": "AzureSqlTable",
                "schema": [
                    {
                        "name": "SkuCount",
                        "type": "smallint",
                        "precision": 5
                    },
                    {
                        "name": "LaunchStatus",
                        "type": "nvarchar"
                    },
                    {
                        "name": "Manufaturer",
                        "type": "nvarchar"
                    },
                    {
                        "name": "GenericName",
                        "type": "nvarchar"
                    },
                    {
                        "name": "DosageForm",
                        "type": "nvarchar"
                    },
                    {
                        "name": "Strength",
                        "type": "nvarchar"
                    },
                    {
                        "name": "PackageSizeInMl",
                        "type": "int",
                        "precision": 10
                    },
                    {
                        "name": "PackageQuantity",
                        "type": "int",
                        "precision": 10
                    },
                    {
                        "name": "NDC",
                        "type": "nvarchar"
                    },
                    {
                        "name": "SellingUnitPrice ",
                        "type": "float",
                        "precision": 15
                    },
                    {
                        "name": "Rebate",
                        "type": "nvarchar"
                    },
                    {
                        "name": "ProjectedAvailabilityDateAtWholesaler",
                        "type": "nvarchar"
                    },
                    {
                        "name": "FirmAvailabilityDateAtWholesaler",
                        "type": "nvarchar"
                    },
                    {
                        "name": "FFFItemCode",
                        "type": "nvarchar"
                    },
                    {
                        "name": "FFF Or Alternate (Prime) Wholesaler",
                        "type": "nvarchar"
                    },
                    {
                        "name": "Drug Shortage ASHP/FDA",
                        "type": "bit"
                    },
                    {
                        "name": "Comments",
                        "type": "nvarchar"
                    },
                    {
                        "name": "Product Launch Date",
                        "type": "date"
                    },
                    {
                        "name": "Contract End Date",
                        "type": "date"
                    },
                    {
                        "name": "Base Contract Price",
                        "type": "decimal",
                        "precision": 10,
                        "scale": 0
                    },
                    {
                        "name": "Each Price",
                        "type": "decimal",
                        "precision": 10,
                        "scale": 0
                    },
                    {
                        "name": "PGx Each Price",
                        "type": "float",
                        "precision": 15
                    },
                    {
                        "name": "Difference PGx to Base",
                        "type": "nvarchar"
                    },
                    {
                        "name": "Admin Fee Incremental",
                        "type": "float",
                        "precision": 15
                    },
                    {
                        "name": "Total Admin Fee",
                        "type": "float",
                        "precision": 15
                    },
                    {
                        "name": "Pays On",
                        "type": "nvarchar"
                    },
                    {
                        "name": "WAC Price",
                        "type": "nvarchar"
                    },
                    {
                        "name": "DSH ",
                        "type": "nvarchar"
                    },
                    {
                        "name": "IHP",
                        "type": "float",
                        "precision": 15
                    },
                    {
                        "name": "Contract Number",
                        "type": "nvarchar"
                    },
                    {
                        "name": "Controlled Substance",
                        "type": "nvarchar"
                    },
                    {
                        "name": "API Source",
                        "type": "nvarchar"
                    },
                    {
                        "name": "Finished Good Production",
                        "type": "nvarchar"
                    },
                    {
                        "name": "Annual Sales Value Premier (Contract Supplier)",
                        "type": "int",
                        "precision": 10
                    },
                    {
                        "name": "Annual Sales Value Premier (Molecule)",
                        "type": "int",
                        "precision": 10
                    },
                    {
                        "name": "Annual Sales Value PGx ONLY",
                        "type": "nvarchar"
                    },
                    {
                        "name": "Type of Drug and/or Indication",
                        "type": "nvarchar"
                    },
                    {
                        "name": "CivicaDrug",
                        "type": "nvarchar"
                    },
                    {
                        "name": "ImportDate",
                        "type": "date"
                    }
                ],
                "typeProperties": {
                    "schema": "dbo",
                    "table": "GxImport"
                }
            },
            "dependsOn": []
        },
        {
            "name": "[concat(parameters('factoryName'), '/PremierRemote_Gx_Import')]",
            "type": "Microsoft.DataFactory/factories/datasets",
            "apiVersion": "2018-06-01",
            "properties": {
                "linkedServiceName": {
                    "referenceName": "CognitiveRx_Configurable",
                    "type": "LinkedServiceReference",
                    "parameters": {
                        "KeyVaultSecret": {
                            "value": "@dataset().Secret",
                            "type": "Expression"
                        }
                    }
                },
                "parameters": {
                    "Secret": {
                        "type": "string"
                    }
                },
                "folder": {
                    "name": "HierarchyReport"
                },
                "annotations": [],
                "type": "AzureSqlTable",
                "schema": [
                    {
                        "name": "Health System",
                        "type": "nvarchar"
                    },
                    {
                        "name": "Health System ID",
                        "type": "nvarchar"
                    },
                    {
                        "name": "Facility Direct Parent",
                        "type": "nvarchar"
                    },
                    {
                        "name": "Facility Direct Parent ID",
                        "type": "nvarchar"
                    },
                    {
                        "name": "Facility Name",
                        "type": "nvarchar"
                    },
                    {
                        "name": "Facility ID",
                        "type": "nvarchar"
                    }
                ],
                "typeProperties": {
                    "schema": "dbo",
                    "table": "GxImport"
                }
            },
            "dependsOn": []
        },
        {
            "name": "[concat(parameters('factoryName'), '/ds_troubleshooting')]",
            "type": "Microsoft.DataFactory/factories/datasets",
            "apiVersion": "2018-06-01",
            "properties": {
                "linkedServiceName": {
                    "referenceName": "Pharmacy_ADL",
                    "type": "LinkedServiceReference"
                },
                "folder": {
                    "name": "Others"
                },
                "annotations": [],
                "type": "DelimitedText",
                "typeProperties": {
                    "location": {
                        "type": "AzureDataLakeStoreLocation",
                        "fileName": "Extract.txt",
                        "folderPath": "prod/Premier/WholeSaleData/2022/01/20"
                    },
                    "columnDelimiter": "\t",
                    "escapeChar": "\\",
                    "firstRowAsHeader": true,
                    "quoteChar": "\""
                },
                "schema": [
                    {
                        "name": "HealthSystemID",
                        "type": "String"
                    },
                    {
                        "name": "FacilityDirectParentID",
                        "type": "String"
                    },
                    {
                        "name": "FacilityID",
                        "type": "String"
                    },
                    {
                        "name": "FacilityAddress1",
                        "type": "String"
                    },
                    {
                        "name": "FacilityAddress2",
                        "type": "String"
                    },
                    {
                        "name": "FacilityCity",
                        "type": "String"
                    },
                    {
                        "name": "FacilityState",
                        "type": "String"
                    },
                    {
                        "name": "FacilityZipCode",
                        "type": "String"
                    },
                    {
                        "name": "Ndc",
                        "type": "String"
                    },
                    {
                        "name": "BrandName",
                        "type": "String"
                    },
                    {
                        "name": "GenericName",
                        "type": "String"
                    },
                    {
                        "name": "LabelName",
                        "type": "String"
                    },
                    {
                        "name": "WholesalerPurchaseType",
                        "type": "String"
                    },
                    {
                        "name": "WholesalerLoadPrice",
                        "type": "String"
                    },
                    {
                        "name": "Supplier",
                        "type": "String"
                    },
                    {
                        "name": "InvoiceDate",
                        "type": "String"
                    },
                    {
                        "name": "InvoiceNumber",
                        "type": "String"
                    },
                    {
                        "name": "InvoicePrice",
                        "type": "String"
                    },
                    {
                        "name": "Wholesaler",
                        "type": "String"
                    },
                    {
                        "name": "DistributionCenterName",
                        "type": "String"
                    },
                    {
                        "name": "WholesalerAccountNumber",
                        "type": "String"
                    },
                    {
                        "name": "WholesalerAccountName",
                        "type": "String"
                    },
                    {
                        "name": "LineNumberfromInvoice",
                        "type": "String"
                    },
                    {
                        "name": "ContractLeadName",
                        "type": "String"
                    },
                    {
                        "name": "ServiceProviderClass",
                        "type": "String"
                    },
                    {
                        "name": "ShipMethod",
                        "type": "String"
                    },
                    {
                        "name": "ShippingDate",
                        "type": "String"
                    },
                    {
                        "name": "WholesalerPkgQty",
                        "type": "String"
                    },
                    {
                        "name": "WholesalerOrderLineNumber",
                        "type": "String"
                    },
                    {
                        "name": "WholesalerCatalogNumber",
                        "type": "String"
                    },
                    {
                        "name": "UnitofMeasure",
                        "type": "String"
                    },
                    {
                        "name": "WholesalerAccountAttribute",
                        "type": "String"
                    },
                    {
                        "name": "ChargeBackContractNumber",
                        "type": "String"
                    },
                    {
                        "name": "Markup/Markdown",
                        "type": "String"
                    },
                    {
                        "name": "PremierAwardStatus",
                        "type": "String"
                    },
                    {
                        "name": "PremierContractNumber",
                        "type": "String"
                    },
                    {
                        "name": "TotalUnits",
                        "type": "String"
                    },
                    {
                        "name": "TotalSpend",
                        "type": "String"
                    },
                    {
                        "name": "QuantityOrdered",
                        "type": "String"
                    },
                    {
                        "name": "ReasonCodeDesc",
                        "type": "String"
                    },
                    {
                        "name": "OrderDate",
                        "type": "String"
                    },
                    {
                        "name": "PipelineId",
                        "type": "String"
                    },
                    {
                        "name": "OriginalFileName",
                        "type": "String"
                    },
                    {
                        "name": "AdlPath",
                        "type": "String"
                    }
                ]
            },
            "dependsOn": []
        },
        {
            "name": "[concat(parameters('factoryName'), '/ds_troubleshooting_sink')]",
            "type": "Microsoft.DataFactory/factories/datasets",
            "apiVersion": "2018-06-01",
            "properties": {
                "linkedServiceName": {
                    "referenceName": "Pharmacy_ADL",
                    "type": "LinkedServiceReference"
                },
                "folder": {
                    "name": "Others"
                },
                "annotations": [],
                "type": "DelimitedText",
                "typeProperties": {
                    "location": {
                        "type": "AzureDataLakeStoreLocation",
                        "folderPath": "prod/Premier/WholeSaleData/2020/12/23"
                    },
                    "columnDelimiter": ",",
                    "escapeChar": "\\",
                    "quoteChar": "\""
                },
                "schema": []
            },
            "dependsOn": []
        },
        {
            "name": "[concat(parameters('factoryName'), '/AzureSqlTable2')]",
            "type": "Microsoft.DataFactory/factories/datasets",
            "apiVersion": "2018-06-01",
            "properties": {
                "linkedServiceName": {
                    "referenceName": "NationalWholesale",
                    "type": "LinkedServiceReference"
                },
                "folder": {
                    "name": "Others"
                },
                "annotations": [],
                "type": "AzureSqlTable",
                "schema": [],
                "typeProperties": {
                    "schema": "premier",
                    "table": "wholesalerinvoicesdataflow1"
                }
            },
            "dependsOn": []
        },
        {
            "name": "[concat(parameters('factoryName'), '/gen1_extract_parquet')]",
            "type": "Microsoft.DataFactory/factories/datasets",
            "apiVersion": "2018-06-01",
            "properties": {
                "linkedServiceName": {
                    "referenceName": "Pharmacy_ADL",
                    "type": "LinkedServiceReference"
                },
                "folder": {
                    "name": "Others"
                },
                "annotations": [],
                "type": "Parquet",
                "typeProperties": {
                    "location": {
                        "type": "AzureDataLakeStoreLocation",
                        "folderPath": "prod/Premier/WholeSaleData/poc"
                    },
                    "compressionCodec": "snappy"
                },
                "schema": []
            },
            "dependsOn": []
        },
        {
            "name": "[concat(parameters('factoryName'), '/Gen1_extract_csv')]",
            "type": "Microsoft.DataFactory/factories/datasets",
            "apiVersion": "2018-06-01",
            "properties": {
                "linkedServiceName": {
                    "referenceName": "Pharmacy_ADL",
                    "type": "LinkedServiceReference"
                },
                "folder": {
                    "name": "Others"
                },
                "annotations": [],
                "type": "DelimitedText",
                "typeProperties": {
                    "location": {
                        "type": "AzureDataLakeStoreLocation",
                        "fileName": "Extract.txt",
                        "folderPath": "prod/Premier/WholeSaleData/2022/03/01"
                    },
                    "columnDelimiter": "\t",
                    "escapeChar": "\\",
                    "firstRowAsHeader": true,
                    "quoteChar": "\""
                },
                "schema": [
                    {
                        "name": "HealthSystemID\tFacilityDirectParentID\tFacilityID\tFacilityAddress1\tFacilityAddress2\tFacilityCity\tFacilityState\tFacilityZipCode\tNdc\tBrandName\tGenericName\tLabelName\tWholesalerPurchaseType\tWholesalerLoadPrice\tSupplier\tInvoiceDate\tInvoiceNumber\tInvoicePrice\tWholesaler\tDistributionCenterName\tWholesalerAccountNumber\tWholesalerAccountName\tLineNumberfromInvoice\tContractLeadName\tServiceProviderClass\tShipMethod\tShippingDate\tWholesalerPkgQty\tWholesalerOrderLineNumber\tWholesalerCatalogNumber\tUnitofMeasure\tWholesalerAccountAttribute\tChargeBackContractNumber\tMarkup/Markdown\tPremierAwardStatus\tPremierContractNumber\tTotalUnits\tTotalSpend\tQuantityOrdered\tReasonCodeDesc\tOrderDate\tPipelineId\tOriginalFileName\tAdlPath",
                        "type": "String"
                    }
                ]
            },
            "dependsOn": []
        },
        {
            "name": "[concat(parameters('factoryName'), '/Hierarchy_stage_table')]",
            "type": "Microsoft.DataFactory/factories/datasets",
            "apiVersion": "2018-06-01",
            "properties": {
                "linkedServiceName": {
                    "referenceName": "NationalWholesale",
                    "type": "LinkedServiceReference"
                },
                "folder": {
                    "name": "Others"
                },
                "annotations": [],
                "type": "AzureSqlTable",
                "schema": [
                    {
                        "name": "Health System",
                        "type": "nvarchar"
                    },
                    {
                        "name": "Health System ID",
                        "type": "nvarchar"
                    },
                    {
                        "name": "Facility Direct Parent",
                        "type": "nvarchar"
                    },
                    {
                        "name": "Facility Direct Parent ID",
                        "type": "nvarchar"
                    },
                    {
                        "name": "Facility Name",
                        "type": "nvarchar"
                    },
                    {
                        "name": "Facility ID",
                        "type": "nvarchar"
                    },
                    {
                        "name": "ImportedDate",
                        "type": "datetime",
                        "precision": 23,
                        "scale": 3
                    },
                    {
                        "name": "Facility AddrLine1",
                        "type": "varchar"
                    },
                    {
                        "name": "Facility AddrLine2",
                        "type": "varchar"
                    },
                    {
                        "name": "Facility City",
                        "type": "varchar"
                    },
                    {
                        "name": "Facility State",
                        "type": "varchar"
                    },
                    {
                        "name": "Facility Zip",
                        "type": "varchar"
                    },
                    {
                        "name": "Facility DEA",
                        "type": "nvarchar"
                    },
                    {
                        "name": "Premier_Relation",
                        "type": "varchar"
                    },
                    {
                        "name": "SPC",
                        "type": "nvarchar"
                    },
                    {
                        "name": "Division Name",
                        "type": "nvarchar"
                    },
                    {
                        "name": "DivisionId",
                        "type": "nvarchar"
                    },
                    {
                        "name": "Clientid",
                        "type": "int",
                        "precision": 10
                    }
                ],
                "typeProperties": {
                    "schema": "STAGE",
                    "table": "PremierCustomerList"
                }
            },
            "dependsOn": []
        }
    ]
}