{
    "$schema": "http://schema.management.azure.com/schemas/2015-01-01/deploymentTemplate.json#",
    "contentVersion": "1.0.0.0",
    "parameters": {
        "factoryName": {
            "type": "string",
            "metadata": "Data Factory name",
            "defaultValue": "adf-Premier-DataReceive-prod"
        },
        "t_e_PremierData_history_load_properties_PremierWholesaleData_Receive_history_load_parameters_AdlPath": {
            "type": "string",
            "defaultValue": "/prod/Premier/WholeSaleData"
        },
        "t_e_PremierData_history_load_properties_PremierWholesaleData_Receive_history_load_parameters_blobPath": {
            "type": "string",
            "defaultValue": "/premierdata/WholeSaleData"
        },
        "t_e_PremierData_history_load_properties_typeProperties_scope": {
            "type": "string",
            "defaultValue": "/subscriptions/d0521c58-92af-4b80-9809-8cd793aa9393/resourceGroups/CognitiveRx-PROD/providers/Microsoft.Storage/storageAccounts/stcogrxexternalprod"
        }
    },
    "variables": {
        "factoryId": "[concat('Microsoft.DataFactory/factories/', parameters('factoryName'))]"
    },
    "resources": [
        {
            "name": "[concat(parameters('factoryName'), '/t_e_PremierData_history_load')]",
            "type": "Microsoft.DataFactory/factories/triggers",
            "apiVersion": "2018-06-01",
            "properties": {
                "annotations": [],
                "runtimeState": "Started",
                "pipelines": [
                    {
                        "pipelineReference": {
                            "referenceName": "PremierWholesaleData_Receive_history_load",
                            "type": "PipelineReference"
                        },
                        "parameters": {
                            "AdlPath": "[parameters('t_e_PremierData_history_load_properties_PremierWholesaleData_Receive_history_load_parameters_AdlPath')]",
                            "blobPath": "[parameters('t_e_PremierData_history_load_properties_PremierWholesaleData_Receive_history_load_parameters_blobPath')]"
                        }
                    }
                ],
                "type": "BlobEventsTrigger",
                "typeProperties": {
                    "blobPathBeginsWith": "/premierdata/blobs/WholeSaleData/",
                    "blobPathEndsWith": "HistoryEOF.done",
                    "ignoreEmptyBlobs": false,
                    "scope": "[parameters('t_e_PremierData_history_load_properties_typeProperties_scope')]",
                    "events": [
                        "Microsoft.Storage.BlobCreated"
                    ]
                }
            },
            "dependsOn": []
        }
    ]
}