{
    "$schema": "http://schema.management.azure.com/schemas/2015-01-01/deploymentTemplate.json#",
    "contentVersion": "1.0.0.0",
    "parameters": {
        "factoryName": {
            "type": "string",
            "metadata": "Data Factory name",
            "defaultValue": "adf-Premier-DataReceive-prod"
        }
    },
    "variables": {
        "factoryId": "[concat('Microsoft.DataFactory/factories/', parameters('factoryName'))]"
    },
    "resources": [
        {
            "name": "[concat(parameters('factoryName'), '/Hierarchy_national')]",
            "type": "Microsoft.DataFactory/factories/datasets",
            "apiVersion": "2018-06-01",
            "properties": {
                "linkedServiceName": {
                    "referenceName": "NationalWholesale",
                    "type": "LinkedServiceReference"
                },
                "folder": {
                    "name": "Others"
                },
                "annotations": [],
                "type": "AzureSqlTable",
                "schema": [],
                "typeProperties": {}
            },
            "dependsOn": []
        },
        {
            "name": "[concat(parameters('factoryName'), '/HierarchyReport_RemoteTarget_Mem_Dev')]",
            "type": "Microsoft.DataFactory/factories/datasets",
            "apiVersion": "2018-06-01",
            "properties": {
                "linkedServiceName": {
                    "referenceName": "LS_MemberTenant_AzureSQL",
                    "type": "LinkedServiceReference",
                    "parameters": {
                        "lsdburl": "@dataset().dsdburl",
                        "lsdbname": "@dataset().dsdbname",
                        "lsdbtenant": "@dataset().dsdbtenant",
                        "lsdbserviceprincipal": "@dataset().dsdbserviceprincipal",
                        "lsdbsecret": "@dataset().dsdbsecret"
                    }
                },
                "parameters": {
                    "dsdburl": {
                        "type": "string"
                    },
                    "dsdbname": {
                        "type": "string"
                    },
                    "dsdbtenant": {
                        "type": "string"
                    },
                    "dsdbserviceprincipal": {
                        "type": "string"
                    },
                    "dsdbsecret": {
                        "type": "string"
                    }
                },
                "folder": {
                    "name": "HierarchyReport"
                },
                "annotations": [],
                "type": "AzureSqlTable",
                "schema": [
                    {
                        "name": "Health System",
                        "type": "nvarchar"
                    },
                    {
                        "name": "Health System ID",
                        "type": "nvarchar"
                    },
                    {
                        "name": "Facility Direct Parent",
                        "type": "nvarchar"
                    },
                    {
                        "name": "Facility Direct Parent ID",
                        "type": "nvarchar"
                    },
                    {
                        "name": "Facility Name",
                        "type": "nvarchar"
                    },
                    {
                        "name": "Facility ID",
                        "type": "nvarchar"
                    }
                ],
                "typeProperties": {
                    "schema": "Raw",
                    "table": "PremierCustomerList"
                }
            },
            "dependsOn": []
        },
        {
            "name": "[concat(parameters('factoryName'), '/ContractCount_Target_Mem_SP')]",
            "type": "Microsoft.DataFactory/factories/datasets",
            "apiVersion": "2018-06-01",
            "properties": {
                "linkedServiceName": {
                    "referenceName": "LS_MemberTenant_AzureSQL",
                    "type": "LinkedServiceReference",
                    "parameters": {
                        "lsdburl": {
                            "value": "@dataset().dsdburl",
                            "type": "Expression"
                        },
                        "lsdbname": {
                            "value": "@dataset().dsdbname",
                            "type": "Expression"
                        },
                        "lsdbtenant": {
                            "value": "@dataset().dsdbtenant",
                            "type": "Expression"
                        },
                        "lsdbserviceprincipal": {
                            "value": "@dataset().dsdbserviceprincipal",
                            "type": "Expression"
                        },
                        "lsdbsecret": {
                            "value": "@dataset().dsdbsecret",
                            "type": "Expression"
                        }
                    }
                },
                "parameters": {
                    "dsdburl": {
                        "type": "string"
                    },
                    "dsdbname": {
                        "type": "string"
                    },
                    "dsdbtenant": {
                        "type": "string"
                    },
                    "dsdbserviceprincipal": {
                        "type": "string"
                    },
                    "dsdbsecret": {
                        "type": "string"
                    }
                },
                "folder": {
                    "name": "Member Tenant"
                },
                "annotations": [],
                "type": "AzureSqlTable",
                "schema": [
                    {
                        "name": "GpiName",
                        "type": "varchar"
                    },
                    {
                        "name": "ContractCount",
                        "type": "int",
                        "precision": 10
                    },
                    {
                        "name": "GeneratedDate",
                        "type": "datetime",
                        "precision": 23,
                        "scale": 3
                    },
                    {
                        "name": "SyncDate",
                        "type": "datetime",
                        "precision": 23,
                        "scale": 3
                    }
                ],
                "typeProperties": {
                    "schema": "NationalPriceDisruptions",
                    "table": "ContractCount"
                }
            },
            "dependsOn": []
        },
        {
            "name": "[concat(parameters('factoryName'), '/RawInvoices_Target_Mem_SP')]",
            "type": "Microsoft.DataFactory/factories/datasets",
            "apiVersion": "2018-06-01",
            "properties": {
                "linkedServiceName": {
                    "referenceName": "LS_MemberTenant_AzureSQL",
                    "type": "LinkedServiceReference",
                    "parameters": {
                        "lsdburl": "@dataset().dsdburl",
                        "lsdbname": "@dataset().dsdbname",
                        "lsdbtenant": "@dataset().dsdbtenant",
                        "lsdbserviceprincipal": "@dataset().dsdbserviceprincipal",
                        "lsdbsecret": "@dataset().dsdbsecret"
                    }
                },
                "parameters": {
                    "dsdburl": {
                        "type": "string"
                    },
                    "dsdbname": {
                        "type": "string"
                    },
                    "dsdbtenant": {
                        "type": "string"
                    },
                    "dsdbserviceprincipal": {
                        "type": "string"
                    },
                    "dsdbsecret": {
                        "type": "string"
                    }
                },
                "folder": {
                    "name": "Member Tenant"
                },
                "annotations": [],
                "type": "AzureSqlTable",
                "schema": [
                    {
                        "name": "Ndc",
                        "type": "varchar"
                    },
                    {
                        "name": "QuantityOrdered",
                        "type": "int",
                        "precision": 10
                    },
                    {
                        "name": "InvoicePrice",
                        "type": "money",
                        "precision": 19,
                        "scale": 4
                    },
                    {
                        "name": "TotalSpend",
                        "type": "money",
                        "precision": 19,
                        "scale": 4
                    },
                    {
                        "name": "TotalUnits",
                        "type": "int",
                        "precision": 10
                    },
                    {
                        "name": "ContractNumber",
                        "type": "varchar"
                    },
                    {
                        "name": "HealthSystemId",
                        "type": "varchar"
                    },
                    {
                        "name": "FacilityState",
                        "type": "char"
                    },
                    {
                        "name": "FMonth",
                        "type": "date"
                    },
                    {
                        "name": "Manufacturer",
                        "type": "varchar"
                    },
                    {
                        "name": "DrugName",
                        "type": "varchar"
                    },
                    {
                        "name": "PricingKey",
                        "type": "varchar"
                    },
                    {
                        "name": "IsGenericDrug",
                        "type": "bit"
                    },
                    {
                        "name": "DrugStrength",
                        "type": "varchar"
                    },
                    {
                        "name": "DrugId",
                        "type": "varchar"
                    },
                    {
                        "name": "Wac",
                        "type": "decimal",
                        "precision": 13,
                        "scale": 6
                    },
                    {
                        "name": "GpiName",
                        "type": "varchar"
                    },
                    {
                        "name": "InvoiceDateString",
                        "type": "varchar"
                    },
                    {
                        "name": "D_Wholesaler",
                        "type": "varchar"
                    },
                    {
                        "name": "DaysAgo",
                        "type": "int",
                        "precision": 10
                    },
                    {
                        "name": "PotentialSpend",
                        "type": "money",
                        "precision": 19,
                        "scale": 4
                    },
                    {
                        "name": "FillRate",
                        "type": "decimal",
                        "precision": 19,
                        "scale": 11
                    },
                    {
                        "name": "MissingDollars",
                        "type": "money",
                        "precision": 19,
                        "scale": 4
                    },
                    {
                        "name": "MissingUnits",
                        "type": "int",
                        "precision": 10
                    },
                    {
                        "name": "Equ_MaxWac",
                        "type": "decimal",
                        "precision": 13,
                        "scale": 6
                    },
                    {
                        "name": "AvgPrice",
                        "type": "money",
                        "precision": 19,
                        "scale": 4
                    },
                    {
                        "name": "GeneratedDate",
                        "type": "datetime",
                        "precision": 23,
                        "scale": 3
                    },
                    {
                        "name": "SyncDate",
                        "type": "datetime",
                        "precision": 23,
                        "scale": 3
                    }
                ],
                "typeProperties": {
                    "schema": "NationalPriceDisruptions",
                    "table": "RawInvoices"
                }
            },
            "dependsOn": []
        },
        {
            "name": "[concat(parameters('factoryName'), '/IncidentsNdc_Target_Mem_SP')]",
            "type": "Microsoft.DataFactory/factories/datasets",
            "apiVersion": "2018-06-01",
            "properties": {
                "linkedServiceName": {
                    "referenceName": "LS_MemberTenant_AzureSQL",
                    "type": "LinkedServiceReference",
                    "parameters": {
                        "lsdburl": "@dataset().dsdburl",
                        "lsdbname": "@dataset().dsdbname",
                        "lsdbtenant": "@dataset().dsdbtenant",
                        "lsdbserviceprincipal": "@dataset().dsdbserviceprincipal",
                        "lsdbsecret": "@dataset().dsdbsecret"
                    }
                },
                "parameters": {
                    "dsdburl": {
                        "type": "string"
                    },
                    "dsdbname": {
                        "type": "string"
                    },
                    "dsdbtenant": {
                        "type": "string"
                    },
                    "dsdbserviceprincipal": {
                        "type": "string"
                    },
                    "dsdbsecret": {
                        "type": "string"
                    }
                },
                "folder": {
                    "name": "Member Tenant"
                },
                "annotations": [],
                "type": "AzureSqlTable",
                "schema": [
                    {
                        "name": "Ndc",
                        "type": "varchar"
                    },
                    {
                        "name": "HealthSystemId",
                        "type": "varchar"
                    },
                    {
                        "name": "Gpi10",
                        "type": "varchar"
                    },
                    {
                        "name": "GpiName",
                        "type": "varchar"
                    },
                    {
                        "name": "DrugStrength",
                        "type": "varchar"
                    },
                    {
                        "name": "AvgPrice",
                        "type": "money",
                        "precision": 19,
                        "scale": 4
                    },
                    {
                        "name": "Inc_Days",
                        "type": "int",
                        "precision": 10
                    },
                    {
                        "name": "MissingDollars",
                        "type": "money",
                        "precision": 19,
                        "scale": 4
                    },
                    {
                        "name": "MissingUnits",
                        "type": "int",
                        "precision": 10
                    },
                    {
                        "name": "GeneratedDate",
                        "type": "datetime",
                        "precision": 23,
                        "scale": 3
                    },
                    {
                        "name": "SyncDate",
                        "type": "datetime",
                        "precision": 23,
                        "scale": 3
                    }
                ],
                "typeProperties": {
                    "schema": "NationalPriceDisruptions",
                    "table": "IncidentsNdc"
                }
            },
            "dependsOn": []
        },
        {
            "name": "[concat(parameters('factoryName'), '/IncidentsGpiMfr_Target_Mem_SP')]",
            "type": "Microsoft.DataFactory/factories/datasets",
            "apiVersion": "2018-06-01",
            "properties": {
                "linkedServiceName": {
                    "referenceName": "LS_MemberTenant_AzureSQL",
                    "type": "LinkedServiceReference",
                    "parameters": {
                        "lsdburl": {
                            "value": "@dataset().dsdburl",
                            "type": "Expression"
                        },
                        "lsdbname": {
                            "value": "@dataset().dsdbname",
                            "type": "Expression"
                        },
                        "lsdbtenant": {
                            "value": "@dataset().dsdbtenant",
                            "type": "Expression"
                        },
                        "lsdbserviceprincipal": {
                            "value": "@dataset().dsdbserviceprincipal",
                            "type": "Expression"
                        },
                        "lsdbsecret": {
                            "value": "@dataset().dsdbsecret",
                            "type": "Expression"
                        }
                    }
                },
                "parameters": {
                    "dsdburl": {
                        "type": "string"
                    },
                    "dsdbname": {
                        "type": "string"
                    },
                    "dsdbtenant": {
                        "type": "string"
                    },
                    "dsdbserviceprincipal": {
                        "type": "string"
                    },
                    "dsdbsecret": {
                        "type": "string"
                    }
                },
                "folder": {
                    "name": "Member Tenant"
                },
                "annotations": [],
                "type": "AzureSqlTable",
                "schema": [
                    {
                        "name": "GpiName",
                        "type": "varchar"
                    },
                    {
                        "name": "Mfr",
                        "type": "varchar"
                    },
                    {
                        "name": "HealthSystemId",
                        "type": "varchar"
                    },
                    {
                        "name": "FacilityState",
                        "type": "char"
                    },
                    {
                        "name": "Gpi10",
                        "type": "varchar"
                    },
                    {
                        "name": "Inc_Days",
                        "type": "int",
                        "precision": 10
                    },
                    {
                        "name": "MissingDollars",
                        "type": "money",
                        "precision": 19,
                        "scale": 4
                    },
                    {
                        "name": "MissingUnits",
                        "type": "int",
                        "precision": 10
                    },
                    {
                        "name": "GeneratedDate",
                        "type": "datetime",
                        "precision": 23,
                        "scale": 3
                    },
                    {
                        "name": "SyncDate",
                        "type": "datetime",
                        "precision": 23,
                        "scale": 3
                    }
                ],
                "typeProperties": {
                    "schema": "NationalPriceDisruptions",
                    "table": "IncidentsGpiMfr"
                }
            },
            "dependsOn": []
        },
        {
            "name": "[concat(parameters('factoryName'), '/ResultsNdc_Target_Mem_SP')]",
            "type": "Microsoft.DataFactory/factories/datasets",
            "apiVersion": "2018-06-01",
            "properties": {
                "linkedServiceName": {
                    "referenceName": "LS_MemberTenant_AzureSQL",
                    "type": "LinkedServiceReference",
                    "parameters": {
                        "lsdburl": "@dataset().dsdburl",
                        "lsdbname": "@dataset().dsdbname",
                        "lsdbtenant": "@dataset().dsdbtenant",
                        "lsdbserviceprincipal": "@dataset().dsdbserviceprincipal",
                        "lsdbsecret": "@dataset().dsdbsecret"
                    }
                },
                "parameters": {
                    "dsdburl": {
                        "type": "string"
                    },
                    "dsdbname": {
                        "type": "string"
                    },
                    "dsdbtenant": {
                        "type": "string"
                    },
                    "dsdbserviceprincipal": {
                        "type": "string"
                    },
                    "dsdbsecret": {
                        "type": "string"
                    }
                },
                "folder": {
                    "name": "Member Tenant"
                },
                "annotations": [],
                "type": "AzureSqlTable",
                "schema": [
                    {
                        "name": "Ndc",
                        "type": "varchar"
                    },
                    {
                        "name": "HealthSystemId",
                        "type": "varchar"
                    },
                    {
                        "name": "Gpi10",
                        "type": "varchar"
                    },
                    {
                        "name": "GpiName",
                        "type": "varchar"
                    },
                    {
                        "name": "DrugStrength",
                        "type": "varchar"
                    },
                    {
                        "name": "AvgPrice",
                        "type": "money",
                        "precision": 19,
                        "scale": 4
                    },
                    {
                        "name": "Inc_Days",
                        "type": "int",
                        "precision": 10
                    },
                    {
                        "name": "MissingDollars",
                        "type": "money",
                        "precision": 19,
                        "scale": 4
                    },
                    {
                        "name": "MissingUnits",
                        "type": "int",
                        "precision": 10
                    },
                    {
                        "name": "HsCount",
                        "type": "int",
                        "precision": 10
                    },
                    {
                        "name": "HsMax",
                        "type": "int",
                        "precision": 10
                    },
                    {
                        "name": "IncPerDay",
                        "type": "decimal",
                        "precision": 14,
                        "scale": 6
                    },
                    {
                        "name": "IncPerDay_NoTop",
                        "type": "decimal",
                        "precision": 15,
                        "scale": 6
                    },
                    {
                        "name": "Spread",
                        "type": "decimal",
                        "precision": 24,
                        "scale": 13
                    },
                    {
                        "name": "GeneratedDate",
                        "type": "datetime",
                        "precision": 23,
                        "scale": 3
                    },
                    {
                        "name": "SyncDate",
                        "type": "datetime",
                        "precision": 23,
                        "scale": 3
                    }
                ],
                "typeProperties": {
                    "schema": "NationalPriceDisruptions",
                    "table": "ResultsNdc"
                }
            },
            "dependsOn": []
        },
        {
            "name": "[concat(parameters('factoryName'), '/WacPricekey_Target_Mem_SP')]",
            "type": "Microsoft.DataFactory/factories/datasets",
            "apiVersion": "2018-06-01",
            "properties": {
                "linkedServiceName": {
                    "referenceName": "LS_MemberTenant_AzureSQL",
                    "type": "LinkedServiceReference",
                    "parameters": {
                        "lsdburl": "@dataset().dsdburl",
                        "lsdbname": "@dataset().dsdbname",
                        "lsdbtenant": "@dataset().dsdbtenant",
                        "lsdbserviceprincipal": "@dataset().dsdbserviceprincipal",
                        "lsdbsecret": "@dataset().dsdbsecret"
                    }
                },
                "parameters": {
                    "dsdburl": {
                        "type": "string"
                    },
                    "dsdbname": {
                        "type": "string"
                    },
                    "dsdbtenant": {
                        "type": "string"
                    },
                    "dsdbserviceprincipal": {
                        "type": "string"
                    },
                    "dsdbsecret": {
                        "type": "string"
                    }
                },
                "folder": {
                    "name": "Member Tenant"
                },
                "annotations": [],
                "type": "AzureSqlTable",
                "schema": [
                    {
                        "name": "PricingKey",
                        "type": "varchar"
                    },
                    {
                        "name": "IsGenericDrug",
                        "type": "bit"
                    },
                    {
                        "name": "Equ_MaxWac",
                        "type": "decimal",
                        "precision": 13,
                        "scale": 6
                    },
                    {
                        "name": "Equ_MaxAwp",
                        "type": "decimal",
                        "precision": 13,
                        "scale": 6
                    },
                    {
                        "name": "GeneratedDate",
                        "type": "datetime",
                        "precision": 23,
                        "scale": 3
                    },
                    {
                        "name": "SyncDate",
                        "type": "datetime",
                        "precision": 23,
                        "scale": 3
                    }
                ],
                "typeProperties": {
                    "schema": "NationalPriceDisruptions",
                    "table": "WacPricekey"
                }
            },
            "dependsOn": []
        },
        {
            "name": "[concat(parameters('factoryName'), '/FilledUnitsGpi_Target_Mem_SP')]",
            "type": "Microsoft.DataFactory/factories/datasets",
            "apiVersion": "2018-06-01",
            "properties": {
                "linkedServiceName": {
                    "referenceName": "LS_MemberTenant_AzureSQL",
                    "type": "LinkedServiceReference",
                    "parameters": {
                        "lsdburl": {
                            "value": "@dataset().dsdburl",
                            "type": "Expression"
                        },
                        "lsdbname": {
                            "value": "@dataset().dsdbname",
                            "type": "Expression"
                        },
                        "lsdbtenant": {
                            "value": "@dataset().dsdbtenant",
                            "type": "Expression"
                        },
                        "lsdbserviceprincipal": {
                            "value": "@dataset().dsdbserviceprincipal",
                            "type": "Expression"
                        },
                        "lsdbsecret": {
                            "value": "@dataset().dsdbsecret",
                            "type": "Expression"
                        }
                    }
                },
                "parameters": {
                    "dsdburl": {
                        "type": "string"
                    },
                    "dsdbname": {
                        "type": "string"
                    },
                    "dsdbtenant": {
                        "type": "string"
                    },
                    "dsdbserviceprincipal": {
                        "type": "string"
                    },
                    "dsdbsecret": {
                        "type": "string"
                    }
                },
                "folder": {
                    "name": "Member Tenant"
                },
                "annotations": [],
                "type": "AzureSqlTable",
                "schema": [
                    {
                        "name": "GpiName",
                        "type": "varchar"
                    },
                    {
                        "name": "Gpi10",
                        "type": "varchar"
                    },
                    {
                        "name": "Filled",
                        "type": "int",
                        "precision": 10
                    },
                    {
                        "name": "GeneratedDate",
                        "type": "datetime",
                        "precision": 23,
                        "scale": 3
                    },
                    {
                        "name": "SyncDate",
                        "type": "datetime",
                        "precision": 23,
                        "scale": 3
                    }
                ],
                "typeProperties": {
                    "schema": "NationalPriceDisruptions",
                    "table": "FilledUnitsGpi"
                }
            },
            "dependsOn": []
        },
        {
            "name": "[concat(parameters('factoryName'), '/IncidentsGpi_Target_Mem_SP')]",
            "type": "Microsoft.DataFactory/factories/datasets",
            "apiVersion": "2018-06-01",
            "properties": {
                "linkedServiceName": {
                    "referenceName": "LS_MemberTenant_AzureSQL",
                    "type": "LinkedServiceReference",
                    "parameters": {
                        "lsdburl": {
                            "value": "@dataset().dsdburl",
                            "type": "Expression"
                        },
                        "lsdbname": {
                            "value": "@dataset().dsdbname",
                            "type": "Expression"
                        },
                        "lsdbtenant": {
                            "value": "@dataset().dsdbtenant",
                            "type": "Expression"
                        },
                        "lsdbserviceprincipal": {
                            "value": "@dataset().dsdbserviceprincipal",
                            "type": "Expression"
                        },
                        "lsdbsecret": {
                            "value": "@dataset().dsdbsecret",
                            "type": "Expression"
                        }
                    }
                },
                "parameters": {
                    "dsdburl": {
                        "type": "string"
                    },
                    "dsdbname": {
                        "type": "string"
                    },
                    "dsdbtenant": {
                        "type": "string"
                    },
                    "dsdbserviceprincipal": {
                        "type": "string"
                    },
                    "dsdbsecret": {
                        "type": "string"
                    }
                },
                "folder": {
                    "name": "Member Tenant"
                },
                "annotations": [],
                "type": "AzureSqlTable",
                "schema": [
                    {
                        "name": "GpiName",
                        "type": "varchar"
                    },
                    {
                        "name": "HealthSystemId",
                        "type": "varchar"
                    },
                    {
                        "name": "Gpi10",
                        "type": "varchar"
                    },
                    {
                        "name": "Inc_Days",
                        "type": "int",
                        "precision": 10
                    },
                    {
                        "name": "MissingDollars",
                        "type": "money",
                        "precision": 19,
                        "scale": 4
                    },
                    {
                        "name": "MissingUnits",
                        "type": "int",
                        "precision": 10
                    },
                    {
                        "name": "GeneratedDate",
                        "type": "datetime",
                        "precision": 23,
                        "scale": 3
                    },
                    {
                        "name": "SyncDate",
                        "type": "datetime",
                        "precision": 23,
                        "scale": 3
                    }
                ],
                "typeProperties": {
                    "schema": "NationalPriceDisruptions",
                    "table": "IncidentsGpi"
                }
            },
            "dependsOn": []
        },
        {
            "name": "[concat(parameters('factoryName'), '/ResultsGpi_Target_Mem_SP')]",
            "type": "Microsoft.DataFactory/factories/datasets",
            "apiVersion": "2018-06-01",
            "properties": {
                "linkedServiceName": {
                    "referenceName": "LS_MemberTenant_AzureSQL",
                    "type": "LinkedServiceReference",
                    "parameters": {
                        "lsdburl": "@dataset().dsdburl",
                        "lsdbname": "@dataset().dsdbname",
                        "lsdbtenant": "@dataset().dsdbtenant",
                        "lsdbserviceprincipal": "@dataset().dsdbserviceprincipal",
                        "lsdbsecret": "@dataset().dsdbsecret"
                    }
                },
                "parameters": {
                    "dsdburl": {
                        "type": "string"
                    },
                    "dsdbname": {
                        "type": "string"
                    },
                    "dsdbtenant": {
                        "type": "string"
                    },
                    "dsdbserviceprincipal": {
                        "type": "string"
                    },
                    "dsdbsecret": {
                        "type": "string"
                    }
                },
                "folder": {
                    "name": "Member Tenant"
                },
                "annotations": [],
                "type": "AzureSqlTable",
                "schema": [
                    {
                        "name": "GpiName",
                        "type": "varchar"
                    },
                    {
                        "name": "HealthSystemId",
                        "type": "varchar"
                    },
                    {
                        "name": "Gpi10",
                        "type": "varchar"
                    },
                    {
                        "name": "Inc_Days",
                        "type": "int",
                        "precision": 10
                    },
                    {
                        "name": "MissingDollars",
                        "type": "money",
                        "precision": 19,
                        "scale": 4
                    },
                    {
                        "name": "MissingUnits",
                        "type": "int",
                        "precision": 10
                    },
                    {
                        "name": "HsCount",
                        "type": "int",
                        "precision": 10
                    },
                    {
                        "name": "HsMax",
                        "type": "int",
                        "precision": 10
                    },
                    {
                        "name": "IncPerDay",
                        "type": "decimal",
                        "precision": 14,
                        "scale": 6
                    },
                    {
                        "name": "IncPerDay_NoTop",
                        "type": "decimal",
                        "precision": 15,
                        "scale": 6
                    },
                    {
                        "name": "Spread",
                        "type": "decimal",
                        "precision": 24,
                        "scale": 13
                    },
                    {
                        "name": "Filled",
                        "type": "int",
                        "precision": 10
                    },
                    {
                        "name": "ContractCount",
                        "type": "int",
                        "precision": 10
                    },
                    {
                        "name": "GeneratedDate",
                        "type": "datetime",
                        "precision": 23,
                        "scale": 3
                    },
                    {
                        "name": "SyncDate",
                        "type": "datetime",
                        "precision": 23,
                        "scale": 3
                    },
                    {
                        "name": "HasShortage",
                        "type": "bit"
                    }
                ],
                "typeProperties": {
                    "schema": "NationalPriceDisruptions",
                    "table": "ResultsGpi"
                }
            },
            "dependsOn": []
        },
        {
            "name": "[concat(parameters('factoryName'), '/AvgPrices_Target_Mem_SP')]",
            "type": "Microsoft.DataFactory/factories/datasets",
            "apiVersion": "2018-06-01",
            "properties": {
                "linkedServiceName": {
                    "referenceName": "LS_MemberTenant_AzureSQL",
                    "type": "LinkedServiceReference",
                    "parameters": {
                        "lsdburl": {
                            "value": "@dataset().dsdburl",
                            "type": "Expression"
                        },
                        "lsdbname": {
                            "value": "@dataset().dsdbname",
                            "type": "Expression"
                        },
                        "lsdbtenant": {
                            "value": "@dataset().dsdbtenant",
                            "type": "Expression"
                        },
                        "lsdbserviceprincipal": {
                            "value": "@dataset().dsdbserviceprincipal",
                            "type": "Expression"
                        },
                        "lsdbsecret": {
                            "value": "@dataset().dsdbsecret",
                            "type": "Expression"
                        }
                    }
                },
                "parameters": {
                    "dsdburl": {
                        "type": "string"
                    },
                    "dsdbname": {
                        "type": "string"
                    },
                    "dsdbtenant": {
                        "type": "string"
                    },
                    "dsdbserviceprincipal": {
                        "type": "string"
                    },
                    "dsdbsecret": {
                        "type": "string"
                    }
                },
                "folder": {
                    "name": "Member Tenant"
                },
                "annotations": [],
                "type": "AzureSqlTable",
                "schema": [
                    {
                        "name": "Ndc",
                        "type": "varchar"
                    },
                    {
                        "name": "AvgPrice",
                        "type": "money",
                        "precision": 19,
                        "scale": 4
                    },
                    {
                        "name": "GeneratedDate",
                        "type": "datetime",
                        "precision": 23,
                        "scale": 3
                    },
                    {
                        "name": "SyncDate",
                        "type": "datetime",
                        "precision": 23,
                        "scale": 3
                    }
                ],
                "typeProperties": {
                    "schema": "NationalPriceDisruptions",
                    "table": "AvgPrices"
                }
            },
            "dependsOn": []
        },
        {
            "name": "[concat(parameters('factoryName'), '/PremierWholesaleData_RemoteTarget_Mem')]",
            "type": "Microsoft.DataFactory/factories/datasets",
            "apiVersion": "2018-06-01",
            "properties": {
                "linkedServiceName": {
                    "referenceName": "LS_MemberTenant_AzureSQL",
                    "type": "LinkedServiceReference",
                    "parameters": {
                        "lsdburl": "@dataset().dsdburl",
                        "lsdbname": "@dataset().dsdbname",
                        "lsdbtenant": "@dataset().dsdbtenant",
                        "lsdbserviceprincipal": "@dataset().dsdbserviceprincipal",
                        "lsdbsecret": "@dataset().dsdbsecret"
                    }
                },
                "parameters": {
                    "dsdburl": {
                        "type": "string"
                    },
                    "dsdbname": {
                        "type": "string"
                    },
                    "dsdbtenant": {
                        "type": "string"
                    },
                    "dsdbserviceprincipal": {
                        "type": "string"
                    },
                    "dsdbsecret": {
                        "type": "string"
                    }
                },
                "folder": {
                    "name": "Member Tenant"
                },
                "annotations": [],
                "type": "AzureSqlTable",
                "schema": [
                    {
                        "name": "Id",
                        "type": "int",
                        "precision": 10
                    },
                    {
                        "name": "HealthSystemID",
                        "type": "varchar"
                    },
                    {
                        "name": "FacilityDirectParentID",
                        "type": "varchar"
                    },
                    {
                        "name": "FacilityID",
                        "type": "varchar"
                    },
                    {
                        "name": "FacilityCity",
                        "type": "varchar"
                    },
                    {
                        "name": "FacilityState",
                        "type": "char"
                    },
                    {
                        "name": "NDC",
                        "type": "varchar"
                    },
                    {
                        "name": "ItemId",
                        "type": "int",
                        "precision": 10
                    },
                    {
                        "name": "BrandName",
                        "type": "varchar"
                    },
                    {
                        "name": "GenericName",
                        "type": "varchar"
                    },
                    {
                        "name": "LabelName",
                        "type": "varchar"
                    },
                    {
                        "name": "WholesalerPurchaseType",
                        "type": "varchar"
                    },
                    {
                        "name": "WholesalerLoadPrice",
                        "type": "money",
                        "precision": 19,
                        "scale": 4
                    },
                    {
                        "name": "Supplier",
                        "type": "varchar"
                    },
                    {
                        "name": "InvoiceDate",
                        "type": "datetime",
                        "precision": 23,
                        "scale": 3
                    },
                    {
                        "name": "InvoiceNumber",
                        "type": "varchar"
                    },
                    {
                        "name": "InvoicePrice",
                        "type": "money",
                        "precision": 19,
                        "scale": 4
                    },
                    {
                        "name": "Wholesaler",
                        "type": "varchar"
                    },
                    {
                        "name": "DistributionCenterName",
                        "type": "varchar"
                    },
                    {
                        "name": "WholesalerAccountNumber",
                        "type": "varchar"
                    },
                    {
                        "name": "WholesalerAccountName",
                        "type": "varchar"
                    },
                    {
                        "name": "LineNumberfromInvoice",
                        "type": "varchar"
                    },
                    {
                        "name": "ContractLeadName",
                        "type": "varchar"
                    },
                    {
                        "name": "ServiceProviderClass",
                        "type": "varchar"
                    },
                    {
                        "name": "ShipMethod",
                        "type": "char"
                    },
                    {
                        "name": "ShippingDate",
                        "type": "datetime",
                        "precision": 23,
                        "scale": 3
                    },
                    {
                        "name": "WholesalerPkgQty",
                        "type": "int",
                        "precision": 10
                    },
                    {
                        "name": "WholesalerOrderLineNumber",
                        "type": "varchar"
                    },
                    {
                        "name": "WholesalerCatalogNumber",
                        "type": "varchar"
                    },
                    {
                        "name": "PremierAwardStatus",
                        "type": "varchar"
                    },
                    {
                        "name": "PremierContractNumber",
                        "type": "varchar"
                    },
                    {
                        "name": "TotalUnits",
                        "type": "int",
                        "precision": 10
                    },
                    {
                        "name": "TotalSpend",
                        "type": "money",
                        "precision": 19,
                        "scale": 4
                    },
                    {
                        "name": "QuantityOrdered",
                        "type": "int",
                        "precision": 10
                    },
                    {
                        "name": "AddedDate",
                        "type": "datetime",
                        "precision": 23,
                        "scale": 3
                    },
                    {
                        "name": "ProcessPipelineId",
                        "type": "varchar"
                    },
                    {
                        "name": "OriginalFileName",
                        "type": "varchar"
                    },
                    {
                        "name": "AdlPath",
                        "type": "varchar"
                    }
                ],
                "typeProperties": {
                    "schema": "Premier",
                    "table": "WholesalerInvoices"
                }
            },
            "dependsOn": []
        },
        {
            "name": "[concat(parameters('factoryName'), '/Ds_IPD_Sink_ItemMaster')]",
            "type": "Microsoft.DataFactory/factories/datasets",
            "apiVersion": "2018-06-01",
            "properties": {
                "linkedServiceName": {
                    "referenceName": "Item_master_link_prod",
                    "type": "LinkedServiceReference"
                },
                "folder": {
                    "name": "Others"
                },
                "annotations": [],
                "type": "AzureSqlTable",
                "schema": [],
                "typeProperties": {
                    "schema": "dbo",
                    "table": "IPD_Patent"
                }
            },
            "dependsOn": []
        },
        {
            "name": "[concat(parameters('factoryName'), '/ds_itemmaster_ipd_patent_source')]",
            "type": "Microsoft.DataFactory/factories/datasets",
            "apiVersion": "2018-06-01",
            "properties": {
                "linkedServiceName": {
                    "referenceName": "Item_master_link_prod",
                    "type": "LinkedServiceReference"
                },
                "folder": {
                    "name": "Others"
                },
                "annotations": [],
                "type": "AzureSqlTable",
                "schema": [
                    {
                        "name": "Brand Drug Name",
                        "type": "nvarchar"
                    },
                    {
                        "name": "Generic Name",
                        "type": "nvarchar"
                    },
                    {
                        "name": "Brand Company",
                        "type": "nvarchar"
                    },
                    {
                        "name": "Therapeutic Area",
                        "type": "nvarchar"
                    },
                    {
                        "name": "US Brand Sales ($bln)",
                        "type": "nvarchar"
                    },
                    {
                        "name": "Orange Book Patents",
                        "type": "nvarchar"
                    },
                    {
                        "name": "Pediatric Exclusivity",
                        "type": "nvarchar"
                    },
                    {
                        "name": "Patent Comments",
                        "type": "nvarchar"
                    },
                    {
                        "name": "Related Litigation Comments",
                        "type": "nvarchar"
                    },
                    {
                        "name": "Paragraph IV Certification",
                        "type": "nvarchar"
                    },
                    {
                        "name": "First ANDA Filer(s)",
                        "type": "nvarchar"
                    },
                    {
                        "name": "Other ANDA Filer(s)",
                        "type": "nvarchar"
                    },
                    {
                        "name": "DMF Filers",
                        "type": "nvarchar"
                    },
                    {
                        "name": "Litigation Status",
                        "type": "nvarchar"
                    },
                    {
                        "name": "30-Month Stay Expirations",
                        "type": "nvarchar"
                    },
                    {
                        "name": "Earliest Possible Generic Entrants(s)",
                        "type": "nvarchar"
                    },
                    {
                        "name": "Triggering Event",
                        "type": "nvarchar"
                    },
                    {
                        "name": "Earliest Possible Launch",
                        "type": "nvarchar"
                    },
                    {
                        "name": "Earliest Launch Probability",
                        "type": "nvarchar"
                    },
                    {
                        "name": "Expected Outlook for Generic Entry",
                        "type": "nvarchar"
                    },
                    {
                        "name": "Comments on Generic Entry",
                        "type": "nvarchar"
                    },
                    {
                        "name": "Estimated LOE",
                        "type": "nvarchar"
                    }
                ],
                "typeProperties": {
                    "schema": "dbo",
                    "table": "IPD_Patent"
                }
            },
            "dependsOn": []
        },
        {
            "name": "[concat(parameters('factoryName'), '/Ds_IPD_Patent_ItemMaster_Source')]",
            "type": "Microsoft.DataFactory/factories/datasets",
            "apiVersion": "2018-06-01",
            "properties": {
                "linkedServiceName": {
                    "referenceName": "Item_master_link_prod",
                    "type": "LinkedServiceReference"
                },
                "folder": {
                    "name": "Others"
                },
                "annotations": [],
                "type": "AzureSqlTable",
                "schema": [
                    {
                        "name": "Brand Drug Name",
                        "type": "nvarchar"
                    },
                    {
                        "name": "Generic Name",
                        "type": "nvarchar"
                    },
                    {
                        "name": "Brand Company",
                        "type": "nvarchar"
                    },
                    {
                        "name": "Therapeutic Area",
                        "type": "nvarchar"
                    },
                    {
                        "name": "US Brand Sales ($bln)",
                        "type": "nvarchar"
                    },
                    {
                        "name": "Orange Book Patents",
                        "type": "nvarchar"
                    },
                    {
                        "name": "Pediatric Exclusivity",
                        "type": "nvarchar"
                    },
                    {
                        "name": "Patent Comments",
                        "type": "nvarchar"
                    },
                    {
                        "name": "Related Litigation Comments",
                        "type": "nvarchar"
                    },
                    {
                        "name": "Paragraph IV Certification",
                        "type": "nvarchar"
                    },
                    {
                        "name": "First ANDA Filer(s)",
                        "type": "nvarchar"
                    },
                    {
                        "name": "Other ANDA Filer(s)",
                        "type": "nvarchar"
                    },
                    {
                        "name": "DMF Filers",
                        "type": "nvarchar"
                    },
                    {
                        "name": "Litigation Status",
                        "type": "nvarchar"
                    },
                    {
                        "name": "30-Month Stay Expirations",
                        "type": "nvarchar"
                    },
                    {
                        "name": "Earliest Possible Generic Entrants(s)",
                        "type": "nvarchar"
                    },
                    {
                        "name": "Triggering Event",
                        "type": "nvarchar"
                    },
                    {
                        "name": "Earliest Possible Launch",
                        "type": "nvarchar"
                    },
                    {
                        "name": "Earliest Launch Probability",
                        "type": "nvarchar"
                    },
                    {
                        "name": "Expected Outlook for Generic Entry",
                        "type": "nvarchar"
                    },
                    {
                        "name": "Comments on Generic Entry",
                        "type": "nvarchar"
                    },
                    {
                        "name": "Estimated LOE",
                        "type": "nvarchar"
                    }
                ],
                "typeProperties": {
                    "schema": "dbo",
                    "table": "IPD_Patent"
                }
            },
            "dependsOn": []
        },
        {
            "name": "[concat(parameters('factoryName'), '/Ds_IPD_Patent_Clients_Sink')]",
            "type": "Microsoft.DataFactory/factories/datasets",
            "apiVersion": "2018-06-01",
            "properties": {
                "linkedServiceName": {
                    "referenceName": "CognitiveRx_Configurable",
                    "type": "LinkedServiceReference",
                    "parameters": {
                        "KeyVaultSecret": {
                            "value": "@dataset().ClientSecret",
                            "type": "Expression"
                        }
                    }
                },
                "parameters": {
                    "ClientSecret": {
                        "type": "string"
                    }
                },
                "folder": {
                    "name": "Others"
                },
                "annotations": [],
                "type": "AzureSqlTable",
                "schema": [],
                "typeProperties": {
                    "schema": "dbo",
                    "table": "IPD_Patent"
                }
            },
            "dependsOn": []
        },
        {
            "name": "[concat(parameters('factoryName'), '/Wholesaler_archive_table')]",
            "type": "Microsoft.DataFactory/factories/datasets",
            "apiVersion": "2018-06-01",
            "properties": {
                "linkedServiceName": {
                    "referenceName": "NationalWholesale",
                    "type": "LinkedServiceReference"
                },
                "folder": {
                    "name": "Others"
                },
                "annotations": [],
                "type": "AzureSqlTable",
                "schema": [
                    {
                        "name": "Id",
                        "type": "int",
                        "precision": 10
                    },
                    {
                        "name": "HealthSystemID",
                        "type": "varchar"
                    },
                    {
                        "name": "FacilityDirectParentID",
                        "type": "varchar"
                    },
                    {
                        "name": "FacilityID",
                        "type": "varchar"
                    },
                    {
                        "name": "FacilityAddress1",
                        "type": "varchar"
                    },
                    {
                        "name": "FacilityAddress2",
                        "type": "varchar"
                    },
                    {
                        "name": "FacilityCity",
                        "type": "varchar"
                    },
                    {
                        "name": "FacilityState",
                        "type": "char"
                    },
                    {
                        "name": "FacilityZipCode",
                        "type": "varchar"
                    },
                    {
                        "name": "NDC",
                        "type": "varchar"
                    },
                    {
                        "name": "ItemId",
                        "type": "int",
                        "precision": 10
                    },
                    {
                        "name": "BrandName",
                        "type": "varchar"
                    },
                    {
                        "name": "GenericName",
                        "type": "varchar"
                    },
                    {
                        "name": "LabelName",
                        "type": "varchar"
                    },
                    {
                        "name": "WholesalerPurchaseType",
                        "type": "varchar"
                    },
                    {
                        "name": "WholesalerLoadPrice",
                        "type": "money",
                        "precision": 19,
                        "scale": 4
                    },
                    {
                        "name": "Supplier",
                        "type": "varchar"
                    },
                    {
                        "name": "InvoiceDate",
                        "type": "datetime",
                        "precision": 23,
                        "scale": 3
                    },
                    {
                        "name": "InvoiceNumber",
                        "type": "varchar"
                    },
                    {
                        "name": "InvoicePrice",
                        "type": "money",
                        "precision": 19,
                        "scale": 4
                    },
                    {
                        "name": "Wholesaler",
                        "type": "varchar"
                    },
                    {
                        "name": "DistributionCenterName",
                        "type": "varchar"
                    },
                    {
                        "name": "WholesalerAccountNumber",
                        "type": "varchar"
                    },
                    {
                        "name": "WholesalerAccountName",
                        "type": "varchar"
                    },
                    {
                        "name": "LineNumberfromInvoice",
                        "type": "varchar"
                    },
                    {
                        "name": "ContractLeadName",
                        "type": "varchar"
                    },
                    {
                        "name": "ServiceProviderClass",
                        "type": "varchar"
                    },
                    {
                        "name": "ShipMethod",
                        "type": "char"
                    },
                    {
                        "name": "ShippingDate",
                        "type": "datetime",
                        "precision": 23,
                        "scale": 3
                    },
                    {
                        "name": "WholesalerPkgQty",
                        "type": "int",
                        "precision": 10
                    },
                    {
                        "name": "WholesalerOrderLineNumber",
                        "type": "varchar"
                    },
                    {
                        "name": "WholesalerCatalogNumber",
                        "type": "varchar"
                    },
                    {
                        "name": "UnitofMeasure",
                        "type": "varchar"
                    },
                    {
                        "name": "WholesalerAccountAttribute",
                        "type": "varchar"
                    },
                    {
                        "name": "ChargeBackContractNumber",
                        "type": "varchar"
                    },
                    {
                        "name": "Markup/Markdown",
                        "type": "varchar"
                    },
                    {
                        "name": "PremierAwardStatus",
                        "type": "varchar"
                    },
                    {
                        "name": "PremierContractNumber",
                        "type": "varchar"
                    },
                    {
                        "name": "TotalUnits",
                        "type": "int",
                        "precision": 10
                    },
                    {
                        "name": "TotalSpend",
                        "type": "money",
                        "precision": 19,
                        "scale": 4
                    },
                    {
                        "name": "QuantityOrdered",
                        "type": "int",
                        "precision": 10
                    },
                    {
                        "name": "AddedDate",
                        "type": "datetime",
                        "precision": 23,
                        "scale": 3
                    },
                    {
                        "name": "ProcessPipelineId",
                        "type": "varchar"
                    },
                    {
                        "name": "OriginalFileName",
                        "type": "varchar"
                    },
                    {
                        "name": "AdlPath",
                        "type": "varchar"
                    },
                    {
                        "name": "ReasonCodeDesc",
                        "type": "varchar"
                    },
                    {
                        "name": "OrderDate",
                        "type": "datetime",
                        "precision": 23,
                        "scale": 3
                    }
                ],
                "typeProperties": {
                    "schema": "Premier",
                    "table": "WholesalerInvoicesArchive"
                }
            },
            "dependsOn": []
        },
        {
            "name": "[concat(parameters('factoryName'), '/member_database_sink')]",
            "type": "Microsoft.DataFactory/factories/datasets",
            "apiVersion": "2018-06-01",
            "properties": {
                "linkedServiceName": {
                    "referenceName": "LS_MemberTenant_AzureSQL",
                    "type": "LinkedServiceReference",
                    "parameters": {
                        "lsdburl": "sqlcogrxdevdevoapd.database.windows.net",
                        "lsdbname": "sqldbCogRxDevApp",
                        "lsdbtenant": "08a55b34-bb83-493c-912d-6cf771262b6a",
                        "lsdbserviceprincipal": "9816452e-bb13-4210-9348-e11a321be7f0",
                        "lsdbsecret": "Secret-CogRX-DB-CombinedApp-Member-Dev"
                    }
                },
                "folder": {
                    "name": "Others"
                },
                "annotations": [],
                "type": "AzureSqlTable",
                "schema": [
                    {
                        "name": "CustomerId",
                        "type": "int",
                        "precision": 10
                    },
                    {
                        "name": "CustomerUId",
                        "type": "uniqueidentifier"
                    },
                    {
                        "name": "ClientId",
                        "type": "int",
                        "precision": 10
                    },
                    {
                        "name": "DataSourceId",
                        "type": "int",
                        "precision": 10
                    },
                    {
                        "name": "AccountNumber",
                        "type": "varchar"
                    },
                    {
                        "name": "CustomerOrganizationId",
                        "type": "int",
                        "precision": 10
                    },
                    {
                        "name": "OrganizationNumber",
                        "type": "varchar"
                    },
                    {
                        "name": "OrganizationName",
                        "type": "varchar"
                    },
                    {
                        "name": "CustomerName",
                        "type": "varchar"
                    },
                    {
                        "name": "PriceList",
                        "type": "varchar"
                    },
                    {
                        "name": "AddrLine1",
                        "type": "varchar"
                    },
                    {
                        "name": "AddrLine2",
                        "type": "varchar"
                    },
                    {
                        "name": "City",
                        "type": "varchar"
                    },
                    {
                        "name": "State",
                        "type": "varchar"
                    },
                    {
                        "name": "Zip",
                        "type": "varchar"
                    },
                    {
                        "name": "ParentCustomerId",
                        "type": "int",
                        "precision": 10
                    },
                    {
                        "name": "CotId",
                        "type": "int",
                        "precision": 10
                    },
                    {
                        "name": "CustomImportCode",
                        "type": "varchar"
                    },
                    {
                        "name": "GlDept",
                        "type": "int",
                        "precision": 10
                    },
                    {
                        "name": "Status",
                        "type": "char"
                    },
                    {
                        "name": "DateImported",
                        "type": "datetime",
                        "precision": 23,
                        "scale": 3
                    },
                    {
                        "name": "DateChanged",
                        "type": "datetime",
                        "precision": 23,
                        "scale": 3
                    },
                    {
                        "name": "CustomerPatientCareAreaId",
                        "type": "int",
                        "precision": 10
                    },
                    {
                        "name": "CustomerBusinessTypeId",
                        "type": "int",
                        "precision": 10
                    },
                    {
                        "name": "CustomerPurchaseTypeId",
                        "type": "int",
                        "precision": 10
                    },
                    {
                        "name": "CustomerSpecialtyTypeId",
                        "type": "int",
                        "precision": 10
                    },
                    {
                        "name": "CustomerRegionId",
                        "type": "int",
                        "precision": 10
                    },
                    {
                        "name": "DeaLicenseNum",
                        "type": "varchar"
                    },
                    {
                        "name": "DeaLicenseExpiration",
                        "type": "datetime",
                        "precision": 23,
                        "scale": 3
                    },
                    {
                        "name": "StateLicenseNum",
                        "type": "varchar"
                    },
                    {
                        "name": "StateLicenseExpiration",
                        "type": "datetime",
                        "precision": 23,
                        "scale": 3
                    },
                    {
                        "name": "HinNum",
                        "type": "varchar"
                    },
                    {
                        "name": "GlnNum",
                        "type": "varchar"
                    },
                    {
                        "name": "340bId",
                        "type": "varchar"
                    },
                    {
                        "name": "340bType",
                        "type": "varchar"
                    },
                    {
                        "name": "HierarchyNum",
                        "type": "varchar"
                    },
                    {
                        "name": "HierarchyName",
                        "type": "varchar"
                    },
                    {
                        "name": "CustomerHrsaNumber",
                        "type": "varchar"
                    },
                    {
                        "name": "BusinessType",
                        "type": "varchar"
                    },
                    {
                        "name": "PatientCareArea",
                        "type": "varchar"
                    },
                    {
                        "name": "ClassOfTrade",
                        "type": "varchar"
                    },
                    {
                        "name": "BockingData",
                        "type": "varchar"
                    },
                    {
                        "name": "Notes",
                        "type": "varchar"
                    },
                    {
                        "name": "SysStartTime",
                        "type": "datetime2",
                        "scale": 0
                    },
                    {
                        "name": "SysEndTime",
                        "type": "datetime2",
                        "scale": 0
                    },
                    {
                        "name": "DEA",
                        "type": "varchar"
                    },
                    {
                        "name": "Premier_Relation",
                        "type": "varchar"
                    },
                    {
                        "name": "SPC",
                        "type": "varchar"
                    },
                    {
                        "name": "DivisionName",
                        "type": "varchar"
                    },
                    {
                        "name": "DivisionId",
                        "type": "varchar"
                    }
                ],
                "typeProperties": {
                    "schema": "dbo",
                    "table": "Customer"
                }
            },
            "dependsOn": []
        },
        {
            "name": "[concat(parameters('factoryName'), '/Corporate_database_source')]",
            "type": "Microsoft.DataFactory/factories/datasets",
            "apiVersion": "2018-06-01",
            "properties": {
                "linkedServiceName": {
                    "referenceName": "CognitiveRx_Configurable",
                    "type": "LinkedServiceReference",
                    "parameters": {
                        "KeyVaultSecret": "Secret-CogRX-DB-CommonSpirit"
                    }
                },
                "folder": {
                    "name": "Others"
                },
                "annotations": [],
                "type": "AzureSqlTable",
                "schema": [
                    {
                        "name": "CustomerId",
                        "type": "int",
                        "precision": 10
                    },
                    {
                        "name": "CustomerUId",
                        "type": "uniqueidentifier"
                    },
                    {
                        "name": "ClientId",
                        "type": "int",
                        "precision": 10
                    },
                    {
                        "name": "DataSourceId",
                        "type": "int",
                        "precision": 10
                    },
                    {
                        "name": "AccountNumber",
                        "type": "varchar"
                    },
                    {
                        "name": "CustomerOrganizationId",
                        "type": "int",
                        "precision": 10
                    },
                    {
                        "name": "OrganizationNumber",
                        "type": "varchar"
                    },
                    {
                        "name": "OrganizationName",
                        "type": "varchar"
                    },
                    {
                        "name": "CustomerName",
                        "type": "varchar"
                    },
                    {
                        "name": "PriceList",
                        "type": "varchar"
                    },
                    {
                        "name": "AddrLine1",
                        "type": "varchar"
                    },
                    {
                        "name": "AddrLine2",
                        "type": "varchar"
                    },
                    {
                        "name": "City",
                        "type": "varchar"
                    },
                    {
                        "name": "State",
                        "type": "varchar"
                    },
                    {
                        "name": "Zip",
                        "type": "varchar"
                    },
                    {
                        "name": "ParentCustomerId",
                        "type": "int",
                        "precision": 10
                    },
                    {
                        "name": "CotId",
                        "type": "int",
                        "precision": 10
                    },
                    {
                        "name": "CustomImportCode",
                        "type": "varchar"
                    },
                    {
                        "name": "GlDept",
                        "type": "int",
                        "precision": 10
                    },
                    {
                        "name": "Status",
                        "type": "char"
                    },
                    {
                        "name": "DateImported",
                        "type": "datetime",
                        "precision": 23,
                        "scale": 3
                    },
                    {
                        "name": "DateChanged",
                        "type": "datetime",
                        "precision": 23,
                        "scale": 3
                    },
                    {
                        "name": "CustomerPatientCareAreaId",
                        "type": "int",
                        "precision": 10
                    },
                    {
                        "name": "CustomerBusinessTypeId",
                        "type": "int",
                        "precision": 10
                    },
                    {
                        "name": "CustomerPurchaseTypeId",
                        "type": "int",
                        "precision": 10
                    },
                    {
                        "name": "CustomerSpecialtyTypeId",
                        "type": "int",
                        "precision": 10
                    },
                    {
                        "name": "CustomerRegionId",
                        "type": "int",
                        "precision": 10
                    },
                    {
                        "name": "DeaLicenseNum",
                        "type": "varchar"
                    },
                    {
                        "name": "DeaLicenseExpiration",
                        "type": "datetime",
                        "precision": 23,
                        "scale": 3
                    },
                    {
                        "name": "StateLicenseNum",
                        "type": "varchar"
                    },
                    {
                        "name": "StateLicenseExpiration",
                        "type": "datetime",
                        "precision": 23,
                        "scale": 3
                    },
                    {
                        "name": "HinNum",
                        "type": "varchar"
                    },
                    {
                        "name": "GlnNum",
                        "type": "varchar"
                    },
                    {
                        "name": "340bId",
                        "type": "varchar"
                    },
                    {
                        "name": "340bType",
                        "type": "varchar"
                    },
                    {
                        "name": "HierarchyNum",
                        "type": "varchar"
                    },
                    {
                        "name": "HierarchyName",
                        "type": "varchar"
                    },
                    {
                        "name": "CustomerHrsaNumber",
                        "type": "varchar"
                    },
                    {
                        "name": "BusinessType",
                        "type": "varchar"
                    },
                    {
                        "name": "PatientCareArea",
                        "type": "varchar"
                    },
                    {
                        "name": "ClassOfTrade",
                        "type": "varchar"
                    },
                    {
                        "name": "BockingData",
                        "type": "varchar"
                    },
                    {
                        "name": "Notes",
                        "type": "varchar"
                    },
                    {
                        "name": "SysStartTime",
                        "type": "datetime2",
                        "scale": 0
                    },
                    {
                        "name": "SysEndTime",
                        "type": "datetime2",
                        "scale": 0
                    },
                    {
                        "name": "DEA",
                        "type": "varchar"
                    },
                    {
                        "name": "Premier_Relation",
                        "type": "varchar"
                    },
                    {
                        "name": "SPC",
                        "type": "varchar"
                    },
                    {
                        "name": "DivisionName",
                        "type": "varchar"
                    },
                    {
                        "name": "DivisionId",
                        "type": "varchar"
                    }
                ],
                "typeProperties": {
                    "schema": "dbo",
                    "table": "Customer"
                }
            },
            "dependsOn": []
        }
    ]
}